cor;grupo;area;ordem;questao;pct_branco;pct_dupla;pct_A;pct_B;pct_C;pct_D;pct_E
Azul;Linguagens, Códigos e suas Tecnologias;Inglês;0;1;0.0016128329192275838;0.00034872063118434243;0.6681018799272286;0.008732565191024864;0.04657368101879927;0.25476046088538506;0.021831412977562158
Azul;Linguagens, Códigos e suas Tecnologias;Inglês;0;2;0.001351292445839327;0.0007846214201647705;0.8424724008249423;0.026082736867645274;0.006793643091107606;0.04167172146063326;0.08297949775567148
Azul;Linguagens, Códigos e suas Tecnologias;Inglês;0;3;0.002658994812780611;0.00043590078898042805;0.03468172983479106;0.056669096209912534;0.17037172011661808;0.5213192419825073;0.21695821185617103
Azul;Linguagens, Códigos e suas Tecnologias;Inglês;0;4;0.002441044418290397;0.0006538511834706421;0.1168002915451895;0.08649173955296405;0.307033527696793;0.33983236151603496;0.14984207968901847
Azul;Linguagens, Códigos e suas Tecnologias;Inglês;0;5;0.0023974543393923543;0.0005666710256745565;0.23780895123580495;0.10153640614562458;0.5807372320398373;0.025748466630230157;0.054168943948503065
Azul;Linguagens, Códigos e suas Tecnologias;Espanhol;1;1;0.0007846214201647705;0.00021795039449021403;0.49287169042769857;0.10198966003446655;0.219959266802444;0.1544728184239386;0.030706564311452297
Azul;Linguagens, Códigos e suas Tecnologias;Espanhol;1;2;0.0011769321302471558;0.0003051305522862996;0.13575015693659762;0.16745134965473948;0.32077840552416825;0.2542372881355932;0.12178279974890144
Azul;Linguagens, Códigos e suas Tecnologias;Espanhol;1;3;0.0011769321302471558;0.0005666710256745565;0.09754948162111216;0.28667923342758406;0.16431039899465913;0.06738925541941565;0.38407163053722904
Azul;Linguagens, Códigos e suas Tecnologias;Espanhol;1;4;0.0012205222091451985;0.00039231071008238524;0.14036740461610928;0.08400062804207882;0.20364264405715182;0.15701051970482022;0.41497880357983985
Azul;Linguagens, Códigos e suas Tecnologias;Espanhol;1;5;0.0011769321302471558;0.00021795039449021403;0.19077502353310324;0.1011923438970819;0.0716975211797929;0.1923438970818952;0.44399121430812677
Azul;Linguagens, Códigos e suas Tecnologias;Linguagens (comum);2;6;0.002746174970576697;0.0006974412623686849;0.5042865890998163;0.09469862654185986;0.3331292100428659;0.036829673694339954;0.031055900621118012
Azul;Linguagens, Códigos e suas Tecnologias;Linguagens (comum);2;7;0.0021359138660040976;0.0012205222091451985;0.2365290412876137;0.18351994401679497;0.16724982505248426;0.09648355493351994;0.31621763470958714
Azul;Linguagens, Códigos e suas Tecnologias;Linguagens (comum);2;8;0.002266684102698226;0.0008718015779608561;0.25025143206961387;0.06279242642879007;0.18461673007127552;0.3779351961170143;0.12440421531330623
Azul;Linguagens, Códigos e suas Tecnologias;Linguagens (comum);2;9;0.0016564229981256267;0.0006974412623686849;0.2292567833267794;0.46384410363962075;0.07956481845589199;0.07043299689780225;0.15690129767990563
Azul;Linguagens, Códigos e suas Tecnologias;Linguagens (comum);2;10;0.0016128329192275838;0.0007410313412667277;0.152794162625071;0.13605977192292568;0.40739284309870233;0.1748590903132783;0.12889413204002273
Azul;Linguagens, Códigos e suas Tecnologias;Linguagens (comum);2;11;0.0021359138660040976;0.0006102611045725992;0.23804528367864325;0.4779263921671475;0.07985837922895359;0.03772182883119154;0.16644811609406418
Azul;Linguagens, Códigos e suas Tecnologias;Linguagens (comum);2;12;0.0027897650494747394;0.0010461618935530272;0.3598214676410099;0.1517087472104319;0.2091191528464534;0.14995842996543124;0.12939220233667353
Azul;Linguagens, Códigos e suas Tecnologias;Linguagens (comum);2;13;0.0014820626825334555;0.0017436031559217122;0.18581361787729042;0.010058162417457472;0.06192329557878165;0.01792976778764158;0.7242751563388289
Azul;Linguagens, Códigos e suas Tecnologias;Linguagens (comum);2;14;0.0026154047338825684;0.0010461618935530272;0.4000962506015663;0.2212013825086407;0.07770048562803518;0.09541934637091481;0.20558253489084308
Azul;Linguagens, Códigos e suas Tecnologias;Linguagens (comum);2;15;0.0014820626825334555;0.00108975197245107;0.04020627567520322;0.9063455991609125;0.0187483611572415;0.009483436762520758;0.025216327244122018
Azul;Linguagens, Códigos e suas Tecnologias;Linguagens (comum);2;16;0.002005143629309969;0.0005230809467765136;0.1259450246908185;0.12677533540182667;0.08630861338111262;0.28047021806581307;0.38050080846042916
Azul;Linguagens, Códigos e suas Tecnologias;Linguagens (comum);2;17;0.0016128329192275838;0.0005230809467765136;0.14280097850777565;0.07028656299143805;0.06749082648960336;0.6535907740695439;0.065830857941639
Azul;Linguagens, Códigos e suas Tecnologias;Linguagens (comum);2;18;0.003966697179721895;0.00039231071008238524;0.4220480714504619;0.2046320213650891;0.1504312420647082;0.09281555098288166;0.13007311413685915
Azul;Linguagens, Códigos e suas Tecnologias;Linguagens (comum);2;19;0.002266684102698226;0.0006974412623686849;0.2532680452935776;0.19560180125038254;0.35373584575700606;0.11878634197525467;0.07860796572377912
Azul;Linguagens, Códigos e suas Tecnologias;Linguagens (comum);2;20;0.001569242840329541;0.0014384726036354126;0.0676810073452256;0.03948058761804827;0.13308849247988808;0.6741430570129416;0.08560685554389647
Azul;Linguagens, Códigos e suas Tecnologias;Linguagens (comum);2;21;0.002876945207270825;0.00034872063118434243;0.46682992959286307;0.294616696549613;0.11977959504963484;0.08282678095071501;0.0359469978571741
Azul;Linguagens, Códigos e suas Tecnologias;Linguagens (comum);2;22;0.0012205222091451985;0.0012205222091451985;0.7500983176753332;0.032947345422766006;0.015337557351977277;0.0817129123880271;0.11990386716189644
Azul;Linguagens, Códigos e suas Tecnologias;Linguagens (comum);2;23;0.002048733708208012;0.00043590078898042805;0.28133193497640274;0.021412340499912603;0.217488201363398;0.3466177241740954;0.13314979898619123
Azul;Linguagens, Códigos e suas Tecnologias;Linguagens (comum);2;24;0.002441044418290397;0.0009153916568588989;0.14087648705388384;0.03166550034989503;0.22734429671098672;0.23184919524142758;0.3682645206438069
Azul;Linguagens, Códigos e suas Tecnologias;Linguagens (comum);2;25;0.001569242840329541;0.0010025718146549846;0.3887772047897911;0.07569268420592605;0.3089327855956647;0.09570841709640766;0.13088890831221048
Azul;Linguagens, Códigos e suas Tecnologias;Linguagens (comum);2;26;0.001351292445839327;0.0008282114990628133;0.12035297715259272;0.02459481892446813;0.061771001703726354;0.7713511860556551;0.02193001616355773
Azul;Linguagens, Códigos e suas Tecnologias;Linguagens (comum);2;27;0.0018743733926158406;0.00047949086787847086;0.09865862716826146;0.09192991654651111;0.04268798881461092;0.7268318259273824;0.03989164154323415
Azul;Linguagens, Códigos e suas Tecnologias;Linguagens (comum);2;28;0.0021359138660040976;0.0014384726036354126;0.047464893477404964;0.025985388687169167;0.0239730521895096;0.29043265234699683;0.6121440132989194
Azul;Linguagens, Códigos e suas Tecnologias;Linguagens (comum);2;29;0.002048733708208012;0.0006102611045725992;0.22163461538461537;0.5561625874125874;0.1416520979020979;0.03732517482517483;0.043225524475524475
Azul;Linguagens, Códigos e suas Tecnologias;Linguagens (comum);2;30;0.0023102741815962686;0.0008282114990628133;0.38816738816738816;0.22340285976649613;0.13555468100922646;0.16179107088197997;0.09108400017490927
Azul;Linguagens, Códigos e suas Tecnologias;Linguagens (comum);2;31;0.001569242840329541;0.0006538511834706421;0.021188291830493665;0.06500655307994757;0.23154215814766274;0.12857142857142856;0.5536915683704674
Azul;Linguagens, Códigos e suas Tecnologias;Linguagens (comum);2;32;0.0018743733926158406;0.0005230809467765136;0.06820763785720528;0.6285939002009963;0.166695796556847;0.09879402254653499;0.037708642838416497
Azul;Linguagens, Códigos e suas Tecnologias;Linguagens (comum);2;33;0.0018307833137177977;0.0012641122880432413;0.5312199387844337;0.2210319195452558;0.08303454306952339;0.062308701355487536;0.10240489724529953
Azul;Linguagens, Códigos e suas Tecnologias;Linguagens (comum);2;34;0.0022230940238001833;0.0008718015779608561;0.31198076082203763;0.060822037603847835;0.2745955400087451;0.19492785308264102;0.15767380848272847
Azul;Linguagens, Códigos e suas Tecnologias;Linguagens (comum);2;35;0.001961553550411926;0.0011769321302471558;0.7919891556255193;0.014911014911014911;0.04547640911277275;0.05837596746687656;0.08924745288381652
Azul;Linguagens, Códigos e suas Tecnologias;Linguagens (comum);2;36;0.0017000130770236693;0.0008282114990628133;0.12091945986103221;0.024559716820346984;0.04287025302626404;0.6497836822095006;0.16186688808285626
Azul;Linguagens, Códigos e suas Tecnologias;Linguagens (comum);2;37;0.0017436031559217122;0.0010025718146549846;0.22799195733892824;0.08265582655826559;0.1876475216365067;0.027318821575312527;0.474385872890987
Azul;Linguagens, Códigos e suas Tecnologias;Linguagens (comum);2;38;0.003617976548537553;0.0009589817357569417;0.26887370818006656;0.40212821860220704;0.10991417060781222;0.12362059905412506;0.09546330355578911
Azul;Linguagens, Códigos e suas Tecnologias;Linguagens (comum);2;39;0.001569242840329541;0.0006538511834706421;0.03787680209698558;0.15404106596767148;0.6823940585408476;0.020227173438182613;0.1054608999563128
Azul;Linguagens, Códigos e suas Tecnologias;Linguagens (comum);2;40;0.0032256658384551677;0.0009589817357569417;0.38931932589188006;0.13521558327861677;0.1975486977456774;0.1377982052965638;0.14011818778726198
Azul;Linguagens, Códigos e suas Tecnologias;Linguagens (comum);2;41;0.0027897650494747394;0.0010461618935530272;0.20133024110620049;0.15030849341443137;0.22246532183958342;0.22062748873233273;0.20526845490745196
Azul;Linguagens, Códigos e suas Tecnologias;Linguagens (comum);2;42;0.002441044418290397;0.0007846214201647705;0.6032273582017755;0.18047841868194342;0.09305986793195435;0.08133992215856911;0.04189443302575764
Azul;Linguagens, Códigos e suas Tecnologias;Linguagens (comum);2;43;0.001961553550411926;0.00108975197245107;0.059070438546631104;0.027021118446941543;0.020462594552052817;0.8782737965108652;0.015172051943509247
Azul;Linguagens, Códigos e suas Tecnologias;Linguagens (comum);2;44;0.001569242840329541;0.0012205222091451985;0.08117323075578091;0.7509725925602133;0.06281418018096778;0.025833806880272762;0.07920618962276522
Azul;Linguagens, Códigos e suas Tecnologias;Linguagens (comum);2;45;0.004271827732008195;0.00047949086787847086;0.1771198318149965;0.17374737210932026;0.3217852137351086;0.20607042747021723;0.1212771548703574
Azul;Ciências Humanas e suas Tecnologias;Ciências Humanas e suas Tecnologias;0;1;0.0018743733926158406;0.00034872063118434243;0.33757099169943205;0.14132809086937528;0.08763652249890783;0.2733508082131935;0.16011358671909132
Azul;Ciências Humanas e suas Tecnologias;Ciências Humanas e suas Tecnologias;0;2;0.001961553550411926;0.00039231071008238524;0.36203958579106044;0.16044042469524183;0.20885218683095208;0.2369467383230655;0.03172106435968017
Azul;Ciências Humanas e suas Tecnologias;Ciências Humanas e suas Tecnologias;0;3;0.0018743733926158406;0.0007846214201647705;0.3047202797202797;0.19130244755244755;0.28365384615384615;0.07041083916083916;0.14991258741258742
Azul;Ciências Humanas e suas Tecnologias;Ciências Humanas e suas Tecnologias;0;4;0.003923107100823852;0.00108975197245107;0.2892753877157627;0.12937001664768247;0.3747480942784544;0.07706124594760361;0.1295452554104968
Azul;Ciências Humanas e suas Tecnologias;Ciências Humanas e suas Tecnologias;0;5;0.0018307833137177977;0.0011769321302471558;0.10969744665967121;0.750830710038475;0.06081671913256383;0.05661944735921651;0.022035676810073453
Azul;Ciências Humanas e suas Tecnologias;Ciências Humanas e suas Tecnologias;0;6;0.0014384726036354126;0.001133342051349113;0.13451621361769076;0.1398479153920112;0.02526002971768202;0.5955773096757276;0.10479853159688839
Azul;Ciências Humanas e suas Tecnologias;Ciências Humanas e suas Tecnologias;0;7;0.00248463449718844;0.0007846214201647705;0.12210268520948132;0.055322312603866004;0.10408466719146331;0.549024752908248;0.16946558208694132
Azul;Ciências Humanas e suas Tecnologias;Ciências Humanas e suas Tecnologias;0;8;0.0018307833137177977;0.0009589817357569417;0.22476723346592647;0.04751497136862351;0.09795864842418149;0.5787472133583949;0.05101193338287363
Azul;Ciências Humanas e suas Tecnologias;Ciências Humanas e suas Tecnologias;0;9;0.0018743733926158406;0.0012205222091451985;0.7971141233056406;0.057280279842588544;0.07393965894184522;0.048185395714910366;0.023480542195015303
Azul;Ciências Humanas e suas Tecnologias;Ciências Humanas e suas Tecnologias;0;10;0.0025718146549845253;0.0007846214201647705;0.31079426172148356;0.11668999300209937;0.13247900629811057;0.29649230230930723;0.1435444366689993
Azul;Ciências Humanas e suas Tecnologias;Ciências Humanas e suas Tecnologias;0;11;0.0018743733926158406;0.0012205222091451985;0.07809357236554439;0.2827284652383035;0.10292960209881942;0.5121993878443376;0.024048972452995192
Azul;Ciências Humanas e suas Tecnologias;Ciências Humanas e suas Tecnologias;0;12;0.003138485680659082;0.00108975197245107;0.29670810716161794;0.21813167571353528;0.09757485554193661;0.13513395202241288;0.2524514095604973
Azul;Ciências Humanas e suas Tecnologias;Ciências Humanas e suas Tecnologias;0;13;0.00217950394490214;0.0010461618935530272;0.15664494686666375;0.11063978659203219;0.10346787947697555;0.19027419425372807;0.43897319281060043
Azul;Ciências Humanas e suas Tecnologias;Ciências Humanas e suas Tecnologias;0;14;0.002441044418290397;0.0012205222091451985;0.10482565516034476;0.04383777398608741;0.5257470359189745;0.10539440871505447;0.22019512621953888
Azul;Ciências Humanas e suas Tecnologias;Ciências Humanas e suas Tecnologias;0;15;0.0022230940238001833;0.0006538511834706421;0.06557377049180328;0.25075409836065576;0.09189071038251366;0.07558469945355191;0.5161967213114754
Azul;Ciências Humanas e suas Tecnologias;Ciências Humanas e suas Tecnologias;0;16;0.0019179634715138835;0.0006102611045725992;0.10479395184197876;0.23248699908228815;0.4214919372459905;0.10400734169470786;0.13721977013503475
Azul;Ciências Humanas e suas Tecnologias;Ciências Humanas e suas Tecnologias;0;17;0.002658994812780611;0.0006538511834706421;0.3999125300677892;0.4007434944237918;0.0690575114804286;0.06722064290400175;0.06306582112398863
Azul;Ciências Humanas e suas Tecnologias;Ciências Humanas e suas Tecnologias;0;18;0.002702584891678654;0.0011769321302471558;0.0861631367057588;0.3112200245055137;0.4221949938736216;0.08541921932434798;0.09500262559075792
Azul;Ciências Humanas e suas Tecnologias;Ciências Humanas e suas Tecnologias;0;19;0.00357438646963951;0.00108975197245107;0.24406586669002364;0.18179031269160026;0.13168958570552686;0.10462468249102216;0.3378295524218271
Azul;Ciências Humanas e suas Tecnologias;Ciências Humanas e suas Tecnologias;0;20;0.00248463449718844;0.0010025718146549846;0.27479112899698177;0.14303836227636588;0.13914526923581647;0.38327282271116747;0.05975241677966843
Azul;Ciências Humanas e suas Tecnologias;Ciências Humanas e suas Tecnologias;0;21;0.0023974543393923543;0.002048733708208012;0.10727264766408337;0.03148123823284732;0.03620999168089671;0.12491790358597137;0.7001182188362013
Azul;Ciências Humanas e suas Tecnologias;Ciências Humanas e suas Tecnologias;0;22;0.002702584891678654;0.00108975197245107;0.4934803535486129;0.1540211779119629;0.1365625273475103;0.1335433622123042;0.08239257897960969
Azul;Ciências Humanas e suas Tecnologias;Ciências Humanas e suas Tecnologias;0;23;0.0032692559173532103;0.001525652761431498;0.13963470719635585;0.09114800052560115;0.2391923262231177;0.42376593228505105;0.10625903376987429
Azul;Ciências Humanas e suas Tecnologias;Ciências Humanas e suas Tecnologias;0;24;0.0034872063118434244;0.0006102611045725992;0.28099969361404126;0.10425876482689193;0.27399658598503085;0.086750995754366;0.25399395981967
Azul;Ciências Humanas e suas Tecnologias;Ciências Humanas e suas Tecnologias;0;25;0.0037051567063336385;0.0009589817357569417;0.19234474905842167;0.24546728562669703;0.09131120259262503;0.1576158360339844;0.3132609266882719
Azul;Ciências Humanas e suas Tecnologias;Ciências Humanas e suas Tecnologias;0;26;0.00248463449718844;0.0013077023669412842;0.06939704209328783;0.04865669029491555;0.6730112890522447;0.0705784545374989;0.13835652402205303
Azul;Ciências Humanas e suas Tecnologias;Ciências Humanas e suas Tecnologias;0;27;0.0033128459962512534;0.0013948825247373697;0.44510138834143564;0.17623614943283844;0.0890815924320063;0.15083431874917883;0.13874655104454078
Azul;Ciências Humanas e suas Tecnologias;Ciências Humanas e suas Tecnologias;0;28;0.002876945207270825;0.0010461618935530272;0.15850509824515338;0.04389304625618135;0.43626099514244454;0.17758522602949542;0.18375563432672531
Azul;Ciências Humanas e suas Tecnologias;Ciências Humanas e suas Tecnologias;0;29;0.0032256658384551677;0.0010461618935530272;0.14901720439521954;0.22409490872477345;0.44792715492711116;0.09876110843584468;0.08019962351705118
Azul;Ciências Humanas e suas Tecnologias;Ciências Humanas e suas Tecnologias;0;30;0.0047513185998866656;0.0010025718146549846;0.2684466657898198;0.11043886185277742;0.41409092901924677;0.10855364110658074;0.09846990223157526
Azul;Ciências Humanas e suas Tecnologias;Ciências Humanas e suas Tecnologias;0;31;0.002746174970576697;0.0012205222091451985;0.09807439824945295;0.3609190371991247;0.0487527352297593;0.20805251641137856;0.28420131291028444
Azul;Ciências Humanas e suas Tecnologias;Ciências Humanas e suas Tecnologias;0;32;0.0037051567063336385;0.0007846214201647705;0.35226377090813554;0.048953498555039845;0.055521499255626584;0.5108590944916368;0.032402136789561255
Azul;Ciências Humanas e suas Tecnologias;Ciências Humanas e suas Tecnologias;0;33;0.003138485680659082;0.0012641122880432413;0.09881786339754817;0.1356830122591944;0.4867338003502627;0.19286339754816112;0.08590192644483363
Azul;Ciências Humanas e suas Tecnologias;Ciências Humanas e suas Tecnologias;0;34;0.003356436075149296;0.0013948825247373697;0.05579887876664331;0.17497372109320253;0.06749299229152067;0.6571916608269096;0.044542747021723894
Azul;Ciências Humanas e suas Tecnologias;Ciências Humanas e suas Tecnologias;0;35;0.0037051567063336385;0.001133342051349113;0.2081471747700394;0.12820849759088918;0.33701270258431887;0.14296977660972404;0.18366184844502847
Azul;Ciências Humanas e suas Tecnologias;Ciências Humanas e suas Tecnologias;0;36;0.00357438646963951;0.0012205222091451985;0.3312601287722833;0.2720861985896369;0.20007884017344837;0.06140773509701721;0.1351670973676142
Azul;Ciências Humanas e suas Tecnologias;Ciências Humanas e suas Tecnologias;0;37;0.0032692559173532103;0.0012641122880432413;0.49467968647370497;0.1683233349389149;0.133248675395192;0.0975609756097561;0.10618732758243202
Azul;Ciências Humanas e suas Tecnologias;Ciências Humanas e suas Tecnologias;0;38;0.0047513185998866656;0.0010461618935530272;0.29914942125569977;0.18454051210101718;0.1274991231146966;0.3205454226587162;0.06826552086987023
Azul;Ciências Humanas e suas Tecnologias;Ciências Humanas e suas Tecnologias;0;39;0.003923107100823852;0.0011769321302471558;0.13170347003154576;0.12670872765509988;0.18931826147914477;0.26634244654749384;0.28592709428671576
Azul;Ciências Humanas e suas Tecnologias;Ciências Humanas e suas Tecnologias;0;40;0.0051000392310710085;0.0010461618935530272;0.188859649122807;0.4388157894736842;0.10456140350877192;0.0931140350877193;0.17464912280701755
Azul;Ciências Humanas e suas Tecnologias;Ciências Humanas e suas Tecnologias;0;41;0.0034872063118434244;0.0016128329192275838;0.08622502628811778;0.2951279355064844;0.14883456011216264;0.3561163687346653;0.11369610935856993
Azul;Ciências Humanas e suas Tecnologias;Ciências Humanas e suas Tecnologias;0;42;0.0034436162329453818;0.0016128329192275838;0.22852135815991237;0.12933187294633078;0.12394304490690033;0.15829134720700985;0.35991237677984667
Azul;Ciências Humanas e suas Tecnologias;Ciências Humanas e suas Tecnologias;0;43;0.0031820757595571246;0.0013077023669412842;0.044180751379280146;0.1318416673964445;0.6760662054470619;0.06331552675365619;0.08459584902355723
Azul;Ciências Humanas e suas Tecnologias;Ciências Humanas e suas Tecnologias;0;44;0.00357438646963951;0.0008718015779608561;0.11681772406847936;0.07741144533473444;0.07036209991680897;0.5855335172293008;0.14987521345067648
Azul;Ciências Humanas e suas Tecnologias;Ciências Humanas e suas Tecnologias;0;45;0.0030077154439649536;0.0006538511834706421;0.09476309226932668;0.2300826880168001;0.10342564641029006;0.5440784004900031;0.027650172813580086
Azul;Matemática e suas Tecnologias;Matemática e suas Tecnologias;0;1;0.0018743733926158406;0.0002615404733882568;0.15387092322553936;0.3168039008234049;0.2135332811996872;0.22811536869221216;0.08767652605915635
Azul;Matemática e suas Tecnologias;Matemática e suas Tecnologias;0;2;0.00021795039449021403;0.001525652761431498;0.7947397461835571;0.11936729814235791;0.038716203788854146;0.014300165532462755;0.03287658635276807
Azul;Matemática e suas Tecnologias;Matemática e suas Tecnologias;0;3;0.0009153916568588989;0.00034872063118434243;0.06406544418401582;0.1550622730824027;0.40672825037915344;0.2857668091364493;0.08837722321797876
Azul;Matemática e suas Tecnologias;Matemática e suas Tecnologias;0;4;0.0002615404733882568;0.0007410313412667277;0.026923960487020445;0.02651045256145187;0.6265563978865151;0.28164484263726164;0.038364346427750974
Azul;Matemática e suas Tecnologias;Matemática e suas Tecnologias;0;5;0.0009589817357569417;0.0008282114990628133;0.09817446084517405;0.27534832390674574;0.36363636363636365;0.139099645928174;0.12374120568354256
Azul;Matemática e suas Tecnologias;Matemática e suas Tecnologias;0;6;0.0009589817357569417;0.001133342051349113;0.23569457221711132;0.23201471941122356;0.15050597976080957;0.18229070837166514;0.19949402023919044
Azul;Matemática e suas Tecnologias;Matemática e suas Tecnologias;0;7;0.0003051305522862996;0.001351292445839327;0.12137931034482759;0.18822988505747126;0.08524137931034483;0.07531034482758621;0.5298390804597701
Azul;Matemática e suas Tecnologias;Matemática e suas Tecnologias;0;8;0.00108975197245107;0.0007410313412667277;0.0995125540329256;0.17538857720960177;0.19189736043410283;0.3969925503540881;0.1362089579692817
Azul;Matemática e suas Tecnologias;Matemática e suas Tecnologias;0;9;0.0007846214201647705;0.0009589817357569417;0.22857274232113298;0.263932315615229;0.2696799705720066;0.160152657715652;0.0776623137759794
Azul;Matemática e suas Tecnologias;Matemática e suas Tecnologias;0;10;0.001133342051349113;0.0008718015779608561;0.1882991445129243;0.22003495538588907;0.19887774813724587;0.2289117836445589;0.16387636831938185
Azul;Matemática e suas Tecnologias;Matemática e suas Tecnologias;0;11;0.001569242840329541;0.0010025718146549846;0.1254544617791891;0.22624142850568366;0.2647153573565281;0.22113304800036818;0.16245570435823092
Azul;Matemática e suas Tecnologias;Matemática e suas Tecnologias;0;12;0.0006974412623686849;0.0006974412623686849;0.13177973892259606;0.14285714285714285;0.27918735061592204;0.2785438499724214;0.16763191763191762
Azul;Matemática e suas Tecnologias;Matemática e suas Tecnologias;0;13;0.0006102611045725992;0.0010025718146549846;0.06799687370695601;0.2293227897567928;0.5384580019309457;0.10978805572157602;0.05443427888372948
Azul;Matemática e suas Tecnologias;Matemática e suas Tecnologias;0;14;0.0025718146549845253;0.0013948825247373697;0.170760934691432;0.2974143890860488;0.1331520486703231;0.2088307139235839;0.18984191362861225
Azul;Matemática e suas Tecnologias;Matemática e suas Tecnologias;0;15;0.0011769321302471558;0.0014384726036354126;0.10741899852724594;0.32041605301914583;0.08265832106038291;0.28433357879234167;0.20517304860088365
Azul;Matemática e suas Tecnologias;Matemática e suas Tecnologias;0;16;0.0007846214201647705;0.0007410313412667277;0.1422792258539052;0.24369052544476624;0.27168666390842644;0.23435847929021283;0.10798510550268929
Azul;Matemática e suas Tecnologias;Matemática e suas Tecnologias;0;17;0.003051305522862996;0.0006974412623686849;0.21302184130494886;0.2737535710994378;0.18519030504101006;0.1814579301446871;0.14657635240991615
Azul;Matemática e suas Tecnologias;Matemática e suas Tecnologias;0;18;0.0007410313412667277;0.0009153916568588989;0.1407816091954023;0.17186206896551723;0.4605977011494253;0.16708045977011493;0.05967816091954023
Azul;Matemática e suas Tecnologias;Matemática e suas Tecnologias;0;19;0.0006974412623686849;0.0010025718146549846;0.1905374959768265;0.21090624856315232;0.21145799806887672;0.2800588532806106;0.10703940411053382
Azul;Matemática e suas Tecnologias;Matemática e suas Tecnologias;0;20;0.0018307833137177977;0.00108975197245107;0.27586206896551724;0.34699139081994385;0.11532618203581788;0.08894618111504995;0.17287417706367111
Azul;Matemática e suas Tecnologias;Matemática e suas Tecnologias;0;21;0.0006538511834706421;0.001569242840329541;0.06781064544325344;0.03013295302939688;0.0856143902102406;0.5007130698808483;0.31572894143626073
Azul;Matemática e suas Tecnologias;Matemática e suas Tecnologias;0;22;0.001133342051349113;0.0007410313412667277;0.2222579903426075;0.19429753966429064;0.2231777420096574;0.17879972407449987;0.18146700390894457
Azul;Matemática e suas Tecnologias;Matemática e suas Tecnologias;0;23;0.0008718015779608561;0.0008718015779608561;0.2577708295015634;0.33906566121022624;0.21054809637667832;0.13201213904726872;0.06060327386426338
Azul;Matemática e suas Tecnologias;Matemática e suas Tecnologias;0;24;0.0008282114990628133;0.0013948825247373697;0.12425817730137553;0.05640152734968027;0.3594792289644385;0.06012789253346828;0.3997331738510374
Azul;Matemática e suas Tecnologias;Matemática e suas Tecnologias;0;25;0.0017000130770236693;0.0006974412623686849;0.19118391386370956;0.2107394285188423;0.22550959370542492;0.2355864353747757;0.13698062853724752
Azul;Matemática e suas Tecnologias;Matemática e suas Tecnologias;0;26;0.001133342051349113;0.0008282114990628133;0.17711447362369498;0.2549326219932852;0.40762544267120454;0.11176010670100722;0.048567355010808076
Azul;Matemática e suas Tecnologias;Matemática e suas Tecnologias;0;27;0.0019179634715138835;0.001133342051349113;0.20397826687540288;0.1579335113730546;0.17087208766921447;0.09738465788746661;0.3698314761948614
Azul;Matemática e suas Tecnologias;Matemática e suas Tecnologias;0;28;0.0013948825247373697;0.001525652761431498;0.1636204594631923;0.24299065420560748;0.15031536301275264;0.18093089636757057;0.26214262695087703
Azul;Matemática e suas Tecnologias;Matemática e suas Tecnologias;0;29;0.0008282114990628133;0.00217950394490214;0.05603388737971361;0.15166444127261844;0.08863207329987569;0.06685390671762052;0.6368156913301717
Azul;Matemática e suas Tecnologias;Matemática e suas Tecnologias;0;30;0.0023974543393923543;0.0006974412623686849;0.20283648754432013;0.37132200580190633;0.2348851130450799;0.14527789289496706;0.045678500713726575
Azul;Matemática e suas Tecnologias;Matemática e suas Tecnologias;0;31;0.0006538511834706421;0.0010461618935530272;0.24603430042760588;0.2692077796680307;0.18534185479792176;0.17545634282035955;0.12395972228608212
Azul;Matemática e suas Tecnologias;Matemática e suas Tecnologias;0;32;0.0007410313412667277;0.0011769321302471558;0.10844370860927152;0.4143211920529801;0.30311810154525387;0.08314937454010302;0.09096762325239147
Azul;Matemática e suas Tecnologias;Matemática e suas Tecnologias;0;33;0.0016564229981256267;0.0012205222091451985;0.3130927170610441;0.23386428505662463;0.23473897431175766;0.154773961881963;0.06353006168861063
Azul;Matemática e suas Tecnologias;Matemática e suas Tecnologias;0;34;0.0014384726036354126;0.001569242840329541;0.10014273216998941;0.14738247617293615;0.3454118513743727;0.1539665730466412;0.2530963672360606
Azul;Matemática e suas Tecnologias;Matemática e suas Tecnologias;0;35;0.0013077023669412842;0.0016128329192275838;0.14451452511394502;0.28783205193131073;0.23410524377330694;0.253993830854933;0.0795543483265043
Azul;Matemática e suas Tecnologias;Matemática e suas Tecnologias;0;36;0.00108975197245107;0.0018743733926158406;0.06574585635359116;0.0878913443830571;0.218646408839779;0.34802025782688767;0.2796961325966851
Azul;Matemática e suas Tecnologias;Matemática e suas Tecnologias;0;37;0.001787193234819755;0.0007410313412667277;0.27735849056603773;0.19355729406350666;0.27551771744132536;0.15757017947537966;0.09599631845375058
Azul;Matemática e suas Tecnologias;Matemática e suas Tecnologias;0;38;0.002266684102698226;0.0012205222091451985;0.10940667035194399;0.3347613782937166;0.19250967385295745;0.15399852588907315;0.20932375161230882
Azul;Matemática e suas Tecnologias;Matemática e suas Tecnologias;0;39;0.002266684102698226;0.0006974412623686849;0.1731123388581952;0.3507366482504604;0.1912062615101289;0.18287292817679557;0.10207182320441989
Azul;Matemática e suas Tecnologias;Matemática e suas Tecnologias;0;40;0.0009589817357569417;0.0017436031559217122;0.4250207125103563;0.08271195802264568;0.11014452729448587;0.20358096290159255;0.17854183927091963
Azul;Matemática e suas Tecnologias;Matemática e suas Tecnologias;0;41;0.0012205222091451985;0.001961553550411926;0.10085194565968225;0.18659912502878195;0.07713562053879806;0.09670734515311996;0.5387059636196178
Azul;Matemática e suas Tecnologias;Matemática e suas Tecnologias;0;42;0.0008718015779608561;0.001351292445839327;0.04940884206652252;0.6252932787413167;0.086304457836868;0.20145374246676173;0.037539678888531075
Azul;Matemática e suas Tecnologias;Matemática e suas Tecnologias;0;43;0.0023538642604943117;0.001569242840329541;0.42520047930684857;0.13531201032353213;0.1223154207761084;0.2521891418563923;0.06498294773711863
Azul;Matemática e suas Tecnologias;Matemática e suas Tecnologias;0;44;0.0017436031559217122;0.00108975197245107;0.17041845049026377;0.30704782948948117;0.2517147723610919;0.10910095290705704;0.16171799475210608
Azul;Matemática e suas Tecnologias;Matemática e suas Tecnologias;0;45;0.001133342051349113;0.0006102611045725992;0.06354607320213353;0.06441971675556372;0.42049843663785175;0.14341548648151553;0.3081202869229354
Azul;Ciências Naturais e suas Tecnologias;Ciências Naturais e suas Tecnologias;0;1;0.0006102611045725992;0.00047949086787847086;0.1047190185176676;0.034140513715939895;0.07384092266691174;0.5780453062537334;0.20925423884574737
Azul;Ciências Naturais e suas Tecnologias;Ciências Naturais e suas Tecnologias;0;2;0.00034872063118434243;0.00047949086787847086;0.042215995222564195;0.016629151545776103;0.2603702512747485;0.6704947402269282;0.010289861729983004
Azul;Ciências Naturais e suas Tecnologias;Ciências Naturais e suas Tecnologias;0;3;0.0013077023669412842;0.0011769321302471558;0.131379135796788;0.28719341033546547;0.14619667755740648;0.27610326262021995;0.1591275136901201
Azul;Ciências Naturais e suas Tecnologias;Ciências Naturais e suas Tecnologias;0;4;0.0006102611045725992;0.0007846214201647705;0.24664460378746092;0.2177330391616106;0.14092664092664092;0.16446037874609304;0.23023533737819452
Azul;Ciências Naturais e suas Tecnologias;Ciências Naturais e suas Tecnologias;0;5;0.0006102611045725992;0.0007410313412667277;0.19069724686307854;0.19772946637863675;0.30031713931148596;0.08558165188215287;0.22567449556464586
Azul;Ciências Naturais e suas Tecnologias;Ciências Naturais e suas Tecnologias;0;6;0.0016564229981256267;0.0008718015779608561;0.17128393925448687;0.22903819604233777;0.2107225034514496;0.25710998619420156;0.13184537505752417
Azul;Ciências Naturais e suas Tecnologias;Ciências Naturais e suas Tecnologias;0;7;0.00043590078898042805;0.0009589817357569417;0.08264386835815407;0.10953300239014525;0.2728442728442728;0.43592572164000737;0.09905313476742048
Azul;Ciências Naturais e suas Tecnologias;Ciências Naturais e suas Tecnologias;0;8;0.0010025718146549846;0.00047949086787847086;0.15045508871931598;0.2923140571848855;0.26156109221292634;0.22455640342006067;0.07111335846281144
Azul;Ciências Naturais e suas Tecnologias;Ciências Naturais e suas Tecnologias;0;9;0.0014384726036354126;0.0012641122880432413;0.23359108901776673;0.2883181441590721;0.23170394918530793;0.15893399613366474;0.08745282150418852
Azul;Ciências Naturais e suas Tecnologias;Ciências Naturais e suas Tecnologias;0;10;0.0005230809467765136;0.0010025718146549846;0.08339079667172344;0.11538638348733508;0.1275226405553257;0.3758102330713005;0.29788994621431525
Azul;Ciências Naturais e suas Tecnologias;Ciências Naturais e suas Tecnologias;0;11;0.0007410313412667277;0.0008718015779608561;0.15806169831272127;0.05875591926807963;0.4904142338283297;0.2067031400855133;0.08606500850535607
Azul;Ciências Naturais e suas Tecnologias;Ciências Naturais e suas Tecnologias;0;12;0.0006974412623686849;0.00108975197245107;0.08497723823975721;0.1888076516301099;0.07357336644134824;0.18016278107325148;0.4724789626155332
Azul;Ciências Naturais e suas Tecnologias;Ciências Naturais e suas Tecnologias;0;13;0.0012205222091451985;0.001351292445839327;0.33094021814165403;0.25781214045745315;0.26816696580606564;0.06783561139491003;0.07524506419991717
Azul;Ciências Naturais e suas Tecnologias;Ciências Naturais e suas Tecnologias;0;14;0.0005666710256745565;0.0009589817357569417;0.11143290580609572;0.07635728405277432;0.1217303360456029;0.20070794832896613;0.4897715257665609
Azul;Ciências Naturais e suas Tecnologias;Ciências Naturais e suas Tecnologias;0;15;0.0010025718146549846;0.0010025718146549846;0.06949682641891271;0.06600128783000644;0.443519455431883;0.3032379725876184;0.11774445773157943
Azul;Ciências Naturais e suas Tecnologias;Ciências Naturais e suas Tecnologias;0;16;0.0006538511834706421;0.0003051305522862996;0.2350454837820454;0.21579527703758156;0.285169530460351;0.1562528714508867;0.10773683726913535
Azul;Ciências Naturais e suas Tecnologias;Ciências Naturais e suas Tecnologias;0;17;0.0006538511834706421;0.00021795039449021403;0.07221609702315325;0.17874862183020948;0.4403252480705623;0.21632671811833884;0.09238331495773612
Azul;Ciências Naturais e suas Tecnologias;Ciências Naturais e suas Tecnologias;0;18;0.0006538511834706421;0.0006102611045725992;0.06939657153361828;0.08718231536375752;0.38384116917137734;0.25423962498276576;0.2053403189484811
Azul;Ciências Naturais e suas Tecnologias;Ciências Naturais e suas Tecnologias;0;19;0.0005230809467765136;0.00108975197245107;0.7199668980736518;0.06381315801572342;0.03498689715415383;0.017608385821341548;0.16362466093512942
Azul;Ciências Naturais e suas Tecnologias;Ciências Naturais e suas Tecnologias;0;20;0.0006102611045725992;0.0008718015779608561;0.11124390916613036;0.1485703778615427;0.16498115289142226;0.2355888572216604;0.33961570285924425
Azul;Ciências Naturais e suas Tecnologias;Ciências Naturais e suas Tecnologias;0;21;0.0002615404733882568;0.0009153916568588989;0.20008271678691236;0.3843573365194614;0.114608703644134;0.10040898855751114;0.20054225449198107
Azul;Ciências Naturais e suas Tecnologias;Ciências Naturais e suas Tecnologias;0;22;0.0006538511834706421;0.0005230809467765136;0.12986535545241487;0.1083130370846928;0.14691420431046368;0.4380313404714857;0.17687606268094297
Azul;Ciências Naturais e suas Tecnologias;Ciências Naturais e suas Tecnologias;0;23;0.0005230809467765136;0.0006974412623686849;0.03754595588235294;0.052113970588235296;0.1811580882352941;0.633639705882353;0.0955422794117647
Azul;Ciências Naturais e suas Tecnologias;Ciências Naturais e suas Tecnologias;0;24;0.001525652761431498;0.0003051305522862996;0.1487629908948772;0.2576105950519636;0.2514485422606456;0.22914558999356202;0.11303228179895153
Azul;Ciências Naturais e suas Tecnologias;Ciências Naturais e suas Tecnologias;0;25;0.00043590078898042805;0.0008718015779608561;0.12101296075006894;0.4875907712105892;0.04894751355823145;0.1086496920672856;0.2337990624138248
Azul;Ciências Naturais e suas Tecnologias;Ciências Naturais e suas Tecnologias;0;26;0.0023102741815962686;0.00043590078898042805;0.1595397008055236;0.16041426927502878;0.176156501726122;0.22711162255466052;0.2767779056386651
Azul;Ciências Naturais e suas Tecnologias;Ciências Naturais e suas Tecnologias;0;27;0.0002615404733882568;0.00108975197245107;0.3816243048214368;0.06439306889736636;0.2655237394861424;0.2294433975272326;0.05901548926782185
Azul;Ciências Naturais e suas Tecnologias;Ciências Naturais e suas Tecnologias;0;28;0.0005230809467765136;0.0003051305522862996;0.11622031328954018;0.1450686756396711;0.46708622352887136;0.16964490789655015;0.10197987964536727
Azul;Ciências Naturais e suas Tecnologias;Ciências Naturais e suas Tecnologias;0;29;0.0009589817357569417;0.0010461618935530272;0.3808297304755772;0.061539876736270815;0.3731027504369423;0.0723484500045994;0.11217919234661025
Azul;Ciências Naturais e suas Tecnologias;Ciências Naturais e suas Tecnologias;0;30;0.0012205222091451985;0.0009153916568588989;0.18082708496250977;0.26721560329361976;0.26160356962141773;0.15966695800174802;0.13068678412070472
Azul;Ciências Naturais e suas Tecnologias;Ciências Naturais e suas Tecnologias;0;31;0.0001307702366941284;0.0006974412623686849;0.2786071937158344;0.1228352244016721;0.07409619183242225;0.1308282419954982;0.393633148054573
Azul;Ciências Naturais e suas Tecnologias;Ciências Naturais e suas Tecnologias;0;32;0.0005230809467765136;0.0005230809467765136;0.1117441646756111;0.05123139128836611;0.6501102738467194;0.13232861606322366;0.054585554126079766
Azul;Ciências Naturais e suas Tecnologias;Ciências Naturais e suas Tecnologias;0;33;0.0008718015779608561;0.0008282114990628133;0.14166168559474;0.08690054715159318;0.4343647983815348;0.12225849464343189;0.21481447422870018
Azul;Ciências Naturais e suas Tecnologias;Ciências Naturais e suas Tecnologias;0;34;0.00047949086787847086;0.0012641122880432413;0.16369321316902705;0.10019312120654773;0.1415762368953467;0.5373827478388817;0.0571546808901968
Azul;Ciências Naturais e suas Tecnologias;Ciências Naturais e suas Tecnologias;0;35;0.001787193234819755;0.00043590078898042805;0.10475226572204076;0.24750425541703086;0.2007176703316925;0.3127846528959838;0.13424115563325206
Azul;Ciências Naturais e suas Tecnologias;Ciências Naturais e suas Tecnologias;0;36;0.0006102611045725992;0.0010461618935530272;0.38059770114942526;0.23632183908045978;0.17889655172413793;0.0631264367816092;0.14105747126436782
Azul;Ciências Naturais e suas Tecnologias;Ciências Naturais e suas Tecnologias;0;37;0.00047949086787847086;0.00108975197245107;0.05714417065097462;0.07562522986392056;0.4249264435454211;0.02445752114748069;0.417846634792203
Azul;Ciências Naturais e suas Tecnologias;Ciências Naturais e suas Tecnologias;0;38;0.0019179634715138835;0.0005666710256745565;0.19212185357323638;0.24886107404169158;0.24918319451474852;0.22106667893792278;0.08876719893240072
Azul;Ciências Naturais e suas Tecnologias;Ciências Naturais e suas Tecnologias;0;39;0.0006102611045725992;0.0005230809467765136;0.05895597831081702;0.3186747541586251;0.13261648745519714;0.3906810035842294;0.09907177649113133
Azul;Ciências Naturais e suas Tecnologias;Ciências Naturais e suas Tecnologias;0;40;0.0007410313412667277;0.0005666710256745565;0.22828384961853113;0.17993381744645648;0.1349388730581855;0.2496093390936667;0.20723412078316022
Azul;Ciências Naturais e suas Tecnologias;Ciências Naturais e suas Tecnologias;0;41;0.001569242840329541;0.0006538511834706421;0.11137691493766388;0.15475916639830703;0.3092423057459631;0.10553434236555183;0.3190872705525141
Azul;Ciências Naturais e suas Tecnologias;Ciências Naturais e suas Tecnologias;0;42;0.0006538511834706421;0.0008282114990628133;0.11234715454629034;0.04192332444607888;0.042520915693665534;0.7053415463822745;0.09786705893169072
Azul;Ciências Naturais e suas Tecnologias;Ciências Naturais e suas Tecnologias;0;43;0.00043590078898042805;0.0014384726036354126;0.5551161186479651;0.11037020004598758;0.25996780869165326;0.021522189008967577;0.05302368360542654
Azul;Ciências Naturais e suas Tecnologias;Ciências Naturais e suas Tecnologias;0;44;0.0008282114990628133;0.0010461618935530272;0.1911243964129685;0.16169234306737182;0.1547022303977926;0.31970567946654405;0.17277535065532307
Azul;Ciências Naturais e suas Tecnologias;Ciências Naturais e suas Tecnologias;0;45;0.0007846214201647705;0.00043590078898042805;0.3020220588235294;0.16011029411764705;0.1889705882352941;0.2369485294117647;0.11194852941176471
Amarela;Linguagens, Códigos e suas Tecnologias;Inglês;0;1;0.001680152097979396;0.00026528717336516777;0.25689655172413794;0.0895320197044335;0.5894704433497537;0.01976600985221675;0.04433497536945813
Amarela;Linguagens, Códigos e suas Tecnologias;Inglês;0;2;0.0018570102135561746;0.0005305743467303355;0.11546518792359828;0.06839186691312385;0.28108441158348735;0.38040665434380777;0.15465187923598275
Amarela;Linguagens, Códigos e suas Tecnologias;Inglês;0;3;0.0024760136180748994;0.0005305743467303355;0.04729896398618648;0.06370251603354711;0.1700789343857918;0.5122101628021707;0.2067094227923039
Amarela;Linguagens, Códigos e suas Tecnologias;Inglês;0;4;0.001193792280143255;0.000840076048989698;0.8411750215543786;0.027281684936568542;0.007451656607956645;0.046249538120458185;0.07784209878063801
Amarela;Linguagens, Códigos e suas Tecnologias;Inglês;0;5;0.001680152097979396;0.00017685811557677854;0.66044822066248;0.012498460780692033;0.04833148627016377;0.2479374461273242;0.030784386159339983
Amarela;Linguagens, Códigos e suas Tecnologias;Espanhol;1;1;0.001680152097979396;4.4214528894194635e-05;0.1298061646012075;0.1709564664760089;0.36495074674292977;0.23705115983476327;0.09723546234509056
Amarela;Linguagens, Códigos e suas Tecnologias;Espanhol;1;2;0.0015475085112968121;0.0006190034045187249;0.43507320178230424;0.11139401654996817;0.25700190961171226;0.16343093570973902;0.033099936346276254
Amarela;Linguagens, Códigos e suas Tecnologias;Espanhol;1;3;0.0016359375690852013;0.0007516469912013088;0.14556458034718905;0.09906035992992515;0.07071189679885333;0.20895046982003504;0.47571269310399744
Amarela;Linguagens, Códigos e suas Tecnologias;Espanhol;1;4;0.0015917230401910067;0.0007516469912013088;0.17611464968152865;0.08917197452229299;0.17372611464968152;0.1393312101910828;0.42165605095541403
Amarela;Linguagens, Códigos e suas Tecnologias;Espanhol;1;5;0.002078082858027148;0.0005305743467303355;0.15062161300605675;0.29247688874721073;0.15460631176283074;0.05913292955052598;0.3431622569333758
Amarela;Linguagens, Códigos e suas Tecnologias;Linguagens (comum);2;6;0.0016359375690852013;0.0009285051067780873;0.40976993661066535;0.24876989228245933;0.11613989981825436;0.1383926592490802;0.08692761203954076
Amarela;Linguagens, Códigos e suas Tecnologias;Linguagens (comum);2;7;0.0014148649246142283;0.0005305743467303355;0.014840738935896868;0.05254064590439906;0.22774996677446507;0.12528241704691445;0.5795862313383245
Amarela;Linguagens, Códigos e suas Tecnologias;Linguagens (comum);2;8;0.0015032939824026175;0.0008842905778838927;0.052785533838585294;0.6987989185835217;0.12555954438682798;0.09192040065594115;0.030935602535123875
Amarela;Linguagens, Códigos e suas Tecnologias;Linguagens (comum);2;9;0.002122297386921342;0.0007958615200955034;0.29071881513014947;0.02314753226021019;0.17378386767770831;0.3900048778324686;0.12234490709946344
Amarela;Linguagens, Códigos e suas Tecnologias;Linguagens (comum);2;10;0.0023433700313923154;0.0010169341645664765;0.14338316844860477;0.03531342886296083;0.2191118406459341;0.22589947207311123;0.3762920899693891
Amarela;Linguagens, Códigos e suas Tecnologias;Linguagens (comum);2;11;0.0015917230401910067;0.0007516469912013088;0.4025881935826981;0.06957986172664421;0.29493884063109377;0.09528452402056373;0.13760858003900017
Amarela;Linguagens, Códigos e suas Tecnologias;Linguagens (comum);2;12;0.001193792280143255;0.0008842905778838927;0.12990695613646433;0.020691182986264954;0.06486486486486487;0.763579973416039;0.020957022596366857
Amarela;Linguagens, Códigos e suas Tecnologias;Linguagens (comum);2;13;0.0017243666268735908;0.001326435866825839;0.4995565016852936;0.27882739045591626;0.05698953343977293;0.05512684051800603;0.10949973390101117
Amarela;Linguagens, Códigos e suas Tecnologias;Linguagens (comum);2;14;0.0017243666268735908;0.001326435866825839;0.3240642185559695;0.05499379102359411;0.24702856129146708;0.1941192123469931;0.17979421678197624
Amarela;Linguagens, Códigos e suas Tecnologias;Linguagens (comum);2;15;0.0016359375690852013;0.001105363222354866;0.8097539348259809;0.006827754378186655;0.04251828862779872;0.05280425626246952;0.08809576590556417
Amarela;Linguagens, Códigos e suas Tecnologias;Linguagens (comum);2;16;0.0012822213379316443;0.0006190034045187249;0.22915743776025516;0.06529635864268628;0.19938867723930184;0.37051475148400814;0.13564277487374857
Amarela;Linguagens, Códigos e suas Tecnologias;Linguagens (comum);2;17;0.0012822213379316443;0.00044214528894194634;0.230977057312428;0.46447869607582604;0.07959075205952697;0.08176100628930817;0.1431924882629108
Amarela;Linguagens, Códigos e suas Tecnologias;Linguagens (comum);2;18;0.0011495777512490605;0.0007516469912013088;0.14206609373615664;0.14964118011872066;0.4110481084433419;0.16913263045982102;0.12811198724195977
Amarela;Linguagens, Códigos e suas Tecnologias;Linguagens (comum);2;19;0.0018570102135561746;0.0006190034045187249;0.22747218651655512;0.4663357120695005;0.09228314347768272;0.043748060812907226;0.17016089712335447
Amarela;Linguagens, Códigos e suas Tecnologias;Linguagens (comum);2;20;0.0023433700313923154;0.0007958615200955034;0.3617936662822674;0.15146810964250865;0.204470859575978;0.1487625299387918;0.13350483456045417
Amarela;Linguagens, Códigos e suas Tecnologias;Linguagens (comum);2;21;0.001105363222354866;0.0014148649246142283;0.193927304964539;0.011258865248226951;0.06365248226950354;0.017907801418439718;0.7132535460992908
Amarela;Linguagens, Códigos e suas Tecnologias;Linguagens (comum);2;22;0.002078082858027148;0.0008842905778838927;0.4133037694013304;0.22226164079822616;0.07414634146341463;0.09019955654101995;0.20008869179600888
Amarela;Linguagens, Códigos e suas Tecnologias;Linguagens (comum);2;23;0.001105363222354866;0.0007958615200955034;0.12487817843536812;0.02192788163373793;0.0380969256666962;0.6707716842385045;0.14432533002569328
Amarela;Linguagens, Códigos e suas Tecnologias;Linguagens (comum);2;24;0.0012380068090374497;0.000840076048989698;0.250509525919362;0.07509968985378822;0.21346920691182986;0.022153300841825433;0.4387682764731945
Amarela;Linguagens, Códigos e suas Tecnologias;Linguagens (comum);2;25;0.0019896538002387586;0.00030950170225936243;0.29027254597828495;0.3934854863727011;0.1064037225792156;0.1212497230223798;0.08858852204741857
Amarela;Linguagens, Códigos e suas Tecnologias;Linguagens (comum);2;26;0.0019896538002387586;0.000840076048989698;0.15257393694852125;0.06943643861127123;0.06491375870172482;0.6441271671174567;0.06894869862102602
Amarela;Linguagens, Códigos e suas Tecnologias;Linguagens (comum);2;27;0.0032718751381704027;0.0007516469912013088;0.4087276924442866;0.22613868418716151;0.15639705229512563;0.09535647695995739;0.11338009411346887
Amarela;Linguagens, Códigos e suas Tecnologias;Linguagens (comum);2;28;0.0019454392713445638;0.0012380068090374497;0.2527833222444001;0.1876691062319805;0.35165225105344866;0.13005100909292527;0.07784431137724551
Amarela;Linguagens, Códigos e suas Tecnologias;Linguagens (comum);2;29;0.0016359375690852013;0.001680152097979396;0.05336704817673676;0.025685387277082777;0.016325082069026706;0.8918019696566409;0.01282051282051282
Amarela;Linguagens, Códigos e suas Tecnologias;Linguagens (comum);2;30;0.001459079453508423;0.0007074324623071142;0.07785359801488834;0.7620967741935484;0.061370081531371856;0.022642679900744415;0.07603686635944701
Amarela;Linguagens, Códigos e suas Tecnologias;Linguagens (comum);2;31;0.0024317990891807046;0.0006632179334129195;0.18991440102896173;0.1692464629440724;0.3097529604825476;0.22508537721204594;0.10600079833237237
Amarela;Linguagens, Códigos e suas Tecnologias;Linguagens (comum);2;32;0.0019012247424503692;0.0007074324623071142;0.07456334781452256;0.038389928185122796;0.13179359872329108;0.6764340810355528;0.07881904424151077
Amarela;Linguagens, Códigos e suas Tecnologias;Linguagens (comum);2;33;0.0031834460803820135;0.0005305743467303355;0.47996272134203166;0.26538854125061023;0.130963475791062;0.0855190165534993;0.03816624506279679
Amarela;Linguagens, Códigos e suas Tecnologias;Linguagens (comum);2;34;0.001680152097979396;0.0011495777512490605;0.7283288254334235;0.042300359153992814;0.019642619607147607;0.07444685851106284;0.13528133729437325
Amarela;Linguagens, Códigos e suas Tecnologias;Linguagens (comum);2;35;0.0035371623115355707;0.0010169341645664765;0.44203606644754373;0.09904948032335435;0.3482721861952563;0.060895442835568976;0.049746824198276626
Amarela;Linguagens, Códigos e suas Tecnologias;Linguagens (comum);2;36;0.0015917230401910067;0.001061148693460671;0.24342776078379216;0.19062818637230128;0.16890543955313206;0.09358513986789023;0.30345347342288426
Amarela;Linguagens, Códigos e suas Tecnologias;Linguagens (comum);2;37;0.00181279568466198;0.0007074324623071142;0.04299645390070922;0.16928191489361702;0.655363475177305;0.025398936170212764;0.10695921985815603
Amarela;Linguagens, Códigos e suas Tecnologias;Linguagens (comum);2;38;0.0029623734359110403;0.000840076048989698;0.402068261506369;0.13816519462074475;0.18694243486751586;0.1362123296791088;0.1366117793262616
Amarela;Linguagens, Códigos e suas Tecnologias;Linguagens (comum);2;39;0.002918158907016846;0.0007516469912013088;0.19477234401349072;0.14764356084139524;0.2272122126564303;0.2312061773320316;0.19916570515665216
Amarela;Linguagens, Códigos e suas Tecnologias;Linguagens (comum);2;40;0.0023433700313923154;0.001061148693460671;0.6222271517302573;0.17448979591836736;0.08935226264418811;0.07635314995563443;0.037577639751552795
Amarela;Linguagens, Códigos e suas Tecnologias;Linguagens (comum);2;41;0.002299155502498121;0.0009727196356722819;0.09049372310695115;0.07572195359978708;0.05269928580934215;0.734596105221133;0.04648893226278667
Amarela;Linguagens, Códigos e suas Tecnologias;Linguagens (comum);2;42;0.0023433700313923154;0.001061148693460671;0.056433007985803016;0.030745341614906833;0.033939662821650396;0.285226264418811;0.5936557231588288
Amarela;Linguagens, Códigos e suas Tecnologias;Linguagens (comum);2;43;0.002299155502498121;0.00048635981783614094;0.2338387869114126;0.5500133014099494;0.13775826904318525;0.033962933404274184;0.0444267092311785
Amarela;Linguagens, Códigos e suas Tecnologias;Linguagens (comum);2;44;0.002122297386921342;0.0017243666268735908;0.04340878828229028;0.8866400355082112;0.024500665778961386;0.016333777185974258;0.029116733244562806
Amarela;Linguagens, Códigos e suas Tecnologias;Linguagens (comum);2;45;0.0030950170225936243;0.0007958615200955034;0.16130320919703492;0.12534954946957255;0.11811443028984864;0.27089529051444805;0.3243375205290958
Amarela;Ciências Humanas e suas Tecnologias;Ciências Humanas e suas Tecnologias;0;1;0.0038024494849007383;0.00022107264447097317;0.18516381070762675;0.48965639705229513;0.08297078931013052;0.06983041818343248;0.17237858474651513
Amarela;Ciências Humanas e suas Tecnologias;Ciências Humanas e suas Tecnologias;0;2;0.0028297298492284567;0.0009285051067780873;0.06927924729273921;0.32411681164565953;0.10305343511450382;0.3988549618320611;0.1046955441150364
Amarela;Ciências Humanas e suas Tecnologias;Ciências Humanas e suas Tecnologias;0;3;0.0031834460803820135;0.0010169341645664765;0.23239499156380428;0.11526507414972027;0.11371103809608384;0.16708107628096971;0.3715478199094219
Amarela;Ciências Humanas e suas Tecnologias;Ciências Humanas e suas Tecnologias;0;4;0.002210726444709732;0.0007958615200955034;0.077342675950153;0.04221916714710187;0.6928466894319039;0.05481396070779192;0.13277750676304936
Amarela;Ciências Humanas e suas Tecnologias;Ciências Humanas e suas Tecnologias;0;5;0.002741300791440067;0.0016359375690852013;0.45496935784705567;0.1796784794386713;0.08961719513278266;0.13367084110489386;0.1420641264765965
Amarela;Ciências Humanas e suas Tecnologias;Ciências Humanas e suas Tecnologias;0;6;0.0026086572047574834;0.0009285051067780873;0.14704707813817278;0.032479921906198694;0.4685184363491148;0.15831743355371167;0.19363713005280206
Amarela;Ciências Humanas e suas Tecnologias;Ciências Humanas e suas Tecnologias;0;7;0.0029623734359110403;0.0003979307600477517;0.14404862251009273;0.2144092986114192;0.47544474513109447;0.09227629652632979;0.07382103722106384
Amarela;Ciências Humanas e suas Tecnologias;Ciências Humanas e suas Tecnologias;0;8;0.002741300791440067;0.001105363222354866;0.2909010208610741;0.11238348868175765;0.13484243231247225;0.4010652463382157;0.06080781180648025
Amarela;Ciências Humanas e suas Tecnologias;Ciências Humanas e suas Tecnologias;0;9;0.0025202281469690942;0.001326435866825839;0.10288504216600089;0.023124722592099422;0.03067021748779405;0.12476697736351532;0.7185530403905903
Amarela;Ciências Humanas e suas Tecnologias;Ciências Humanas e suas Tecnologias;0;10;0.0032718751381704027;0.0006632179334129195;0.11740944602272728;0.06995738636363637;0.09814453125;0.5569957386363636;0.15749289772727273
Amarela;Ciências Humanas e suas Tecnologias;Ciências Humanas e suas Tecnologias;0;11;0.0028297298492284567;0.0007516469912013088;0.2299875754348598;0.047080227192048275;0.09513667021654242;0.5779641462548811;0.04983138090166844
Amarela;Ciências Humanas e suas Tecnologias;Ciências Humanas e suas Tecnologias;0;12;0.0026086572047574834;0.0007958615200955034;0.787843833185448;0.06645962732919254;0.07311446317657498;0.049955634427684116;0.022626441881100266
Amarela;Ciências Humanas e suas Tecnologias;Ciências Humanas e suas Tecnologias;0;13;0.0036698058982181543;0.0006190034045187249;0.31904973357015987;0.11629662522202487;0.12686500888099467;0.302886323268206;0.13490230905861456
Amarela;Ciências Humanas e suas Tecnologias;Ciências Humanas e suas Tecnologias;0;14;0.0028297298492284567;0.0016359375690852013;0.09912950790548943;0.7386303073370047;0.07479125954876532;0.06319950257594599;0.02424942263279446
Amarela;Ciências Humanas e suas Tecnologias;Ciências Humanas e suas Tecnologias;0;15;0.002873944378122651;0.0005747888756245303;0.135986512267625;0.1278228847774968;0.026531789342916723;0.5998935179023027;0.10976529570965882
Amarela;Ciências Humanas e suas Tecnologias;Ciências Humanas e suas Tecnologias;0;16;0.00238758456028651;0.0005305743467303355;0.04376746042304111;0.12997206332313424;0.6917209879827946;0.0563611369784045;0.0781783512926256
Amarela;Ciências Humanas e suas Tecnologias;Ciências Humanas e suas Tecnologias;0;17;0.0030950170225936243;0.0006632179334129195;0.10136694478963253;0.05836144150541452;0.0507722350434937;0.6425971951003018;0.14690218356115747
Amarela;Ciências Humanas e suas Tecnologias;Ciências Humanas e suas Tecnologias;0;18;0.0030950170225936243;0.0006632179334129195;0.07282975323983668;0.25448251375821057;0.090892952245695;0.5636872004260607;0.018107580330197052
Amarela;Ciências Humanas e suas Tecnologias;Ciências Humanas e suas Tecnologias;0;19;0.003492947782641376;0.0009727196356722819;0.10228282110499201;0.21584650914904957;0.4300053295434358;0.1037040326878664;0.14816130751465625
Amarela;Ciências Humanas e suas Tecnologias;Ciências Humanas e suas Tecnologias;0;20;0.003846664013794933;0.0010169341645664765;0.4083618429821833;0.3877016039454392;0.06757897542986627;0.06620162616074998;0.07015595148176124
Amarela;Ciências Humanas e suas Tecnologias;Ciências Humanas e suas Tecnologias;0;21;0.003714020427112349;0.0008842905778838927;0.09438990805312486;0.31772753520188335;0.40483276329232;0.0851508017589837;0.0978989916936881
Amarela;Ciências Humanas e suas Tecnologias;Ciências Humanas e suas Tecnologias;0;22;0.004111951187160101;0.0013706503957200335;0.249988885431023;0.18521317743297916;0.12252700840261414;0.09780820699773263;0.34446272173565107
Amarela;Ciências Humanas e suas Tecnologias;Ciências Humanas e suas Tecnologias;0;23;0.0036698058982181543;0.0011495777512490605;0.281188910609561;0.15043540074640127;0.10045317220543806;0.29842722587524434;0.16949529056335524
Amarela;Ciências Humanas e suas Tecnologias;Ciências Humanas e suas Tecnologias;0;24;0.003979307600477517;0.0008842905778838927;0.3493579775181055;0.1727906873417159;0.2002043808592882;0.22872883991647044;0.04891811436441996
Amarela;Ciências Humanas e suas Tecnologias;Ciências Humanas e suas Tecnologias;0;25;0.004111951187160101;0.0010169341645664765;0.2933202968756944;0.1913248300075552;0.27834318474734454;0.08279632016354829;0.15421536820585752
Amarela;Ciências Humanas e suas Tecnologias;Ciências Humanas e suas Tecnologias;0;26;0.005526816111774329;0.001680152097979396;0.2873875478756569;0.13356194887325198;0.3601140108666607;0.08492918856328494;0.13400730382114545
Amarela;Ciências Humanas e suas Tecnologias;Ciências Humanas e suas Tecnologias;0;27;0.0038908785426891275;0.0008842905778838927;0.265760362521658;0.11311031143098316;0.4080145719489982;0.11311031143098316;0.1000044426673775
Amarela;Ciências Humanas e suas Tecnologias;Ciências Humanas e suas Tecnologias;0;28;0.004598311004996242;0.0012822213379316443;0.09455612880270414;0.34162070805906425;0.04683330368261875;0.21690980252624087;0.300080056929372
Amarela;Ciências Humanas e suas Tecnologias;Ciências Humanas e suas Tecnologias;0;29;0.004333023831631074;0.0018570102135561746;0.34248342750367045;0.04942830448903324;0.0507185122569738;0.5235574142456734;0.0338123415046492
Amarela;Ciências Humanas e suas Tecnologias;Ciências Humanas e suas Tecnologias;0;30;0.004156165716054296;0.001326435866825839;0.10100920286311296;0.1395989863513093;0.48610678877873115;0.18961454674787712;0.08367047525896945
Amarela;Ciências Humanas e suas Tecnologias;Ciências Humanas e suas Tecnologias;0;31;0.004421452889419464;0.0012822213379316443;0.06750266808964782;0.17124688722874423;0.06603521878335113;0.6523923870508715;0.042822838847385275
Amarela;Ciências Humanas e suas Tecnologias;Ciências Humanas e suas Tecnologias;0;32;0.0038024494849007383;0.0012822213379316443;0.4916896275886588;0.15989689805350635;0.1407874855568394;0.12038929872900186;0.0872366900719936
Amarela;Ciências Humanas e suas Tecnologias;Ciências Humanas e suas Tecnologias;0;33;0.005217314409514967;0.001326435866825839;0.14326405269482398;0.09390716097734657;0.2173216431527883;0.4285014909430771;0.11700565223196403
Amarela;Ciências Humanas e suas Tecnologias;Ciências Humanas e suas Tecnologias;0;34;0.004377238360525269;0.0013706503957200335;0.285720638591186;0.105260817361142;0.26637612842975944;0.08956285854049006;0.2530795570774225
Amarela;Ciências Humanas e suas Tecnologias;Ciências Humanas e suas Tecnologias;0;35;0.004598311004996242;0.0015917230401910067;0.19184054811585177;0.24594029452329047;0.0960982337500556;0.15829514614939716;0.307825777461405
Amarela;Ciências Humanas e suas Tecnologias;Ciências Humanas e suas Tecnologias;0;36;0.004509881947207852;0.0015032939824026175;0.21004403718695788;0.12201414527823495;0.3353498509852765;0.16049108135759085;0.17210088519193986
Amarela;Ciências Humanas e suas Tecnologias;Ciências Humanas e suas Tecnologias;0;37;0.004863598178361409;0.001193792280143255;0.3204626334519573;0.28016014234875447;0.20155693950177936;0.06556939501779359;0.1322508896797153
Amarela;Ciências Humanas e suas Tecnologias;Ciências Humanas e suas Tecnologias;0;38;0.004465667418313658;0.001105363222354866;0.49152994531145794;0.16708905784536038;0.13596549731003513;0.09839491352096394;0.10702058601218264
Amarela;Ciências Humanas e suas Tecnologias;Ciências Humanas e suas Tecnologias;0;39;0.004996241765043994;0.001105363222354866;0.30041371947150675;0.18243694114506873;0.13274611859958182;0.31860847902486766;0.06579474175897504
Amarela;Ciências Humanas e suas Tecnologias;Ciências Humanas e suas Tecnologias;0;40;0.00477516912057302;0.0009285051067780873;0.1294912842404838;0.12419957310565635;0.18934542867307008;0.2713447171824973;0.28561899679829245
Amarela;Ciências Humanas e suas Tecnologias;Ciências Humanas e suas Tecnologias;0;41;0.004288809302736879;0.0011495777512490605;0.10989597225926914;0.27216146527963014;0.10736196319018405;0.4750600160042678;0.035520583266648885
Amarela;Ciências Humanas e suas Tecnologias;Ciências Humanas e suas Tecnologias;0;42;0.005217314409514967;0.001459079453508423;0.29230837710317814;0.20916050921392326;0.10562627971156414;0.14755630730882222;0.24534852666251225
Amarela;Ciências Humanas e suas Tecnologias;Ciências Humanas e suas Tecnologias;0;43;0.004642525533890436;0.0015475085112968121;0.14935267161987809;0.13039996440806156;0.11874360457356409;0.18392134181607867;0.4175824175824176
Amarela;Ciências Humanas e suas Tecnologias;Ciências Humanas e suas Tecnologias;0;44;0.004111951187160101;0.0009727196356722819;0.1258554795129322;0.05746155897253578;0.47471335881255;0.11296773620122656;0.2290018665007555
Amarela;Ciências Humanas e suas Tecnologias;Ciências Humanas e suas Tecnologias;0;45;0.00420038024494849;0.0006632179334129195;0.09197138667969965;0.21717687830452748;0.09379304216465989;0.09401519527258187;0.5030434975785312
Amarela;Matemática e suas Tecnologias;Matemática e suas Tecnologias;0;1;0.0003979307600477517;0.0006190034045187249;0.4657502652336362;0.07071359380045206;0.12459061764841552;0.1861709488445039;0.1527745744729923
Amarela;Matemática e suas Tecnologias;Matemática e suas Tecnologias;0;2;0.00048635981783614094;0.0011495777512490605;0.08359104546503578;0.20203092545580428;0.07662127855988922;0.08349873067159012;0.5542580198476806
Amarela;Matemática e suas Tecnologias;Matemática e suas Tecnologias;0;3;0.0019012247424503692;0.001193792280143255;0.18477255917159763;0.22069156804733728;0.21107618343195267;0.23506841715976332;0.1483912721893491
Amarela;Matemática e suas Tecnologias;Matemática e suas Tecnologias;0;4;0.001680152097979396;0.000840076048989698;0.11831831831831832;0.2201894201894202;0.2646338646338646;0.23696003696003695;0.1598983598983599
Amarela;Matemática e suas Tecnologias;Matemática e suas Tecnologias;0;5;0.0006190034045187249;0.0012822213379316443;0.12816842882866245;0.13357034027425088;0.2810379057204857;0.2851008818505009;0.1721224433261
Amarela;Matemática e suas Tecnologias;Matemática e suas Tecnologias;0;6;0.0009285051067780873;0.0009727196356722819;0.2443326100004617;0.21136709912738352;0.2006094464195023;0.17854009880419225;0.16515074564846022
Amarela;Matemática e suas Tecnologias;Matemática e suas Tecnologias;0;7;0.000840076048989698;0.000840076048989698;0.26629431314623336;0.3474427621861152;0.20531757754800592;0.12412296898079764;0.05682237813884786
Amarela;Matemática e suas Tecnologias;Matemática e suas Tecnologias;0;8;0.00013264358668258389;0.0014148649246142283;0.10375224996538515;0.04167628190335533;0.3553329948770019;0.0454146859279088;0.4538237873263488
Amarela;Matemática e suas Tecnologias;Matemática e suas Tecnologias;0;9;0.001105363222354866;0.0007958615200955034;0.18800498637979593;0.20120965880234545;0.2393000600212383;0.22969666189574772;0.14178863290087262
Amarela;Matemática e suas Tecnologias;Matemática e suas Tecnologias;0;10;0.0033160896670645975;0.0003979307600477517;0.2053381441391433;0.29313535017115366;0.1843371264686835;0.18660375612915164;0.1305856230918679
Amarela;Matemática e suas Tecnologias;Matemática e suas Tecnologias;0;11;0.0009285051067780873;0.001061148693460671;0.1520062797248003;0.1847439626910468;0.45029320773883735;0.1570854689015099;0.0558710809438057
Amarela;Matemática e suas Tecnologias;Matemática e suas Tecnologias;0;12;0.0009285051067780873;0.001105363222354866;0.2027613594384928;0.20825637236793498;0.2125046176579239;0.28038418913926855;0.09609346139637975
Amarela;Matemática e suas Tecnologias;Matemática e suas Tecnologias;0;13;0.002785515320334262;0.0008842905778838927;0.1628197418937046;0.31365928118784403;0.1995004394282807;0.23298949997687218;0.09103103751329848
Amarela;Matemática e suas Tecnologias;Matemática e suas Tecnologias;0;14;0.0007074324623071142;0.0016359375690852013;0.7771721557577718;0.12647235438126472;0.04388193450043882;0.01616702850016167;0.036306526860363064
Amarela;Matemática e suas Tecnologias;Matemática e suas Tecnologias;0;15;0.001326435866825839;0.00030950170225936243;0.06346642049388415;0.14262635587352873;0.3801984768059081;0.30939303023309483;0.10431571659358412
Amarela;Matemática e suas Tecnologias;Matemática e suas Tecnologias;0;16;0.00030950170225936243;0.0010169341645664765;0.030269472129937247;0.0339608711701735;0.6037283130306386;0.2916666666666667;0.04037467700258398
Amarela;Matemática e suas Tecnologias;Matemática e suas Tecnologias;0;17;0.0012822213379316443;0.0009727196356722819;0.09990300678952474;0.27061105722599416;0.3602143088079073;0.1456283774421505;0.12364324973442335
Amarela;Matemática e suas Tecnologias;Matemática e suas Tecnologias;0;18;0.001061148693460671;0.002033868329132953;0.2395525147928994;0.23520710059171598;0.1439996301775148;0.18472633136094674;0.19651442307692307
Amarela;Matemática e suas Tecnologias;Matemática e suas Tecnologias;0;19;0.002299155502498121;0.0008842905778838927;0.1565880721220527;0.38183079056865465;0.17693018955154877;0.17660656495607951;0.10804438280166435
Amarela;Matemática e suas Tecnologias;Matemática e suas Tecnologias;0;20;0.00048635981783614094;0.0011495777512490605;0.07477498269097622;0.22764828063697207;0.5358873759519963;0.10736210477729057;0.05432725594276483
Amarela;Matemática e suas Tecnologias;Matemática e suas Tecnologias;0;21;0.0026086572047574834;0.0009285051067780873;0.18416427712515032;0.2826750531865692;0.13884007029876977;0.21755619276662658;0.1767644066228841
Amarela;Matemática e suas Tecnologias;Matemática e suas Tecnologias;0;22;0.0015917230401910067;0.0009285051067780873;0.10117810117810118;0.29286209286209286;0.08930468930468931;0.3042273042273042;0.21242781242781242
Amarela;Matemática e suas Tecnologias;Matemática e suas Tecnologias;0;23;0.001061148693460671;0.0009285051067780873;0.1402779701713072;0.24052269474073049;0.27455326222468485;0.23017961859906727;0.11446645426421019
Amarela;Matemática e suas Tecnologias;Matemática e suas Tecnologias;0;24;0.00044214528894194634;0.0015475085112968121;0.04363485247264164;0.6563697649720645;0.08269843468624463;0.1846054393498638;0.03269150851918548
Amarela;Matemática e suas Tecnologias;Matemática e suas Tecnologias;0;25;0.0015917230401910067;0.001326435866825839;0.4479571085228323;0.12835089665372526;0.10297652061379182;0.24981512294324273;0.07090035126640784
Amarela;Matemática e suas Tecnologias;Matemática e suas Tecnologias;0;26;0.0015032939824026175;0.0012380068090374497;0.1627079482439926;0.29856746765249537;0.2516635859519408;0.10586876155268023;0.18119223659889094
Amarela;Matemática e suas Tecnologias;Matemática e suas Tecnologias;0;27;0.0006632179334129195;0.000840076048989698;0.057088794535720876;0.06235000923020122;0.4380653498246262;0.13129961233154883;0.3111962340779029
Amarela;Matemática e suas Tecnologias;Matemática e suas Tecnologias;0;28;0.0007516469912013088;0.0017243666268735908;0.15841263974868336;0.21287997782500231;0.09997228125288737;0.07373186731959716;0.4550032338538298
Amarela;Matemática e suas Tecnologias;Matemática e suas Tecnologias;0;29;0.0010169341645664765;0.001105363222354866;0.10506142052276715;0.18236815368984946;0.21215479818971092;0.3698162002401404;0.1305994273575321
Amarela;Matemática e suas Tecnologias;Matemática e suas Tecnologias;0;30;0.001061148693460671;0.0007074324623071142;0.24342166004985688;0.23298864370787553;0.27176622657187705;0.16969808881913026;0.08212538085126027
Amarela;Matemática e suas Tecnologias;Matemática e suas Tecnologias;0;31;0.0009285051067780873;0.0006632179334129195;0.27720852949321517;0.3466722052986246;0.12591156650973875;0.09549524600756946;0.15471245269085201
Amarela;Matemática e suas Tecnologias;Matemática e suas Tecnologias;0;32;0.0007516469912013088;0.00181279568466198;0.07096654962114211;0.039179449270005544;0.09277397893180558;0.481934947329514;0.3151450748475328
Amarela;Matemática e suas Tecnologias;Matemática e suas Tecnologias;0;33;0.0012380068090374497;0.0010169341645664765;0.18613458962634521;0.2518590365341093;0.40284513417394113;0.10502979077178883;0.05413144889381553
Amarela;Matemática e suas Tecnologias;Matemática e suas Tecnologias;0;34;0.0014148649246142283;0.0009285051067780873;0.2032888355120329;0.15880641138158808;0.17608203612176082;0.10305325881103053;0.3587694581735877
Amarela;Matemática e suas Tecnologias;Matemática e suas Tecnologias;0;35;0.0012822213379316443;0.001459079453508423;0.16728280961182995;0.2342883548983364;0.15360443622920517;0.17777264325323475;0.2670517560073937
Amarela;Matemática e suas Tecnologias;Matemática e suas Tecnologias;0;36;0.0006632179334129195;0.0024760136180748994;0.058480883916601174;0.15607230363829688;0.09232120567703758;0.07105542970736443;0.6220701770606999
Amarela;Matemática e suas Tecnologias;Matemática e suas Tecnologias;0;37;0.0017243666268735908;0.0008842905778838927;0.20316037517904173;0.3758721064547429;0.23065194289146607;0.14554359377165826;0.04477198170309107
Amarela;Matemática e suas Tecnologias;Matemática e suas Tecnologias;0;38;0.0007958615200955034;0.0007958615200955034;0.2505307855626327;0.26793132096372196;0.17949783070248315;0.1751592356687898;0.1268808271023724
Amarela;Matemática e suas Tecnologias;Matemática e suas Tecnologias;0;39;0.000840076048989698;0.0010169341645664765;0.1126038781163435;0.40840258541089564;0.2997691597414589;0.08628808864265929;0.09293628808864265
Amarela;Matemática e suas Tecnologias;Matemática e suas Tecnologias;0;40;0.00181279568466198;0.0005305743467303355;0.3063882858330639;0.2236592914222366;0.2435216407224352;0.15857545383158575;0.06785532819067855
Amarela;Matemática e suas Tecnologias;Matemática e suas Tecnologias;0;41;0.0013706503957200335;0.0009727196356722819;0.10891958058108919;0.1488290452214883;0.33493463901334936;0.16074645480160746;0.2465702803824657
Amarela;Matemática e suas Tecnologias;Matemática e suas Tecnologias;0;42;0.0017243666268735908;0.0011495777512490605;0.14687803299902943;0.2902435642649166;0.22406063687202477;0.2533622960669224;0.0854554697971068
Amarela;Matemática e suas Tecnologias;Matemática e suas Tecnologias;0;43;0.0010169341645664765;0.0016359375690852013;0.07074207559375288;0.08931706866278533;0.22354680713427594;0.3479345716662046;0.2684594769429812
Amarela;Matemática e suas Tecnologias;Matemática e suas Tecnologias;0;44;0.0015032939824026175;0.0006632179334129195;0.2771902276820764;0.19766314136609245;0.2678612663372281;0.16404193414307486;0.0932434304715282
Amarela;Matemática e suas Tecnologias;Matemática e suas Tecnologias;0;45;0.0015475085112968121;0.00044214528894194634;0.11876067784088286;0.3154176478736667;0.19453294546797803;0.1573163411368149;0.21397238768065752
Amarela;Ciências Naturais e suas Tecnologias;Ciências Naturais e suas Tecnologias;0;1;0.0006632179334129195;0.00030950170225936243;0.05106088560885609;0.07380073800738007;0.40161439114391145;0.2833487084870849;0.19017527675276752
Amarela;Ciências Naturais e suas Tecnologias;Ciências Naturais e suas Tecnologias;0;2;0.00026528717336516777;0.001105363222354866;0.742559180471598;0.0625721009644225;0.028840385769000047;0.013428083614046422;0.15260024918093304
Amarela;Ciências Naturais e suas Tecnologias;Ciências Naturais e suas Tecnologias;0;3;0.0005305743467303355;0.001193792280143255;0.1003092831094493;0.17098278170151873;0.1697364169320962;0.22702303466740525;0.33194848358953055
Amarela;Ciências Naturais e suas Tecnologias;Ciências Naturais e suas Tecnologias;0;4;0.0005305743467303355;0.001061148693460671;0.20954490907412535;0.3863657343302871;0.12069602141604358;0.08547955321702207;0.19791378196252193
Amarela;Ciências Naturais e suas Tecnologias;Ciências Naturais e suas Tecnologias;0;5;0.00048635981783614094;0.000840076048989698;0.1262919896640827;0.10903469915097821;0.13547434477667036;0.45348837209302323;0.17571059431524547
Amarela;Ciências Naturais e suas Tecnologias;Ciências Naturais e suas Tecnologias;0;6;0.002210726444709732;0.00044214528894194634;0.13094908049163664;0.1639866925422789;0.18852231771555308;0.24688106459661768;0.2696608446539137
Amarela;Ciências Naturais e suas Tecnologias;Ciências Naturais e suas Tecnologias;0;7;0.00044214528894194634;0.0011495777512490605;0.3707652543155174;0.05894027508538724;0.27928551647743005;0.23594572140681253;0.055063232714852764
Amarela;Ciências Naturais e suas Tecnologias;Ciências Naturais e suas Tecnologias;0;8;0.0007516469912013088;0.0005305743467303355;0.1064919485073594;0.14515756932588936;0.4794906104369492;0.17150371429889724;0.09735615743090481
Amarela;Ciências Naturais e suas Tecnologias;Ciências Naturais e suas Tecnologias;0;9;0.000840076048989698;0.0007074324623071142;0.39290164766695895;0.2357963723635021;0.17958185258688328;0.05238380947985415;0.1393363179028015
Amarela;Ciências Naturais e suas Tecnologias;Ciências Naturais e suas Tecnologias;0;10;0.00048635981783614094;0.0011495777512490605;0.04924994230325409;0.07643664897299793;0.4762520193861066;0.01537041310870067;0.38269097622894066
Amarela;Ciências Naturais e suas Tecnologias;Ciências Naturais e suas Tecnologias;0;11;0.0030950170225936243;0.0003979307600477517;0.17786616103223418;0.2538038200064746;0.25884474864727375;0.22961661194098876;0.07986865837302871
Amarela;Ciências Naturais e suas Tecnologias;Ciências Naturais e suas Tecnologias;0;12;0.0007074324623071142;0.0006632179334129195;0.05006690969498408;0.34673065386922614;0.14138710719394582;0.3556827096119238;0.10613261962992017
Amarela;Ciências Naturais e suas Tecnologias;Ciências Naturais e suas Tecnologias;0;13;0.0003537162311535571;0.001326435866825839;0.07851735598227474;0.20984121122599705;0.07611706056129985;0.18916174298375185;0.4463626292466765
Amarela;Ciências Naturais e suas Tecnologias;Ciências Naturais e suas Tecnologias;0;14;0.0009727196356722819;0.001459079453508423;0.3172726012842426;0.2771746662355061;0.27366378712985634;0.06647572411881554;0.06541322123157943
Amarela;Ciências Naturais e suas Tecnologias;Ciências Naturais e suas Tecnologias;0;15;0.0007074324623071142;0.001061148693460671;0.10700766318899456;0.07021512325731696;0.12671960114486197;0.19785800018465516;0.49819961222417136
Amarela;Ciências Naturais e suas Tecnologias;Ciências Naturais e suas Tecnologias;0;16;0.0009727196356722819;0.00048635981783614094;0.1276016428999954;0.2464811481840417;0.1563985416955097;0.318657990677927;0.1508606765425262
Amarela;Ciências Naturais e suas Tecnologias;Ciências Naturais e suas Tecnologias;0;17;0.0007958615200955034;0.0003537162311535571;0.2326997601033401;0.1928400073814357;0.14606015870086733;0.21060158700867318;0.2177984868056837
Amarela;Ciências Naturais e suas Tecnologias;Ciências Naturais e suas Tecnologias;0;18;0.00030950170225936243;0.0007516469912013088;0.03584278992526986;0.05051203985607528;0.18082848971307316;0.64872220684565;0.08409447365993172
Amarela;Ciências Naturais e suas Tecnologias;Ciências Naturais e suas Tecnologias;0;19;0.002166511915815537;0.0005747888756245303;0.15027726432532348;0.2513401109057301;0.2549445471349353;0.23341035120147874;0.11002772643253235
Amarela;Ciências Naturais e suas Tecnologias;Ciências Naturais e suas Tecnologias;0;20;0.00044214528894194634;0.000840076048989698;0.11424352881465417;0.5014995616665898;0.043510358510589216;0.12074931942970517;0.21999723157846168
Amarela;Ciências Naturais e suas Tecnologias;Ciências Naturais e suas Tecnologias;0;21;0.0003537162311535571;0.00044214528894194634;0.10007378712414684;0.03288138719793396;0.030621656520937096;0.7307692307692307;0.10565393838775133
Amarela;Ciências Naturais e suas Tecnologias;Ciências Naturais e suas Tecnologias;0;22;0.00030950170225936243;0.0009285051067780873;0.5596567315677771;0.10754821445049367;0.2669557995755283;0.014671957183722432;0.05116729722247854
Amarela;Ciências Naturais e suas Tecnologias;Ciências Naturais e suas Tecnologias;0;23;0.001061148693460671;0.0010169341645664765;0.18268298314477027;0.15903948279842992;0.1532671438466867;0.3582544447009928;0.1467559455091203
Amarela;Ciências Naturais e suas Tecnologias;Ciências Naturais e suas Tecnologias;0;24;0.001061148693460671;0.0007516469912013088;0.29786251788929413;0.15382484649831493;0.18969576658510687;0.2455103642491113;0.11310650477817276
Amarela;Ciências Naturais e suas Tecnologias;Ciências Naturais e suas Tecnologias;0;25;0.00048635981783614094;0.0005305743467303355;0.4017251718252687;0.0676230453434199;0.3504774205452281;0.06849946953272752;0.11167489275335578
Amarela;Ciências Naturais e suas Tecnologias;Ciências Naturais e suas Tecnologias;0;26;0.002254940973603926;0.0007074324623071142;0.16903166165934827;0.2680379015484169;0.28269008550959096;0.15359371388953086;0.12664663739311302
Amarela;Ciências Naturais e suas Tecnologias;Ciências Naturais e suas Tecnologias;0;27;0.00022107264447097317;0.001193792280143255;0.2544531610521458;0.12131979695431472;0.06963544070143055;0.1426857406552838;0.4119058606368251
Amarela;Ciências Naturais e suas Tecnologias;Ciências Naturais e suas Tecnologias;0;28;0.0007074324623071142;0.0007516469912013088;0.11707969910932668;0.05122525266509761;0.6492685403110434;0.12727860076607134;0.055147907148460934
Amarela;Ciências Naturais e suas Tecnologias;Ciências Naturais e suas Tecnologias;0;29;0.0012380068090374497;0.0012380068090374497;0.13591425667559826;0.08153931442298808;0.44322276633096186;0.12371800794604083;0.21560565462441098
Amarela;Ciências Naturais e suas Tecnologias;Ciências Naturais e suas Tecnologias;0;30;0.000840076048989698;0.0018570102135561746;0.15308904394436487;0.10045746499699644;0.1404278915022411;0.5472020701446328;0.058823529411764705
Amarela;Ciências Naturais e suas Tecnologias;Ciências Naturais e suas Tecnologias;0;31;0.0010169341645664765;0.0005305743467303355;0.1052291503207643;0.22924262703650714;0.21945816218212028;0.31217981261826744;0.13389024784234088
Amarela;Ciências Naturais e suas Tecnologias;Ciências Naturais e suas Tecnologias;0;32;0.001193792280143255;0.0011495777512490605;0.21446718093214467;0.3100374151231004;0.20744607141207447;0.17506582290175066;0.09298350963092984
Amarela;Ciências Naturais e suas Tecnologias;Ciências Naturais e suas Tecnologias;0;33;0.0008842905778838927;0.0008842905778838927;0.09228141445849876;0.11979503277629028;0.1227495152802142;0.381359061951805;0.28381497553319174
Amarela;Ciências Naturais e suas Tecnologias;Ciências Naturais e suas Tecnologias;0;34;0.0006190034045187249;0.0006632179334129195;0.15346283394084806;0.06851843307340931;0.4839662252572325;0.19489687629769759;0.09915563143081253
Amarela;Ciências Naturais e suas Tecnologias;Ciências Naturais e suas Tecnologias;0;35;0.0003537162311535571;0.0009727196356722819;0.10880398671096346;0.03829826504245109;0.06999815430047988;0.5563399778516057;0.22655961609449982
Amarela;Ciências Naturais e suas Tecnologias;Ciências Naturais e suas Tecnologias;0;36;0.0003979307600477517;0.0007074324623071142;0.06190893573834018;0.022373944734049914;0.25021912626285925;0.6463994095123864;0.019098583752364257
Amarela;Ciências Naturais e suas Tecnologias;Ciências Naturais e suas Tecnologias;0;37;0.0005305743467303355;0.000840076048989698;0.21134234691523235;0.15906049559318905;0.2917724147478197;0.09455032070508976;0.2432744220386692
Amarela;Ciências Naturais e suas Tecnologias;Ciências Naturais e suas Tecnologias;0;38;0.002033868329132953;0.0007516469912013088;0.17223531586487362;0.24839410323952124;0.20061000970469986;0.24312583760802256;0.13563473358288275
Amarela;Ciências Naturais e suas Tecnologias;Ciências Naturais e suas Tecnologias;0;39;0.00044214528894194634;0.0006632179334129195;0.09858375236425705;0.12598606818286665;0.23665636388799188;0.4233519398440744;0.11542187572081007
Amarela;Ciências Naturais e suas Tecnologias;Ciências Naturais e suas Tecnologias;0;40;0.001193792280143255;0.0006632179334129195;0.16837488457987074;0.2824561403508772;0.2523084025854109;0.21671283471837488;0.0801477377654663
Amarela;Ciências Naturais e suas Tecnologias;Ciências Naturais e suas Tecnologias;0;41;0.0005747888756245303;0.000840076048989698;0.22302722658052607;0.17775726811259807;0.12838024919243193;0.2538994000922935;0.21693585602215043
Amarela;Ciências Naturais e suas Tecnologias;Ciências Naturais e suas Tecnologias;0;42;0.0011495777512490605;0.0007074324623071142;0.11842105263157894;0.15715604801477379;0.2969529085872576;0.09552169898430286;0.3319482917820868
Amarela;Ciências Naturais e suas Tecnologias;Ciências Naturais e suas Tecnologias;0;43;0.0007958615200955034;0.0006190034045187249;0.08850946008306415;0.08569450853714813;0.42455006922012;0.28458698661744347;0.11665897554222428
Amarela;Ciências Naturais e suas Tecnologias;Ciências Naturais e suas Tecnologias;0;44;0.001326435866825839;0.0012380068090374497;0.2221862871927555;0.2327665865828867;0.2591018296063574;0.16965440768804288;0.1162908889299575
Amarela;Ciências Naturais e suas Tecnologias;Ciências Naturais e suas Tecnologias;0;45;0.001326435866825839;0.0007958615200955034;0.08875958252516856;0.1750253994643022;0.40357439733998335;0.22314583910593885;0.109494781564607
Verde;Linguagens, Códigos e suas Tecnologias;Inglês;0;1;0.0;0.0;0.3333333333333333;0.2222222222222222;;0.2222222222222222;0.2222222222222222
Verde;Linguagens, Códigos e suas Tecnologias;Inglês;0;2;0.0;0.0;0.2222222222222222;0.1111111111111111;0.3333333333333333;0.3333333333333333;
Verde;Linguagens, Códigos e suas Tecnologias;Inglês;0;3;0.0;0.0;0.2222222222222222;0.1111111111111111;0.3333333333333333;;0.3333333333333333
Verde;Linguagens, Códigos e suas Tecnologias;Inglês;0;4;0.0;0.0;0.1111111111111111;;0.2222222222222222;0.5555555555555556;0.1111111111111111
Verde;Linguagens, Códigos e suas Tecnologias;Inglês;0;5;0.0;0.0;0.1111111111111111;0.3333333333333333;0.3333333333333333;0.2222222222222222;
Verde;Linguagens, Códigos e suas Tecnologias;Espanhol;1;1;0.0;0.0;0.25;0.25;;;0.5
Verde;Linguagens, Códigos e suas Tecnologias;Espanhol;1;2;0.0;0.0;0.25;;0.25;0.25;0.25
Verde;Linguagens, Códigos e suas Tecnologias;Espanhol;1;3;0.0;0.0;0.25;;;;0.75
Verde;Linguagens, Códigos e suas Tecnologias;Espanhol;1;4;0.0;0.0;;;0.5;0.5;
Verde;Linguagens, Códigos e suas Tecnologias;Espanhol;1;5;0.0;0.0;0.25;0.5;0.25;;
Verde;Linguagens, Códigos e suas Tecnologias;Linguagens (comum);2;6;0.0;0.0;0.38461538461538464;;0.15384615384615385;0.38461538461538464;0.07692307692307693
Verde;Linguagens, Códigos e suas Tecnologias;Linguagens (comum);2;7;0.0;0.0;0.23076923076923078;0.23076923076923078;0.07692307692307693;0.07692307692307693;0.38461538461538464
Verde;Linguagens, Códigos e suas Tecnologias;Linguagens (comum);2;8;0.07692307692307693;0.0;;0.16666666666666666;0.3333333333333333;0.16666666666666666;0.3333333333333333
Verde;Linguagens, Códigos e suas Tecnologias;Linguagens (comum);2;9;0.0;0.07692307692307693;0.16666666666666666;0.4166666666666667;0.16666666666666666;0.08333333333333333;0.16666666666666666
Verde;Linguagens, Códigos e suas Tecnologias;Linguagens (comum);2;10;0.0;0.0;0.3076923076923077;0.07692307692307693;0.15384615384615385;0.23076923076923078;0.23076923076923078
Verde;Linguagens, Códigos e suas Tecnologias;Linguagens (comum);2;11;0.0;0.0;0.15384615384615385;0.23076923076923078;0.23076923076923078;0.15384615384615385;0.23076923076923078
Verde;Linguagens, Códigos e suas Tecnologias;Linguagens (comum);2;12;0.0;0.0;0.3076923076923077;0.23076923076923078;0.23076923076923078;0.23076923076923078;
Verde;Linguagens, Códigos e suas Tecnologias;Linguagens (comum);2;13;0.0;0.0;0.15384615384615385;0.15384615384615385;0.3076923076923077;0.23076923076923078;0.15384615384615385
Verde;Linguagens, Códigos e suas Tecnologias;Linguagens (comum);2;14;0.0;0.0;0.15384615384615385;0.5384615384615384;0.07692307692307693;0.15384615384615385;0.07692307692307693
Verde;Linguagens, Códigos e suas Tecnologias;Linguagens (comum);2;15;0.0;0.0;0.3076923076923077;0.23076923076923078;0.15384615384615385;0.15384615384615385;0.15384615384615385
Verde;Linguagens, Códigos e suas Tecnologias;Linguagens (comum);2;16;0.0;0.0;;0.15384615384615385;0.15384615384615385;0.6153846153846154;0.07692307692307693
Verde;Linguagens, Códigos e suas Tecnologias;Linguagens (comum);2;17;0.0;0.0;0.23076923076923078;0.07692307692307693;;0.15384615384615385;0.5384615384615384
Verde;Linguagens, Códigos e suas Tecnologias;Linguagens (comum);2;18;0.0;0.0;0.5384615384615384;0.07692307692307693;0.23076923076923078;0.07692307692307693;0.07692307692307693
Verde;Linguagens, Códigos e suas Tecnologias;Linguagens (comum);2;19;0.0;0.0;0.46153846153846156;0.38461538461538464;0.07692307692307693;;0.07692307692307693
Verde;Linguagens, Códigos e suas Tecnologias;Linguagens (comum);2;20;0.0;0.0;0.15384615384615385;0.23076923076923078;0.15384615384615385;;0.46153846153846156
Verde;Linguagens, Códigos e suas Tecnologias;Linguagens (comum);2;21;0.0;0.0;0.07692307692307693;0.3076923076923077;0.38461538461538464;0.15384615384615385;0.07692307692307693
Verde;Linguagens, Códigos e suas Tecnologias;Linguagens (comum);2;22;0.0;0.0;0.23076923076923078;0.38461538461538464;0.15384615384615385;;0.23076923076923078
Verde;Linguagens, Códigos e suas Tecnologias;Linguagens (comum);2;23;0.0;0.0;0.38461538461538464;0.15384615384615385;0.23076923076923078;0.23076923076923078;
Verde;Linguagens, Códigos e suas Tecnologias;Linguagens (comum);2;24;0.0;0.0;0.38461538461538464;;0.23076923076923078;0.15384615384615385;0.23076923076923078
Verde;Linguagens, Códigos e suas Tecnologias;Linguagens (comum);2;25;0.0;0.0;0.07692307692307693;;0.07692307692307693;0.46153846153846156;0.38461538461538464
Verde;Linguagens, Códigos e suas Tecnologias;Linguagens (comum);2;26;0.0;0.0;;0.15384615384615385;0.07692307692307693;0.07692307692307693;0.6923076923076923
Verde;Linguagens, Códigos e suas Tecnologias;Linguagens (comum);2;27;0.0;0.0;0.15384615384615385;0.3076923076923077;0.3076923076923077;0.15384615384615385;0.07692307692307693
Verde;Linguagens, Códigos e suas Tecnologias;Linguagens (comum);2;28;0.0;0.0;0.23076923076923078;0.07692307692307693;0.38461538461538464;0.15384615384615385;0.15384615384615385
Verde;Linguagens, Códigos e suas Tecnologias;Linguagens (comum);2;29;0.0;0.0;0.07692307692307693;0.07692307692307693;0.15384615384615385;0.3076923076923077;0.38461538461538464
Verde;Linguagens, Códigos e suas Tecnologias;Linguagens (comum);2;30;0.0;0.0;0.3076923076923077;0.15384615384615385;0.15384615384615385;0.07692307692307693;0.3076923076923077
Verde;Linguagens, Códigos e suas Tecnologias;Linguagens (comum);2;31;0.0;0.0;0.07692307692307693;0.07692307692307693;0.23076923076923078;0.5384615384615384;0.07692307692307693
Verde;Linguagens, Códigos e suas Tecnologias;Linguagens (comum);2;32;0.0;0.0;0.46153846153846156;0.07692307692307693;0.3076923076923077;0.15384615384615385;
Verde;Linguagens, Códigos e suas Tecnologias;Linguagens (comum);2;33;0.0;0.0;0.07692307692307693;0.15384615384615385;0.3076923076923077;0.15384615384615385;0.3076923076923077
Verde;Linguagens, Códigos e suas Tecnologias;Linguagens (comum);2;34;0.0;0.0;0.3076923076923077;0.38461538461538464;;0.23076923076923078;0.07692307692307693
Verde;Linguagens, Códigos e suas Tecnologias;Linguagens (comum);2;35;0.0;0.0;0.15384615384615385;0.15384615384615385;0.3076923076923077;0.23076923076923078;0.15384615384615385
Verde;Linguagens, Códigos e suas Tecnologias;Linguagens (comum);2;36;0.0;0.0;0.38461538461538464;0.15384615384615385;0.23076923076923078;0.15384615384615385;0.07692307692307693
Verde;Linguagens, Códigos e suas Tecnologias;Linguagens (comum);2;37;0.0;0.0;0.07692307692307693;0.15384615384615385;0.38461538461538464;0.15384615384615385;0.23076923076923078
Verde;Linguagens, Códigos e suas Tecnologias;Linguagens (comum);2;38;0.0;0.0;0.15384615384615385;0.23076923076923078;0.23076923076923078;0.23076923076923078;0.15384615384615385
Verde;Linguagens, Códigos e suas Tecnologias;Linguagens (comum);2;39;0.0;0.0;0.07692307692307693;0.3076923076923077;0.15384615384615385;0.23076923076923078;0.23076923076923078
Verde;Linguagens, Códigos e suas Tecnologias;Linguagens (comum);2;40;0.0;0.0;0.15384615384615385;0.07692307692307693;0.38461538461538464;0.3076923076923077;0.07692307692307693
Verde;Linguagens, Códigos e suas Tecnologias;Linguagens (comum);2;41;0.0;0.0;;0.38461538461538464;;0.46153846153846156;0.15384615384615385
Verde;Linguagens, Códigos e suas Tecnologias;Linguagens (comum);2;42;0.0;0.0;0.15384615384615385;0.46153846153846156;0.23076923076923078;0.07692307692307693;0.07692307692307693
Verde;Linguagens, Códigos e suas Tecnologias;Linguagens (comum);2;43;0.0;0.0;0.15384615384615385;0.38461538461538464;0.07692307692307693;0.3076923076923077;0.07692307692307693
Verde;Linguagens, Códigos e suas Tecnologias;Linguagens (comum);2;44;0.0;0.0;0.3076923076923077;0.15384615384615385;0.3076923076923077;0.23076923076923078;
Verde;Linguagens, Códigos e suas Tecnologias;Linguagens (comum);2;45;0.0;0.0;0.23076923076923078;0.3076923076923077;0.38461538461538464;;0.07692307692307693
Verde;Ciências Humanas e suas Tecnologias;Ciências Humanas e suas Tecnologias;0;1;0.0;0.0;0.15384615384615385;0.46153846153846156;0.15384615384615385;0.15384615384615385;0.07692307692307693
Verde;Ciências Humanas e suas Tecnologias;Ciências Humanas e suas Tecnologias;0;2;0.0;0.0;0.38461538461538464;0.07692307692307693;0.15384615384615385;0.3076923076923077;0.07692307692307693
Verde;Ciências Humanas e suas Tecnologias;Ciências Humanas e suas Tecnologias;0;3;0.0;0.0;0.15384615384615385;0.23076923076923078;0.07692307692307693;0.38461538461538464;0.15384615384615385
Verde;Ciências Humanas e suas Tecnologias;Ciências Humanas e suas Tecnologias;0;4;0.0;0.0;0.23076923076923078;0.23076923076923078;0.23076923076923078;0.07692307692307693;0.23076923076923078
Verde;Ciências Humanas e suas Tecnologias;Ciências Humanas e suas Tecnologias;0;5;0.0;0.0;0.15384615384615385;0.07692307692307693;0.15384615384615385;0.23076923076923078;0.38461538461538464
Verde;Ciências Humanas e suas Tecnologias;Ciências Humanas e suas Tecnologias;0;6;0.0;0.0;0.07692307692307693;0.15384615384615385;0.46153846153846156;0.23076923076923078;0.07692307692307693
Verde;Ciências Humanas e suas Tecnologias;Ciências Humanas e suas Tecnologias;0;7;0.0;0.0;0.07692307692307693;0.15384615384615385;0.15384615384615385;0.23076923076923078;0.38461538461538464
Verde;Ciências Humanas e suas Tecnologias;Ciências Humanas e suas Tecnologias;0;8;0.0;0.0;0.15384615384615385;0.15384615384615385;0.3076923076923077;0.3076923076923077;0.07692307692307693
Verde;Ciências Humanas e suas Tecnologias;Ciências Humanas e suas Tecnologias;0;9;0.0;0.0;0.15384615384615385;0.38461538461538464;;0.07692307692307693;0.38461538461538464
Verde;Ciências Humanas e suas Tecnologias;Ciências Humanas e suas Tecnologias;0;10;0.0;0.0;0.15384615384615385;0.07692307692307693;0.23076923076923078;0.38461538461538464;0.15384615384615385
Verde;Ciências Humanas e suas Tecnologias;Ciências Humanas e suas Tecnologias;0;11;0.0;0.0;0.07692307692307693;0.3076923076923077;0.38461538461538464;0.07692307692307693;0.15384615384615385
Verde;Ciências Humanas e suas Tecnologias;Ciências Humanas e suas Tecnologias;0;12;0.0;0.0;0.07692307692307693;0.23076923076923078;0.15384615384615385;0.5384615384615384;
Verde;Ciências Humanas e suas Tecnologias;Ciências Humanas e suas Tecnologias;0;13;0.0;0.0;0.23076923076923078;0.23076923076923078;0.3076923076923077;0.15384615384615385;0.07692307692307693
Verde;Ciências Humanas e suas Tecnologias;Ciências Humanas e suas Tecnologias;0;14;0.0;0.0;0.07692307692307693;0.23076923076923078;0.15384615384615385;0.46153846153846156;0.07692307692307693
Verde;Ciências Humanas e suas Tecnologias;Ciências Humanas e suas Tecnologias;0;15;0.0;0.0;0.23076923076923078;0.15384615384615385;0.38461538461538464;0.15384615384615385;0.07692307692307693
Verde;Ciências Humanas e suas Tecnologias;Ciências Humanas e suas Tecnologias;0;16;0.0;0.0;0.38461538461538464;0.07692307692307693;0.07692307692307693;0.23076923076923078;0.23076923076923078
Verde;Ciências Humanas e suas Tecnologias;Ciências Humanas e suas Tecnologias;0;17;0.0;0.0;0.3076923076923077;0.46153846153846156;;0.07692307692307693;0.15384615384615385
Verde;Ciências Humanas e suas Tecnologias;Ciências Humanas e suas Tecnologias;0;18;0.0;0.0;0.07692307692307693;0.07692307692307693;0.23076923076923078;0.5384615384615384;0.07692307692307693
Verde;Ciências Humanas e suas Tecnologias;Ciências Humanas e suas Tecnologias;0;19;0.0;0.0;0.07692307692307693;0.38461538461538464;0.15384615384615385;0.23076923076923078;0.15384615384615385
Verde;Ciências Humanas e suas Tecnologias;Ciências Humanas e suas Tecnologias;0;20;0.0;0.0;0.3076923076923077;0.07692307692307693;0.23076923076923078;0.15384615384615385;0.23076923076923078
Verde;Ciências Humanas e suas Tecnologias;Ciências Humanas e suas Tecnologias;0;21;0.0;0.0;0.15384615384615385;;0.07692307692307693;0.6153846153846154;0.15384615384615385
Verde;Ciências Humanas e suas Tecnologias;Ciências Humanas e suas Tecnologias;0;22;0.0;0.0;0.6153846153846154;0.3076923076923077;0.07692307692307693;;
Verde;Ciências Humanas e suas Tecnologias;Ciências Humanas e suas Tecnologias;0;23;0.0;0.0;0.3076923076923077;0.15384615384615385;0.15384615384615385;0.3076923076923077;0.07692307692307693
Verde;Ciências Humanas e suas Tecnologias;Ciências Humanas e suas Tecnologias;0;24;0.0;0.0;;0.07692307692307693;0.5384615384615384;;0.38461538461538464
Verde;Ciências Humanas e suas Tecnologias;Ciências Humanas e suas Tecnologias;0;25;0.0;0.0;0.15384615384615385;0.07692307692307693;0.3076923076923077;0.23076923076923078;0.23076923076923078
Verde;Ciências Humanas e suas Tecnologias;Ciências Humanas e suas Tecnologias;0;26;0.0;0.0;0.3076923076923077;0.23076923076923078;0.15384615384615385;0.3076923076923077;
Verde;Ciências Humanas e suas Tecnologias;Ciências Humanas e suas Tecnologias;0;27;0.0;0.0;0.38461538461538464;0.07692307692307693;0.3076923076923077;0.15384615384615385;0.07692307692307693
Verde;Ciências Humanas e suas Tecnologias;Ciências Humanas e suas Tecnologias;0;28;0.0;0.0;0.3076923076923077;0.15384615384615385;0.15384615384615385;;0.38461538461538464
Verde;Ciências Humanas e suas Tecnologias;Ciências Humanas e suas Tecnologias;0;29;0.0;0.0;0.15384615384615385;0.38461538461538464;0.3076923076923077;0.07692307692307693;0.07692307692307693
Verde;Ciências Humanas e suas Tecnologias;Ciências Humanas e suas Tecnologias;0;30;0.0;0.0;0.3076923076923077;0.23076923076923078;0.15384615384615385;0.15384615384615385;0.15384615384615385
Verde;Ciências Humanas e suas Tecnologias;Ciências Humanas e suas Tecnologias;0;31;0.0;0.0;0.23076923076923078;;0.07692307692307693;0.3076923076923077;0.38461538461538464
Verde;Ciências Humanas e suas Tecnologias;Ciências Humanas e suas Tecnologias;0;32;0.0;0.0;;;0.23076923076923078;0.5384615384615384;0.23076923076923078
Verde;Ciências Humanas e suas Tecnologias;Ciências Humanas e suas Tecnologias;0;33;0.0;0.0;0.46153846153846156;0.15384615384615385;0.15384615384615385;0.07692307692307693;0.15384615384615385
Verde;Ciências Humanas e suas Tecnologias;Ciências Humanas e suas Tecnologias;0;34;0.0;0.0;0.3076923076923077;;0.3076923076923077;0.15384615384615385;0.23076923076923078
Verde;Ciências Humanas e suas Tecnologias;Ciências Humanas e suas Tecnologias;0;35;0.0;0.0;;0.23076923076923078;0.15384615384615385;0.46153846153846156;0.15384615384615385
Verde;Ciências Humanas e suas Tecnologias;Ciências Humanas e suas Tecnologias;0;36;0.0;0.0;0.23076923076923078;0.23076923076923078;0.3076923076923077;0.07692307692307693;0.15384615384615385
Verde;Ciências Humanas e suas Tecnologias;Ciências Humanas e suas Tecnologias;0;37;0.0;0.0;0.46153846153846156;0.23076923076923078;;0.23076923076923078;0.07692307692307693
Verde;Ciências Humanas e suas Tecnologias;Ciências Humanas e suas Tecnologias;0;38;0.0;0.0;0.07692307692307693;0.15384615384615385;0.3076923076923077;0.15384615384615385;0.3076923076923077
Verde;Ciências Humanas e suas Tecnologias;Ciências Humanas e suas Tecnologias;0;39;0.0;0.0;0.3076923076923077;0.15384615384615385;0.15384615384615385;0.15384615384615385;0.23076923076923078
Verde;Ciências Humanas e suas Tecnologias;Ciências Humanas e suas Tecnologias;0;40;0.0;0.0;0.23076923076923078;0.38461538461538464;0.07692307692307693;0.07692307692307693;0.23076923076923078
Verde;Ciências Humanas e suas Tecnologias;Ciências Humanas e suas Tecnologias;0;41;0.0;0.0;0.3076923076923077;0.3076923076923077;0.15384615384615385;0.23076923076923078;
Verde;Ciências Humanas e suas Tecnologias;Ciências Humanas e suas Tecnologias;0;42;0.0;0.0;0.23076923076923078;;0.23076923076923078;0.38461538461538464;0.15384615384615385
Verde;Ciências Humanas e suas Tecnologias;Ciências Humanas e suas Tecnologias;0;43;0.0;0.0;0.38461538461538464;0.15384615384615385;0.23076923076923078;0.15384615384615385;0.07692307692307693
Verde;Ciências Humanas e suas Tecnologias;Ciências Humanas e suas Tecnologias;0;44;0.0;0.0;0.23076923076923078;0.07692307692307693;0.15384615384615385;0.5384615384615384;
Verde;Ciências Humanas e suas Tecnologias;Ciências Humanas e suas Tecnologias;0;45;0.0;0.0;0.38461538461538464;;0.15384615384615385;0.23076923076923078;0.23076923076923078
Verde;Matemática e suas Tecnologias;Matemática e suas Tecnologias;0;1;0.0;0.0;0.08333333333333333;0.5833333333333334;0.16666666666666666;0.16666666666666666;
Verde;Matemática e suas Tecnologias;Matemática e suas Tecnologias;0;2;0.0;0.0;0.25;0.3333333333333333;0.16666666666666666;0.25;
Verde;Matemática e suas Tecnologias;Matemática e suas Tecnologias;0;3;0.0;0.0;0.3333333333333333;0.25;0.25;0.16666666666666666;
Verde;Matemática e suas Tecnologias;Matemática e suas Tecnologias;0;4;0.0;0.0;;0.08333333333333333;0.16666666666666666;0.16666666666666666;0.5833333333333334
Verde;Matemática e suas Tecnologias;Matemática e suas Tecnologias;0;5;0.0;0.0;0.25;0.16666666666666666;0.25;0.25;0.08333333333333333
Verde;Matemática e suas Tecnologias;Matemática e suas Tecnologias;0;6;0.0;0.0;0.4166666666666667;0.25;0.08333333333333333;0.25;
Verde;Matemática e suas Tecnologias;Matemática e suas Tecnologias;0;7;0.0;0.0;0.25;0.16666666666666666;0.3333333333333333;0.16666666666666666;0.08333333333333333
Verde;Matemática e suas Tecnologias;Matemática e suas Tecnologias;0;8;0.0;0.0;0.4166666666666667;0.25;0.08333333333333333;0.08333333333333333;0.16666666666666666
Verde;Matemática e suas Tecnologias;Matemática e suas Tecnologias;0;9;0.0;0.0;0.25;0.08333333333333333;0.25;0.4166666666666667;
Verde;Matemática e suas Tecnologias;Matemática e suas Tecnologias;0;10;0.0;0.0;;0.08333333333333333;0.3333333333333333;0.16666666666666666;0.4166666666666667
Verde;Matemática e suas Tecnologias;Matemática e suas Tecnologias;0;11;0.0;0.0;;0.3333333333333333;0.3333333333333333;0.16666666666666666;0.16666666666666666
Verde;Matemática e suas Tecnologias;Matemática e suas Tecnologias;0;12;0.0;0.0;0.16666666666666666;0.25;0.25;0.08333333333333333;0.25
Verde;Matemática e suas Tecnologias;Matemática e suas Tecnologias;0;13;0.0;0.0;;0.08333333333333333;0.08333333333333333;0.4166666666666667;0.4166666666666667
Verde;Matemática e suas Tecnologias;Matemática e suas Tecnologias;0;14;0.0;0.0;0.16666666666666666;0.4166666666666667;0.16666666666666666;0.25;
Verde;Matemática e suas Tecnologias;Matemática e suas Tecnologias;0;15;0.0;0.0;0.25;0.08333333333333333;0.16666666666666666;0.25;0.25
Verde;Matemática e suas Tecnologias;Matemática e suas Tecnologias;0;16;0.0;0.0;0.3333333333333333;0.08333333333333333;0.25;0.3333333333333333;
Verde;Matemática e suas Tecnologias;Matemática e suas Tecnologias;0;17;0.0;0.0;;0.3333333333333333;0.25;0.3333333333333333;0.08333333333333333
Verde;Matemática e suas Tecnologias;Matemática e suas Tecnologias;0;18;0.0;0.0;;0.08333333333333333;0.16666666666666666;0.3333333333333333;0.4166666666666667
Verde;Matemática e suas Tecnologias;Matemática e suas Tecnologias;0;19;0.0;0.0;0.6666666666666666;0.16666666666666666;;0.16666666666666666;
Verde;Matemática e suas Tecnologias;Matemática e suas Tecnologias;0;20;0.0;0.0;0.08333333333333333;0.08333333333333333;0.08333333333333333;0.3333333333333333;0.4166666666666667
Verde;Matemática e suas Tecnologias;Matemática e suas Tecnologias;0;21;0.0;0.0;0.3333333333333333;0.25;;0.16666666666666666;0.25
Verde;Matemática e suas Tecnologias;Matemática e suas Tecnologias;0;22;0.0;0.0;0.25;0.08333333333333333;0.3333333333333333;;0.3333333333333333
Verde;Matemática e suas Tecnologias;Matemática e suas Tecnologias;0;23;0.0;0.0;0.08333333333333333;0.08333333333333333;0.25;0.5;0.08333333333333333
Verde;Matemática e suas Tecnologias;Matemática e suas Tecnologias;0;24;0.0;0.0;0.08333333333333333;0.08333333333333333;0.08333333333333333;0.5833333333333334;0.16666666666666666
Verde;Matemática e suas Tecnologias;Matemática e suas Tecnologias;0;25;0.0;0.0;0.16666666666666666;0.25;0.4166666666666667;;0.16666666666666666
Verde;Matemática e suas Tecnologias;Matemática e suas Tecnologias;0;26;0.0;0.0;0.08333333333333333;0.25;0.16666666666666666;0.3333333333333333;0.16666666666666666
Verde;Matemática e suas Tecnologias;Matemática e suas Tecnologias;0;27;0.0;0.0;0.08333333333333333;0.25;0.08333333333333333;0.3333333333333333;0.25
Verde;Matemática e suas Tecnologias;Matemática e suas Tecnologias;0;28;0.0;0.0;0.16666666666666666;0.3333333333333333;0.08333333333333333;0.16666666666666666;0.25
Verde;Matemática e suas Tecnologias;Matemática e suas Tecnologias;0;29;0.0;0.0;0.16666666666666666;0.16666666666666666;0.3333333333333333;0.25;0.08333333333333333
Verde;Matemática e suas Tecnologias;Matemática e suas Tecnologias;0;30;0.0;0.0;;0.25;0.25;0.3333333333333333;0.16666666666666666
Verde;Matemática e suas Tecnologias;Matemática e suas Tecnologias;0;31;0.0;0.0;0.16666666666666666;0.08333333333333333;0.5833333333333334;;0.16666666666666666
Verde;Matemática e suas Tecnologias;Matemática e suas Tecnologias;0;32;0.0;0.0;0.3333333333333333;0.08333333333333333;0.08333333333333333;;0.5
Verde;Matemática e suas Tecnologias;Matemática e suas Tecnologias;0;33;0.0;0.0;0.25;0.08333333333333333;0.16666666666666666;0.08333333333333333;0.4166666666666667
Verde;Matemática e suas Tecnologias;Matemática e suas Tecnologias;0;34;0.0;0.0;;0.4166666666666667;0.16666666666666666;0.16666666666666666;0.25
Verde;Matemática e suas Tecnologias;Matemática e suas Tecnologias;0;35;0.0;0.0;0.25;0.16666666666666666;0.16666666666666666;0.25;0.16666666666666666
Verde;Matemática e suas Tecnologias;Matemática e suas Tecnologias;0;36;0.0;0.0;0.08333333333333333;0.4166666666666667;0.3333333333333333;0.08333333333333333;0.08333333333333333
Verde;Matemática e suas Tecnologias;Matemática e suas Tecnologias;0;37;0.0;0.0;0.08333333333333333;0.5;0.08333333333333333;;0.3333333333333333
Verde;Matemática e suas Tecnologias;Matemática e suas Tecnologias;0;38;0.0;0.0;0.08333333333333333;0.25;0.4166666666666667;0.16666666666666666;0.08333333333333333
Verde;Matemática e suas Tecnologias;Matemática e suas Tecnologias;0;39;0.0;0.0;0.25;0.08333333333333333;0.16666666666666666;0.3333333333333333;0.16666666666666666
Verde;Matemática e suas Tecnologias;Matemática e suas Tecnologias;0;40;0.0;0.0;;0.4166666666666667;0.16666666666666666;0.25;0.16666666666666666
Verde;Matemática e suas Tecnologias;Matemática e suas Tecnologias;0;41;0.0;0.0;0.16666666666666666;0.16666666666666666;0.16666666666666666;0.25;0.25
Verde;Matemática e suas Tecnologias;Matemática e suas Tecnologias;0;42;0.0;0.0;;0.08333333333333333;0.25;0.16666666666666666;0.5
Verde;Matemática e suas Tecnologias;Matemática e suas Tecnologias;0;43;0.0;0.0;0.25;0.3333333333333333;0.3333333333333333;0.08333333333333333;
Verde;Matemática e suas Tecnologias;Matemática e suas Tecnologias;0;44;0.0;0.0;0.3333333333333333;;0.3333333333333333;0.08333333333333333;0.25
Verde;Matemática e suas Tecnologias;Matemática e suas Tecnologias;0;45;0.0;0.0;0.5833333333333334;0.08333333333333333;0.16666666666666666;;0.16666666666666666
Verde;Ciências Naturais e suas Tecnologias;Ciências Naturais e suas Tecnologias;0;1;0.0;0.0;0.25;0.16666666666666666;0.08333333333333333;0.3333333333333333;0.16666666666666666
Verde;Ciências Naturais e suas Tecnologias;Ciências Naturais e suas Tecnologias;0;2;0.0;0.0;0.3333333333333333;0.16666666666666666;0.4166666666666667;;0.08333333333333333
Verde;Ciências Naturais e suas Tecnologias;Ciências Naturais e suas Tecnologias;0;3;0.0;0.0;0.08333333333333333;0.25;0.25;0.25;0.16666666666666666
Verde;Ciências Naturais e suas Tecnologias;Ciências Naturais e suas Tecnologias;0;4;0.0;0.0;0.16666666666666666;0.25;0.08333333333333333;0.16666666666666666;0.3333333333333333
Verde;Ciências Naturais e suas Tecnologias;Ciências Naturais e suas Tecnologias;0;5;0.0;0.0;0.08333333333333333;0.08333333333333333;0.16666666666666666;0.3333333333333333;0.3333333333333333
Verde;Ciências Naturais e suas Tecnologias;Ciências Naturais e suas Tecnologias;0;6;0.0;0.0;0.5833333333333334;0.16666666666666666;0.25;;
Verde;Ciências Naturais e suas Tecnologias;Ciências Naturais e suas Tecnologias;0;7;0.0;0.0;;;0.3333333333333333;0.4166666666666667;0.25
Verde;Ciências Naturais e suas Tecnologias;Ciências Naturais e suas Tecnologias;0;8;0.0;0.0;0.16666666666666666;0.5;;0.16666666666666666;0.16666666666666666
Verde;Ciências Naturais e suas Tecnologias;Ciências Naturais e suas Tecnologias;0;9;0.0;0.0;0.16666666666666666;;0.3333333333333333;0.16666666666666666;0.3333333333333333
Verde;Ciências Naturais e suas Tecnologias;Ciências Naturais e suas Tecnologias;0;10;0.0;0.0;0.08333333333333333;0.16666666666666666;0.3333333333333333;0.25;0.16666666666666666
Verde;Ciências Naturais e suas Tecnologias;Ciências Naturais e suas Tecnologias;0;11;0.0;0.0;;0.25;0.08333333333333333;0.4166666666666667;0.25
Verde;Ciências Naturais e suas Tecnologias;Ciências Naturais e suas Tecnologias;0;12;0.0;0.0;0.08333333333333333;;0.25;0.5833333333333334;0.08333333333333333
Verde;Ciências Naturais e suas Tecnologias;Ciências Naturais e suas Tecnologias;0;13;0.0;0.0;0.16666666666666666;0.25;0.16666666666666666;0.08333333333333333;0.3333333333333333
Verde;Ciências Naturais e suas Tecnologias;Ciências Naturais e suas Tecnologias;0;14;0.0;0.0;0.3333333333333333;0.16666666666666666;0.16666666666666666;0.25;0.08333333333333333
Verde;Ciências Naturais e suas Tecnologias;Ciências Naturais e suas Tecnologias;0;15;0.0;0.0;0.16666666666666666;0.08333333333333333;0.5;;0.25
Verde;Ciências Naturais e suas Tecnologias;Ciências Naturais e suas Tecnologias;0;16;0.0;0.0;0.08333333333333333;0.16666666666666666;0.25;0.16666666666666666;0.3333333333333333
Verde;Ciências Naturais e suas Tecnologias;Ciências Naturais e suas Tecnologias;0;17;0.0;0.0;;0.4166666666666667;0.16666666666666666;0.08333333333333333;0.3333333333333333
Verde;Ciências Naturais e suas Tecnologias;Ciências Naturais e suas Tecnologias;0;18;0.0;0.0;0.3333333333333333;0.16666666666666666;0.25;0.08333333333333333;0.16666666666666666
Verde;Ciências Naturais e suas Tecnologias;Ciências Naturais e suas Tecnologias;0;19;0.0;0.0;0.16666666666666666;0.16666666666666666;0.4166666666666667;0.08333333333333333;0.16666666666666666
Verde;Ciências Naturais e suas Tecnologias;Ciências Naturais e suas Tecnologias;0;20;0.0;0.0;0.08333333333333333;0.25;0.3333333333333333;0.16666666666666666;0.16666666666666666
Verde;Ciências Naturais e suas Tecnologias;Ciências Naturais e suas Tecnologias;0;21;0.0;0.0;0.16666666666666666;0.08333333333333333;0.08333333333333333;0.5833333333333334;0.08333333333333333
Verde;Ciências Naturais e suas Tecnologias;Ciências Naturais e suas Tecnologias;0;22;0.0;0.0;0.08333333333333333;;0.5;0.08333333333333333;0.3333333333333333
Verde;Ciências Naturais e suas Tecnologias;Ciências Naturais e suas Tecnologias;0;23;0.0;0.0;0.3333333333333333;;0.25;0.25;0.16666666666666666
Verde;Ciências Naturais e suas Tecnologias;Ciências Naturais e suas Tecnologias;0;24;0.0;0.0;0.16666666666666666;0.3333333333333333;0.08333333333333333;0.4166666666666667;
Verde;Ciências Naturais e suas Tecnologias;Ciências Naturais e suas Tecnologias;0;25;0.0;0.0;0.08333333333333333;0.08333333333333333;0.25;0.25;0.3333333333333333
Verde;Ciências Naturais e suas Tecnologias;Ciências Naturais e suas Tecnologias;0;26;0.0;0.0;0.08333333333333333;;0.25;0.08333333333333333;0.5833333333333334
Verde;Ciências Naturais e suas Tecnologias;Ciências Naturais e suas Tecnologias;0;27;0.0;0.0;0.25;0.3333333333333333;0.08333333333333333;0.3333333333333333;
Verde;Ciências Naturais e suas Tecnologias;Ciências Naturais e suas Tecnologias;0;28;0.0;0.0;;0.16666666666666666;0.25;0.5;0.08333333333333333
Verde;Ciências Naturais e suas Tecnologias;Ciências Naturais e suas Tecnologias;0;29;0.0;0.0;0.16666666666666666;0.25;0.16666666666666666;0.25;0.16666666666666666
Verde;Ciências Naturais e suas Tecnologias;Ciências Naturais e suas Tecnologias;0;30;0.0;0.0;0.25;0.08333333333333333;0.16666666666666666;0.08333333333333333;0.4166666666666667
Verde;Ciências Naturais e suas Tecnologias;Ciências Naturais e suas Tecnologias;0;31;0.0;0.0;0.3333333333333333;0.3333333333333333;0.08333333333333333;;0.25
Verde;Ciências Naturais e suas Tecnologias;Ciências Naturais e suas Tecnologias;0;32;0.0;0.0;0.16666666666666666;;0.4166666666666667;0.08333333333333333;0.3333333333333333
Verde;Ciências Naturais e suas Tecnologias;Ciências Naturais e suas Tecnologias;0;33;0.0;0.0;0.08333333333333333;0.5;0.08333333333333333;0.16666666666666666;0.16666666666666666
Verde;Ciências Naturais e suas Tecnologias;Ciências Naturais e suas Tecnologias;0;34;0.0;0.0;0.16666666666666666;0.3333333333333333;;0.5;
Verde;Ciências Naturais e suas Tecnologias;Ciências Naturais e suas Tecnologias;0;35;0.0;0.0;;0.3333333333333333;0.3333333333333333;0.08333333333333333;0.25
Verde;Ciências Naturais e suas Tecnologias;Ciências Naturais e suas Tecnologias;0;36;0.0;0.0;0.16666666666666666;0.16666666666666666;0.3333333333333333;0.16666666666666666;0.16666666666666666
Verde;Ciências Naturais e suas Tecnologias;Ciências Naturais e suas Tecnologias;0;37;0.0;0.0;0.16666666666666666;0.08333333333333333;0.08333333333333333;0.25;0.4166666666666667
Verde;Ciências Naturais e suas Tecnologias;Ciências Naturais e suas Tecnologias;0;38;0.0;0.0;0.16666666666666666;0.08333333333333333;0.25;0.3333333333333333;0.16666666666666666
Verde;Ciências Naturais e suas Tecnologias;Ciências Naturais e suas Tecnologias;0;39;0.0;0.0;0.08333333333333333;0.25;0.25;0.16666666666666666;0.25
Verde;Ciências Naturais e suas Tecnologias;Ciências Naturais e suas Tecnologias;0;40;0.0;0.0;0.75;0.08333333333333333;;0.08333333333333333;0.08333333333333333
Verde;Ciências Naturais e suas Tecnologias;Ciências Naturais e suas Tecnologias;0;41;0.0;0.0;0.08333333333333333;0.3333333333333333;0.25;0.16666666666666666;0.16666666666666666
Verde;Ciências Naturais e suas Tecnologias;Ciências Naturais e suas Tecnologias;0;42;0.0;0.0;0.25;0.16666666666666666;0.4166666666666667;0.08333333333333333;0.08333333333333333
Verde;Ciências Naturais e suas Tecnologias;Ciências Naturais e suas Tecnologias;0;43;0.0;0.0;0.25;0.25;0.16666666666666666;0.16666666666666666;0.16666666666666666
Verde;Ciências Naturais e suas Tecnologias;Ciências Naturais e suas Tecnologias;0;44;0.0;0.0;;0.08333333333333333;0.16666666666666666;0.5833333333333334;0.16666666666666666
Verde;Ciências Naturais e suas Tecnologias;Ciências Naturais e suas Tecnologias;0;45;0.0;0.0;0.08333333333333333;0.08333333333333333;0.16666666666666666;0.5833333333333334;0.08333333333333333
Cinza;Linguagens, Códigos e suas Tecnologias;Inglês;0;1;0.0016932962834317472;0.0003473428273706148;0.16208006803960878;0.0633618856691574;0.2889860883299921;0.3435392746491708;0.14203268331207095
Cinza;Linguagens, Códigos e suas Tecnologias;Inglês;0;2;0.0015630427231677665;0.00030392497394928793;0.23911327057394474;0.09851199514120862;0.5865775888247798;0.025265715153355604;0.05053143030671121
Cinza;Linguagens, Códigos e suas Tecnologias;Inglês;0;3;0.0026484890587009377;0.0011288641889544981;0.054198891663114306;0.06333353632543694;0.1722793983314049;0.5083125266427136;0.20187564703733024
Cinza;Linguagens, Códigos e suas Tecnologias;Inglês;0;4;0.001432789162903786;0.0005210142410559222;0.6881491830164611;0.012209196379760676;0.04100103261859928;0.23707708194132296;0.02156350604385592
Cinza;Linguagens, Códigos e suas Tecnologias;Inglês;0;5;0.0015630427231677665;0.0006512678013199028;0.834720787506836;0.028620040104514795;0.00887160478823601;0.04156286078872212;0.08622470681169107
Cinza;Linguagens, Códigos e suas Tecnologias;Espanhol;1;1;0.0011288641889544981;0.00013025356026398054;0.12948421862971515;0.29176289453425713;0.1804464973056197;0.04203233256351039;0.3562740569668976
Cinza;Linguagens, Códigos e suas Tecnologias;Espanhol;1;2;0.0013025356026398055;0.0004775963876345953;0.14252660805182785;0.09686873361098257;0.19959895110288448;0.1372821224741632;0.42372358476014194
Cinza;Linguagens, Códigos e suas Tecnologias;Espanhol;1;3;0.0013459534560611324;0.0003907606807919416;0.16579272054287478;0.09531153608883405;0.07001850709438619;0.21699568167797656;0.45188155459592844
Cinza;Linguagens, Códigos e suas Tecnologias;Espanhol;1;4;0.001432789162903786;0.0004775963876345953;0.45154320987654323;0.11558641975308642;0.21743827160493828;0.17731481481481481;0.03811728395061728
Cinza;Linguagens, Códigos e suas Tecnologias;Espanhol;1;5;0.0018235498436957277;0.0003907606807919416;0.13548586435964777;0.17889695658890778;0.31608218754827744;0.2542870384674803;0.1152479530356867
Cinza;Linguagens, Códigos e suas Tecnologias;Linguagens (comum);2;6;0.0019103855505383813;0.0009551927752691906;0.24309849342506315;0.06483497343899677;0.1889314639031612;0.38213010537316033;0.12100496385961856
Cinza;Linguagens, Códigos e suas Tecnologias;Linguagens (comum);2;7;0.0015630427231677665;0.0009551927752691906;0.2327848872638635;0.4710977626882563;0.07247323060851397;0.07303908766431619;0.15060503177505005
Cinza;Linguagens, Códigos e suas Tecnologias;Linguagens (comum);2;8;0.0016064605765890934;0.0008249392150052102;0.15485724233983286;0.13601149025069637;0.4233548050139276;0.15925313370473537;0.1265233286908078
Cinza;Linguagens, Códigos e suas Tecnologias;Linguagens (comum);2;9;0.003777353247655436;0.0005210142410559222;0.24126804168665242;0.47773950202764576;0.07059695635110975;0.04173025770723412;0.16866524222735796
Cinza;Linguagens, Códigos e suas Tecnologias;Linguagens (comum);2;10;0.001172282042375825;0.0009986106286905174;0.03850839787659908;0.9096249238534505;0.017230876338003655;0.009964319902532416;0.024671482029414323
Cinza;Linguagens, Códigos e suas Tecnologias;Linguagens (comum);2;11;0.0027787426189649182;0.0010420284821118443;0.1171983960948396;0.1174163179916318;0.07313458856345886;0.28059623430962344;0.4116544630404463
Cinza;Linguagens, Códigos e suas Tecnologias;Linguagens (comum);2;12;0.001172282042375825;0.0006946856547412296;0.3925355604854496;0.23537343947105138;0.1278872504241159;0.15133324633520379;0.0928705032841794
Cinza;Linguagens, Códigos e suas Tecnologias;Linguagens (comum);2;13;0.0013459534560611324;0.0012156998957971517;0.013537631132198668;0.0539764070865799;0.24559265224393853;0.12183868018978801;0.5650546293474948
Cinza;Linguagens, Códigos e suas Tecnologias;Linguagens (comum);2;14;0.0012591177492184786;0.0008249392150052102;0.05669161155586495;0.669683257918552;0.1430560389836408;0.10028715628263139;0.030281935259310826
Cinza;Linguagens, Códigos e suas Tecnologias;Linguagens (comum);2;15;0.0013893713094824591;0.0011288641889544981;0.5015234613040829;0.25611560894924695;0.06581352833638025;0.05458344215199791;0.12196395925829198
Cinza;Linguagens, Códigos e suas Tecnologias;Linguagens (comum);2;16;0.0016064605765890934;0.0008249392150052102;0.3322597493036212;0.04865947075208914;0.25565807799442897;0.19746692200557103;0.1659557799442897
Cinza;Linguagens, Códigos e suas Tecnologias;Linguagens (comum);2;17;0.0011288641889544981;0.0004775963876345953;0.8193085453359426;0.00939334637964775;0.03513807349423788;0.052228745379430314;0.08393128941074146
Cinza;Linguagens, Códigos e suas Tecnologias;Linguagens (comum);2;18;0.0011288641889544981;0.0008683570684265369;0.03523884103367267;0.019838162359697206;0.014748107543722265;0.9200382841729748;0.010136604889933003
Cinza;Linguagens, Códigos e suas Tecnologias;Linguagens (comum);2;19;0.0008249392150052102;0.0006512678013199028;0.07435429167753718;0.7768936429254718;0.05822245412644578;0.020088703365510045;0.07044090790503522
Cinza;Linguagens, Códigos e suas Tecnologias;Linguagens (comum);2;20;0.0024313997915943034;0.0007381035081625565;0.1945642231804521;0.15192299316172306;0.32000522670848036;0.22853782830262642;0.10496972864671807
Cinza;Linguagens, Códigos e suas Tecnologias;Linguagens (comum);2;21;0.0017367141368530739;0.0011288641889544981;0.37607768004876774;0.14181834015501177;0.2043455542976574;0.13337107027780196;0.14438735522076113
Cinza;Linguagens, Códigos e suas Tecnologias;Linguagens (comum);2;22;0.0012156998957971517;0.0013893713094824591;0.1903621800452725;0.009881594985199374;0.058680132335016545;0.0163242207905276;0.7247518718439839
Cinza;Linguagens, Códigos e suas Tecnologias;Linguagens (comum);2;23;0.0016064605765890934;0.0003473428273706148;0.40070474616087354;0.21973289250445904;0.06755992517509897;0.10362378735807196;0.2083786488014965
Cinza;Linguagens, Códigos e suas Tecnologias;Linguagens (comum);2;24;0.0022577283779089963;0.0010854463355331712;0.474145066434328;0.09078632106294925;0.34667828359834457;0.049531692441733825;0.03885863646264431
Cinza;Linguagens, Códigos e suas Tecnologias;Linguagens (comum);2;25;0.0012591177492184786;0.0013459534560611324;0.2619275639909455;0.18487724185965523;0.170947240118405;0.08597422949677869;0.2962737245342156
Cinza;Linguagens, Códigos e suas Tecnologias;Linguagens (comum);2;26;0.001432789162903786;0.0008249392150052102;0.06753698868581375;0.03825065274151436;0.12959094865100088;0.6869451697127937;0.07767624020887728
Cinza;Linguagens, Códigos e suas Tecnologias;Linguagens (comum);2;27;0.0021708926710663425;0.0006512678013199028;0.4488178691165585;0.28270997518178254;0.14403274263073104;0.08621065006313407;0.03822876300779379
Cinza;Linguagens, Códigos e suas Tecnologias;Linguagens (comum);2;28;0.0011288641889544981;0.0009117749218478638;0.7365673265172938;0.03302153578420709;0.016706547748531652;0.0775288231455297;0.1361757668044377
Cinza;Linguagens, Códigos e suas Tecnologias;Linguagens (comum);2;29;0.0021708926710663425;0.0010420284821118443;0.2744141475738305;0.02360832825158986;0.21526265354124924;0.3530795365449952;0.13363533408833522
Cinza;Linguagens, Códigos e suas Tecnologias;Linguagens (comum);2;30;0.0018669676971170546;0.0007381035081625565;0.14025770503221313;0.03473794184224273;0.2255354344419293;0.23580881072610135;0.36366010795751347
Cinza;Linguagens, Códigos e suas Tecnologias;Linguagens (comum);2;31;0.001432789162903786;0.0008249392150052102;0.39986945169712795;0.07489120974760662;0.29825935596170583;0.09503916449086162;0.131940818102698
Cinza;Linguagens, Códigos e suas Tecnologias;Linguagens (comum);2;32;0.0010854463355331712;0.0005210142410559222;0.1233311589475973;0.025353337682104807;0.06757990867579909;0.7606436181778647;0.02309197651663405
Cinza;Linguagens, Códigos e suas Tecnologias;Linguagens (comum);2;33;0.0013459534560611324;0.0009117749218478638;0.1337249782419495;0.02597911227154047;0.03959965187119234;0.6449521322889469;0.15574412532637075
Cinza;Linguagens, Códigos e suas Tecnologias;Linguagens (comum);2;34;0.0013025356026398055;0.0009551927752691906;0.2594865100087032;0.07515230635335074;0.2060922541340296;0.026196692776327243;0.4330722367275892
Cinza;Linguagens, Códigos e suas Tecnologias;Linguagens (comum);2;35;0.0024313997915943034;0.0006946856547412296;0.2747386759581881;0.40862369337979093;0.10309233449477352;0.12243031358885018;0.09111498257839722
Cinza;Linguagens, Códigos e suas Tecnologias;Linguagens (comum);2;36;0.0015630427231677665;0.0007381035081625565;0.09399886853213804;0.07241394316549893;0.0486966360590104;0.7437660472605422;0.041124504982810395
Cinza;Linguagens, Códigos e suas Tecnologias;Linguagens (comum);2;37;0.0019103855505383813;0.0009551927752691906;0.054776626317164505;0.02995732822433162;0.02747539841504833;0.29413045371418617;0.5936601933292693
Cinza;Linguagens, Códigos e suas Tecnologias;Linguagens (comum);2;38;0.0013893713094824591;0.0010854463355331712;0.2257671381936888;0.5524265505984766;0.1401088139281828;0.03795429815016322;0.043743199129488576
Cinza;Linguagens, Códigos e suas Tecnologias;Linguagens (comum);2;39;0.0017801319902744008;0.0005644320944772491;0.15349464705370355;0.06993646096265993;0.0824266689877274;0.6211158499434242;0.07302637305248498
Cinza;Linguagens, Códigos e suas Tecnologias;Linguagens (comum);2;40;0.0038207711010767626;0.0005210142410559222;0.40694226408512124;0.2271062271062271;0.1500523286237572;0.09946799232513519;0.11643118785975928
Cinza;Linguagens, Códigos e suas Tecnologias;Linguagens (comum);2;41;0.002214310524487669;0.0007381035081625565;0.2629332868838182;0.1835917087615398;0.343842536143529;0.12471694826685246;0.08491551994426058
Cinza;Linguagens, Códigos e suas Tecnologias;Linguagens (comum);2;42;0.0015630427231677665;0.0008249392150052102;0.047743395569482525;0.17234625930278105;0.6452539496017757;0.02441572006789398;0.11024067545806676
Cinza;Linguagens, Códigos e suas Tecnologias;Linguagens (comum);2;43;0.00316950329975686;0.001172282042375825;0.3982644339787197;0.14006628292342577;0.18624629338915052;0.13583638583638583;0.13958660387231817
Cinza;Linguagens, Códigos e suas Tecnologias;Linguagens (comum);2;44;0.002605071205279611;0.001172282042375825;0.1972543037698845;0.15096971017650904;0.22436260623229462;0.2226628895184136;0.20475049030289824
Cinza;Linguagens, Códigos e suas Tecnologias;Linguagens (comum);2;45;0.0017801319902744008;0.0006946856547412296;0.6179760609357998;0.1764961915125136;0.0885310119695321;0.07403699673558216;0.04295973884657236
Cinza;Ciências Humanas e suas Tecnologias;Ciências Humanas e suas Tecnologias;0;1;0.002040639110802362;0.0006512678013199028;0.30143665650848933;0.10696560731388768;0.14235959947757945;0.3950805398345668;0.054157596865476706
Cinza;Ciências Humanas e suas Tecnologias;Ciências Humanas e suas Tecnologias;0;2;0.001432789162903786;0.0008249392150052102;0.09073107049608355;0.0195822454308094;0.025718015665796345;0.1194952132288947;0.744473455178416
Cinza;Ciências Humanas e suas Tecnologias;Ciências Humanas e suas Tecnologias;0;3;0.0018669676971170546;0.0007815213615838833;0.2453093030342606;0.09599059683949328;0.3567106351486657;0.15641460972530583;0.14557485525227462
Cinza;Ciências Humanas e suas Tecnologias;Ciências Humanas e suas Tecnologias;0;4;0.00234456408475165;0.0008249392150052102;0.32414303758874513;0.29922906049915066;0.20893767150137202;0.07225924474062459;0.09543098567010758
Cinza;Ciências Humanas e suas Tecnologias;Ciências Humanas e suas Tecnologias;0;5;0.002127474817645016;0.0007815213615838833;0.4910951447855432;0.17901153929893315;0.12436316133246245;0.1010232963204877;0.10450685826257348
Cinza;Ciências Humanas e suas Tecnologias;Ciências Humanas e suas Tecnologias;0;6;0.0027353247655435915;0.0009117749218478638;0.2851664633083493;0.18881819766428448;0.1270263203765034;0.34634826564406485;0.05264075300679798
Cinza;Ciências Humanas e suas Tecnologias;Ciências Humanas e suas Tecnologias;0;7;0.002214310524487669;0.0009986106286905174;0.13250283125707815;0.10732642216220925;0.17336004878473735;0.28769927694050007;0.2991114208554752
Cinza;Ciências Humanas e suas Tecnologias;Ciências Humanas e suas Tecnologias;0;8;0.004037860368183397;0.001172282042375825;0.18234986033519554;0.47163058659217877;0.09078212290502793;0.07633554469273743;0.17890188547486033
Cinza;Ciências Humanas e suas Tecnologias;Ciências Humanas e suas Tecnologias;0;9;0.00234456408475165;0.0011288641889544981;0.07703032415475776;0.32219414430115023;0.11998954339491112;0.37321366329731614;0.10757232485186476
Cinza;Ciências Humanas e suas Tecnologias;Ciências Humanas e suas Tecnologias;0;10;0.002605071205279611;0.0013025356026398055;0.23271728707174613;0.12326736988928602;0.11873419928515387;0.15844303025019615;0.36683811350361784
Cinza;Ciências Humanas e suas Tecnologias;Ciências Humanas e suas Tecnologias;0;11;0.0026484890587009377;0.0008249392150052102;0.10007842453816661;0.24568665040083654;0.4005751132798885;0.11027361449982573;0.14338619728128268
Cinza;Ciências Humanas e suas Tecnologias;Ciências Humanas e suas Tecnologias;0;12;0.0027353247655435915;0.0009551927752691906;0.4228439447422321;0.3810084106854927;0.06837495097398352;0.06432213361223689;0.06345055998605482
Cinza;Ciências Humanas e suas Tecnologias;Ciências Humanas e suas Tecnologias;0;13;0.002691906912122265;0.0009117749218478638;0.08815198919342891;0.31495925748398623;0.41125974988016906;0.08762909059218267;0.09799991285023313
Cinza;Ciências Humanas e suas Tecnologias;Ciências Humanas e suas Tecnologias;0;14;0.0038641889544980897;0.0009117749218478638;0.25141785184538873;0.17254166303114912;0.12660326324055493;0.10339411918680744;0.34604310269609984
Cinza;Ciências Humanas e suas Tecnologias;Ciências Humanas e suas Tecnologias;0;15;0.0032997568600208406;0.0009986106286905174;0.043474469105655604;0.13151353944098024;0.687175685693106;0.058823529411764705;0.07901277634849344
Cinza;Ciências Humanas e suas Tecnologias;Ciências Humanas e suas Tecnologias;0;16;0.0024313997915943034;0.0008683570684265369;0.1021955044432828;0.06264157518731486;0.06107335772782715;0.6285067084857989;0.14558285415577626
Cinza;Ciências Humanas e suas Tecnologias;Ciências Humanas e suas Tecnologias;0;17;0.0022577283779089963;0.0010420284821118443;0.07719114828367311;0.25178602543997214;0.09404948597316606;0.5590695243073707;0.017903815995818088
Cinza;Ciências Humanas e suas Tecnologias;Ciências Humanas e suas Tecnologias;0;18;0.0027353247655435915;0.0013459534560611324;0.29653849507367686;0.11988839480338304;0.3830325224518267;0.10371436044990845;0.09682622722120499
Cinza;Ciências Humanas e suas Tecnologias;Ciências Humanas e suas Tecnologias;0;19;0.0030826675929142063;0.0012156998957971517;0.08045175075219116;0.33336240352330704;0.050538525269262634;0.21266297475254;0.3229843457026992
Cinza;Ciências Humanas e suas Tecnologias;Ciências Humanas e suas Tecnologias;0;20;0.00316950329975686;0.0009986106286905174;0.3507150331356819;0.04468957098011859;0.04965992326473666;0.5238925706313219;0.031042901988140914
Cinza;Ciências Humanas e suas Tecnologias;Ciências Humanas e suas Tecnologias;0;21;0.0024313997915943034;0.0006946856547412296;0.09782229965156794;0.13087979094076654;0.49603658536585366;0.18976480836236934;0.08549651567944251
Cinza;Ciências Humanas e suas Tecnologias;Ciências Humanas e suas Tecnologias;0;22;0.002952414032650226;0.0008683570684265369;0.05160390516039052;0.17673465829846582;0.06097454672245467;0.6657949790794979;0.04489191073919108
Cinza;Ciências Humanas e suas Tecnologias;Ciências Humanas e suas Tecnologias;0;23;0.002605071205279611;0.0013025356026398055;0.4744137389939848;0.1485049254642141;0.15312527242611804;0.12069566733501874;0.10326039578066429
Cinza;Ciências Humanas e suas Tecnologias;Ciências Humanas e suas Tecnologias;0;24;0.0035602639805488016;0.001172282042375825;0.15141997120795708;0.09104392967761636;0.22073899576844216;0.42516250054530386;0.11163460280068054
Cinza;Ciências Humanas e suas Tecnologias;Ciências Humanas e suas Tecnologias;0;25;0.0027787426189649182;0.0012156998957971517;0.292153443766347;0.10387968613775066;0.2679598953792502;0.08705318221447254;0.2489537925021796
Cinza;Ciências Humanas e suas Tecnologias;Ciências Humanas e suas Tecnologias;0;26;0.0038207711010767626;0.0017801319902744008;0.19918787931712004;0.23416146356372528;0.09256429288739466;0.15242544644806358;0.32166091778369643
Cinza;Ciências Humanas e suas Tecnologias;Ciências Humanas e suas Tecnologias;0;27;0.00316950329975686;0.0009551927752691906;0.2792867419453285;0.15350743340454287;0.10938658063391028;0.28983738065134934;0.16798186336486898
Cinza;Ciências Humanas e suas Tecnologias;Ciências Humanas e suas Tecnologias;0;28;0.003777353247655436;0.0013025356026398055;0.3464979271219725;0.17730744054113026;0.19716343006764128;0.2246999781802313;0.05433122408902465
Cinza;Ciências Humanas e suas Tecnologias;Ciências Humanas e suas Tecnologias;0;29;0.0038207711010767626;0.0007815213615838833;0.27972607519846465;0.20234668062461833;0.27331414114978625;0.09059583006193841;0.15401727296519235
Cinza;Ciências Humanas e suas Tecnologias;Ciências Humanas e suas Tecnologias;0;30;0.0036036818339701287;0.0005644320944772491;0.29094000697593303;0.13890826648064178;0.3511946285315661;0.08467038716428323;0.13428671084757587
Cinza;Ciências Humanas e suas Tecnologias;Ciências Humanas e suas Tecnologias;0;31;0.0030826675929142063;0.0004775963876345953;0.1326797385620915;0.07376906318082789;0.10980392156862745;0.5295424836601307;0.15420479302832243
Cinza;Ciências Humanas e suas Tecnologias;Ciências Humanas e suas Tecnologias;0;32;0.0025182354984369573;0.0008249392150052102;0.23441516009583968;0.06443040731866696;0.10664343280331083;0.5395774341102156;0.05493356567196689
Cinza;Ciências Humanas e suas Tecnologias;Ciências Humanas e suas Tecnologias;0;33;0.0029958318860715525;0.0016498784300104203;0.7391057797164667;0.07869138495092694;0.08645583424209378;0.06521264994547438;0.030534351145038167
Cinza;Ciências Humanas e suas Tecnologias;Ciências Humanas e suas Tecnologias;0;34;0.003733935394234109;0.0015196248697464398;0.2886822923486535;0.1211208589760377;0.13177076513465147;0.32150495395225;0.13692112958840733
Cinza;Ciências Humanas e suas Tecnologias;Ciências Humanas e suas Tecnologias;0;35;0.0030826675929142063;0.0010420284821118443;0.105462789379605;0.2793739373065353;0.10214936565374721;0.4793129005536905;0.03370100710642194
Cinza;Ciências Humanas e suas Tecnologias;Ciências Humanas e suas Tecnologias;0;36;0.004602292462660646;0.0013025356026398055;0.2786076170510133;0.21436058700209643;0.10573899371069183;0.14788609364081062;0.25340670859538783
Cinza;Ciências Humanas e suas Tecnologias;Ciências Humanas e suas Tecnologias;0;37;0.003690517540812782;0.0016932962834317472;0.14946743495722017;0.12764099877771956;0.12100576217915139;0.17744892613933996;0.42443687794656887
Cinza;Ciências Humanas e suas Tecnologias;Ciências Humanas e suas Tecnologias;0;38;0.003516846127127475;0.0009551927752691906;0.12250861354616424;0.05473417942343757;0.47895677962405686;0.11295739020454447;0.23084303720179686
Cinza;Ciências Humanas e suas Tecnologias;Ciências Humanas e suas Tecnologias;0;39;0.0032997568600208406;0.0013459534560611324;0.09221374045801527;0.22159214830970556;0.09169029443838604;0.09605234460196292;0.4984514721919302
Cinza;Ciências Humanas e suas Tecnologias;Ciências Humanas e suas Tecnologias;0;40;0.0029089961792288987;0.001172282042375825;0.06225477373790217;0.04782457058156771;0.6875490452524196;0.06591681925189642;0.13645479117621415
Cinza;Ciências Humanas e suas Tecnologias;Ciências Humanas e suas Tecnologias;0;41;0.0038641889544980897;0.0013025356026398055;0.4452494217256579;0.17994151791559376;0.09152009776109632;0.15602496399423907;0.12726399860341292
Cinza;Ciências Humanas e suas Tecnologias;Ciências Humanas e suas Tecnologias;0;42;0.003516846127127475;0.0010854463355331712;0.15785570967460524;0.049114542440896795;0.4263281863386548;0.17778940940416993;0.1889121521416732
Cinza;Ciências Humanas e suas Tecnologias;Ciências Humanas e suas Tecnologias;0;43;0.004037860368183397;0.0008683570684265369;0.15149003010602557;0.21737423098739037;0.4576988524804747;0.09769187137309655;0.07574501505301279
Cinza;Ciências Humanas e suas Tecnologias;Ciências Humanas e suas Tecnologias;0;44;0.00316950329975686;0.0010420284821118443;0.09723130586439939;0.7272291257902769;0.08057553956834532;0.06553302812295618;0.029431000654022238
Cinza;Ciências Humanas e suas Tecnologias;Ciências Humanas e suas Tecnologias;0;45;0.0034734282737061478;0.0010420284821118443;0.15583565945568736;0.14353628750872297;0.028829378925331474;0.5618021632937893;0.10999651081646894
Cinza;Matemática e suas Tecnologias;Matemática e suas Tecnologias;0;1;0.0005644320944772491;0.0005644320944772491;0.059208051166290444;0.22488713318284426;0.5653216704288939;0.1002163280662152;0.05036681715575621
Cinza;Matemática e suas Tecnologias;Matemática e suas Tecnologias;0;2;0.0027353247655435915;0.0003473428273706148;0.16273151420896367;0.29214383335689714;0.1321928460342146;0.20552335171308733;0.20740845468683727
Cinza;Matemática e suas Tecnologias;Matemática e suas Tecnologias;0;3;0.0009986106286905174;0.0013459534560611324;0.1005368242606894;0.3381521943868902;0.07732152947824449;0.2850819363345263;0.19890751553964967
Cinza;Matemática e suas Tecnologias;Matemática e suas Tecnologias;0;4;0.0009551927752691906;0.0009117749218478638;0.1356897444345084;0.25514190238621925;0.280321927801572;0.22629077046171225;0.10255565491598814
Cinza;Matemática e suas Tecnologias;Matemática e suas Tecnologias;0;5;0.0003907606807919416;0.0008683570684265369;0.45947979869244154;0.07125723155072668;0.11805653544047787;0.18033018202342316;0.1708762522929307
Cinza;Matemática e suas Tecnologias;Matemática e suas Tecnologias;0;6;0.0028221604723862453;0.0006946856547412296;0.19034372200480928;0.28365316610872743;0.19123956810787873;0.17733037861285303;0.15743316516573153
Cinza;Matemática e suas Tecnologias;Matemática e suas Tecnologias;0;7;0.0006946856547412296;0.0008683570684265369;0.13823280323703774;0.16189893667074434;0.4822621624164863;0.16180483673661428;0.055801260939117345
Cinza;Matemática e suas Tecnologias;Matemática e suas Tecnologias;0;8;0.0005644320944772491;0.0009551927752691906;0.20846859562455894;0.20348153375676312;0.22159491884262528;0.27325335215243474;0.09320159962361797
Cinza;Matemática e suas Tecnologias;Matemática e suas Tecnologias;0;9;0.0010854463355331712;0.0009117749218478638;0.31684240256072305;0.16625870834117867;0.2840331387685935;0.12855394464319336;0.10431180568631143
Cinza;Matemática e suas Tecnologias;Matemática e suas Tecnologias;0;10;0.0017367141368530739;0.0010420284821118443;0.09078488646000188;0.33637991142937906;0.17685856967869593;0.15254876095354752;0.24342787147837558
Cinza;Matemática e suas Tecnologias;Matemática e suas Tecnologias;0;11;0.00234456408475165;0.0007815213615838833;0.166462437553021;0.29253464039966065;0.19714393439532474;0.23875954378357997;0.1050994438684136
Cinza;Matemática e suas Tecnologias;Matemática e suas Tecnologias;0;12;0.0006512678013199028;0.002040639110802362;0.7798191068400226;0.12224420576596948;0.04437535330695308;0.016864518560391936;0.0366968155266629
Cinza;Matemática e suas Tecnologias;Matemática e suas Tecnologias;0;13;0.0008249392150052102;0.0015196248697464398;0.17206630250517987;0.2418063665473724;0.43435675268412133;0.10077227349783387;0.05099830476549256
Cinza;Matemática e suas Tecnologias;Matemática e suas Tecnologias;0;14;0.0013893713094824591;0.0015196248697464398;0.1967676577298214;0.13687980021674598;0.16510389671582718;0.08391839042548178;0.41733025491212367
Cinza;Matemática e suas Tecnologias;Matemática e suas Tecnologias;0;15;0.0010854463355331712;0.0016498784300104203;0.1639892589626419;0.24336929382390352;0.13798464220097045;0.16992509539737127;0.28473170961511285
Cinza;Matemática e suas Tecnologias;Matemática e suas Tecnologias;0;16;0.0007381035081625565;0.0018235498436957277;0.0461589185624794;0.16565399651453064;0.08285054872591964;0.059723988507371296;0.645612547689699
Cinza;Matemática e suas Tecnologias;Matemática e suas Tecnologias;0;17;0.0003473428273706148;0.0008683570684265369;0.03640297243909322;0.7029912519988712;0.07727400997084;0.1566644718276738;0.026667293763521775
Cinza;Matemática e suas Tecnologias;Matemática e suas Tecnologias;0;18;0.0016498784300104203;0.0009117749218478638;0.4606471668786209;0.13494418538928923;0.0906222033818473;0.26032688050492203;0.053459563845320524
Cinza;Matemática e suas Tecnologias;Matemática e suas Tecnologias;0;19;0.0018235498436957277;0.0010420284821118443;0.15647380324161328;0.30719939690915943;0.2404824726724463;0.10224274406332454;0.19360158311345646
Cinza;Matemática e suas Tecnologias;Matemática e suas Tecnologias;0;20;0.0008683570684265369;0.0011288641889544981;0.04669553756354736;0.059546224816418754;0.4384767463754472;0.126906420636415;0.3283750706081717
Cinza;Matemática e suas Tecnologias;Matemática e suas Tecnologias;0;21;0.0013459534560611324;0.0006078499478985759;0.24222169922334666;0.18700870793127794;0.20960225935514237;0.18649093904448105;0.17467639444575195
Cinza;Matemática e suas Tecnologias;Matemática e suas Tecnologias;0;22;0.0009117749218478638;0.0011288641889544981;0.26625241255943133;0.3252365485100974;0.2071270536176623;0.13896342324530433;0.06242056206750459
Cinza;Matemática e suas Tecnologias;Matemática e suas Tecnologias;0;23;0.0006078499478985759;0.0015630427231677665;0.11106403013182674;0.04722222222222222;0.3310734463276836;0.04839924670433145;0.46224105461393594
Cinza;Matemática e suas Tecnologias;Matemática e suas Tecnologias;0;24;0.0011288641889544981;0.0006078499478985759;0.19129411764705884;0.20654117647058823;0.2252705882352941;0.23618823529411764;0.14070588235294118
Cinza;Matemática e suas Tecnologias;Matemática e suas Tecnologias;0;25;0.0007815213615838833;0.0010854463355331712;0.09558996564220831;0.18637925354167648;0.07106885677978067;0.09521344189767968;0.5517484821386549
Cinza;Matemática e suas Tecnologias;Matemática e suas Tecnologias;0;26;0.0007381035081625565;0.0012591177492184786;0.1485595932969309;0.2072114479382414;0.09527395970627;0.07597439276972322;0.4729806062888345
Cinza;Matemática e suas Tecnologias;Matemática e suas Tecnologias;0;27;0.0016064605765890934;0.0008683570684265369;0.099985871049781;0.18188668581924364;0.20826072622804126;0.3808223049027457;0.12904441200018837
Cinza;Matemática e suas Tecnologias;Matemática e suas Tecnologias;0;28;0.0017801319902744008;0.0005644320944772491;0.22636089659069505;0.24769259747598418;0.28607082313053306;0.16585044264456583;0.07402524015822189
Cinza;Matemática e suas Tecnologias;Matemática e suas Tecnologias;0;29;0.0018235498436957277;0.0010854463355331712;0.31984168119493;0.2384677001366442;0.22753616359609857;0.15077981435235357;0.06337464071997362
Cinza;Matemática e suas Tecnologias;Matemática e suas Tecnologias;0;30;0.0015196248697464398;0.0011288641889544981;0.10137076640444674;0.14305902303452825;0.3629940176174101;0.15252720335390269;0.2400489895897122
Cinza;Matemática e suas Tecnologias;Matemática e suas Tecnologias;0;31;0.0009117749218478638;0.0016064605765890934;0.13941220798794274;0.275621703089676;0.25023549359457425;0.25555764883195176;0.07917294649585531
Cinza;Matemática e suas Tecnologias;Matemática e suas Tecnologias;0;32;0.0010854463355331712;0.001432789162903786;0.06188771665410701;0.07973813112283346;0.22023360964581765;0.35974001507159004;0.27840052750565186
Cinza;Matemática e suas Tecnologias;Matemática e suas Tecnologias;0;33;0.0018669676971170546;0.0007815213615838833;0.071600169579349;0.16161854067549108;0.37293325168401714;0.29360780065005415;0.1002402374110886
Cinza;Matemática e suas Tecnologias;Matemática e suas Tecnologias;0;34;0.0010420284821118443;0.0016932962834317472;0.03707542281057144;0.04310547887124888;0.5807697743439959;0.29650916285862344;0.042540161115560374
Cinza;Matemática e suas Tecnologias;Matemática e suas Tecnologias;0;35;0.0018235498436957277;0.0012591177492184786;0.12248456571940242;0.2677788774211791;0.33031716857533344;0.1549083368679014;0.12451105141618361
Cinza;Matemática e suas Tecnologias;Matemática e suas Tecnologias;0;36;0.0015196248697464398;0.0015196248697464398;0.23751178133836004;0.2298774740810556;0.15504241281809614;0.18788878416588126;0.18967954759660696
Cinza;Matemática e suas Tecnologias;Matemática e suas Tecnologias;0;37;0.0017801319902744008;0.0013025356026398055;0.17079032942174466;0.35906498892502003;0.18898157311843158;0.1762571280456195;0.10490598048918422
Cinza;Matemática e suas Tecnologias;Matemática e suas Tecnologias;0;38;0.0019103855505383813;0.0006946856547412296;0.19331135186057466;0.20668864813942533;0.19962317475270844;0.23339613754121527;0.1669806877060763
Cinza;Matemática e suas Tecnologias;Matemática e suas Tecnologias;0;39;0.002040639110802362;0.0010420284821118443;0.1410057024364956;0.22168810971299308;0.28022055704792875;0.2145247184127433;0.14256091238983928
Cinza;Matemática e suas Tecnologias;Matemática e suas Tecnologias;0;40;0.0015630427231677665;0.0013025356026398055;0.1717395401432341;0.1888428194496796;0.27492461364493026;0.21437994722955145;0.1501130795326046
Cinza;Matemática e suas Tecnologias;Matemática e suas Tecnologias;0;41;0.0021708926710663425;0.0007381035081625565;0.28563351081373983;0.3409037365122744;0.12396927861282571;0.09409602789426566;0.1553974461668944
Cinza;Matemática e suas Tecnologias;Matemática e suas Tecnologias;0;42;0.0016498784300104203;0.002214310524487669;0.0769775010612707;0.04561105608226027;0.09749540116032263;0.4599311353238055;0.31998490637234095
Cinza;Matemática e suas Tecnologias;Matemática e suas Tecnologias;0;43;0.00234456408475165;0.0010420284821118443;0.19988685649632285;0.3717706958325476;0.2294455968319819;0.14911370922119555;0.0497831416179521
Cinza;Matemática e suas Tecnologias;Matemática e suas Tecnologias;0;44;0.0010854463355331712;0.0006512678013199028;0.2444705882352941;0.2606117647058824;0.19181176470588235;0.16592941176470588;0.1371764705882353
Cinza;Matemática e suas Tecnologias;Matemática e suas Tecnologias;0;45;0.0008249392150052102;0.0005210142410559222;0.10960063972905593;0.4102262571146338;0.2974269721059316;0.0833999717766593;0.09934615927371937
Cinza;Ciências Naturais e suas Tecnologias;Ciências Naturais e suas Tecnologias;0;1;0.0008249392150052102;0.0007815213615838833;0.19950124688279303;0.20792358725826943;0.2848539029784031;0.09702159695101868;0.21069966592951583
Cinza;Ciências Naturais e suas Tecnologias;Ciências Naturais e suas Tecnologias;0;2;0.0021708926710663425;0.0003473428273706148;0.14544084400904295;0.23144310474755087;0.2084118311981914;0.2862189148455162;0.12848530519969856
Cinza;Ciências Naturais e suas Tecnologias;Ciências Naturais e suas Tecnologias;0;3;0.0006946856547412296;0.0007815213615838833;0.07343808806925103;0.10759315016936394;0.27469890854347007;0.45624764772299586;0.08802220549491908
Cinza;Ciências Naturais e suas Tecnologias;Ciências Naturais e suas Tecnologias;0;4;0.0012156998957971517;0.0009551927752691906;0.12716572504708099;0.2989642184557439;0.27090395480225987;0.2333804143126177;0.06958568738229755
Cinza;Ciências Naturais e suas Tecnologias;Ciências Naturais e suas Tecnologias;0;5;0.0020840569642236887;0.0006078499478985759;0.15107405313736574;0.15974185038628227;0.1639815338232523;0.22955530431505558;0.2956472583380441
Cinza;Ciências Naturais e suas Tecnologias;Ciências Naturais e suas Tecnologias;0;6;0.0006946856547412296;0.0006946856547412296;0.38112710508984854;0.05800169348010161;0.2871860005644934;0.21596575406905635;0.057719446796500144
Cinza;Ciências Naturais e suas Tecnologias;Ciências Naturais e suas Tecnologias;0;7;0.0008683570684265369;0.0006512678013199028;0.11658433309809457;0.1450952717007763;0.4726417313573277;0.163302752293578;0.10237591155022348
Cinza;Ciências Naturais e suas Tecnologias;Ciências Naturais e suas Tecnologias;0;8;0.0006512678013199028;0.0007381035081625565;0.4074230877787186;0.05339166431461097;0.3636748518204911;0.0610123247718506;0.11449807131432872
Cinza;Ciências Naturais e suas Tecnologias;Ciências Naturais e suas Tecnologias;0;9;0.002561653351858284;0.0007815213615838833;0.17753264507613256;0.26507330410597274;0.2618677226229199;0.16400320558148304;0.13152312261349172
Cinza;Ciências Naturais e suas Tecnologias;Ciências Naturais e suas Tecnologias;0;10;0.0005644320944772491;0.0010854463355331712;0.2776209297948428;0.11038961038961038;0.061923583662714096;0.13415207980425373;0.41591379634857895
Cinza;Ciências Naturais e suas Tecnologias;Ciências Naturais e suas Tecnologias;0;11;0.00043417853421326847;0.0007815213615838833;0.10760982033675101;0.04388110243627128;0.6777349261593453;0.12472956448123412;0.04604458658639827
Cinza;Ciências Naturais e suas Tecnologias;Ciências Naturais e suas Tecnologias;0;12;0.001172282042375825;0.0008683570684265369;0.13458551052111284;0.07338888104316717;0.44348726639363556;0.12276985359883255;0.2257684884432519
Cinza;Ciências Naturais e suas Tecnologias;Ciências Naturais e suas Tecnologias;0;13;0.0006512678013199028;0.0010854463355331712;0.17176470588235293;0.10018823529411765;0.13369411764705882;0.5420705882352941;0.05228235294117647
Cinza;Ciências Naturais e suas Tecnologias;Ciências Naturais e suas Tecnologias;0;14;0.002214310524487669;0.0004775963876345953;0.09770114942528736;0.22861315244017336;0.2018089315997739;0.3274919917090635;0.14438477482570192
Cinza;Ciências Naturais e suas Tecnologias;Ciências Naturais e suas Tecnologias;0;15;0.0012591177492184786;0.0010420284821118443;0.06757074916419456;0.0889956208504026;0.38691905636389323;0.24923482601120686;0.20727974761030277
Cinza;Ciências Naturais e suas Tecnologias;Ciências Naturais e suas Tecnologias;0;16;0.0003907606807919416;0.0012591177492184786;0.7303312629399586;0.06145303971390928;0.03383210991906644;0.01741012610577828;0.15697346132128742
Cinza;Ciências Naturais e suas Tecnologias;Ciências Naturais e suas Tecnologias;0;17;0.0007381035081625565;0.0009117749218478638;0.10686053077357426;0.15015057406361754;0.16224355354790138;0.23564840956145303;0.3450969320534538
Cinza;Ciências Naturais e suas Tecnologias;Ciências Naturais e suas Tecnologias;0;18;0.0003473428273706148;0.0012591177492184786;0.19677222039241518;0.38526325695195973;0.12680562744083188;0.09372794429021786;0.19743095092457535
Cinza;Ciências Naturais e suas Tecnologias;Ciências Naturais e suas Tecnologias;0;19;0.0007381035081625565;0.0004775963876345953;0.12472956448123412;0.10845640109114853;0.1433073088138463;0.4412096698335058;0.18229705578026525
Cinza;Ciências Naturais e suas Tecnologias;Ciências Naturais e suas Tecnologias;0;20;0.0003907606807919416;0.0012156998957971517;0.07885945513574555;0.20453583023573144;0.09001082200159978;0.18642074060132688;0.44017315202559637
Cinza;Ciências Naturais e suas Tecnologias;Ciências Naturais e suas Tecnologias;0;21;0.0008249392150052102;0.0008249392150052102;0.3019951063429324;0.277244494635799;0.2690099755317147;0.08215697346132128;0.06959345002823264
Cinza;Ciências Naturais e suas Tecnologias;Ciências Naturais e suas Tecnologias;0;22;0.00030392497394928793;0.0012591177492184786;0.10821492424955302;0.07970264420814906;0.13338665662934035;0.1895643173049779;0.48913145760797966
Cinza;Ciências Naturais e suas Tecnologias;Ciências Naturais e suas Tecnologias;0;23;0.001953803403959708;0.0003907606807919416;0.212563571294029;0.30528348088152196;0.22414767376153702;0.18228479939724995;0.07572047466566208
Cinza;Ciências Naturais e suas Tecnologias;Ciências Naturais e suas Tecnologias;0;24;0.0009986106286905174;0.0006078499478985759;0.08492918646779278;0.11490142568108032;0.12708794052604339;0.39829671105255726;0.27478473627252625
Cinza;Ciências Naturais e suas Tecnologias;Ciências Naturais e suas Tecnologias;0;25;0.0008249392150052102;0.0007815213615838833;0.14967298734296336;0.06262645273608432;0.4864254458194137;0.20411236060791418;0.09716275349362442
Cinza;Ciências Naturais e suas Tecnologias;Ciências Naturais e suas Tecnologias;0;26;0.0006078499478985759;0.0010420284821118443;0.2188970449840015;0.1811123658949746;0.11678900809335592;0.264257481648786;0.21894409937888198
Cinza;Ciências Naturais e suas Tecnologias;Ciências Naturais e suas Tecnologias;0;27;0.0013459534560611324;0.0006078499478985759;0.10915509531654508;0.15382442927747705;0.3094375147093434;0.09329253942104024;0.3342904212755943
Cinza;Ciências Naturais e suas Tecnologias;Ciências Naturais e suas Tecnologias;0;28;0.0006512678013199028;0.0007381035081625565;0.07474833004045536;0.07879386583874307;0.43611816727820113;0.29791137454134914;0.11242826230125129
Cinza;Ciências Naturais e suas Tecnologias;Ciências Naturais e suas Tecnologias;0;29;0.0016064605765890934;0.0016498784300104203;0.23582370963940608;0.22328541126561396;0.25821352816403487;0.17299080839028988;0.1096865425406552
Cinza;Ciências Naturais e suas Tecnologias;Ciências Naturais e suas Tecnologias;0;30;0.001432789162903786;0.0010854463355331712;0.08590806330067823;0.17544272795779955;0.4203560663149962;0.2200923134890731;0.0982008289374529
Cinza;Ciências Naturais e suas Tecnologias;Ciências Naturais e suas Tecnologias;0;31;0.0002605071205279611;0.0006512678013199028;0.10602285015750623;0.038412713338661905;0.06648173397903051;0.5610042785274343;0.22807842399736705
Cinza;Ciências Naturais e suas Tecnologias;Ciências Naturais e suas Tecnologias;0;32;0.0003907606807919416;0.00013025356026398054;0.06081398627690572;0.024673371557477206;0.2516683898862675;0.6428705705423442;0.019973681737005356
Cinza;Ciências Naturais e suas Tecnologias;Ciências Naturais e suas Tecnologias;0;33;0.0005210142410559222;0.0012156998957971517;0.044847058823529413;0.05552941176470588;0.18465882352941176;0.6262117647058824;0.08875294117647059
Cinza;Ciências Naturais e suas Tecnologias;Ciências Naturais e suas Tecnologias;0;34;0.0025182354984369573;0.0006946856547412296;0.1748208898944193;0.2746512066365008;0.22982654600301658;0.2065893665158371;0.11411199095022624
Cinza;Ciências Naturais e suas Tecnologias;Ciências Naturais e suas Tecnologias;0;35;0.0005210142410559222;0.0011288641889544981;0.12092979484283832;0.49670619235836627;0.0461133069828722;0.1124129493694711;0.2238377564464521
Cinza;Ciências Naturais e suas Tecnologias;Ciências Naturais e suas Tecnologias;0;36;0.0004775963876345953;0.0007381035081625565;0.11264227259900292;0.03950710187188411;0.039789295456683284;0.7102342206753833;0.09782710939704638
Cinza;Ciências Naturais e suas Tecnologias;Ciências Naturais e suas Tecnologias;0;37;0.0004775963876345953;0.0008683570684265369;0.5595747683334117;0.11232889599698952;0.2614892516110824;0.017357354532198128;0.049249729526318266
Cinza;Ciências Naturais e suas Tecnologias;Ciências Naturais e suas Tecnologias;0;38;0.0009986106286905174;0.0009986106286905174;0.195961212577669;0.15618527584259084;0.1560440594991527;0.3241385803050273;0.16767087177556017
Cinza;Ciências Naturais e suas Tecnologias;Ciências Naturais e suas Tecnologias;0;39;0.0009117749218478638;0.0008683570684265369;0.30382606240293664;0.16316061932326228;0.18857357993317334;0.2357758012141748;0.108663937126453
Cinza;Ciências Naturais e suas Tecnologias;Ciências Naturais e suas Tecnologias;0;40;0.0010420284821118443;0.0009551927752691906;0.13255507437394087;0.2624741103370363;0.17129542459047262;0.27692524948220676;0.15675014121634342
Cinza;Ciências Naturais e suas Tecnologias;Ciências Naturais e suas Tecnologias;0;41;0.0007815213615838833;0.0007815213615838833;0.24014303189987768;0.17681377623035663;0.14952479533264326;0.21817069728051192;0.21534769925661051
Cinza;Ciências Naturais e suas Tecnologias;Ciências Naturais e suas Tecnologias;0;42;0.0008249392150052102;0.001172282042375825;0.37591790623234794;0.23272453398606666;0.19765580869892677;0.06006401807569196;0.13363773300696669
Cinza;Ciências Naturais e suas Tecnologias;Ciências Naturais e suas Tecnologias;0;43;0.0006078499478985759;0.0007815213615838833;0.05889547464483959;0.07775896133220435;0.4255809577570797;0.02314422805532035;0.41462037821055603
Cinza;Ciências Naturais e suas Tecnologias;Ciências Naturais e suas Tecnologias;0;44;0.00234456408475165;0.0009986106286905174;0.17899401310517135;0.2539951916277754;0.2697402536180644;0.20925847357752322;0.08801206807146561
Cinza;Ciências Naturais e suas Tecnologias;Ciências Naturais e suas Tecnologias;0;45;0.0006078499478985759;0.0007815213615838833;0.0605889547464484;0.3163514912033117;0.13942986169912502;0.3802803650390441;0.10334932731207075
Laranja;Linguagens, Códigos e suas Tecnologias;Inglês;0;1;0.0;0.0;1.0;;;;
Laranja;Linguagens, Códigos e suas Tecnologias;Inglês;0;2;0.0;0.0;;1.0;;;
Laranja;Linguagens, Códigos e suas Tecnologias;Inglês;0;3;0.0;0.0;1.0;;;;
Laranja;Linguagens, Códigos e suas Tecnologias;Inglês;0;4;0.0;0.0;;1.0;;;
Laranja;Linguagens, Códigos e suas Tecnologias;Inglês;0;5;0.0;0.0;;1.0;;;
Laranja;Linguagens, Códigos e suas Tecnologias;Espanhol;1;1;0.0;0.0;;;;;1.0
Laranja;Linguagens, Códigos e suas Tecnologias;Espanhol;1;2;0.0;0.0;;0.5;;;0.5
Laranja;Linguagens, Códigos e suas Tecnologias;Espanhol;1;3;0.0;0.0;;;;0.5;0.5
Laranja;Linguagens, Códigos e suas Tecnologias;Espanhol;1;4;0.0;0.0;;;;0.5;0.5
Laranja;Linguagens, Códigos e suas Tecnologias;Espanhol;1;5;0.0;0.0;0.5;;0.5;;
Laranja;Linguagens, Códigos e suas Tecnologias;Linguagens (comum);2;6;0.0;0.0;;0.3333333333333333;;0.6666666666666666;
Laranja;Linguagens, Códigos e suas Tecnologias;Linguagens (comum);2;7;0.0;0.0;;1.0;;;
Laranja;Linguagens, Códigos e suas Tecnologias;Linguagens (comum);2;8;0.0;0.0;0.3333333333333333;;0.3333333333333333;0.3333333333333333;
Laranja;Linguagens, Códigos e suas Tecnologias;Linguagens (comum);2;9;0.0;0.0;;0.3333333333333333;0.6666666666666666;;
Laranja;Linguagens, Códigos e suas Tecnologias;Linguagens (comum);2;10;0.0;0.0;0.3333333333333333;0.3333333333333333;;;0.3333333333333333
Laranja;Linguagens, Códigos e suas Tecnologias;Linguagens (comum);2;11;0.0;0.0;0.3333333333333333;;0.3333333333333333;0.3333333333333333;
Laranja;Linguagens, Códigos e suas Tecnologias;Linguagens (comum);2;12;0.0;0.0;0.6666666666666666;;0.3333333333333333;;
Laranja;Linguagens, Códigos e suas Tecnologias;Linguagens (comum);2;13;0.0;0.0;;;0.6666666666666666;;0.3333333333333333
Laranja;Linguagens, Códigos e suas Tecnologias;Linguagens (comum);2;14;0.0;0.0;0.6666666666666666;;0.3333333333333333;;
Laranja;Linguagens, Códigos e suas Tecnologias;Linguagens (comum);2;15;0.0;0.0;0.3333333333333333;0.3333333333333333;;0.3333333333333333;
Laranja;Linguagens, Códigos e suas Tecnologias;Linguagens (comum);2;16;0.0;0.0;0.3333333333333333;;;0.6666666666666666;
Laranja;Linguagens, Códigos e suas Tecnologias;Linguagens (comum);2;17;0.0;0.0;0.6666666666666666;;;;0.3333333333333333
Laranja;Linguagens, Códigos e suas Tecnologias;Linguagens (comum);2;18;0.0;0.0;;1.0;;;
Laranja;Linguagens, Códigos e suas Tecnologias;Linguagens (comum);2;19;0.0;0.0;0.6666666666666666;;0.3333333333333333;;
Laranja;Linguagens, Códigos e suas Tecnologias;Linguagens (comum);2;20;0.0;0.0;0.3333333333333333;;0.3333333333333333;;0.3333333333333333
Laranja;Linguagens, Códigos e suas Tecnologias;Linguagens (comum);2;21;0.0;0.0;0.3333333333333333;;;0.6666666666666666;
Laranja;Linguagens, Códigos e suas Tecnologias;Linguagens (comum);2;22;0.0;0.0;0.3333333333333333;0.6666666666666666;;;
Laranja;Linguagens, Códigos e suas Tecnologias;Linguagens (comum);2;23;0.0;0.0;0.3333333333333333;;0.3333333333333333;0.3333333333333333;
Laranja;Linguagens, Códigos e suas Tecnologias;Linguagens (comum);2;24;0.0;0.0;1.0;;;;
Laranja;Linguagens, Códigos e suas Tecnologias;Linguagens (comum);2;25;0.0;0.0;;0.6666666666666666;;0.3333333333333333;
Laranja;Linguagens, Códigos e suas Tecnologias;Linguagens (comum);2;26;0.0;0.0;;;;1.0;
Laranja;Linguagens, Códigos e suas Tecnologias;Linguagens (comum);2;27;0.0;0.0;1.0;;;;
Laranja;Linguagens, Códigos e suas Tecnologias;Linguagens (comum);2;28;0.0;0.0;0.3333333333333333;;0.3333333333333333;0.3333333333333333;
Laranja;Linguagens, Códigos e suas Tecnologias;Linguagens (comum);2;29;0.0;0.0;0.3333333333333333;0.6666666666666666;;;
Laranja;Linguagens, Códigos e suas Tecnologias;Linguagens (comum);2;30;0.0;0.0;0.3333333333333333;;0.3333333333333333;0.3333333333333333;
Laranja;Linguagens, Códigos e suas Tecnologias;Linguagens (comum);2;31;0.0;0.0;0.6666666666666666;;;0.3333333333333333;
Laranja;Linguagens, Códigos e suas Tecnologias;Linguagens (comum);2;32;0.0;0.0;0.3333333333333333;;0.3333333333333333;;0.3333333333333333
Laranja;Linguagens, Códigos e suas Tecnologias;Linguagens (comum);2;33;0.0;0.0;0.6666666666666666;;0.3333333333333333;;
Laranja;Linguagens, Códigos e suas Tecnologias;Linguagens (comum);2;34;0.0;0.0;0.6666666666666666;;;0.3333333333333333;
Laranja;Linguagens, Códigos e suas Tecnologias;Linguagens (comum);2;35;0.0;0.0;0.3333333333333333;;;0.3333333333333333;0.3333333333333333
Laranja;Linguagens, Códigos e suas Tecnologias;Linguagens (comum);2;36;0.0;0.0;0.6666666666666666;0.3333333333333333;;;
Laranja;Linguagens, Códigos e suas Tecnologias;Linguagens (comum);2;37;0.0;0.0;0.3333333333333333;0.3333333333333333;0.3333333333333333;;
Laranja;Linguagens, Códigos e suas Tecnologias;Linguagens (comum);2;38;0.0;0.0;;0.3333333333333333;;;0.6666666666666666
Laranja;Linguagens, Códigos e suas Tecnologias;Linguagens (comum);2;39;0.0;0.0;0.3333333333333333;0.3333333333333333;;0.3333333333333333;
Laranja;Linguagens, Códigos e suas Tecnologias;Linguagens (comum);2;40;0.0;0.0;;;1.0;;
Laranja;Linguagens, Códigos e suas Tecnologias;Linguagens (comum);2;41;0.0;0.0;1.0;;;;
Laranja;Linguagens, Códigos e suas Tecnologias;Linguagens (comum);2;42;0.0;0.0;0.3333333333333333;0.6666666666666666;;;
Laranja;Linguagens, Códigos e suas Tecnologias;Linguagens (comum);2;43;0.0;0.0;0.3333333333333333;;0.3333333333333333;;0.3333333333333333
Laranja;Linguagens, Códigos e suas Tecnologias;Linguagens (comum);2;44;0.0;0.0;0.6666666666666666;;;0.3333333333333333;
Laranja;Linguagens, Códigos e suas Tecnologias;Linguagens (comum);2;45;0.0;0.0;1.0;;;;
Laranja;Ciências Humanas e suas Tecnologias;Ciências Humanas e suas Tecnologias;0;1;0.0;0.0;0.3333333333333333;0.6666666666666666;;;
Laranja;Ciências Humanas e suas Tecnologias;Ciências Humanas e suas Tecnologias;0;2;0.0;0.0;;0.3333333333333333;0.3333333333333333;0.3333333333333333;
Laranja;Ciências Humanas e suas Tecnologias;Ciências Humanas e suas Tecnologias;0;3;0.0;0.0;;0.6666666666666666;0.3333333333333333;;
Laranja;Ciências Humanas e suas Tecnologias;Ciências Humanas e suas Tecnologias;0;4;0.0;0.0;;;0.3333333333333333;0.3333333333333333;0.3333333333333333
Laranja;Ciências Humanas e suas Tecnologias;Ciências Humanas e suas Tecnologias;0;5;0.0;0.0;0.6666666666666666;;0.3333333333333333;;
Laranja;Ciências Humanas e suas Tecnologias;Ciências Humanas e suas Tecnologias;0;6;0.0;0.0;;;;0.6666666666666666;0.3333333333333333
Laranja;Ciências Humanas e suas Tecnologias;Ciências Humanas e suas Tecnologias;0;7;0.0;0.0;;;0.3333333333333333;0.6666666666666666;
Laranja;Ciências Humanas e suas Tecnologias;Ciências Humanas e suas Tecnologias;0;8;0.0;0.0;;0.3333333333333333;0.3333333333333333;0.3333333333333333;
Laranja;Ciências Humanas e suas Tecnologias;Ciências Humanas e suas Tecnologias;0;9;0.0;0.0;;0.3333333333333333;;0.3333333333333333;0.3333333333333333
Laranja;Ciências Humanas e suas Tecnologias;Ciências Humanas e suas Tecnologias;0;10;0.0;0.0;0.3333333333333333;;0.6666666666666666;;
Laranja;Ciências Humanas e suas Tecnologias;Ciências Humanas e suas Tecnologias;0;11;0.0;0.0;;0.6666666666666666;;0.3333333333333333;
Laranja;Ciências Humanas e suas Tecnologias;Ciências Humanas e suas Tecnologias;0;12;0.0;0.0;0.3333333333333333;;;0.6666666666666666;
Laranja;Ciências Humanas e suas Tecnologias;Ciências Humanas e suas Tecnologias;0;13;0.0;0.0;0.3333333333333333;;0.3333333333333333;;0.3333333333333333
Laranja;Ciências Humanas e suas Tecnologias;Ciências Humanas e suas Tecnologias;0;14;0.0;0.0;;0.6666666666666666;;0.3333333333333333;
Laranja;Ciências Humanas e suas Tecnologias;Ciências Humanas e suas Tecnologias;0;15;0.0;0.0;0.6666666666666666;;0.3333333333333333;;
Laranja;Ciências Humanas e suas Tecnologias;Ciências Humanas e suas Tecnologias;0;16;0.0;0.0;;;0.6666666666666666;0.3333333333333333;
Laranja;Ciências Humanas e suas Tecnologias;Ciências Humanas e suas Tecnologias;0;17;0.0;0.0;0.3333333333333333;;;0.6666666666666666;
Laranja;Ciências Humanas e suas Tecnologias;Ciências Humanas e suas Tecnologias;0;18;0.0;0.0;0.6666666666666666;0.3333333333333333;;;
Laranja;Ciências Humanas e suas Tecnologias;Ciências Humanas e suas Tecnologias;0;19;0.0;0.0;;0.3333333333333333;0.3333333333333333;;0.3333333333333333
Laranja;Ciências Humanas e suas Tecnologias;Ciências Humanas e suas Tecnologias;0;20;0.0;0.0;;0.3333333333333333;;0.3333333333333333;0.3333333333333333
Laranja;Ciências Humanas e suas Tecnologias;Ciências Humanas e suas Tecnologias;0;21;0.0;0.0;0.6666666666666666;;;;0.3333333333333333
Laranja;Ciências Humanas e suas Tecnologias;Ciências Humanas e suas Tecnologias;0;22;0.0;0.0;0.3333333333333333;0.6666666666666666;;;
Laranja;Ciências Humanas e suas Tecnologias;Ciências Humanas e suas Tecnologias;0;23;0.0;0.0;0.3333333333333333;;0.3333333333333333;0.3333333333333333;
Laranja;Ciências Humanas e suas Tecnologias;Ciências Humanas e suas Tecnologias;0;24;0.0;0.0;;;0.3333333333333333;;0.6666666666666666
Laranja;Ciências Humanas e suas Tecnologias;Ciências Humanas e suas Tecnologias;0;25;0.0;0.0;0.6666666666666666;;;0.3333333333333333;
Laranja;Ciências Humanas e suas Tecnologias;Ciências Humanas e suas Tecnologias;0;26;0.0;0.0;0.6666666666666666;0.3333333333333333;;;
Laranja;Ciências Humanas e suas Tecnologias;Ciências Humanas e suas Tecnologias;0;27;0.0;0.0;;;0.3333333333333333;0.3333333333333333;0.3333333333333333
Laranja;Ciências Humanas e suas Tecnologias;Ciências Humanas e suas Tecnologias;0;28;0.0;0.0;;0.6666666666666666;0.3333333333333333;;
Laranja;Ciências Humanas e suas Tecnologias;Ciências Humanas e suas Tecnologias;0;29;0.0;0.0;0.3333333333333333;;0.6666666666666666;;
Laranja;Ciências Humanas e suas Tecnologias;Ciências Humanas e suas Tecnologias;0;30;0.0;0.0;;0.3333333333333333;;0.6666666666666666;
Laranja;Ciências Humanas e suas Tecnologias;Ciências Humanas e suas Tecnologias;0;31;0.0;0.0;;;1.0;;
Laranja;Ciências Humanas e suas Tecnologias;Ciências Humanas e suas Tecnologias;0;32;0.0;0.0;;;0.6666666666666666;;0.3333333333333333
Laranja;Ciências Humanas e suas Tecnologias;Ciências Humanas e suas Tecnologias;0;33;0.0;0.0;0.6666666666666666;0.3333333333333333;;;
Laranja;Ciências Humanas e suas Tecnologias;Ciências Humanas e suas Tecnologias;0;34;0.0;0.0;;;;;1.0
Laranja;Ciências Humanas e suas Tecnologias;Ciências Humanas e suas Tecnologias;0;35;0.0;0.0;0.3333333333333333;0.3333333333333333;0.3333333333333333;;
Laranja;Ciências Humanas e suas Tecnologias;Ciências Humanas e suas Tecnologias;0;36;0.0;0.0;;0.6666666666666666;0.3333333333333333;;
Laranja;Ciências Humanas e suas Tecnologias;Ciências Humanas e suas Tecnologias;0;37;0.0;0.0;0.6666666666666666;;;;0.3333333333333333
Laranja;Ciências Humanas e suas Tecnologias;Ciências Humanas e suas Tecnologias;0;38;0.0;0.0;;0.3333333333333333;0.3333333333333333;0.3333333333333333;
Laranja;Ciências Humanas e suas Tecnologias;Ciências Humanas e suas Tecnologias;0;39;0.0;0.0;0.6666666666666666;0.3333333333333333;;;
Laranja;Ciências Humanas e suas Tecnologias;Ciências Humanas e suas Tecnologias;0;40;0.0;0.0;0.3333333333333333;;0.3333333333333333;0.3333333333333333;
Laranja;Ciências Humanas e suas Tecnologias;Ciências Humanas e suas Tecnologias;0;41;0.0;0.0;0.6666666666666666;;;0.3333333333333333;
Laranja;Ciências Humanas e suas Tecnologias;Ciências Humanas e suas Tecnologias;0;42;0.0;0.0;0.3333333333333333;;0.6666666666666666;;
Laranja;Ciências Humanas e suas Tecnologias;Ciências Humanas e suas Tecnologias;0;43;0.0;0.0;;0.6666666666666666;;;0.3333333333333333
Laranja;Ciências Humanas e suas Tecnologias;Ciências Humanas e suas Tecnologias;0;44;0.0;0.0;0.6666666666666666;;0.3333333333333333;;
Laranja;Ciências Humanas e suas Tecnologias;Ciências Humanas e suas Tecnologias;0;45;0.0;0.0;;0.3333333333333333;;;0.6666666666666666
Laranja;Matemática e suas Tecnologias;Matemática e suas Tecnologias;0;1;0.0;0.0;0.3333333333333333;0.3333333333333333;;0.3333333333333333;
Laranja;Matemática e suas Tecnologias;Matemática e suas Tecnologias;0;2;0.0;0.0;;0.3333333333333333;0.3333333333333333;;0.3333333333333333
Laranja;Matemática e suas Tecnologias;Matemática e suas Tecnologias;0;3;0.0;0.0;0.3333333333333333;0.3333333333333333;0.3333333333333333;;
Laranja;Matemática e suas Tecnologias;Matemática e suas Tecnologias;0;4;0.0;0.0;0.3333333333333333;0.3333333333333333;0.3333333333333333;;
Laranja;Matemática e suas Tecnologias;Matemática e suas Tecnologias;0;5;0.0;0.0;0.3333333333333333;0.3333333333333333;0.3333333333333333;;
Laranja;Matemática e suas Tecnologias;Matemática e suas Tecnologias;0;6;0.0;0.0;0.3333333333333333;0.3333333333333333;0.3333333333333333;;
Laranja;Matemática e suas Tecnologias;Matemática e suas Tecnologias;0;7;0.0;0.0;0.3333333333333333;0.3333333333333333;;;0.3333333333333333
Laranja;Matemática e suas Tecnologias;Matemática e suas Tecnologias;0;8;0.0;0.0;0.6666666666666666;0.3333333333333333;;;
Laranja;Matemática e suas Tecnologias;Matemática e suas Tecnologias;0;9;0.0;0.0;;0.3333333333333333;;0.3333333333333333;0.3333333333333333
Laranja;Matemática e suas Tecnologias;Matemática e suas Tecnologias;0;10;0.0;0.0;;;0.3333333333333333;0.3333333333333333;0.3333333333333333
Laranja;Matemática e suas Tecnologias;Matemática e suas Tecnologias;0;11;0.0;0.0;0.3333333333333333;;;0.3333333333333333;0.3333333333333333
Laranja;Matemática e suas Tecnologias;Matemática e suas Tecnologias;0;12;0.0;0.0;0.3333333333333333;0.6666666666666666;;;
Laranja;Matemática e suas Tecnologias;Matemática e suas Tecnologias;0;13;0.0;0.0;;0.3333333333333333;;;0.6666666666666666
Laranja;Matemática e suas Tecnologias;Matemática e suas Tecnologias;0;14;0.0;0.0;;0.6666666666666666;;;0.3333333333333333
Laranja;Matemática e suas Tecnologias;Matemática e suas Tecnologias;0;15;0.0;0.0;0.3333333333333333;0.6666666666666666;;;
Laranja;Matemática e suas Tecnologias;Matemática e suas Tecnologias;0;16;0.0;0.0;0.3333333333333333;;;0.3333333333333333;0.3333333333333333
Laranja;Matemática e suas Tecnologias;Matemática e suas Tecnologias;0;17;0.0;0.0;;;0.3333333333333333;0.6666666666666666;
Laranja;Matemática e suas Tecnologias;Matemática e suas Tecnologias;0;18;0.0;0.0;0.3333333333333333;0.6666666666666666;;;
Laranja;Matemática e suas Tecnologias;Matemática e suas Tecnologias;0;19;0.0;0.0;1.0;;;;
Laranja;Matemática e suas Tecnologias;Matemática e suas Tecnologias;0;20;0.0;0.0;0.3333333333333333;;0.3333333333333333;0.3333333333333333;
Laranja;Matemática e suas Tecnologias;Matemática e suas Tecnologias;0;21;0.0;0.0;;0.3333333333333333;0.3333333333333333;0.3333333333333333;
Laranja;Matemática e suas Tecnologias;Matemática e suas Tecnologias;0;22;0.0;0.0;;0.3333333333333333;;;0.6666666666666666
Laranja;Matemática e suas Tecnologias;Matemática e suas Tecnologias;0;23;0.0;0.0;0.3333333333333333;0.3333333333333333;0.3333333333333333;;
Laranja;Matemática e suas Tecnologias;Matemática e suas Tecnologias;0;24;0.0;0.0;0.3333333333333333;0.3333333333333333;;0.3333333333333333;
Laranja;Matemática e suas Tecnologias;Matemática e suas Tecnologias;0;25;0.0;0.0;0.3333333333333333;0.3333333333333333;0.3333333333333333;;
Laranja;Matemática e suas Tecnologias;Matemática e suas Tecnologias;0;26;0.0;0.0;;;0.6666666666666666;;0.3333333333333333
Laranja;Matemática e suas Tecnologias;Matemática e suas Tecnologias;0;27;0.0;0.0;0.6666666666666666;0.3333333333333333;;;
Laranja;Matemática e suas Tecnologias;Matemática e suas Tecnologias;0;28;0.0;0.0;;;;0.6666666666666666;0.3333333333333333
Laranja;Matemática e suas Tecnologias;Matemática e suas Tecnologias;0;29;0.0;0.0;;0.6666666666666666;0.3333333333333333;;
Laranja;Matemática e suas Tecnologias;Matemática e suas Tecnologias;0;30;0.0;0.0;0.6666666666666666;;0.3333333333333333;;
Laranja;Matemática e suas Tecnologias;Matemática e suas Tecnologias;0;31;0.0;0.0;;;0.6666666666666666;0.3333333333333333;
Laranja;Matemática e suas Tecnologias;Matemática e suas Tecnologias;0;32;0.0;0.0;;0.6666666666666666;;;0.3333333333333333
Laranja;Matemática e suas Tecnologias;Matemática e suas Tecnologias;0;33;0.0;0.0;;;;0.6666666666666666;0.3333333333333333
Laranja;Matemática e suas Tecnologias;Matemática e suas Tecnologias;0;34;0.0;0.0;1.0;;;;
Laranja;Matemática e suas Tecnologias;Matemática e suas Tecnologias;0;35;0.0;0.0;0.3333333333333333;0.6666666666666666;;;
Laranja;Matemática e suas Tecnologias;Matemática e suas Tecnologias;0;36;0.0;0.0;0.6666666666666666;;;;0.3333333333333333
Laranja;Matemática e suas Tecnologias;Matemática e suas Tecnologias;0;37;0.0;0.0;;;0.3333333333333333;0.6666666666666666;
Laranja;Matemática e suas Tecnologias;Matemática e suas Tecnologias;0;38;0.0;0.0;;;0.6666666666666666;0.3333333333333333;
Laranja;Matemática e suas Tecnologias;Matemática e suas Tecnologias;0;39;0.0;0.0;;1.0;;;
Laranja;Matemática e suas Tecnologias;Matemática e suas Tecnologias;0;40;0.0;0.0;0.3333333333333333;0.3333333333333333;;0.3333333333333333;
Laranja;Matemática e suas Tecnologias;Matemática e suas Tecnologias;0;41;0.0;0.0;0.3333333333333333;;;0.3333333333333333;0.3333333333333333
Laranja;Matemática e suas Tecnologias;Matemática e suas Tecnologias;0;42;0.0;0.0;0.6666666666666666;;0.3333333333333333;;
Laranja;Matemática e suas Tecnologias;Matemática e suas Tecnologias;0;43;0.0;0.0;0.3333333333333333;0.6666666666666666;;;
Laranja;Matemática e suas Tecnologias;Matemática e suas Tecnologias;0;44;0.0;0.0;0.3333333333333333;0.6666666666666666;;;
Laranja;Matemática e suas Tecnologias;Matemática e suas Tecnologias;0;45;0.0;0.0;0.3333333333333333;0.3333333333333333;0.3333333333333333;;
Laranja;Ciências Naturais e suas Tecnologias;Ciências Naturais e suas Tecnologias;0;1;0.0;0.0;;0.3333333333333333;;0.6666666666666666;
Laranja;Ciências Naturais e suas Tecnologias;Ciências Naturais e suas Tecnologias;0;2;0.0;0.0;;0.3333333333333333;0.6666666666666666;;
Laranja;Ciências Naturais e suas Tecnologias;Ciências Naturais e suas Tecnologias;0;3;0.0;0.0;0.3333333333333333;0.3333333333333333;0.3333333333333333;;
Laranja;Ciências Naturais e suas Tecnologias;Ciências Naturais e suas Tecnologias;0;4;0.0;0.0;;0.6666666666666666;;0.3333333333333333;
Laranja;Ciências Naturais e suas Tecnologias;Ciências Naturais e suas Tecnologias;0;5;0.0;0.0;;;0.3333333333333333;0.3333333333333333;0.3333333333333333
Laranja;Ciências Naturais e suas Tecnologias;Ciências Naturais e suas Tecnologias;0;6;0.0;0.0;0.6666666666666666;;0.3333333333333333;;
Laranja;Ciências Naturais e suas Tecnologias;Ciências Naturais e suas Tecnologias;0;7;0.0;0.0;;0.6666666666666666;0.3333333333333333;;
Laranja;Ciências Naturais e suas Tecnologias;Ciências Naturais e suas Tecnologias;0;8;0.0;0.0;0.6666666666666666;;;0.3333333333333333;
Laranja;Ciências Naturais e suas Tecnologias;Ciências Naturais e suas Tecnologias;0;9;0.0;0.0;;0.3333333333333333;0.3333333333333333;;0.3333333333333333
Laranja;Ciências Naturais e suas Tecnologias;Ciências Naturais e suas Tecnologias;0;10;0.0;0.0;0.3333333333333333;0.3333333333333333;;0.3333333333333333;
Laranja;Ciências Naturais e suas Tecnologias;Ciências Naturais e suas Tecnologias;0;11;0.0;0.0;0.6666666666666666;0.3333333333333333;;;
Laranja;Ciências Naturais e suas Tecnologias;Ciências Naturais e suas Tecnologias;0;12;0.0;0.0;0.3333333333333333;;;;0.6666666666666666
Laranja;Ciências Naturais e suas Tecnologias;Ciências Naturais e suas Tecnologias;0;13;0.0;0.0;0.3333333333333333;0.6666666666666666;;;
Laranja;Ciências Naturais e suas Tecnologias;Ciências Naturais e suas Tecnologias;0;14;0.0;0.0;0.3333333333333333;;0.3333333333333333;0.3333333333333333;
Laranja;Ciências Naturais e suas Tecnologias;Ciências Naturais e suas Tecnologias;0;15;0.0;0.0;;0.3333333333333333;;;0.6666666666666666
Laranja;Ciências Naturais e suas Tecnologias;Ciências Naturais e suas Tecnologias;0;16;0.0;0.0;0.3333333333333333;0.3333333333333333;0.3333333333333333;;
Laranja;Ciências Naturais e suas Tecnologias;Ciências Naturais e suas Tecnologias;0;17;0.0;0.0;;;;0.3333333333333333;0.6666666666666666
Laranja;Ciências Naturais e suas Tecnologias;Ciências Naturais e suas Tecnologias;0;18;0.0;0.0;0.6666666666666666;;0.3333333333333333;;
Laranja;Ciências Naturais e suas Tecnologias;Ciências Naturais e suas Tecnologias;0;19;0.0;0.0;;1.0;;;
Laranja;Ciências Naturais e suas Tecnologias;Ciências Naturais e suas Tecnologias;0;20;0.0;0.0;;0.6666666666666666;0.3333333333333333;;
Laranja;Ciências Naturais e suas Tecnologias;Ciências Naturais e suas Tecnologias;0;21;0.0;0.0;0.6666666666666666;0.3333333333333333;;;
Laranja;Ciências Naturais e suas Tecnologias;Ciências Naturais e suas Tecnologias;0;22;0.0;0.0;0.6666666666666666;;;;0.3333333333333333
Laranja;Ciências Naturais e suas Tecnologias;Ciências Naturais e suas Tecnologias;0;23;0.0;0.0;;0.3333333333333333;0.6666666666666666;;
Laranja;Ciências Naturais e suas Tecnologias;Ciências Naturais e suas Tecnologias;0;24;0.0;0.0;0.3333333333333333;0.3333333333333333;;0.3333333333333333;
Laranja;Ciências Naturais e suas Tecnologias;Ciências Naturais e suas Tecnologias;0;25;0.0;0.0;0.3333333333333333;;0.3333333333333333;0.3333333333333333;
Laranja;Ciências Naturais e suas Tecnologias;Ciências Naturais e suas Tecnologias;0;26;0.0;0.0;0.3333333333333333;;0.3333333333333333;;0.3333333333333333
Laranja;Ciências Naturais e suas Tecnologias;Ciências Naturais e suas Tecnologias;0;27;0.0;0.0;0.6666666666666666;;;;0.3333333333333333
Laranja;Ciências Naturais e suas Tecnologias;Ciências Naturais e suas Tecnologias;0;28;0.0;0.0;0.6666666666666666;;;0.3333333333333333;
Laranja;Ciências Naturais e suas Tecnologias;Ciências Naturais e suas Tecnologias;0;29;0.0;0.0;;;;1.0;
Laranja;Ciências Naturais e suas Tecnologias;Ciências Naturais e suas Tecnologias;0;30;0.0;0.0;0.3333333333333333;;;;0.6666666666666666
Laranja;Ciências Naturais e suas Tecnologias;Ciências Naturais e suas Tecnologias;0;31;0.0;0.0;;1.0;;;
Laranja;Ciências Naturais e suas Tecnologias;Ciências Naturais e suas Tecnologias;0;32;0.0;0.0;;0.3333333333333333;0.3333333333333333;0.3333333333333333;
Laranja;Ciências Naturais e suas Tecnologias;Ciências Naturais e suas Tecnologias;0;33;0.0;0.0;0.6666666666666666;;;;0.3333333333333333
Laranja;Ciências Naturais e suas Tecnologias;Ciências Naturais e suas Tecnologias;0;34;0.0;0.0;0.3333333333333333;;;0.6666666666666666;
Laranja;Ciências Naturais e suas Tecnologias;Ciências Naturais e suas Tecnologias;0;35;0.0;0.0;0.6666666666666666;;;;0.3333333333333333
Laranja;Ciências Naturais e suas Tecnologias;Ciências Naturais e suas Tecnologias;0;36;0.0;0.0;;0.6666666666666666;;0.3333333333333333;
Laranja;Ciências Naturais e suas Tecnologias;Ciências Naturais e suas Tecnologias;0;37;0.0;0.0;;0.6666666666666666;;;0.3333333333333333
Laranja;Ciências Naturais e suas Tecnologias;Ciências Naturais e suas Tecnologias;0;38;0.0;0.0;0.3333333333333333;;0.6666666666666666;;
Laranja;Ciências Naturais e suas Tecnologias;Ciências Naturais e suas Tecnologias;0;39;0.0;0.0;;0.6666666666666666;0.3333333333333333;;
Laranja;Ciências Naturais e suas Tecnologias;Ciências Naturais e suas Tecnologias;0;40;0.0;0.0;1.0;;;;
Laranja;Ciências Naturais e suas Tecnologias;Ciências Naturais e suas Tecnologias;0;41;0.0;0.0;;0.6666666666666666;;;0.3333333333333333
Laranja;Ciências Naturais e suas Tecnologias;Ciências Naturais e suas Tecnologias;0;42;0.0;0.0;0.3333333333333333;0.3333333333333333;;0.3333333333333333;
Laranja;Ciências Naturais e suas Tecnologias;Ciências Naturais e suas Tecnologias;0;43;0.0;0.0;1.0;;;;
Laranja;Ciências Naturais e suas Tecnologias;Ciências Naturais e suas Tecnologias;0;44;0.0;0.0;0.3333333333333333;;0.3333333333333333;0.3333333333333333;
Laranja;Ciências Naturais e suas Tecnologias;Ciências Naturais e suas Tecnologias;0;45;0.0;0.0;0.3333333333333333;;0.3333333333333333;0.3333333333333333;
Rosa;Linguagens, Códigos e suas Tecnologias;Inglês;0;1;0.0008319467554076539;0.00026272002802346965;0.8582961286771451;0.02348480215277353;0.004831508776221638;0.03877438688765213;0.07461317350620757
Rosa;Linguagens, Códigos e suas Tecnologias;Inglês;0;2;0.0009633067694193887;0.00048165338470969435;0.6380713455301964;0.014623998041975157;0.05586489628587163;0.26353790613718414;0.027901854004772686
Rosa;Linguagens, Códigos e suas Tecnologias;Inglês;0;3;0.0013573868114545933;0.0006568000700586742;0.21108389467238212;0.09179424372320882;0.6252296387017758;0.021065523576240048;0.050826699326393145
Rosa;Linguagens, Códigos e suas Tecnologias;Inglês;0;4;0.001488746825466328;0.0005692267273841843;0.0990262722763182;0.06497642231612469;0.2909547430951069;0.3989221630228428;0.14612039928960743
Rosa;Linguagens, Códigos e suas Tecnologias;Inglês;0;5;0.002276906909536737;0.0003065066993607146;0.04479990194275908;0.06716921002635289;0.16871974014831156;0.5201936630508059;0.19911748483177055
Rosa;Linguagens, Códigos e suas Tecnologias;Espanhol;1;1;0.0010946667834311236;0.0004378667133724494;0.1974482651314766;0.0865100357865256;0.04512214096779213;0.20304963435506457;0.4678699237591411
Rosa;Linguagens, Códigos e suas Tecnologias;Espanhol;1;2;0.0011822401261056133;0.0005692267273841843;0.15462472749922143;0.08330738087823109;0.19775770787916536;0.1659919028340081;0.39831828090937405
Rosa;Linguagens, Códigos e suas Tecnologias;Espanhol;1;3;0.0012698134687801033;0.0004378667133724494;0.14261248637708235;0.3067102600031138;0.17888836992059784;0.04982095593959209;0.3219679277596139
Rosa;Linguagens, Códigos e suas Tecnologias;Espanhol;1;4;0.0012698134687801033;0.0004378667133724494;0.10680367429550054;0.16581036898645493;0.36104624007473146;0.26498520940370546;0.10135450723960766
Rosa;Linguagens, Códigos e suas Tecnologias;Espanhol;1;5;0.0012260267974428583;0.00026272002802346965;0.40245799626633477;0.12289981331673927;0.23724331051649036;0.19352831362787803;0.04387056627255756
Rosa;Linguagens, Códigos e suas Tecnologias;Linguagens (comum);2;6;0.0009195200980821438;0.0008319467554076539;0.036757610316694445;0.01908062110711466;0.014518817440126328;0.9174050355294324;0.012237915606632161
Rosa;Linguagens, Códigos e suas Tecnologias;Linguagens (comum);2;7;0.0010070934407566336;0.0006568000700586742;0.07785087719298246;0.770921052631579;0.06162280701754386;0.022719298245614035;0.0668859649122807
Rosa;Linguagens, Códigos e suas Tecnologias;Linguagens (comum);2;8;0.0032402136789561257;0.000744373412733164;0.1889919549830747;0.16441728579592912;0.3347694201433156;0.2138743570580736;0.09794698201960698
Rosa;Linguagens, Códigos e suas Tecnologias;Linguagens (comum);2;9;0.0012260267974428583;0.0007881600840704089;0.041110916110916114;0.14785889785889786;0.7014742014742015;0.021235521235521235;0.08832046332046332
Rosa;Linguagens, Códigos e suas Tecnologias;Linguagens (comum);2;10;0.002101760224187757;0.0009195200980821438;0.4514471430453687;0.11559576617330582;0.1487988053932979;0.14243049760639465;0.14172778778163292
Rosa;Linguagens, Códigos e suas Tecnologias;Linguagens (comum);2;11;0.0018828268675015326;0.00048165338470969435;0.1796436095505618;0.15159761235955055;0.20646067415730338;0.25105337078651685;0.21124473314606743
Rosa;Linguagens, Códigos e suas Tecnologias;Linguagens (comum);2;12;0.0010070934407566336;0.000700586741395919;0.6755559454362033;0.17461292161936928;0.065792359314005;0.054388350366244134;0.029650423264178254
Rosa;Linguagens, Códigos e suas Tecnologias;Linguagens (comum);2;13;0.0013136001401173483;0.0012260267974428583;0.06553994732221247;0.028314310798946446;0.1364793678665496;0.6898156277436348;0.07985074626865672
Rosa;Linguagens, Códigos e suas Tecnologias;Linguagens (comum);2;14;0.002101760224187757;0.0006568000700586742;0.4977826564215148;0.29194291986827664;0.09980241492864983;0.07819978046103183;0.0322722283205269
Rosa;Linguagens, Códigos e suas Tecnologias;Linguagens (comum);2;15;0.0015763201681408179;0.0011384534547683686;0.7446434843695118;0.045969441517386724;0.015191429574991219;0.07521074815595363;0.11898489638215666
Rosa;Linguagens, Códigos e suas Tecnologias;Linguagens (comum);2;16;0.0008319467554076539;0.0005254400560469393;0.10987854606042005;0.023457710352084885;0.03060463892664533;0.7045643881264524;0.13149471653439734
Rosa;Linguagens, Códigos e suas Tecnologias;Linguagens (comum);2;17;0.001488746825466328;0.0009633067694193887;0.22737248705118077;0.07312790799754192;0.21793521200948118;0.02177157404968835;0.4597928188921078
Rosa;Linguagens, Códigos e suas Tecnologias;Linguagens (comum);2;18;0.002189333566862247;0.0005254400560469393;0.2815683175272216;0.4227256761503337;0.09343168247277836;0.11156480505795574;0.09070951879171057
Rosa;Linguagens, Códigos e suas Tecnologias;Linguagens (comum);2;19;0.0013573868114545933;0.0008319467554076539;0.3425925925925926;0.25136036510444093;0.14257503949447078;0.16447252940143936;0.09899947340705635
Rosa;Linguagens, Códigos e suas Tecnologias;Linguagens (comum);2;20;0.0013573868114545933;0.0011384534547683686;0.016504982222027127;0.05767964531846714;0.23260611913436635;0.12541152714981782;0.5677977261753215
Rosa;Linguagens, Códigos e suas Tecnologias;Linguagens (comum);2;21;0.0012698134687801033;0.0008319467554076539;0.06270293988591487;0.6469504168494954;0.1591926283457657;0.09653356735410268;0.03462044756472137
Rosa;Linguagens, Códigos e suas Tecnologias;Linguagens (comum);2;22;0.0011384534547683686;0.000700586741395919;0.500482540796631;0.2450429899982453;0.06812598701526583;0.06022986488857694;0.12611861730128093
Rosa;Linguagens, Códigos e suas Tecnologias;Linguagens (comum);2;23;0.002101760224187757;0.0009195200980821438;0.31727348587992443;0.05261539812903509;0.26760068514207913;0.1979006543985243;0.164609776450437
Rosa;Linguagens, Códigos e suas Tecnologias;Linguagens (comum);2;24;0.0011384534547683686;0.0008319467554076539;0.8102926337033299;0.00991532488044575;0.04027552318694336;0.05488527179397183;0.08463124643530909
Rosa;Linguagens, Códigos e suas Tecnologias;Linguagens (comum);2;25;0.001444960154129083;0.0004378667133724494;0.08019302478613731;0.07527966659355122;0.040930028515025224;0.765123930686554;0.03847334941873218
Rosa;Linguagens, Códigos e suas Tecnologias;Linguagens (comum);2;26;0.0017076801821525529;0.0005254400560469393;0.05112564181331461;0.027471804098828278;0.02369772238557072;0.2803791635581691;0.6173256681441173
Rosa;Linguagens, Códigos e suas Tecnologias;Linguagens (comum);2;27;0.0013573868114545933;0.0006568000700586742;0.22183222183222184;0.5698929448929448;0.1357932607932608;0.032686907686907685;0.03979466479466479
Rosa;Linguagens, Códigos e suas Tecnologias;Linguagens (comum);2;28;0.002276906909536737;0.0009195200980821438;0.2692290797276521;0.0281133318690973;0.19376235449154403;0.37311662640017573;0.13577860751153087
Rosa;Linguagens, Códigos e suas Tecnologias;Linguagens (comum);2;29;0.0016201068394780629;0.0008757334267448988;0.1539001799745402;0.035512049514946666;0.22356349589570257;0.22940169439445152;0.3576225802203591
Rosa;Linguagens, Códigos e suas Tecnologias;Linguagens (comum);2;30;0.002057973552850512;0.0008757334267448988;0.40125598348776953;0.07285582539194589;0.3018751921303412;0.0993807913574283;0.12463220763251504
Rosa;Linguagens, Códigos e suas Tecnologias;Linguagens (comum);2;31;0.0010070934407566336;0.0005692267273841843;0.12169985089027278;0.02469081659503552;0.06749407946671344;0.7593193579510569;0.026795895096921322
Rosa;Linguagens, Códigos e suas Tecnologias;Linguagens (comum);2;32;0.002802346965583676;0.0005692267273841843;0.3468652519660823;0.17046702693203286;0.22525372347436404;0.1332981854927288;0.12411581213479198
Rosa;Linguagens, Códigos e suas Tecnologias;Linguagens (comum);2;33;0.001444960154129083;0.0013136001401173483;0.2115477497255763;0.013391877058177827;0.06489571899012074;0.02212952799121844;0.6880351262349067
Rosa;Linguagens, Códigos e suas Tecnologias;Linguagens (comum);2;34;0.0019266135388387774;0.0007881600840704089;0.4003336845802599;0.2300228310502283;0.07011766772040745;0.09839304531085354;0.20113277133825078
Rosa;Linguagens, Códigos e suas Tecnologias;Linguagens (comum);2;35;0.001488746825466328;0.0011384534547683686;0.1491351303889718;0.07331635788919133;0.08582843094213714;0.620642725436825;0.07107735534287471
Rosa;Linguagens, Códigos e suas Tecnologias;Linguagens (comum);2;36;0.0036342937209913303;0.0005692267273841843;0.411837129540058;0.226673115820948;0.1451499428370416;0.10768621932987424;0.10865359247207809
Rosa;Linguagens, Códigos e suas Tecnologias;Linguagens (comum);2;37;0.0018828268675015326;0.000700586741395919;0.25953729312085694;0.18622415382589227;0.3490495631941701;0.12217393213047105;0.08301505772860969
Rosa;Linguagens, Códigos e suas Tecnologias;Linguagens (comum);2;38;0.0024520535948857167;0.0009195200980821438;0.21506084969904662;0.06840648477659154;0.21128245683405825;0.3571899301436668;0.14806027854663678
Rosa;Linguagens, Códigos e suas Tecnologias;Linguagens (comum);2;39;0.002057973552850512;0.000700586741395919;0.22533479692645444;0.4365312843029638;0.10577387486278815;0.08399560922063666;0.14836443468715696
Rosa;Linguagens, Códigos e suas Tecnologias;Linguagens (comum);2;40;0.0018828268675015326;0.0008319467554076539;0.16293466807165438;0.16789603090972954;0.36981910783280647;0.1556023884791008;0.1437478047067088
Rosa;Linguagens, Códigos e suas Tecnologias;Linguagens (comum);2;41;0.004291093791050004;0.0008757334267448988;0.25955105633802816;0.4098591549295775;0.10748239436619718;0.0628080985915493;0.16029929577464788
Rosa;Linguagens, Códigos e suas Tecnologias;Linguagens (comum);2;42;0.0015763201681408179;0.0008319467554076539;0.04468243866040469;0.8869332396962648;0.023570205855242943;0.016152394329105035;0.028661721458982575
Rosa;Linguagens, Códigos e suas Tecnologias;Linguagens (comum);2;43;0.0036780803923285752;0.0019266135388387774;0.1535006605019815;0.12699251431087627;0.1187142228093351;0.27432848965213563;0.3264641127256715
Rosa;Linguagens, Códigos e suas Tecnologias;Linguagens (comum);2;44;0.0035029337069795953;0.0009195200980821438;0.4751286449399657;0.0883142015217487;0.321766284030435;0.06254123235255311;0.05224963715529753
Rosa;Linguagens, Códigos e suas Tecnologias;Linguagens (comum);2;45;0.002189333566862247;0.0011384534547683686;0.25867674193831824;0.1822774800105439;0.1631227484403831;0.08993058606449346;0.3059924435462613
Rosa;Ciências Humanas e suas Tecnologias;Ciências Humanas e suas Tecnologias;0;1;0.0018828268675015326;0.0012260267974428583;0.11187244696270919;0.7428295339746124;0.06579698686695656;0.05890104098036632;0.020599991215355558
Rosa;Ciências Humanas e suas Tecnologias;Ciências Humanas e suas Tecnologias;0;2;0.0018828268675015326;0.0011822401261056133;0.13808854532677442;0.13470660576247365;0.02244378074490513;0.5941233309908643;0.11063773717498243
Rosa;Ciências Humanas e suas Tecnologias;Ciências Humanas e suas Tecnologias;0;3;0.002101760224187757;0.00048165338470969435;0.07827384872031257;0.2663418060494315;0.09859958733921595;0.5351420167698319;0.02164274112120813
Rosa;Ciências Humanas e suas Tecnologias;Ciências Humanas e suas Tecnologias;0;4;0.0034591470356423503;0.0008319467554076539;0.32616534740545294;0.2098944591029024;0.09727352682497802;0.1302990325417766;0.23636763412489006
Rosa;Ciências Humanas e suas Tecnologias;Ciências Humanas e suas Tecnologias;0;5;0.0027585602942464312;0.001532533496803573;0.1594547053649956;0.1109938434476693;0.10197889182058048;0.19221635883905014;0.43535620052770446
Rosa;Ciências Humanas e suas Tecnologias;Ciências Humanas e suas Tecnologias;0;6;0.002233120238199492;0.0012698134687801033;0.10203005536514632;0.04372088935758854;0.5298356621847262;0.10299674839616837;0.2214166446963705
Rosa;Ciências Humanas e suas Tecnologias;Ciências Humanas e suas Tecnologias;0;7;0.0024082669235484717;0.0007881600840704089;0.06343070502965079;0.24564023720623765;0.08653634965956512;0.07507138150669888;0.5293213265978476
Rosa;Ciências Humanas e suas Tecnologias;Ciências Humanas e suas Tecnologias;0;8;0.0025396269375602067;0.0008757334267448988;0.2870826010544815;0.09595782073813708;0.429701230228471;0.10869947275922671;0.07855887521968366
Rosa;Ciências Humanas e suas Tecnologias;Ciências Humanas e suas Tecnologias;0;9;0.0036342937209913303;0.0008319467554076539;0.07793807178043631;0.3708216045038705;0.03694581280788178;0.19871569317382126;0.31557881773399016
Rosa;Ciências Humanas e suas Tecnologias;Ciências Humanas e suas Tecnologias;0;10;0.002802346965583676;0.0008319467554076539;0.32889474840694355;0.03537684025488903;0.04043067457701604;0.5701604043067457;0.025137332454405626
Rosa;Ciências Humanas e suas Tecnologias;Ciências Humanas e suas Tecnologias;0;11;0.002846133636920921;0.0006130133987214292;0.09635748495100839;0.12039193286172503;0.5193549804472956;0.18098334724724285;0.08291225449272815
Rosa;Ciências Humanas e suas Tecnologias;Ciências Humanas e suas Tecnologias;0;12;0.002933706979595411;0.0010508801120938786;0.045148810832197656;0.1641535147491977;0.050688002813557835;0.7034773816327428;0.03653228997230404
Rosa;Ciências Humanas e suas Tecnologias;Ciências Humanas e suas Tecnologias;0;13;0.0026272002802346967;0.0018390401961642876;0.4897959183673469;0.16128606615059818;0.13309289232934554;0.12504398311048556;0.09078114004222379
Rosa;Ciências Humanas e suas Tecnologias;Ciências Humanas e suas Tecnologias;0;14;0.002977493650932656;0.0017076801821525529;0.1477717654304694;0.082838414500022;0.22185561567902864;0.4368043640842902;0.11072984030618979
Rosa;Ciências Humanas e suas Tecnologias;Ciências Humanas e suas Tecnologias;0;15;0.002846133636920921;0.0010946667834311236;0.28477228767364166;0.0936785651485845;0.2731668718129066;0.08000703358537015;0.2683752417794971
Rosa;Ciências Humanas e suas Tecnologias;Ciências Humanas e suas Tecnologias;0;16;0.0024958402662229617;0.000700586741395919;0.21133318690972985;0.23500988359323524;0.08666813090270152;0.14943992971667033;0.3175488688776631
Rosa;Ciências Humanas e suas Tecnologias;Ciências Humanas e suas Tecnologias;0;17;0.0037218670636658202;0.0008757334267448988;0.18374169709233273;0.4632912506048476;0.09400431091364976;0.09299256587339991;0.16597017551577004
Rosa;Ciências Humanas e suas Tecnologias;Ciências Humanas e suas Tecnologias;0;18;0.003021280322269901;0.0009195200980821438;0.07490768419201688;0.31251098997714083;0.1311763671531563;0.3715051872692105;0.10989977140847547
Rosa;Ciências Humanas e suas Tecnologias;Ciências Humanas e suas Tecnologias;0;19;0.002802346965583676;0.0013136001401173483;0.23469926134365107;0.1225817798100598;0.11576679563841014;0.16949525149489975;0.3574569117129793
Rosa;Ciências Humanas e suas Tecnologias;Ciências Humanas e suas Tecnologias;0;20;0.0031088536649443907;0.0005254400560469393;0.12362118215776752;0.06257965282355527;0.1071852340145023;0.5405844869259503;0.16602944407822456
Rosa;Ciências Humanas e suas Tecnologias;Ciências Humanas e suas Tecnologias;0;21;0.0025396269375602067;0.0010946667834311236;0.23625576796308503;0.05686662272028126;0.10410898703581631;0.5490661393100418;0.05370248297077566
Rosa;Ciências Humanas e suas Tecnologias;Ciências Humanas e suas Tecnologias;0;22;0.0023644802522112267;0.0011822401261056133;0.7638528804323944;0.06806696840532583;0.08006327723337874;0.0591466361998506;0.028870237729050403
Rosa;Ciências Humanas e suas Tecnologias;Ciências Humanas e suas Tecnologias;0;23;0.004028373763026534;0.00048165338470969435;0.299802067297119;0.11462502749065318;0.1294479876841874;0.31493292280624585;0.14119199472179458
Rosa;Ciências Humanas e suas Tecnologias;Ciências Humanas e suas Tecnologias;0;24;0.002320693580873982;0.0010508801120938786;0.042572821932252536;0.13395720750406398;0.6830543473485348;0.060278546636791004;0.08013707657835771
Rosa;Ciências Humanas e suas Tecnologias;Ciências Humanas e suas Tecnologias;0;25;0.0026709869515719417;0.0010070934407566336;0.10200404324514371;0.06609826843631889;0.06091236705634174;0.6192317834226949;0.15175353783950074
Rosa;Ciências Humanas e suas Tecnologias;Ciências Humanas e suas Tecnologias;0;26;0.002889920308258166;0.0008757334267448988;0.08342123769338959;0.25263713080168776;0.09432137834036568;0.5490066807313643;0.020613572433192687
Rosa;Ciências Humanas e suas Tecnologias;Ciências Humanas e suas Tecnologias;0;27;0.003021280322269901;0.0009633067694193887;0.228205917263815;0.12181826174880205;0.3477381632742779;0.14933837429111532;0.15289928342198972
Rosa;Ciências Humanas e suas Tecnologias;Ciências Humanas e suas Tecnologias;0;28;0.0032840003502933707;0.001444960154129083;0.3099868015838099;0.3038715354157501;0.20299164100307962;0.061460624725033;0.12168939727232732
Rosa;Ciências Humanas e suas Tecnologias;Ciências Humanas e suas Tecnologias;0;29;0.002889920308258166;0.002189333566862247;0.4929143561306223;0.1717278408590793;0.1346272335181762;0.09382976850629346;0.10690080098582871
Rosa;Ciências Humanas e suas Tecnologias;Ciências Humanas e suas Tecnologias;0;30;0.00380944040634031;0.0011822401261056133;0.29559056504136594;0.1839904946312269;0.13307516282344659;0.3181658158774864;0.06917796162647422
Rosa;Ciências Humanas e suas Tecnologias;Ciências Humanas e suas Tecnologias;0;31;0.0024958402662229617;0.000744373412733164;0.13191881918819187;0.12647162185907573;0.1857318573185732;0.2679230363732209;0.2879546652609383
Rosa;Ciências Humanas e suas Tecnologias;Ciências Humanas e suas Tecnologias;0;32;0.0025396269375602067;0.0009195200980821438;0.06582011511929346;0.048112834483061646;0.6832901269827321;0.06727009095302958;0.13550683246188322
Rosa;Ciências Humanas e suas Tecnologias;Ciências Humanas e suas Tecnologias;0;33;0.0034591470356423503;0.001401173482791838;0.4410172922075065;0.17705812469749638;0.09411712940555286;0.1489417873014476;0.13886566638799666
Rosa;Ciências Humanas e suas Tecnologias;Ciências Humanas e suas Tecnologias;0;34;0.002933706979595411;0.0010946667834311236;0.15391717225006596;0.04695331047217093;0.4298338169348457;0.18038336410797504;0.1889123362349424
Rosa;Ciências Humanas e suas Tecnologias;Ciências Humanas e suas Tecnologias;0;35;0.0035029337069795953;0.0011384534547683686;0.1457416857293683;0.2283565018476157;0.4508622206581031;0.0998592292803097;0.0751803624846032
Rosa;Ciências Humanas e suas Tecnologias;Ciências Humanas e suas Tecnologias;0;36;0.003065066993607146;0.0008757334267448988;0.11746087568137858;0.23729558642518023;0.3723843854404783;0.12972569017056446;0.14313346228239845
Rosa;Ciências Humanas e suas Tecnologias;Ciências Humanas e suas Tecnologias;0;37;0.0034591470356423503;0.0010946667834311236;0.3915281076801267;0.37696841734846487;0.08238761326647312;0.07662531890560394;0.0724905427993314
Rosa;Ciências Humanas e suas Tecnologias;Ciências Humanas e suas Tecnologias;0;38;0.0033277870216306157;0.000744373412733164;0.09923060013189712;0.32288415036271706;0.37841283798637065;0.0977357661024401;0.10173664541657507
Rosa;Ciências Humanas e suas Tecnologias;Ciências Humanas e suas Tecnologias;0;39;0.004378667133724494;0.0016201068394780629;0.24672921897713757;0.1899916303246553;0.1272631161622836;0.11356327915069821;0.32245275538522533
Rosa;Ciências Humanas e suas Tecnologias;Ciências Humanas e suas Tecnologias;0;40;0.0036780803923285752;0.0010070934407566336;0.2701157010250319;0.1567462936078483;0.10413092252870529;0.30293431877172144;0.16607276406669305
Rosa;Ciências Humanas e suas Tecnologias;Ciências Humanas e suas Tecnologias;0;41;0.004159733777038269;0.0011384534547683686;0.3364880926178633;0.18391512963859666;0.2024475062728353;0.21842672888145442;0.05872254258925034
Rosa;Ciências Humanas e suas Tecnologias;Ciências Humanas e suas Tecnologias;0;42;0.004072160434363779;0.0010508801120938786;0.27265525284978653;0.2017956956119889;0.27604418819594206;0.09524228687117645;0.15426257647110603
Rosa;Ciências Humanas e suas Tecnologias;Ciências Humanas e suas Tecnologias;0;43;0.004422453805061739;0.0011384534547683686;0.29007969706309716;0.14094491656025715;0.34230108757870636;0.09717757914666901;0.1294967196512703
Rosa;Ciências Humanas e suas Tecnologias;Ciências Humanas e suas Tecnologias;0;44;0.0033715736929678607;0.0006130133987214292;0.270848903152064;0.1435354112630237;0.1463050072537038;0.37560997054556644;0.06370070778564206
Rosa;Ciências Humanas e suas Tecnologias;Ciências Humanas e suas Tecnologias;0;45;0.0031088536649443907;0.0008319467554076539;0.11407596272199753;0.03296993142254264;0.040574995604009144;0.14572709688763846;0.6666520133638122
Rosa;Matemática e suas Tecnologias;Matemática e suas Tecnologias;0;1;0.00048165338470969435;0.0009195200980821438;0.03168426903835464;0.7377246618491755;0.07420789327404113;0.13854919399666482;0.017833981841763942
Rosa;Matemática e suas Tecnologias;Matemática e suas Tecnologias;0;2;0.001444960154129083;0.0003502933706979595;0.46892812456554983;0.1296167570322999;0.07998517076787617;0.2690578803466333;0.052412067287640765
Rosa;Matemática e suas Tecnologias;Matemática e suas Tecnologias;0;3;0.001444960154129083;0.0013573868114545933;0.1513731675635554;0.3176377806643162;0.2407218407867879;0.09227129337539432;0.1979959176099462
Rosa;Matemática e suas Tecnologias;Matemática e suas Tecnologias;0;4;0.0008319467554076539;0.0013573868114545933;0.03866481223922114;0.05159944367176634;0.4390820584144645;0.12382939267501158;0.3468242929995364
Rosa;Matemática e suas Tecnologias;Matemática e suas Tecnologias;0;5;0.0019704002101760226;0.0007881600840704089;0.19042538386602959;0.38859767129006817;0.22693324674119775;0.15062392726260612;0.04341977084009834
Rosa;Matemática e suas Tecnologias;Matemática e suas Tecnologias;0;6;0.0006130133987214292;0.0009633067694193887;0.251297257227576;0.2708024462564863;0.18611008154188288;0.16868977020014825;0.1231004447739066
Rosa;Matemática e suas Tecnologias;Matemática e suas Tecnologias;0;7;0.0007881600840704089;0.0006130133987214292;0.0917639429312581;0.4560403928108208;0.2775616083009079;0.07388363905873634;0.10075041689827682
Rosa;Matemática e suas Tecnologias;Matemática e suas Tecnologias;0;8;0.001488746825466328;0.00048165338470969435;0.246396292004635;0.18702201622247971;0.2102433371958285;0.19151796060254925;0.16482039397450754
Rosa;Matemática e suas Tecnologias;Matemática e suas Tecnologias;0;9;0.0013136001401173483;0.0007881600840704089;0.2763304283330243;0.32690524754311145;0.21342480993880958;0.12803634340812164;0.05530317077693306
Rosa;Matemática e suas Tecnologias;Matemática e suas Tecnologias;0;10;0.0006130133987214292;0.0016201068394780629;0.1051972738652696;0.04381287959571607;0.3404423014511567;0.04483286197783856;0.465714683110019
Rosa;Matemática e suas Tecnologias;Matemática e suas Tecnologias;0;11;0.0016638935108153079;0.0005254400560469393;0.1900324524802967;0.20250347705146035;0.23834028743625404;0.23240611961057023;0.13671766342141864
Rosa;Matemática e suas Tecnologias;Matemática e suas Tecnologias;0;12;0.001401173482791838;0.0005254400560469393;0.26089173155357803;0.3738876529477197;0.12119948090470893;0.09802558398220244;0.14599555061179087
Rosa;Matemática e suas Tecnologias;Matemática e suas Tecnologias;0;13;0.0004378667133724494;0.0012698134687801033;0.07390760391084751;0.02984106389879987;0.07868032065242575;0.5123024882998934;0.30526852323803344
Rosa;Matemática e suas Tecnologias;Matemática e suas Tecnologias;0;14;0.0018828268675015326;0.0009195200980821438;0.14023937650770088;0.409537947671182;0.19261458526628317;0.16542957877157172;0.0921785117832622
Rosa;Matemática e suas Tecnologias;Matemática e suas Tecnologias;0;15;0.001488746825466328;0.0006568000700586742;0.3385563951601687;0.21547447962542302;0.2363821797784062;0.1430624449492374;0.06652450048676464
Rosa;Matemática e suas Tecnologias;Matemática e suas Tecnologias;0;16;0.0006130133987214292;0.0011384534547683686;0.10004633920296571;0.14318813716404077;0.3799814643188137;0.14026876737720112;0.23651529193697868
Rosa;Matemática e suas Tecnologias;Matemática e suas Tecnologias;0;17;0.0013573868114545933;0.0005254400560469393;0.1289335866895305;0.2847476479584743;0.2489688093803587;0.2585160124206331;0.07883394355100339
Rosa;Matemática e suas Tecnologias;Matemática e suas Tecnologias;0;18;0.000744373412733164;0.0010946667834311236;0.0585781814811382;0.07748632866808787;0.20715543609231624;0.3497543794605617;0.307025674297896
Rosa;Matemática e suas Tecnologias;Matemática e suas Tecnologias;0;19;0.0011384534547683686;0.0009633067694193887;0.19103467457815687;0.2592712775820508;0.40394956424995365;0.10305025032449472;0.04269423326534397
Rosa;Matemática e suas Tecnologias;Matemática e suas Tecnologias;0;20;0.0013573868114545933;0.0017076801821525529;0.20649651972157773;0.14877030162412994;0.16236658932714618;0.08677494199535962;0.39559164733178653
Rosa;Matemática e suas Tecnologias;Matemática e suas Tecnologias;0;21;0.0017076801821525529;0.0010070934407566336;0.17214027275257446;0.247100844234159;0.15344651637443177;0.16532145839131646;0.2619909082475183
Rosa;Matemática e suas Tecnologias;Matemática e suas Tecnologias;0;22;0.0010070934407566336;0.0016201068394780629;0.04837662337662338;0.13371985157699443;0.07922077922077922;0.06655844155844155;0.6721243042671614
Rosa;Matemática e suas Tecnologias;Matemática e suas Tecnologias;0;23;0.001401173482791838;0.0006130133987214292;0.0767590618336887;0.16510614628719755;0.3788356354871605;0.2958653935292482;0.08343376286270511
Rosa;Matemática e suas Tecnologias;Matemática e suas Tecnologias;0;24;0.0008757334267448988;0.0009633067694193887;0.0366577069237186;0.03661136342571137;0.5904161646121049;0.2943738993419223;0.041940865696542776
Rosa;Matemática e suas Tecnologias;Matemática e suas Tecnologias;0;25;0.0018390401961642876;0.0010946667834311236;0.11075024358557974;0.2625620563262655;0.3501136732705424;0.15747227764116364;0.11910174917644875
Rosa;Matemática e suas Tecnologias;Matemática e suas Tecnologias;0;26;0.0016201068394780629;0.001488746825466328;0.2320293285071233;0.23258619889554039;0.1516543691122558;0.19123857255557103;0.1924915309295095
Rosa;Matemática e suas Tecnologias;Matemática e suas Tecnologias;0;27;0.0009195200980821438;0.0013573868114545933;0.4306379821958457;0.08262240356083086;0.11011683976261127;0.19913761127596438;0.17748516320474778
Rosa;Matemática e suas Tecnologias;Matemática e suas Tecnologias;0;28;0.0019266135388387774;0.001401173482791838;0.18566654288897141;0.21811177125881917;0.19824545116969922;0.2396026735982176;0.1583735610842926
Rosa;Matemática e suas Tecnologias;Matemática e suas Tecnologias;0;29;0.002014186881513267;0.0012260267974428583;0.1332033788174139;0.23048361644852872;0.2670101178873109;0.22328970574584608;0.1460131811009004
Rosa;Matemática e suas Tecnologias;Matemática e suas Tecnologias;0;30;0.001488746825466328;0.000700586741395919;0.1672693555864627;0.15961984237366714;0.28382012053778394;0.22656467315716272;0.1627260083449235
Rosa;Matemática e suas Tecnologias;Matemática e suas Tecnologias;0;31;0.0010508801120938786;0.0006568000700586742;0.2899772948426857;0.19396691534219915;0.27148880960103794;0.15152217228117326;0.09304480793290394
Rosa;Matemática e suas Tecnologias;Matemática e suas Tecnologias;0;32;0.001444960154129083;0.0010508801120938786;0.10564392709734267;0.3474933914575894;0.18712609562676807;0.14993275518248853;0.20980383063581134
Rosa;Matemática e suas Tecnologias;Matemática e suas Tecnologias;0;33;0.0010508801120938786;0.0024082669235484717;0.09850981848567847;0.19112390325425932;0.07320922891230676;0.09177846896615756;0.5453785803815979
Rosa;Matemática e suas Tecnologias;Matemática e suas Tecnologias;0;34;0.002977493650932656;0.0008757334267448988;0.2168400520156047;0.26709084153817575;0.19320081738807357;0.1993312279398105;0.1235370611183355
Rosa;Matemática e suas Tecnologias;Matemática e suas Tecnologias;0;35;0.0009633067694193887;0.0010070934407566336;0.1637079953650058;0.17557358053302433;0.42261877172653534;0.16760139049826187;0.07049826187717266
Rosa;Matemática e suas Tecnologias;Matemática e suas Tecnologias;0;36;0.0010946667834311236;0.0012260267974428583;0.20999675430055176;0.20721472620206796;0.20271711410951918;0.2836277646404229;0.09644364074743822
Rosa;Matemática e suas Tecnologias;Matemática e suas Tecnologias;0;37;0.0012260267974428583;0.0016201068394780629;0.15495244722802134;0.21558803061934587;0.11491533286940385;0.08146601716539086;0.4330781721178381
Rosa;Matemática e suas Tecnologias;Matemática e suas Tecnologias;0;38;0.0019704002101760226;0.0010070934407566336;0.10620824053452116;0.18824239049740163;0.22002598366740905;0.3593634001484781;0.12615998515219004
Rosa;Matemática e suas Tecnologias;Matemática e suas Tecnologias;0;39;0.0024082669235484717;0.0006130133987214292;0.2503828128625122;0.22797085982089;0.26926824741311306;0.16825205326898984;0.08412602663449492
Rosa;Matemática e suas Tecnologias;Matemática e suas Tecnologias;0;40;0.0011384534547683686;0.0012698134687801033;0.07739392534198933;0.23343380477625783;0.502851843264549;0.12534198933456991;0.0609784372826339
Rosa;Matemática e suas Tecnologias;Matemática e suas Tecnologias;0;41;0.0033715736929678607;0.0008757334267448988;0.17822794220136598;0.2958695349161362;0.1514194117920364;0.21381777633229568;0.1606653347581657
Rosa;Matemática e suas Tecnologias;Matemática e suas Tecnologias;0;42;0.0016638935108153079;0.0012260267974428583;0.10411060592001485;0.2720144752714113;0.10012062726176116;0.31404843648510716;0.20970585506170547
Rosa;Matemática e suas Tecnologias;Matemática e suas Tecnologias;0;43;0.001532533496803573;0.0013136001401173483;0.1492925075388541;0.23920204128972397;0.2657852006495013;0.23910925539318023;0.10661099512874044
Rosa;Matemática e suas Tecnologias;Matemática e suas Tecnologias;0;44;0.002276906909536737;0.0005692267273841843;0.17926235212247738;0.30109023428438875;0.21878914405010438;0.2068197633959638;0.09403850614706565
Rosa;Matemática e suas Tecnologias;Matemática e suas Tecnologias;0;45;0.0012260267974428583;0.0010508801120938786;0.7099870178041543;0.13533939169139467;0.07084569732937686;0.03389280415430267;0.04993508902077151
Rosa;Ciências Naturais e suas Tecnologias;Ciências Naturais e suas Tecnologias;0;1;0.0005254400560469393;0.0006130133987214292;0.08747800314902288;0.026951931091969993;0.02482170973418542;0.7933685282948967;0.06737982772992498
Rosa;Ciências Naturais e suas Tecnologias;Ciências Naturais e suas Tecnologias;0;2;0.00026272002802346965;0.0010070934407566336;0.5620860543745079;0.1143068871288963;0.27094622759483117;0.011162058265017831;0.04149877263674679
Rosa;Ciências Naturais e suas Tecnologias;Ciências Naturais e suas Tecnologias;0;3;0.001532533496803573;0.000700586741395919;0.18146413834670128;0.15081830404747554;0.1650516945616394;0.3646437016087904;0.1380221614353934
Rosa;Ciências Naturais e suas Tecnologias;Ciências Naturais e suas Tecnologias;0;4;0.0009633067694193887;0.0010508801120938786;0.3201538889403912;0.15333271530546028;0.1764624084546213;0.22874756651524983;0.12130342078427737
Rosa;Ciências Naturais e suas Tecnologias;Ciências Naturais e suas Tecnologias;0;5;0.00048165338470969435;0.0008757334267448988;0.0527120292741674;0.057714576867849365;0.46829403863078417;0.3088146741396081;0.1124646810875909
Rosa;Ciências Naturais e suas Tecnologias;Ciências Naturais e suas Tecnologias;0;6;0.0012698134687801033;0.0006568000700586742;0.22515758249907306;0.210743418613274;0.28489988876529476;0.1564701520207638;0.12272895810159437
Rosa;Ciências Naturais e suas Tecnologias;Ciências Naturais e suas Tecnologias;0;7;0.0012698134687801033;0.0010070934407566336;0.07089206231454005;0.17423961424332343;0.4469584569732938;0.21318620178041542;0.0947236646884273
Rosa;Ciências Naturais e suas Tecnologias;Ciências Naturais e suas Tecnologias;0;8;0.000700586741395919;0.0008757334267448988;0.21386212008895478;0.1840252038547072;0.1174017790956264;0.2508339510748703;0.23387694588584138
Rosa;Ciências Naturais e suas Tecnologias;Ciências Naturais e suas Tecnologias;0;9;0.000744373412733164;0.0008319467554076539;0.08812083024462565;0.14042809488510008;0.3260285396590067;0.08506300963676798;0.36035952557449963
Rosa;Ciências Naturais e suas Tecnologias;Ciências Naturais e suas Tecnologias;0;10;0.000744373412733164;0.0011384534547683686;0.13926866570885665;0.24980303100523707;0.14770357324929323;0.3041664735598091;0.159058256476804
Rosa;Ciências Naturais e suas Tecnologias;Ciências Naturais e suas Tecnologias;0;11;0.0010070934407566336;0.0006568000700586742;0.23857844500046335;0.19131683810582892;0.13715132981188027;0.19771105550922063;0.2352423315726068
Rosa;Ciências Naturais e suas Tecnologias;Ciências Naturais e suas Tecnologias;0;12;0.00039408004203520447;0.000744373412733164;0.0429749004353061;0.05455219042326572;0.18236547189033991;0.6395294989348893;0.08057793831619894
Rosa;Ciências Naturais e suas Tecnologias;Ciências Naturais e suas Tecnologias;0;13;0.002233120238199492;0.0011384534547683686;0.1572204428352597;0.2551176716334772;0.23845332590632687;0.2292159866313884;0.11999257299354779
Rosa;Ciências Naturais e suas Tecnologias;Ciências Naturais e suas Tecnologias;0;14;0.0005692267273841843;0.0013136001401173483;0.1258747740649766;0.48278259257542755;0.0547342077211846;0.110905130462993;0.22570329517541826
Rosa;Ciências Naturais e suas Tecnologias;Ciências Naturais e suas Tecnologias;0;15;0.0009195200980821438;0.0009195200980821438;0.4169987950690518;0.06066363889146353;0.34326628973954953;0.06539067568820095;0.11368060061173417
Rosa;Ciências Naturais e suas Tecnologias;Ciências Naturais e suas Tecnologias;0;16;0.0017952535248270426;0.0003502933706979595;0.19150711603541792;0.2603495433684113;0.27244912150572526;0.15154605720643458;0.12414816188401094
Rosa;Ciências Naturais e suas Tecnologias;Ciências Naturais e suas Tecnologias;0;17;0.0006130133987214292;0.0007881600840704089;0.26477672781174727;0.11798221234018899;0.06906614785992218;0.12789512692236427;0.4202797850657773
Rosa;Ciências Naturais e suas Tecnologias;Ciências Naturais e suas Tecnologias;0;18;0.000744373412733164;0.000744373412733164;0.37640137125914946;0.23543037153710739;0.19128138608357267;0.06314277772630408;0.1337440933938664
Rosa;Ciências Naturais e suas Tecnologias;Ciências Naturais e suas Tecnologias;0;19;0.00039408004203520447;0.0012698134687801033;0.053192475210823834;0.07524789176165322;0.4303586321934946;0.02094337874154388;0.42025762209248446
Rosa;Ciências Naturais e suas Tecnologias;Ciências Naturais e suas Tecnologias;0;20;0.002145546895525002;0.0005254400560469393;0.1785797114894012;0.2472285356463658;0.2552530265782272;0.23540052878148338;0.08353819750452247
Rosa;Ciências Naturais e suas Tecnologias;Ciências Naturais e suas Tecnologias;0;21;0.0005692267273841843;0.00039408004203520447;0.05815353273451245;0.34873599407352535;0.1402444670802852;0.36017223817020094;0.09269376794147606
Rosa;Ciências Naturais e suas Tecnologias;Ciências Naturais e suas Tecnologias;0;22;0.0005692267273841843;0.0005692267273841843;0.12105214411410577;0.05094007594702232;0.6506900064832823;0.12392331203111975;0.05339446142446976
Rosa;Ciências Naturais e suas Tecnologias;Ciências Naturais e suas Tecnologias;0;23;0.0009633067694193887;0.0006130133987214292;0.14098406226834692;0.07269273535952557;0.43740733876945886;0.12161786508524833;0.2272979985174203
Rosa;Ciências Naturais e suas Tecnologias;Ciências Naturais e suas Tecnologias;0;24;0.0006130133987214292;0.0009633067694193887;0.1664195700518903;0.09734062268346924;0.13648999258710157;0.5448017049666419;0.05494810971089696
Rosa;Ciências Naturais e suas Tecnologias;Ciências Naturais e suas Tecnologias;0;25;0.002057973552850512;0.0005254400560469393;0.11145123139000974;0.23162190992996615;0.20268076619822828;0.31167385557256155;0.14257223690923426
Rosa;Ciências Naturais e suas Tecnologias;Ciências Naturais e suas Tecnologias;0;26;0.0010070934407566336;0.0006568000700586742;0.19822073950514318;0.1642572514132147;0.2886201464183116;0.10392920025947548;0.24497266240385507
Rosa;Ciências Naturais e suas Tecnologias;Ciências Naturais e suas Tecnologias;0;27;0.002320693580873982;0.0005692267273841843;0.17194024311032755;0.23359933191055024;0.20344251647026074;0.2561937459404287;0.13482416256843277
Rosa;Ciências Naturais e suas Tecnologias;Ciências Naturais e suas Tecnologias;0;28;0.0007881600840704089;0.0010508801120938786;0.09759940680322551;0.1284178329780332;0.22221707294466586;0.4439243674112522;0.10784131986282325
Rosa;Ciências Naturais e suas Tecnologias;Ciências Naturais e suas Tecnologias;0;29;0.0017514668534897976;0.0008757334267448988;0.16975881261595546;0.2792207792207792;0.24239332096474953;0.22564935064935066;0.08297773654916513
Rosa;Ciências Naturais e suas Tecnologias;Ciências Naturais e suas Tecnologias;0;30;0.0012698134687801033;0.0010070934407566336;0.09013353115727003;0.19385200296735905;0.0907362759643917;0.1807770771513353;0.44450111275964393
Rosa;Ciências Naturais e suas Tecnologias;Ciências Naturais e suas Tecnologias;0;31;0.0005692267273841843;0.000744373412733164;0.30018527095877723;0.2694302918017601;0.26933765632237144;0.08355720240852246;0.07748957850856879
Rosa;Ciências Naturais e suas Tecnologias;Ciências Naturais e suas Tecnologias;0;32;0.0007881600840704089;0.0009633067694193887;0.11265060240963855;0.09142724745134384;0.13429101019462467;0.182483781278962;0.47914735866543096
Rosa;Ciências Naturais e suas Tecnologias;Ciências Naturais e suas Tecnologias;0;33;0.0018390401961642876;0.000700586741395919;0.15610796772099064;0.17173731564789907;0.17377794267693164;0.22330952601799461;0.27506724793618403
Rosa;Ciências Naturais e suas Tecnologias;Ciências Naturais e suas Tecnologias;0;34;0.000744373412733164;0.0008319467554076539;0.37754818383988137;0.07037620459599704;0.25949777613046704;0.23151408450704225;0.06106375092661231
Rosa;Ciências Naturais e suas Tecnologias;Ciências Naturais e suas Tecnologias;0;35;0.000744373412733164;0.000744373412733164;0.11567682757342722;0.14880014824423238;0.4516353191883628;0.17298248865005095;0.11090521634392662
Rosa;Ciências Naturais e suas Tecnologias;Ciências Naturais e suas Tecnologias;0;36;0.002233120238199492;0.0010508801120938786;0.2082617776746345;0.3111626827570202;0.20584822464608957;0.18602924112323044;0.08869807379902529
Rosa;Ciências Naturais e suas Tecnologias;Ciências Naturais e suas Tecnologias;0;37;0.0012260267974428583;0.0008319467554076539;0.0873777406943865;0.1159319519770083;0.12242154545033143;0.38307143188244563;0.2911973299958281
Rosa;Ciências Naturais e suas Tecnologias;Ciências Naturais e suas Tecnologias;0;38;0.0009633067694193887;0.000700586741395919;0.1533685478639607;0.06815865072745807;0.4754424983782782;0.19947178204058938;0.10355852098971365
Rosa;Ciências Naturais e suas Tecnologias;Ciências Naturais e suas Tecnologias;0;39;0.000744373412733164;0.00039408004203520447;0.07085301472631286;0.09206260998425489;0.3849217375196814;0.24404927294618875;0.2081133648235621
Rosa;Ciências Naturais e suas Tecnologias;Ciências Naturais e suas Tecnologias;0;40;0.0008319467554076539;0.001401173482791838;0.6978997635495386;0.06578886364690065;0.041216560804858825;0.023320506282164217;0.17177430571653762
Rosa;Ciências Naturais e suas Tecnologias;Ciências Naturais e suas Tecnologias;0;41;0.001401173482791838;0.0009195200980821438;0.12403208605740251;0.14925580748365558;0.15588630778504195;0.24871331200445124;0.3221124866694487
Rosa;Ciências Naturais e suas Tecnologias;Ciências Naturais e suas Tecnologias;0;42;0.0009195200980821438;0.0010070934407566336;0.19809047089358547;0.3759733036707453;0.1217556544308491;0.10335558027437894;0.20082499073044124
Rosa;Ciências Naturais e suas Tecnologias;Ciências Naturais e suas Tecnologias;0;43;0.0012698134687801033;0.001401173482791838;0.13265921424926944;0.11512593348485552;0.15251171204601327;0.4173662971380862;0.18233684308177558
Rosa;Ciências Naturais e suas Tecnologias;Ciências Naturais e suas Tecnologias;0;44;0.0005692267273841843;0.0017076801821525529;0.11252781899109793;0.038807492581602376;0.07506491097922849;0.5421921364985163;0.2314076409495549
Rosa;Ciências Naturais e suas Tecnologias;Ciências Naturais e suas Tecnologias;0;45;0.0010508801120938786;0.0005692267273841843;0.06148357503590789;0.02506602418570171;0.260251123569476;0.6305425566418014;0.022656720567113004
