cor;area;questao;pct_branco;pct_dupla;pct_A;pct_B;pct_C;pct_D;pct_E
Azul;Linguagens, Códigos e suas Tecnologias;1;0.004340138241440283;0.000562610512779296;0.054761327841046765;0.1276552782489298;0.13270333575640095;0.12918988773120105;0.5556901704224214
Azul;Linguagens, Códigos e suas Tecnologias;2;0.0012859668863526765;0.000281305256389648;0.3177701750855303;0.18068021734755485;0.27748037834574363;0.12956329241296036;0.09450593680821091
Azul;Linguagens, Códigos e suas Tecnologias;3;0.0027728660986979584;0.00024111879119112682;0.23455197710508283;0.29235358136160267;0.0982707888266355;0.09778709339352654;0.27703655931315246
Azul;Linguagens, Códigos e suas Tecnologias;4;0.001125221025558592;0.0010046616299630284;0.932342636220853;0.020619387056501952;0.011799766421006;0.01606862389754742;0.01916958640409166
Azul;Linguagens, Códigos e suas Tecnologias;5;0.0030139848898890855;0.0007233563735733804;0.1430357791133879;0.11383163244725908;0.2843773950223872;0.2353676737525715;0.22338751966439432
Azul;Linguagens, Códigos e suas Tecnologias;6;0.0028130525638964798;0.00040186465198521136;0.5899451701338494;0.09240445089501693;0.11465892597968069;0.11038542170617642;0.09260603128527657
Azul;Linguagens, Códigos e suas Tecnologias;7;0.0014065262819482399;0.00032149172158816913;0.11299867155106477;0.6049273378688459;0.14741757578197334;0.07403083611770862;0.06062557868040739
Azul;Linguagens, Códigos e suas Tecnologias;8;0.0030541713550876065;0.0006027969779778171;0.07477917154035413;0.4925583834146735;0.15814947767515025;0.19436937845359578;0.08014358891622636
Azul;Linguagens, Códigos e suas Tecnologias;9;0.0020093232599260567;0.00040186465198521136;0.059619722848855944;0.08020464067031904;0.06582339671285853;0.7537060908797938;0.04064614888817274
Azul;Linguagens, Códigos e suas Tecnologias;10;0.0018485773991319724;0.0004420511171837325;0.08704233294397229;0.4795585451323156;0.061344503967454785;0.02847706126394651;0.34357755669231077
Azul;Linguagens, Códigos e suas Tecnologias;11;0.0016074586079408454;0.00020093232599260568;0.2264583920447683;0.2015379041024196;0.3744917267200773;0.09066387535730101;0.10684810177543379
Azul;Linguagens, Códigos e suas Tecnologias;12;0.0018083909339334512;0.00024111879119112682;0.22993597229493012;0.46462368622397615;0.06298071115048524;0.1512100833568236;0.09124954697378489
Azul;Linguagens, Códigos e suas Tecnologias;13;0.004420511171837325;0.00040186465198521136;0.20792279114844128;0.21099176223550314;0.2303343563236957;0.16475528993700533;0.18599580035535454
Azul;Linguagens, Códigos e suas Tecnologias;14;0.001486899212345282;0.00032149172158816913;0.0726679818028101;0.06276420145738557;0.7691533475582752;0.04102419582108781;0.05439027336044124
Azul;Linguagens, Códigos e suas Tecnologias;15;0.0022102555859186625;0.00032149172158816913;0.1275935699609202;0.25317271665122276;0.3702107086741066;0.16550501591394384;0.08351798879980661
Azul;Linguagens, Códigos e suas Tecnologias;16;0.0028130525638964798;0.00024111879119112682;0.18687520154788778;0.4949613028055466;0.03591583360206385;0.16651886488229603;0.11572879716220574
Azul;Linguagens, Códigos e suas Tecnologias;17;0.0028130525638964798;0.00032149172158816913;0.5599048617270015;0.03898250423284689;0.023421752801741514;0.051318229460614366;0.3263726517777957
Azul;Linguagens, Códigos e suas Tecnologias;18;0.002571933772705353;0.000562610512779296;0.2199064742401032;0.08993791824558575;0.2960574054664194;0.06050955414012739;0.33358864790776427
Azul;Linguagens, Códigos e suas Tecnologias;19;0.003456036007072818;0.0009644751647645073;0.03903285702752886;0.05751998062484863;0.09994348914184226;0.049447000888027774;0.7540566723177525
Azul;Linguagens, Códigos e suas Tecnologias;20;0.0024513743771097892;0.00012055939559556341;0.02880741337630943;0.18082191780821918;0.7498791297340854;0.025382755842062853;0.015108783239323126
Azul;Linguagens, Códigos e suas Tecnologias;21;0.0026924931683009164;0.0004420511171837325;0.0296702410707087;0.04583568491493993;0.7215996129968556;0.11811658469725067;0.0847778763202451
Azul;Linguagens, Códigos e suas Tecnologias;22;0.0013261533515511975;0.000281305256389648;0.048824665915311545;0.6854773788439865;0.11056995652873933;0.07607470616647882;0.07905329254548382
Azul;Linguagens, Códigos e suas Tecnologias;23;0.003456036007072818;0.0006429834431763383;0.2659995157775805;0.43067549027519975;0.09119522233879429;0.14542813332257284;0.06670163828585264
Azul;Linguagens, Códigos e suas Tecnologias;24;0.004139205915447677;0.0008037293039704227;0.16239247203263196;0.08258955615685958;0.21279431363838294;0.39231048826784054;0.14991316990428497
Azul;Linguagens, Códigos e suas Tecnologias;25;0.00353640893746986;0.0008037293039704227;0.28535679690022603;0.12076202776880852;0.17331288343558282;0.17726832418469488;0.24329996771068776
Azul;Linguagens, Códigos e suas Tecnologias;26;0.0039382735894550715;0.0003616781867866902;0.4706380917786657;0.0866529442628244;0.19602857488800096;0.08439278362997941;0.16228760544052953
Azul;Linguagens, Códigos e suas Tecnologias;27;0.001728018003536409;0.0008037293039704227;0.5793078441642158;0.04129567704766125;0.09463760525361589;0.03561500342451956;0.2491438701099875
Azul;Linguagens, Códigos e suas Tecnologias;28;0.0030943578202861275;0.0007635428387719016;0.43746974342423756;0.17613361303856706;0.0926254639341617;0.13050669678876875;0.16326448281426498
Azul;Linguagens, Códigos e suas Tecnologias;29;0.0028532390290950007;0.000281305256389648;0.03527372409900831;0.045392243811980974;0.03769249375151173;0.8160525679271144;0.06558897041038458
Azul;Linguagens, Códigos e suas Tecnologias;30;0.003777527728660987;0.000562610512779296;0.3604698094930578;0.20963835970293832;0.21371488537294156;0.05485146916370681;0.1613254762673555
Azul;Linguagens, Códigos e suas Tecnologias;31;0.002933611959492043;0.00040186465198521136;0.08987540824966735;0.1463650659247611;0.5812265634450223;0.15338091205999757;0.02915205032055159
Azul;Linguagens, Códigos e suas Tecnologias;32;0.0036167818678669024;0.000884102234367465;0.7414015824317778;0.05264007750686259;0.10023413531406426;0.056838365896980464;0.048885838850314875
Azul;Linguagens, Códigos e suas Tecnologias;33;0.0028130525638964798;0.0006429834431763383;0.12549399145092346;0.07048955560932334;0.36131946124687475;0.23489797564319703;0.20779901604968143
Azul;Linguagens, Códigos e suas Tecnologias;34;0.002973798424690564;0.0007635428387719016;0.6436206687910936;0.06869428421604615;0.08507119519180348;0.08156185712556976;0.12105199467548707
Azul;Linguagens, Códigos e suas Tecnologias;35;0.0039382735894550715;0.0007233563735733804;0.02636466408268734;0.060642764857881136;0.09835271317829457;0.5383559431524548;0.2762839147286822
Azul;Linguagens, Códigos e suas Tecnologias;36;0.003777527728660987;0.0006831699083748593;0.08856416259637509;0.613651959794938;0.06721026924474226;0.14156541395874542;0.0890081944051992
Azul;Linguagens, Códigos e suas Tecnologias;37;0.0026924931683009164;0.0006027969779778171;0.20240303201354728;0.04221433755342311;0.18978308200951535;0.4521409563744859;0.1134585920490283
Azul;Linguagens, Códigos e suas Tecnologias;38;0.0036971547982639448;0.0009242886995659862;0.11175259396826678;0.1656102386047075;0.172917760103355;0.07469013686462918;0.47502927045904153
Azul;Linguagens, Códigos e suas Tecnologias;39;0.003496222472271339;0.0006429834431763383;0.14946935151930915;0.08268431459585973;0.40934586981961985;0.15871030224768976;0.1997901618175215
Azul;Linguagens, Códigos e suas Tecnologias;40;0.003777527728660987;0.000281305256389648;0.18573215510632288;0.080135576806682;0.16503248194326756;0.07836016624298915;0.4907396199007384
Azul;Ciências Humanas e suas Tecnologias;1;0.0032952901462787332;0.000562610512779296;0.25798773600129093;0.09298854284331128;0.2180087138938196;0.3795384863643699;0.051476520897208326
Azul;Ciências Humanas e suas Tecnologias;2;0.002973798424690564;0.0005224240475807748;0.13416945598257854;0.032624914304149696;0.26281405008670405;0.03552849134976005;0.5348630882768077
Azul;Ciências Humanas e suas Tecnologias;3;0.0021700691207201415;0.0008439157691689439;0.9413116207827804;0.01136684267806038;0.011528074489096698;0.017574267402958605;0.018219194647103875
Azul;Ciências Humanas e suas Tecnologias;4;0.002612120237903874;0.0006027969779778171;0.07385905499113046;0.5765602322206096;0.2749556523141429;0.03713110788582487;0.03749395258829221
Azul;Ciências Humanas e suas Tecnologias;5;0.0036971547982639448;0.0003616781867866902;0.14618891982407295;0.10918774966711052;0.4466771577290885;0.04361860953072671;0.25432756324900135
Azul;Ciências Humanas e suas Tecnologias;6;0.003978460054653593;0.0006027969779778171;0.30516754138070246;0.09301574485264433;0.050867985466289865;0.28441663302381914;0.2665320952765442
Azul;Ciências Humanas e suas Tecnologias;7;0.0024111879119112683;0.0006027969779778171;0.14393969930267242;0.027651255592728446;0.12902575678181305;0.6452093998145834;0.05417388850820267
Azul;Ciências Humanas e suas Tecnologias;8;0.004099019450249156;0.0006027969779778171;0.49683045988613883;0.21258125731820568;0.05406387531796342;0.039124641660273754;0.19739976581741833
Azul;Ciências Humanas e suas Tecnologias;9;0.0030943578202861275;0.0005224240475807748;0.14322013390336372;0.09397434863273373;0.07961603613777526;0.36545131886746796;0.3177381624586594
Azul;Ciências Humanas e suas Tecnologias;10;0.005384986336601833;0.0004420511171837325;0.040583693762884517;0.3589878329762723;0.13217995876955416;0.2905937992643195;0.17765471522696957
Azul;Ciências Humanas e suas Tecnologias;11;0.002250442051117184;0.0007635428387719016;0.7878995525817244;0.15877302591801362;0.01519609819017292;0.01459147889878673;0.02353984441130235
Azul;Ciências Humanas e suas Tecnologias;12;0.004139205915447677;0.000562610512779296;0.21375217022651108;0.12036177171235919;0.1238745104372754;0.372511810069851;0.1694997375540033
Azul;Ciências Humanas e suas Tecnologias;13;0.005746664523388523;0.0012457804211541553;0.05297450424929179;0.09546742209631728;0.1235127478753541;0.18644273573452044;0.5416025900445164
Azul;Ciências Humanas e suas Tecnologias;14;0.003817714193859508;0.0004420511171837325;0.10146097344418435;0.2984098797320203;0.5242957462264912;0.032327064331261604;0.04350633626604246
Azul;Ciências Humanas e suas Tecnologias;15;0.0040186465198521135;0.0007233563735733804;0.1824678995396915;0.50423968343697;0.07877735605265283;0.07049987886618751;0.16401518210449811
Azul;Ciências Humanas e suas Tecnologias;16;0.0028130525638964798;0.0007233563735733804;0.04024842716567188;0.09945152443942572;0.08561864816905952;0.11469591869656397;0.6599854815292789
Azul;Ciências Humanas e suas Tecnologias;17;0.004340138241440283;0.0004420511171837325;0.23646274984857663;0.2760347264284272;0.25842923480718755;0.1889763779527559;0.04009691096305269
Azul;Ciências Humanas e suas Tecnologias;18;0.006027969779778171;0.0008439157691689439;0.22850321693036055;0.32371626269574716;0.10528871444179178;0.169020353660017;0.17347145227208352
Azul;Ciências Humanas e suas Tecnologias;19;0.004983121684616621;0.0006831699083748593;0.3578789960796993;0.1269045790728691;0.1893868973042881;0.11886190033544841;0.2069676272076951
Azul;Ciências Humanas e suas Tecnologias;20;0.0032952901462787332;0.0007233563735733804;0.030866688185926403;0.8739912846998064;0.04841833440929632;0.02606520335700452;0.02065848934796643
Azul;Ciências Humanas e suas Tecnologias;21;0.006992444944542678;0.000884102234367465;0.33020090732339596;0.14156675307841868;0.29301685029163965;0.09822585871678548;0.13698963058976021
Azul;Ciências Humanas e suas Tecnologias;22;0.005023308149815142;0.0008037293039704227;0.11342414810622903;0.08136949755446865;0.18594122640365415;0.47087594486438417;0.148389183071264
Azul;Ciências Humanas e suas Tecnologias;23;0.005746664523388523;0.0007635428387719016;0.07940296092549147;0.1029447455707467;0.051088099668311626;0.5777445190518566;0.18881967478359357
Azul;Ciências Humanas e suas Tecnologias;24;0.00634946150136634;0.0006429834431763383;0.34301902063941725;0.2813031161473088;0.11950627276406313;0.17418049372723593;0.08199109672197491
Azul;Ciências Humanas e suas Tecnologias;25;0.0036569683330654234;0.0007635428387719016;0.812706870105756;0.08258658270767741;0.05461370791959312;0.018810042786792606;0.031282796480180834
Azul;Ciências Humanas e suas Tecnologias;26;0.0057064780581900015;0.0010850345603600708;0.5054420392474206;0.08933845842605705;0.057009913008294555;0.09544810843617237;0.2527614808820554
Azul;Ciências Humanas e suas Tecnologias;27;0.0049027487542195785;0.000884102234367465;0.09781729991915926;0.18362974939369442;0.09167340339531124;0.31600646725949877;0.3108730800323363
Azul;Ciências Humanas e suas Tecnologias;28;0.005143867545410706;0.0005224240475807748;0.09327890716566302;0.3985773754193105;0.2805237845047084;0.11797275997251748;0.10964717293780059
Azul;Ciências Humanas e suas Tecnologias;29;0.0056261051277929595;0.0010046616299630284;0.21093086289898458;0.16922205590841052;0.324972693070108;0.16610704316517658;0.12876734495732028
Azul;Ciências Humanas e suas Tecnologias;30;0.0048223758238225365;0.0008037293039704227;0.03281603621079858;0.4325493048819916;0.04174749434206272;0.0667232460394439;0.4261639185257032
Azul;Ciências Humanas e suas Tecnologias;31;0.00530461340620479;0.0006027969779778171;0.12608642923555807;0.07029955127945992;0.32194688119012005;0.4387759227068763;0.04289121558798561
Azul;Ciências Humanas e suas Tecnologias;32;0.00530461340620479;0.0006429834431763383;0.6285575679172057;0.07891332470892626;0.08226875808538163;0.14517302716688227;0.06508732212160415
Azul;Ciências Humanas e suas Tecnologias;33;0.0057064780581900015;0.0006831699083748593;0.1704752275025278;0.21593528816986857;0.3144186046511628;0.14685540950455006;0.1523154701718908
Azul;Ciências Humanas e suas Tecnologias;34;0.006871885548947115;0.000884102234367465;0.49552468510793407;0.06982301243368029;0.19553683528411162;0.16273135960471427;0.07638410756955975
Azul;Ciências Humanas e suas Tecnologias;35;0.007193377270535283;0.0005224240475807748;0.0984124412765268;0.13368702413737243;0.4320022679410335;0.2145229224040175;0.12137534424104973
Azul;Ciências Humanas e suas Tecnologias;36;0.006108342710175213;0.0013663398167497187;0.20317434610089885;0.09247712365373714;0.16179447728561017;0.387683213215645;0.15487083974410884
Azul;Ciências Humanas e suas Tecnologias;37;0.006027969779778171;0.0010850345603600708;0.10385720645970778;0.34051078641680493;0.1835512203019387;0.13032743756830048;0.24175334925324807
Azul;Ciências Humanas e suas Tecnologias;38;0.005224240475807748;0.0008439157691689439;0.1058909149718999;0.44701411070230057;0.030606881494359764;0.16298063316217198;0.2535074596692678
Azul;Ciências Humanas e suas Tecnologias;39;0.006429834431763382;0.0007233563735733804;0.09256860681615801;0.07985914352788796;0.3677244394074314;0.3316198494292884;0.12822796081923418
Azul;Ciências Humanas e suas Tecnologias;40;0.0074746825269249315;0.0006429834431763383;0.1623045134105826;0.0678632201604408;0.10327364070982903;0.5868649218053642;0.07969370391378332
Azul;Ciências Humanas e suas Tecnologias;41;0.006429834431763382;0.0007233563735733804;0.19691572897271917;0.2523273698696673;0.1631587468631102;0.25957257346393586;0.12802558083056748
Azul;Ciências Humanas e suas Tecnologias;42;0.006389647966564861;0.0008439157691689439;0.22886981865284975;0.44741742227979275;0.16228141191709844;0.06476683937823834;0.09666450777202072
Azul;Ciências Humanas e suas Tecnologias;43;0.006309275036167818;0.0006429834431763383;0.17757274088462627;0.21346768645542472;0.1318441180041277;0.3512605722148031;0.12585488244101817
Azul;Ciências Humanas e suas Tecnologias;44;0.00598778331457965;0.00048223758238225364;0.06257331230028718;0.06896412247704567;0.6211220321158435;0.06148121182704364;0.18585932127977997
Azul;Ciências Humanas e suas Tecnologias;45;0.006228902105770776;0.000281305256389648;0.32841194078149016;0.11467518809157835;0.060512903486772913;0.15160585713130006;0.3447941105088585
Azul;Matemática e suas Tecnologias;1;0.0006027969779778171;0.0005224240475807748;0.04825004206629648;0.24528857479387514;0.25891805485445063;0.25004206629648323;0.1975012619888945
Azul;Matemática e suas Tecnologias;2;0.0028532390290950007;0.00048223758238225364;0.24640553189695155;0.20225998229118353;0.31812623856305605;0.14972382679090948;0.0834844204578994
Azul;Matemática e suas Tecnologias;3;0.0008439157691689439;0.0008037293039704227;0.18805505282208848;0.14213561176817205;0.1419251652005556;0.3423544761984932;0.1855296940106907
Azul;Matemática e suas Tecnologias;4;0.0016476450731393666;0.0006027969779778171;0.23787061994609165;0.2715633423180593;0.26394036388140163;0.13392857142857142;0.092697102425876
Azul;Matemática e suas Tecnologias;5;0.002049509725124578;0.000562610512779296;0.1294712449968401;0.1747630082157152;0.2623551716873815;0.2921424057299347;0.1412681693701285
Azul;Matemática e suas Tecnologias;6;0.002290628516315705;0.0010448480951615496;0.24838723278660876;0.363410212084159;0.19757979508369525;0.11641438630518194;0.07420837374035502
Azul;Matemática e suas Tecnologias;7;0.0022102555859186625;0.0005224240475807748;0.16222821506826227;0.19530591606270015;0.2116972863644025;0.23466205966627338;0.19610652283836172
Azul;Matemática e suas Tecnologias;8;0.0015672721427423245;0.0007635428387719016;0.20621683093252463;0.18220874399797826;0.14337461039508045;0.3350602308145902;0.13313958385982647
Azul;Matemática e suas Tecnologias;9;0.0018083909339334512;0.0004420511171837325;0.2211506064690027;0.1957547169811321;0.334400269541779;0.14007749326145552;0.10861691374663072
Azul;Matemática e suas Tecnologias;10;0.0010448480951615496;0.0008439157691689439;0.0794004967793542;0.07754809918747106;0.15210710226076707;0.3693007199090641;0.3216435818633436
Azul;Matemática e suas Tecnologias;11;0.0015672721427423245;0.000562610512779296;0.14321809070619446;0.25211605676506504;0.2544321387964796;0.1798121868025435;0.17042152692971743
Azul;Matemática e suas Tecnologias;12;0.0032952901462787332;0.0008439157691689439;0.1375701565599021;0.26442165674979956;0.278052074102207;0.1712453053129088;0.14871080727518252
Azul;Matemática e suas Tecnologias;13;0.002049509725124578;0.0008037293039704227;0.2726621433688735;0.21383117704075183;0.15554806355092923;0.2582915419950272;0.09966707404441823
Azul;Matemática e suas Tecnologias;14;0.0014065262819482399;0.0016074586079408454;0.09433087460484721;0.30503688092729186;0.1463013698630137;0.12805057955742888;0.32628029504741834
Azul;Matemática e suas Tecnologias;15;0.0030541713550876065;0.000562610512779296;0.13230704344158584;0.2844369464361029;0.31256853648249683;0.14373681990721215;0.12695065373260228
Azul;Matemática e suas Tecnologias;16;0.0007635428387719016;0.0005224240475807748;0.09083641871423763;0.22568158869067653;0.3207674183776506;0.24099629754291485;0.12171827667452037
Azul;Matemática e suas Tecnologias;17;0.00353640893746986;0.00048223758238225364;0.19160337552742615;0.24763713080168775;0.23717299578059073;0.1948523206751055;0.12873417721518987
Azul;Matemática e suas Tecnologias;18;0.001728018003536409;0.000884102234367465;0.16578891931746367;0.23686538866652623;0.2462607962923952;0.2504318516958079;0.10065304402780703
Azul;Matemática e suas Tecnologias;19;0.0018485773991319724;0.0007635428387719016;0.1556351379818833;0.2573836107014957;0.3659153149357489;0.14425953233621233;0.07680640404465978
Azul;Matemática e suas Tecnologias;20;0.003456036007072818;0.0007233563735733804;0.16724341661039838;0.3425050641458474;0.1763588791357191;0.1401502363268062;0.1737424037812289
Azul;Matemática e suas Tecnologias;21;0.0012055939559556341;0.0012055939559556341;0.11866048862679023;0.38761583824768325;0.31065711878685764;0.11541701769165964;0.06764953664700926
Azul;Matemática e suas Tecnologias;22;0.001728018003536409;0.001165407490757113;0.18248482805124747;0.0658715441672286;0.13422960215778826;0.4140256237356709;0.20338840188806473
Azul;Matemática e suas Tecnologias;23;0.002290628516315705;0.000562610512779296;0.09928779131021113;0.128661131948249;0.24691305996881452;0.20932192675628977;0.31581609001643557
Azul;Matemática e suas Tecnologias;24;0.001728018003536409;0.0006831699083748593;0.1812552653748947;0.22291491154170176;0.23104465037910699;0.15867733782645324;0.20610783487784332
Azul;Matemática e suas Tecnologias;25;0.002290628516315705;0.0006831699083748593;0.3455281126190677;0.22068616707409594;0.17976060018545056;0.07241001433027058;0.18161510579111523
Azul;Matemática e suas Tecnologias;26;0.0019691367947275358;0.0006027969779778171;0.2753623188405797;0.27237108190091003;0.16409673070441524;0.21734917425008426;0.07082069430401079
Azul;Matemática e suas Tecnologias;27;0.002290628516315705;0.0008037293039704227;0.09526619736121064;0.12886228554567297;0.38928466045609744;0.19293512624878809;0.19365173038823083
Azul;Matemática e suas Tecnologias;28;0.0030943578202861275;0.0008439157691689439;0.298329254915197;0.24352375326976627;0.20145979242258039;0.18989958653278205;0.06678761285967429
Azul;Matemática e suas Tecnologias;29;0.002250442051117184;0.0016074586079408454;0.19633817077286533;0.34584880188997635;0.2071380357745528;0.17786027674654067;0.0728147148160648
Azul;Matemática e suas Tecnologias;30;0.0024513743771097892;0.0009644751647645073;0.17988614800759015;0.14016445287792537;0.31528568416613956;0.24899852414083914;0.1156651908075058
Azul;Matemática e suas Tecnologias;31;0.0010850345603600708;0.000562610512779296;0.2890273159644766;0.09739467149290795;0.3114609200723936;0.1972305231701671;0.10488656930005472
Azul;Matemática e suas Tecnologias;32;0.0026924931683009164;0.0003616781867866902;0.26934749620637327;0.17492834260664306;0.12392513909964593;0.19992412746585736;0.23187489462148037
Azul;Matemática e suas Tecnologias;33;0.0015672721427423245;0.001165407490757113;0.13239507837518963;0.2506320579807854;0.5008006067756615;0.0720967470082589;0.0440755098601045
Azul;Matemática e suas Tecnologias;34;0.0037373412634624657;0.0010850345603600708;0.11680743243243243;0.18669763513513513;0.19463682432432433;0.26875;0.23310810810810811
Azul;Matemática e suas Tecnologias;35;0.0014065262819482399;0.0020093232599260567;0.07058823529411765;0.32224330592452033;0.08897322369808139;0.10963525195024246;0.40855998313303815
Azul;Matemática e suas Tecnologias;36;0.002089696190323099;0.0006429834431763383;0.47939490982639477;0.11006236305410416;0.14655317714478341;0.14832293949098263;0.11566661048373504
Azul;Matemática e suas Tecnologias;37;0.0033354766114772547;0.0006831699083748593;0.1451054852320675;0.3354852320675106;0.18540084388185654;0.16746835443037975;0.16654008438818566
Azul;Matemática e suas Tecnologias;38;0.0013261533515511975;0.0010046616299630284;0.1734057787886446;0.05871451436273271;0.10197119029567854;0.6095105719821413;0.0563979445708028
Azul;Matemática e suas Tecnologias;39;0.005425172801800353;0.000562610512779296;0.22147055092807916;0.3051033782926726;0.25351993573210435;0.15817513001564415;0.061731005031499725
Azul;Matemática e suas Tecnologias;40;0.0014467127471467609;0.002571933772705353;0.028945147679324896;0.13021097046413502;0.05126582278481013;0.08257383966244726;0.7070042194092827
Azul;Matemática e suas Tecnologias;41;0.0036167818678669024;0.0005224240475807748;0.1657171793897962;0.1736928725155083;0.34388319196522765;0.18808287968941217;0.1286238764400557
Azul;Matemática e suas Tecnologias;42;0.00176820446873493;0.0015672721427423245;0.5590083062781971;0.09739849053421597;0.05864991356411013;0.06940169498671839;0.21554159463675845
Azul;Matemática e suas Tecnologias;43;0.0020093232599260567;0.0004420511171837325;0.06609376974598762;0.16428661695943383;0.535784995155651;0.15295505286659083;0.08087956527233667
Azul;Matemática e suas Tecnologias;44;0.00176820446873493;0.00032149172158816913;0.10531413171635506;0.6394222671382853;0.12923193532086913;0.09461849418898434;0.03141317163550615
Azul;Matemática e suas Tecnologias;45;0.001728018003536409;0.000562610512779296;0.10074548287916439;0.3226214042033441;0.086383355094133;0.08284547024386135;0.4074042875794971
Azul;Ciências Naturais e suas Tecnologias;1;0.001165407490757113;0.000281305256389648;0.36319643157717557;0.11799360377040902;0.06354149133142568;0.06989564046456825;0.3853728328564215
Azul;Ciências Naturais e suas Tecnologias;2;0.0010046616299630284;0.0006027969779778171;0.10378787878787879;0.3404882154882155;0.16178451178451178;0.258543771043771;0.1353956228956229
Azul;Ciências Naturais e suas Tecnologias;3;0.0036167818678669024;0.000562610512779296;0.06718433490884537;0.21611242403781228;0.4348413234301148;0.1763166779203241;0.10554523970290344
Azul;Ciências Naturais e suas Tecnologias;4;0.0010850345603600708;0.0004420511171837325;0.2035182223718542;0.41200235670398117;0.10622001515023988;0.18028785455769716;0.0979715512162276
Azul;Ciências Naturais e suas Tecnologias;5;0.0010850345603600708;0.0009644751647645073;0.17680744452397995;0.44953471725125266;0.1251000042107036;0.1502800117899701;0.09827782222409365
Azul;Ciências Naturais e suas Tecnologias;6;0.0012859668863526765;0.0008439157691689439;0.27392933844275064;0.10527645597338611;0.20360466585252873;0.0966016760011791;0.3205878637301554
Azul;Ciências Naturais e suas Tecnologias;7;0.0014065262819482399;0.0006429834431763383;0.10973093603941218;0.19579771779864416;0.14990104846519853;0.36157311886816285;0.18299717882858227
Azul;Ciências Naturais e suas Tecnologias;8;0.0009644751647645073;0.0006027969779778171;0.2747359117882244;0.18538782037793022;0.32452337864567987;0.09002146374310846;0.12533142544505702
Azul;Ciências Naturais e suas Tecnologias;9;0.0010850345603600708;0.0007635428387719016;0.5064410204597121;0.09888860823440263;0.14473351856529426;0.14473351856529426;0.10520333417529679
Azul;Ciências Naturais e suas Tecnologias;10;0.0028130525638964798;0.000562610512779296;0.1882273570585259;0.32686793725754765;0.23954292460785967;0.18278799122954967;0.06257378984651712
Azul;Ciências Naturais e suas Tecnologias;11;0.0016878315383378878;0.0008037293039704227;0.07481674951554469;0.27740331957199427;0.2235234644873199;0.23746735192518326;0.1867891144999579
Azul;Ciências Naturais e suas Tecnologias;12;0.001165407490757113;0.0006027969779778171;0.27799292810237414;0.32943256440478197;0.12535780434416569;0.14771005219733963;0.11950665095133861
Azul;Ciências Naturais e suas Tecnologias;13;0.0020093232599260567;0.0006429834431763383;0.13238392179994943;0.20767675065307153;0.2204011123283054;0.2334204095390579;0.20611780567961574
Azul;Ciências Naturais e suas Tecnologias;14;0.0010448480951615496;0.0016878315383378878;0.15557053767065565;0.10121355132310804;0.10146637451542222;0.21043317040283163;0.43131636608798246
Azul;Ciências Naturais e suas Tecnologias;15;0.0014467127471467609;0.0012457804211541553;0.3245691652972654;0.3305945308220621;0.12231913369569797;0.10630767286057388;0.11620949732440063
Azul;Ciências Naturais e suas Tecnologias;16;0.0016878315383378878;0.00024111879119112682;0.11455877399797912;0.20516167059616033;0.1836897945436174;0.26027281913102057;0.23631694173122264
Azul;Ciências Naturais e suas Tecnologias;17;0.001125221025558592;0.0003616781867866902;0.1694651348735429;0.16420485628918907;0.16736102343980136;0.17775533392248455;0.3212136514749821
Azul;Ciências Naturais e suas Tecnologias;18;0.0028934254942935217;0.00048223758238225364;0.1583740934390285;0.2634508348794063;0.28432282003710574;0.23064597739922416;0.06320627424523528
Azul;Ciências Naturais e suas Tecnologias;19;0.0018083909339334512;0.0004420511171837325;0.08785377358490566;0.1210411051212938;0.16778975741239893;0.34956199460916443;0.2737533692722372
Azul;Ciências Naturais e suas Tecnologias;20;0.001165407490757113;0.0006429834431763383;0.05426226057672069;0.0425594611660703;0.185055777731004;0.3979793727636287;0.3201431277625763
Azul;Ciências Naturais e suas Tecnologias;21;0.000884102234367465;0.0006429834431763383;0.5331201077350392;0.14043430687652556;0.04667115562663075;0.0649356114805151;0.21483881828128945
Azul;Ciências Naturais e suas Tecnologias;22;0.0024513743771097892;0.0003616781867866902;0.13961230509903078;0.31605562579013907;0.32284028655710073;0.17534766118836914;0.0461441213653603
Azul;Ciências Naturais e suas Tecnologias;23;0.0013663398167497187;0.0006027969779778171;0.13666792977137804;0.23291650877857775;0.10416403519851795;0.3859626963075239;0.14028882994400235
Azul;Ciências Naturais e suas Tecnologias;24;0.0013261533515511975;0.0006429834431763383;0.0884594332870195;0.155656603932466;0.2591469832849143;0.277504105090312;0.2192328744052882
Azul;Ciências Naturais e suas Tecnologias;25;0.0019289503295290146;0.0005224240475807748;0.07999494502717047;0.2947470407346561;0.31858966258056365;0.24293356923206538;0.06373478242554446
Azul;Ciências Naturais e suas Tecnologias;26;0.0036971547982639448;0.00048223758238225364;0.22797096556380825;0.31414584740040513;0.23430114787305875;0.15217758271438217;0.07140445644834571
Azul;Ciências Naturais e suas Tecnologias;27;0.0014065262819482399;0.00048223758238225364;0.08849408495768955;0.06483391571590957;0.5079779396286784;0.10954405759272513;0.22915000210499725
Azul;Ciências Naturais e suas Tecnologias;28;0.000884102234367465;0.0010046616299630284;0.1564433966235844;0.12992043110343957;0.5107144360712331;0.055866627373384416;0.1470551088283585
Azul;Ciências Naturais e suas Tecnologias;29;0.003134544285484649;0.000884102234367465;0.16333333333333333;0.20708860759493672;0.2640084388185654;0.2370464135021097;0.12852320675105486
Azul;Ciências Naturais e suas Tecnologias;30;0.0019691367947275358;0.0007233563735733804;0.16849955757805588;0.33034171828256015;0.17047992247082122;0.15640669110521216;0.1742721105633506
Azul;Ciências Naturais e suas Tecnologias;31;0.0010046616299630284;0.000281305256389648;0.1454476607202962;0.29266240323123527;0.31214237630427466;0.11822618646920229;0.13152137327499158
Azul;Ciências Naturais e suas Tecnologias;32;0.0010850345603600708;0.0007233563735733804;0.35866133445590404;0.24845295727215322;0.062134287518417174;0.13441380761944854;0.19633761313407705
Azul;Ciências Naturais e suas Tecnologias;33;0.001486899212345282;0.0012457804211541553;0.39790156750379235;0.09548289229732007;0.36655149165683465;0.043190628687004885;0.09687341985504803
Azul;Ciências Naturais e suas Tecnologias;34;0.0013663398167497187;0.00048223758238225364;0.1859476298728635;0.42540203755157024;0.10111981140018524;0.2269512503157363;0.06057927085964469
Azul;Ciências Naturais e suas Tecnologias;35;0.0020093232599260567;0.00048223758238225364;0.10392619428764006;0.4273317044401382;0.20557755497514535;0.11087707473249642;0.15228747156458
Azul;Ciências Naturais e suas Tecnologias;36;0.0009242886995659862;0.00048223758238225364;0.08903850199873764;0.3107090258783926;0.504902167052388;0.06370713233747106;0.03164317273301073
Azul;Ciências Naturais e suas Tecnologias;37;0.0014065262819482399;0.0006027969779778171;0.4153263157894737;0.1328842105263158;0.10707368421052632;0.15014736842105264;0.19456842105263158
Azul;Ciências Naturais e suas Tecnologias;38;0.0024111879119112683;0.0006429834431763383;0.1712190187152251;0.295102006407014;0.1495953464845726;0.27318327432136236;0.110900354071826
Azul;Ciências Naturais e suas Tecnologias;39;0.00176820446873493;0.000562610512779296;0.18953752843062927;0.23372083228034707;0.18688400303260044;0.21106056777019627;0.17879706848622695
Azul;Ciências Naturais e suas Tecnologias;40;0.0016878315383378878;0.0006429834431763383;0.1273270996546205;0.10791003285317159;0.40843231404262487;0.22087439979782664;0.1354561536517564
Azul;Ciências Naturais e suas Tecnologias;41;0.0014065262819482399;0.0006027969779778171;0.22454736842105263;0.08412631578947369;0.4263157894736842;0.2062736842105263;0.05873684210526316
Azul;Ciências Naturais e suas Tecnologias;42;0.0010850345603600708;0.0007635428387719016;0.1421655300159973;0.10629788667171845;0.30369621958407006;0.29750778816199375;0.15033257556622043
Azul;Ciências Naturais e suas Tecnologias;43;0.0014065262819482399;0.0009242886995659862;0.2953837081964451;0.07522533906157863;0.2298037233594474;0.28704405694549745;0.11254317243703142
Azul;Ciências Naturais e suas Tecnologias;44;0.0032952901462787332;0.0005224240475807748;0.10086479645644379;0.28542501581944735;0.3023412782113478;0.24923012022780006;0.06213878928496098
Azul;Ciências Naturais e suas Tecnologias;45;0.0010448480951615496;0.0007233563735733804;0.13386091934669136;0.14375315709715442;0.07728573833978784;0.29453611719144634;0.35056406802492
Azul;Inglês;1;0.0016878315383378878;0.00032149172158816913;0.07442950398928751;0.11878591753612676;0.049433688556603246;0.7110416782904647;0.046309211627517714
Azul;Inglês;2;0.002089696190323099;0.00032149172158816913;0.044381175682465246;0.0878691453134595;0.509406576229554;0.32244738458103056;0.03589571819349076
Azul;Inglês;3;0.0016476450731393666;0.0009242886995659862;0.023451895694902004;0.796191858841923;0.03501033000167514;0.12234072254173879;0.023005192919761015
Azul;Inglês;4;0.00176820446873493;0.0007635428387719016;0.03969849246231156;0.09000558347292016;0.06895589056393077;0.7046342825237297;0.09670575097710776
Azul;Inglês;5;0.002290628516315705;0.00024111879119112682;0.0797319932998325;0.06934673366834171;0.08174204355108877;0.11758793969849246;0.6515912897822446
Azul;Espanhol;1;0.00176820446873493;0.00024111879119112682;0.050284215128989944;0.11033377058737794;0.032939804693193415;0.0940096195889812;0.7124325900014575
Azul;Espanhol;2;0.00176820446873493;8.037293039704228e-05;0.14974508375819373;0.08638018936635106;0.2785142024763292;0.36518572469045885;0.12017479970866715
Azul;Espanhol;3;0.0016878315383378878;0.00020093232599260568;0.26005244755244755;0.16244172494172493;0.34338578088578087;0.05973193473193473;0.1743881118881119
Azul;Espanhol;4;0.001728018003536409;0.000281305256389648;0.6408686780352718;0.21265121702375747;0.04736918816499053;0.053927998833989216;0.04518291794199096
Azul;Espanhol;5;0.0012457804211541553;8.037293039704228e-05;0.6690898517010759;0.04667054376272172;0.07356789764466415;0.08505379470776389;0.12561791218377436
Amarela;Linguagens, Códigos e suas Tecnologias;1;0.0032907938036760573;0.0003611846857693234;0.1367462842872679;0.020340758045676078;0.1937004068151609;0.5334112055423531;0.11580134530954203
Amarela;Linguagens, Códigos e suas Tecnologias;2;0.002969740749658881;0.0005618428445300586;0.018767619814740233;0.044784534836890856;0.08836085380587998;0.5636729762384213;0.2844140153040677
Amarela;Linguagens, Códigos e suas Tecnologias;3;0.002086844851111646;0.0005217112127779115;0.06244718947410775;0.7049450770530721;0.04804248984026073;0.11584114593811612;0.06872409769444332
Amarela;Linguagens, Códigos e suas Tecnologias;4;0.0016855285335901757;0.0005217112127779115;0.03310139564815187;0.17536097816031854;0.7680489080159273;0.015484857016450146;0.008003861159152154
Amarela;Linguagens, Códigos e suas Tecnologias;5;0.001725660165342323;0.0006822377397864997;0.8108053745273152;0.036809075549119;0.07204923968139029;0.04767076997344919;0.03266554026872637
Amarela;Linguagens, Códigos e suas Tecnologias;6;0.0023276346416245285;0.0006019744762822056;0.11149124572348561;0.050633930368283356;0.35552425035218355;0.26842423022740997;0.21392634332863755
Amarela;Linguagens, Códigos e suas Tecnologias;7;0.001886186692350911;0.0005217112127779115;0.6667068951645345;0.0577278944404216;0.07216992517499396;0.08753721136052779;0.11585807385952208
Amarela;Linguagens, Códigos e suas Tecnologias;8;0.004494742756240469;0.0006019744762822056;0.1360977774192247;0.08716873058771328;0.21277883102738898;0.40587309910854746;0.15808156185712557
Amarela;Linguagens, Códigos e suas Tecnologias;9;0.0024078979051288226;0.0006822377397864997;0.29000442816311744;0.11468942474135502;0.19403405659997586;0.1623928183245441;0.2388792721710076
Amarela;Linguagens, Códigos e suas Tecnologias;10;0.0032105305401717633;0.0004815795810257645;0.5097478450012084;0.0802384596793684;0.18492709256424716;0.07061145573189398;0.15447514702328205
Amarela;Linguagens, Códigos e suas Tecnologias;11;0.0013243438478208523;0.00032105305401717633;0.5701250150741649;0.03400731599469389;0.09165092253889134;0.03649957792338304;0.26771716846886684
Amarela;Linguagens, Códigos e suas Tecnologias;12;0.002006581587607352;0.0005217112127779115;0.4715751357875679;0.1904646952323476;0.08340374170187086;0.11192918929792799;0.14262723798028565
Amarela;Linguagens, Códigos e suas Tecnologias;13;0.001846055060598764;0.0005217112127779115;0.025785429824208537;0.03306649503198037;0.026429059897823726;0.8619011223299409;0.0528178929160465
Amarela;Linguagens, Códigos e suas Tecnologias;14;0.002809214222650293;0.0006019744762822056;0.3954415495510007;0.19155961824990939;0.20879474892280434;0.03841662304192003;0.16578746023436555
Amarela;Linguagens, Códigos e suas Tecnologias;15;0.0015651336383337346;0.0004414479492736175;0.08078655299983915;0.13921505549300306;0.5923274891426733;0.1580746340678784;0.02959626829660608
Amarela;Linguagens, Códigos e suas Tecnologias;16;0.002608556063889558;0.0008026326350429408;0.1280956791366327;0.13562598155679942;0.1420287520637861;0.04884629323883542;0.5454032940039464
Amarela;Linguagens, Códigos e suas Tecnologias;17;0.0024480295368809694;0.0004013163175214704;0.14275365235239668;0.06970660441904455;0.43590775546343624;0.14665754417032237;0.2049744435948002
Amarela;Linguagens, Códigos e suas Tecnologias;18;0.0024881611686331166;0.0007223693715386468;0.1765037442628231;0.05845881310894597;0.1617682583138739;0.06127707544890893;0.5419921088654481
Amarela;Linguagens, Códigos e suas Tecnologias;19;0.0022875030098723813;0.0004815795810257645;0.24620709082860479;0.2401706306088776;0.33216628435751944;0.07895689967403115;0.10249909453096705
Amarela;Linguagens, Códigos e suas Tecnologias;20;0.002608556063889558;0.0004815795810257645;0.20611086510204904;0.4770339358318908;0.07503723682621473;0.15200676301276117;0.08981119922708426
Amarela;Linguagens, Códigos e suas Tecnologias;21;0.003732241752949675;0.00032105305401717633;0.21759277914332917;0.20111214087117701;0.2247652818632389;0.16778820969496716;0.18874158842728775
Amarela;Linguagens, Códigos e suas Tecnologias;22;0.002769082590898146;0.0005217112127779115;0.18505395393783217;0.4950072475438879;0.047149299404090836;0.15545981639555484;0.11732968271863424
Amarela;Linguagens, Códigos e suas Tecnologias;23;0.0033710570671803513;0.0006421061080343527;0.5482311225723265;0.040172455475864295;0.029535014908534128;0.056048029655894914;0.3260133773873801
Amarela;Linguagens, Códigos e suas Tecnologias;24;0.002889477486154587;0.0006019744762822056;0.21718819217913093;0.09451894808908219;0.3143248358906206;0.06612701864604728;0.307841005195119
Amarela;Linguagens, Códigos e suas Tecnologias;25;0.002688819327393852;0.000923027530299382;0.29450620267439986;0.19369260512324796;0.2783148058643467;0.13533107781536974;0.09815530852263574
Amarela;Linguagens, Códigos e suas Tecnologias;26;0.0032506621719239105;0.00032105305401717633;0.2292883321921946;0.2783841475693745;0.10020540496999476;0.10576342180514721;0.2863586934632889
Amarela;Linguagens, Códigos e suas Tecnologias;27;0.001725660165342323;0.0004414479492736175;0.916425353925354;0.026906370656370655;0.013231981981981982;0.021034427284427285;0.02240186615186615
Amarela;Linguagens, Códigos e suas Tecnologias;28;0.003892768279958263;0.0004013163175214704;0.09064527830397807;0.4780137842086171;0.1686751843940188;0.17665551569868204;0.08601023739470397
Amarela;Linguagens, Códigos e suas Tecnologias;29;0.0034111886989324986;0.0002809214222650293;0.06464996374768388;0.09530331104487232;0.0785064045758479;0.7116329654394586;0.04990735519213728
Amarela;Linguagens, Códigos e suas Tecnologias;30;0.0024078979051288226;0.0004414479492736175;0.09180182718235602;0.4739405159576609;0.06636616090473699;0.0276894594920916;0.3402020364631545
Amarela;Linguagens, Códigos e suas Tecnologias;31;0.0024480295368809694;0.0002809214222650293;0.07122736418511066;0.08185110663983904;0.7204426559356136;0.04716297786720322;0.0793158953722334
Amarela;Linguagens, Códigos e suas Tecnologias;32;0.0035717152259410866;0.0005217112127779115;0.13068181818181818;0.2491940683430045;0.3457849774339136;0.18754029658284976;0.08679883945841392
Amarela;Linguagens, Códigos e suas Tecnologias;33;0.002929609117906734;0.000882895898547235;0.14546992708375298;0.12746243403295332;0.2823188172259598;0.22612093622849777;0.21862788542883616
Amarela;Linguagens, Códigos e suas Tecnologias;34;0.00393289991171041;0.0007223693715386468;0.567131682928796;0.10011289412144182;0.11083783565841464;0.11265220546730102;0.10926538182404645
Amarela;Linguagens, Códigos e suas Tecnologias;35;0.002889477486154587;0.0005217112127779115;0.14404220190875044;0.5567591511295453;0.12394797245600613;0.10296782507147748;0.0722828494342206
Amarela;Linguagens, Códigos e suas Tecnologias;36;0.0031703989084196165;0.0008026326350429408;0.07840767154196382;0.13840203070228455;0.16217414077924172;0.16124743140336034;0.45976872557314963
Amarela;Linguagens, Códigos e suas Tecnologias;37;0.005417770286539851;0.0006822377397864997;0.047928611806508925;0.06852135992893484;0.1171767746103529;0.0636760074295405;0.7026972462246629
Amarela;Linguagens, Códigos e suas Tecnologias;38;0.0034914519624367926;0.0006019744762822056;0.03207607994842038;0.04730818826563508;0.7156673114119922;0.12020470664087686;0.08474371373307543
Amarela;Linguagens, Códigos e suas Tecnologias;39;0.0023276346416245285;0.0006822377397864997;0.04725677253149781;0.6751197520428289;0.12490439962967435;0.07217324799742382;0.08054582779857505
Amarela;Linguagens, Códigos e suas Tecnologias;40;0.004896059073761939;0.00024078979051288225;0.2564340459862848;0.41839451391690197;0.10855183541750706;0.1384025816861638;0.0782170229931424
Amarela;Ciências Humanas e suas Tecnologias;1;0.0022072397463680873;0.0004013163175214704;0.027240172212610148;0.09008972759827788;0.0690459904236913;0.09443527944312557;0.7191888303222951
Amarela;Ciências Humanas e suas Tecnologias;2;0.0032506621719239105;0.0003611846857693234;0.25136942162075077;0.28355082970839374;0.25797486708554856;0.17045271467697762;0.03665216690832931
Amarela;Ciências Humanas e suas Tecnologias;3;0.005819086604061321;0.0006421061080343527;0.22244213757725087;0.3297653188997051;0.09952740639011189;0.15987397503736317;0.18839116209556894
Amarela;Ciências Humanas e suas Tecnologias;4;0.0034111886989324986;0.0005217112127779115;0.34717969379532637;0.12876712328767123;0.20213537469782433;0.11728444802578565;0.20463336019339243
Amarela;Ciências Humanas e suas Tecnologias;5;0.0023276346416245285;0.0006019744762822056;0.027570939826926946;0.8852887905011069;0.04447574964781646;0.023908231032400886;0.018756288991748842
Amarela;Ciências Humanas e suas Tecnologias;6;0.004133558070471145;0.0004013163175214704;0.32356379762144727;0.1408990122959081;0.2992944970772022;0.10312437008667608;0.13311832291876638
Amarela;Ciências Humanas e suas Tecnologias;7;0.0033309254354282045;0.0006019744762822056;0.1048348106365834;0.08082191780821918;0.17066881547139404;0.5081788879935536;0.1354955680902498
Amarela;Ciências Humanas e suas Tecnologias;8;0.004013163175214704;0.0007223693715386468;0.06983870967741936;0.10120967741935484;0.04189516129032258;0.5995967741935484;0.18745967741935485
Amarela;Ciências Humanas e suas Tecnologias;9;0.003892768279958263;0.0006019744762822056;0.350116907199871;0.2973474159477546;0.1046117874707732;0.1705635733290333;0.07736031605256792
Amarela;Ciências Humanas e suas Tecnologias;10;0.004374347860984028;0.0004815795810257645;0.24127918699842724;0.12178892607976771;0.1324353752470057;0.3443561721175949;0.1601403395572045
Amarela;Ciências Humanas e suas Tecnologias;11;0.004575006019744763;0.0007223693715386468;0.05180343742435246;0.10227547809247156;0.12313402727346083;0.18728314371015897;0.5355039134995562
Amarela;Ciências Humanas e suas Tecnologias;12;0.0033309254354282045;0.00016052652700858816;0.09612983770287141;0.295598244130321;0.5396077483790424;0.02766702911682977;0.040997140670935524
Amarela;Ciências Humanas e suas Tecnologias;13;0.004494742756240469;0.0006019744762822056;0.18672098745512483;0.5013512968415957;0.07660037916986003;0.07341373885684321;0.16191359767657618
Amarela;Ciências Humanas e suas Tecnologias;14;0.004534874387992616;0.0008026326350429408;0.2115392374420012;0.23086544280815008;0.15283437563042163;0.29521888238854144;0.10954206173088561
Amarela;Ciências Humanas e suas Tecnologias;15;0.004133558070471145;0.0004013163175214704;0.24680507962104414;0.4437008667607337;0.16778875226768797;0.05490828462003628;0.08679701673049789
Amarela;Ciências Humanas e suas Tecnologias;16;0.0034914519624367926;0.0003611846857693234;0.18382886149383612;0.22210136169527034;0.11900733220530176;0.344331641285956;0.1307308033196358
Amarela;Ciências Humanas e suas Tecnologias;17;0.003892768279958263;0.0002809214222650293;0.042879019908116385;0.05932135085032643;0.6570081405658096;0.052309180301442736;0.18848230837430482
Amarela;Ciências Humanas e suas Tecnologias;18;0.004775664178505498;0.0014447387430772936;0.3239106731817631;0.11125469450389694;0.06267415095101563;0.15381819650284698;0.3483422848604773
Amarela;Ciências Humanas e suas Tecnologias;19;0.004133558070471145;0.000963159162051529;0.157879875761365;0.10164979226332137;0.08789480053245129;0.3537977491831713;0.29877778225969104
Amarela;Ciências Humanas e suas Tecnologias;20;0.005899349867565616;0.0008026326350429408;0.0482808775403014;0.33986505595733507;0.1289644862833825;0.2991798311179346;0.18370974910104643
Amarela;Ciências Humanas e suas Tecnologias;21;0.0032105305401717633;0.0008026326350429408;0.7802804416149569;0.16032718188411638;0.019260214360544765;0.014747360786525908;0.02538480135385607
Amarela;Ciências Humanas e suas Tecnologias;22;0.004575006019744763;0.0007223693715386468;0.17316226902283546;0.2111675946098604;0.3064229807149197;0.15262648269184217;0.15662067296054225
Amarela;Ciências Humanas e suas Tecnologias;23;0.005498033550044145;0.0005618428445300586;0.5205313522025276;0.05955505309484395;0.18415633706141235;0.16808656680260023;0.0676706908386159
Amarela;Ciências Humanas e suas Tecnologias;24;0.006621719239104262;0.0004013163175214704;0.09825001010386776;0.12249929272925676;0.43664874914117124;0.22786242573657195;0.11473952228913228
Amarela;Ciências Humanas e suas Tecnologias;25;0.004615137651496909;0.000963159162051529;0.20154162799144437;0.09152911739779653;0.1607813067516849;0.3910165866257718;0.1551313612333024
Amarela;Ciências Humanas e suas Tecnologias;26;0.005457901918291997;0.0005618428445300586;0.14898255813953487;0.1252422480620155;0.40560400516795864;0.06435723514211886;0.2558139534883721
Amarela;Ciências Humanas e suas Tecnologias;27;0.005217112127779116;0.0008427642667950878;0.2800096903137239;0.1145475834780151;0.0578996245003432;0.2890539831227036;0.2584891185852142
Amarela;Ciências Humanas e suas Tecnologias;28;0.0040934264387189985;0.001043422425555823;0.15720048406615572;0.036950383219039935;0.13807987091569182;0.6051230334812424;0.0626462283178701
Amarela;Ciências Humanas e suas Tecnologias;29;0.006140139658078497;0.0006822377397864997;0.47155325682883464;0.22135122030063034;0.06909649264587037;0.05200420235978665;0.18599482786487798
Amarela;Ciências Humanas e suas Tecnologias;30;0.005979613131069909;0.0006822377397864997;0.10261797026502908;0.34974951519069164;0.1845103425985779;0.12479799612152553;0.23832417582417584
Amarela;Ciências Humanas e suas Tecnologias;31;0.003892768279958263;0.0010835540573079702;0.10905864322013391;0.4549487779301444;0.02520771154311527;0.15459385335161732;0.2561910139549891
Amarela;Ciências Humanas e suas Tecnologias;32;0.005498033550044145;0.0004414479492736175;0.08687928946306016;0.07654420670165522;0.379047234557933;0.33019781994348;0.1273314493338716
Amarela;Ciências Humanas e suas Tecnologias;33;0.006461192712095673;0.0010835540573079702;0.1460169834209462;0.06235341690254751;0.1092195713708047;0.606550748079256;0.07585928022644561
Amarela;Ciências Humanas e suas Tecnologias;34;0.006982903924873585;0.0006019744762822056;0.2790246269562053;0.12196206882607465;0.20740830603744592;0.3286020461805977;0.0630029519996765
Amarela;Ciências Humanas e suas Tecnologias;35;0.005939481499317762;0.0011638173208122643;0.15848187219595003;0.05258477830322137;0.28002101774382604;0.04357139970090134;0.4653409320561012
Amarela;Ciências Humanas e suas Tecnologias;36;0.004775664178505498;0.0012440805843165583;0.9060885012919897;0.022892441860465115;0.02212532299741602;0.02555717054263566;0.02333656330749354
Amarela;Ciências Humanas e suas Tecnologias;37;0.004655269283249057;0.001043422425555823;0.0741443332257023;0.5479899903132063;0.2881417500807233;0.04593154665805618;0.04379237972231192
Amarela;Ciências Humanas e suas Tecnologias;38;0.005738823340557027;0.000923027530299382;0.19731738849385907;0.1682288299935359;0.339406916612799;0.1655623787976729;0.12948448610213317
Amarela;Ciências Humanas e suas Tecnologias;39;0.0061000080263263505;0.000882895898547235;0.03330100226317491;0.42555771096023276;0.043364047849983836;0.07193663110248949;0.425840607824119
Amarela;Ciências Humanas e suas Tecnologias;40;0.007183562083634321;0.0011638173208122643;0.12391744233104006;0.06519627681100769;0.31448806151355724;0.4528935653581546;0.043504653986240385
Amarela;Ciências Humanas e suas Tecnologias;41;0.006220402921582792;0.0006822377397864997;0.6219995150731431;0.07496160995716479;0.07964923624020044;0.15424715105471593;0.06914248767477572
Amarela;Ciências Humanas e suas Tecnologias;42;0.004414479492736175;0.0010835540573079702;0.7960937815261693;0.08885839958032364;0.0596828215164844;0.020580283281546347;0.03478471409547637
Amarela;Ciências Humanas e suas Tecnologias;43;0.006661850870856409;0.0013644754795729993;0.4813091674083664;0.08868031394125739;0.06566065215632333;0.10822072983251071;0.2561291366615422
Amarela;Ciências Humanas e suas Tecnologias;44;0.005297375391283409;0.0006019744762822056;0.10617254047071172;0.18420733922732227;0.08760243833514997;0.3140769448145008;0.3079407371523152
Amarela;Ciências Humanas e suas Tecnologias;45;0.004936190705514086;0.0005217112127779115;0.09523040916794448;0.3895165846178678;0.27524009361633445;0.11657654749414897;0.1234363651037043
Amarela;Matemática e suas Tecnologias;1;0.0012440805843165583;0.0004414479492736175;0.3326839185125577;0.23395874804116726;0.18262674177290247;0.19948329168607853;0.051247299987294055
Amarela;Matemática e suas Tecnologias;2;0.0012440805843165583;0.00024078979051288225;0.1771680216802168;0.38097052845528456;0.20697831978319783;0.17657520325203252;0.058307926829268296
Amarela;Matemática e suas Tecnologias;3;0.002086844851111646;0.0004815795810257645;0.19759209801178515;0.13345203272711859;0.3062020433252787;0.25054050616812923;0.11221331976768834
Amarela;Matemática e suas Tecnologias;4;0.001003290793803676;0.0005217112127779115;0.3475756934152022;0.07901757357611687;0.3183146305314419;0.16171924624179546;0.09337285623544357
Amarela;Matemática e suas Tecnologias;5;0.001805923428846617;0.0006822377397864997;0.3280064431350939;0.14844644143953203;0.09914798016192616;0.17396464753507693;0.250434487728371
Amarela;Matemática e suas Tecnologias;6;0.0006822377397864997;0.0007625010032907938;0.10920099928017953;0.24795698014142356;0.5525257229961469;0.05758563746453826;0.03273066011771182
Amarela;Matemática e suas Tecnologias;7;0.0021671081146159405;0.0005618428445300586;0.10226839092643629;0.18185287258850966;0.18287046851812594;0.27958448166207334;0.2534237863048548
Amarela;Matemática e suas Tecnologias;8;0.000882895898547235;0.0007625010032907938;0.057259020836862615;0.37256479756056243;0.07784177536845671;0.11206166356090123;0.38027274267321703
Amarela;Matemática e suas Tecnologias;9;0.0005618428445300586;0.0015250020065815876;0.02046523452396085;0.11139358501758401;0.03427820855048515;0.0702088894538367;0.7636540824541334
Amarela;Matemática e suas Tecnologias;10;0.0026486876956417047;0.0005217112127779115;0.16679392551115635;0.16344277593959447;0.3492831085093747;0.19703911088487316;0.12344107915500127
Amarela;Matemática e suas Tecnologias;11;0.000963159162051529;0.0008026326350429408;0.6420856453047566;0.07238764877800839;0.03600321911135584;0.04849845397941463;0.20102503282646447
Amarela;Matemática e suas Tecnologias;12;0.0008427642667950878;0.00012039489525644112;0.04998095560540015;0.1508316052308604;0.6131025434847011;0.11765203775022219;0.06843285792881629
Amarela;Matemática e suas Tecnologias;13;0.0024480295368809694;0.0004414479492736175;0.1732750943556253;0.2555447182053348;0.22988846953055425;0.26012467664645267;0.08116704126203299
Amarela;Matemática e suas Tecnologias;14;0.00176579179709447;0.0005217112127779115;0.15807764027801322;0.2740718765892524;0.36434141379894897;0.13697236819799966;0.06653670113578572
Amarela;Matemática e suas Tecnologias;15;0.002528292800385264;0.0004815795810257645;0.15777419628467215;0.3625837645262533;0.17465433879039782;0.13724658580032234;0.1677411145983544
Amarela;Matemática e suas Tecnologias;16;0.001003290793803676;0.0004815795810257645;0.05420054200542006;0.2266260162601626;0.24898373983739838;0.2665565718157182;0.20363313008130082
Amarela;Matemática e suas Tecnologias;17;0.0034914519624367926;0.00032105305401717633;0.24356906358774089;0.20010187622039222;0.2970965277188216;0.16639782664063163;0.09283470583241361
Amarela;Matemática e suas Tecnologias;18;0.0013243438478208523;0.0007625010032907938;0.19384771831702047;0.14757849243676116;0.15101055040040676;0.32850302953264693;0.1790602093131647
Amarela;Matemática e suas Tecnologias;19;0.0013243438478208523;0.0012842122160687053;0.08741733084619298;0.08436493132101068;0.15304392063761235;0.3564100390028828;0.3187637781923012
Amarela;Matemática e suas Tecnologias;20;0.0014046071113251466;0.0002809214222650293;0.15081953326839184;0.26466477489305834;0.24065054423785523;0.18292321375630002;0.16094193384439456
Amarela;Matemática e suas Tecnologias;21;0.0032907938036760573;0.0007223693715386468;0.13331635035876535;0.27181250796076933;0.2784783254787076;0.173014053411455;0.14337876279030273
Amarela;Matemática e suas Tecnologias;22;0.001966449955855205;0.0007223693715386468;0.1869753243449504;0.20944628169252946;0.20516408038667006;0.22178410921733233;0.17663020435851776
Amarela;Matemática e suas Tecnologias;23;0.0012039489525644113;0.0005618428445300586;0.21390147824981998;0.1890804354271676;0.1506628827989326;0.3161082637977043;0.13024693972637552
Amarela;Matemática e suas Tecnologias;24;0.002769082590898146;0.0003611846857693234;0.21170731707317073;0.21013785790031814;0.3167338282078473;0.1535524920466596;0.10786850477200424
Amarela;Matemática e suas Tecnologias;25;0.001805923428846617;0.0004414479492736175;0.2353689028266305;0.2614315379073611;0.24604822646946645;0.1544264101368818;0.10272492265966013
Amarela;Matemática e suas Tecnologias;26;0.0022072397463680873;0.0006421061080343527;0.14879993215164108;0.17988296158086675;0.2685098804172674;0.26893393266050375;0.13387329318972097
Amarela;Matemática e suas Tecnologias;27;0.002889477486154587;0.0004013163175214704;0.22616774850451826;0.33897586016715453;0.20898561792032583;0.1344024436807942;0.09146832972720716
Amarela;Matemática e suas Tecnologias;28;0.0010835540573079702;0.0005217112127779115;0.12082327531444544;0.39478253504425526;0.30110532333883877;0.11400499724727904;0.06928386905518147
Amarela;Matemática e suas Tecnologias;29;0.001805923428846617;0.0012440805843165583;0.09577130254061161;0.6630190439835433;0.12351020061924757;0.08554947618441702;0.032149976672180516
Amarela;Matemática e suas Tecnologias;30;0.0013243438478208523;0.000923027530299382;0.11039538924439547;0.2957579353307624;0.08073060134762894;0.0946730516591092;0.418443022418104
Amarela;Matemática e suas Tecnologias;31;0.0007625010032907938;0.0004815795810257645;0.49826432986199304;0.10358987384641435;0.13703327406654814;0.1435526204385742;0.11755990178647024
Amarela;Matemática e suas Tecnologias;32;0.002688819327393852;0.0005618428445300586;0.1345240115391142;0.3381130154420499;0.17219582555574411;0.17334125233327677;0.18182589512981503
Amarela;Matemática e suas Tecnologias;33;0.0014046071113251466;0.0012440805843165583;0.16598126086403528;0.050621104845889685;0.09352609488277441;0.6358163395090516;0.054055199898249036
Amarela;Matemática e suas Tecnologias;34;0.002688819327393852;0.0006822377397864997;0.22143493572065;0.30056430056430056;0.26046926046926044;0.15533115533115532;0.06220034791463363
Amarela;Matemática e suas Tecnologias;35;0.0016052652700858816;0.0006019744762822056;0.09132129841511992;0.23446902279854226;0.32701923891855245;0.2238749046529367;0.12331553521484871
Amarela;Matemática e suas Tecnologias;36;0.003732241752949675;0.000963159162051529;0.18945445275322909;0.2359789259007478;0.2441791298436438;0.19068660774983004;0.1397008837525493
Amarela;Matemática e suas Tecnologias;37;0.0023677662733766753;0.000882895898547235;0.2528423553368403;0.2200492109282199;0.1590446292211098;0.25275750890887494;0.11530629560495503
Amarela;Matemática e suas Tecnologias;38;0.0014447387430772936;0.0008026326350429408;0.09963130906471161;0.3018604059838115;0.15951180234775608;0.1412043903886087;0.2977920922151121
Amarela;Matemática e suas Tecnologias;39;0.002889477486154587;0.0005618428445300586;0.12649043153562184;0.2785674884372215;0.3194721432511563;0.14622141129545552;0.12924852548054483
Amarela;Matemática e suas Tecnologias;40;0.0023677662733766753;0.0008026326350429408;0.17006023585305846;0.08165775854755239;0.1469839653855943;0.40646474930007637;0.1948332909137185
Amarela;Matemática e suas Tecnologias;41;0.002929609117906734;0.0005618428445300586;0.11724518373928541;0.1575150640753628;0.23746074853602647;0.21013324280743445;0.27764576084189085
Amarela;Matemática e suas Tecnologias;42;0.002006581587607352;0.001003290793803676;0.18703876495037747;0.2305114937653745;0.23106285520400374;0.158155908049877;0.1932309780303673
Amarela;Matemática e suas Tecnologias;43;0.0016052652700858816;0.0015651336383337346;0.3121659455332146;0.2218121659455332;0.21018919148214135;0.07762789513871214;0.17820480190039875
Amarela;Matemática e suas Tecnologias;44;0.00176579179709447;0.0006822377397864997;0.2558070532383859;0.271617497456765;0.17145642590708715;0.22850966429298067;0.07260935910478128
Amarela;Matemática e suas Tecnologias;45;0.002086844851111646;0.00032105305401717633;0.11015979315898783;0.12554571271139744;0.3618870003814691;0.19374390709108633;0.2086635866570593
Amarela;Ciências Naturais e suas Tecnologias;1;0.0006421061080343527;0.0004815795810257645;0.17616931216931217;0.09473015873015873;0.10002116402116402;0.21333333333333335;0.41574603174603175
Amarela;Ciências Naturais e suas Tecnologias;2;0.0007223693715386468;0.0005217112127779115;0.3274489882313098;0.3539073744814156;0.1207772415544831;0.09639319278638557;0.1014732029464059
Amarela;Ciências Naturais e suas Tecnologias;3;0.0020467132193594992;0.000963159162051529;0.10102638052421749;0.20811773687335652;0.20167104928323012;0.26333870557299177;0.22584612774620408
Amarela;Ciências Naturais e suas Tecnologias;4;0.0008026326350429408;0.0007625010032907938;0.3505124078936224;0.04349114931820107;0.22185991361057;0.3084610824087406;0.07567544676886592
Amarela;Ciências Naturais e suas Tecnologias;5;0.002528292800385264;0.0005217112127779115;0.08953641260550536;0.2616957204054799;0.34075582135131693;0.25660601433600544;0.05140603130169233
Amarela;Ciências Naturais e suas Tecnologias;6;0.0006019744762822056;0.000963159162051529;0.1345388328957398;0.14271195053781655;0.07863978995511138;0.29706953502159733;0.3470398915897349
Amarela;Ciências Naturais e suas Tecnologias;7;0.0004815795810257645;0.0005618428445300586;0.08541075887755534;0.3266601769162399;0.5159774833876497;0.0503237821136835;0.021627798704871547
Amarela;Ciências Naturais e suas Tecnologias;8;0.0012842122160687053;0.0006421061080343527;0.42368142342723997;0.1283626350349502;0.1000635458589282;0.1587799195085787;0.1891124761703029
Amarela;Ciências Naturais e suas Tecnologias;9;0.0020467132193594992;0.0005618428445300586;0.200864846532135;0.30990334068170255;0.14248770561302357;0.25496014922842125;0.09178395794471765
Amarela;Ciências Naturais e suas Tecnologias;10;0.0015250020065815876;0.0005217112127779115;0.20837217184984325;0.23506482501482925;0.1749851707482417;0.20421998135751207;0.17735785102957377
Amarela;Ciências Naturais e suas Tecnologias;11;0.000923027530299382;0.0004414479492736175;0.11850628731106312;0.10580464879969516;0.44006943562386214;0.20720606291544943;0.12841356534993015
Amarela;Ciências Naturais e suas Tecnologias;12;0.0007223693715386468;0.0005618428445300586;0.20938994962109986;0.07315524321578257;0.43630667626264763;0.22556199991532958;0.05558613098514034
Amarela;Ciências Naturais e suas Tecnologias;13;0.0005618428445300586;0.0008427642667950878;0.12630197307138624;0.07388432551443815;0.3543483783554916;0.3115843847912609;0.13388093826742314
Amarela;Ciências Naturais e suas Tecnologias;14;0.0007625010032907938;0.0006822377397864997;0.5268238980395478;0.09001990091882965;0.13841724181733497;0.14489562603209552;0.09984333319219206
Amarela;Ciências Naturais e suas Tecnologias;15;0.001805923428846617;0.0004815795810257645;0.1766401084929649;0.35111883370062724;0.21821495168672655;0.18295473809120189;0.07107136802847941
Amarela;Ciências Naturais e suas Tecnologias;16;0.000882895898547235;0.00016052652700858816;0.08350615820882888;0.2806534896516697;0.22271130486308038;0.22965251618910568;0.18347653108731535
Amarela;Ciências Naturais e suas Tecnologias;17;0.0008427642667950878;0.0002809214222650293;0.2955767195767196;0.30747089947089945;0.12258201058201058;0.15288888888888888;0.12148148148148148
Amarela;Ciências Naturais e suas Tecnologias;18;0.001043422425555823;0.0006421061080343527;0.13633475922239635;0.20829274490703487;0.21905044259031808;0.22769048324933294;0.20863157003091778
Amarela;Ciências Naturais e suas Tecnologias;19;0.0007223693715386468;0.000923027530299382;0.16957479247840082;0.17029476537353888;0.1652126037607996;0.18062849398610875;0.31428934440115197
Amarela;Ciências Naturais e suas Tecnologias;20;0.001805923428846617;0.0004815795810257645;0.15795050008476014;0.2607221562976776;0.27017291066282423;0.2398711646041702;0.07128326835056789
Amarela;Ciências Naturais e suas Tecnologias;21;0.0021671081146159405;0.0003611846857693234;0.2076303518440017;0.33399745654938534;0.23768545994065282;0.15281899109792285;0.06786774056803731
Amarela;Ciências Naturais e suas Tecnologias;22;0.0007625010032907938;0.0005618428445300586;0.08408128704487722;0.06532599491955969;0.5360711261642676;0.10330228619813717;0.21121930567315833
Amarela;Ciências Naturais e suas Tecnologias;23;0.0006421061080343527;0.0006019744762822056;0.1479552959105918;0.12903225806451613;0.5218440436880873;0.05194310388620777;0.1492252984505969
Amarela;Ciências Naturais e suas Tecnologias;24;0.000882895898547235;0.0005217112127779115;0.3753493098484207;0.2531967143703955;0.047844864086713526;0.12342281310864595;0.20018629858582437
Amarela;Ciências Naturais e suas Tecnologias;25;0.0006822377397864997;0.0002809214222650293;0.41080875195734057;0.08591138008379534;0.360277624952389;0.040162512167252105;0.10283973083922299
Amarela;Ciências Naturais e suas Tecnologias;26;0.000923027530299382;0.0004815795810257645;0.16724532136506054;0.4439410619019392;0.0917943941061902;0.24311965450080447;0.05389956812600559
Amarela;Ciências Naturais e suas Tecnologias;27;0.000882895898547235;0.0002809214222650293;0.1060362343379614;0.41593294954283777;0.21647477141889604;0.10641720284456485;0.15513884185573992
Amarela;Ciências Naturais e suas Tecnologias;28;0.001003290793803676;0.0006822377397864997;0.16958197450340942;0.4230655203083309;0.11863114649951294;0.16572783871924104;0.12299351996950574
Amarela;Ciências Naturais e suas Tecnologias;29;0.001043422425555823;0.000882895898547235;0.26286803643295914;0.1015462825672527;0.20775259478923958;0.10900233001482737;0.31883075619572127
Amarela;Ciências Naturais e suas Tecnologias;30;0.0011236856890601173;0.0005618428445300586;0.09050866121722925;0.19329973317521496;0.15683367921731398;0.370801744949388;0.18855618144085384
Amarela;Ciências Naturais e suas Tecnologias;31;0.0006421061080343527;0.0003611846857693234;0.29236499068901306;0.17673946165566276;0.2903335026240054;0.10457931267987133;0.13598273235144742
Amarela;Ciências Naturais e suas Tecnologias;32;0.000963159162051529;0.0007625010032907938;0.3195256247352817;0.1228293096145701;0.08856416772554003;0.08492164337145278;0.3841592545531554
Amarela;Ciências Naturais e suas Tecnologias;33;0.0011638173208122643;0.0007223693715386468;0.11348809624671694;0.3379649241718207;0.1644073540625265;0.23790561721596204;0.1462340083029738
Amarela;Ciências Naturais e suas Tecnologias;34;0.0023276346416245285;0.0005217112127779115;0.0830294292256806;0.2395895174285472;0.38614197269103556;0.18654058179967772;0.10469849885505894
Amarela;Ciências Naturais e suas Tecnologias;35;0.0012039489525644113;0.0004815795810257645;0.23332345093388676;0.3470416331370971;0.10579814493244674;0.20371860573461523;0.11011816526195417
Amarela;Ciências Naturais e suas Tecnologias;36;0.0020467132193594992;0.0004013163175214704;0.15289081044421837;0.28980162767039674;0.3020515428958969;0.20023736859952526;0.055018650389962696
Amarela;Ciências Naturais e suas Tecnologias;37;0.0011638173208122643;0.0004013163175214704;0.14050986702803422;0.2343101549928009;0.10366731599898366;0.37397306682476494;0.1475395951554163
Amarela;Ciências Naturais e suas Tecnologias;38;0.001003290793803676;0.0008427642667950878;0.09708984623204982;0.1465243360020333;0.25458550429957216;0.27729063413394334;0.2245096793324014
Amarela;Ciências Naturais e suas Tecnologias;39;0.0024480295368809694;0.0003611846857693234;0.07963363439765933;0.29334690242971634;0.31289488190645803;0.24640630962981808;0.06771827163634822
Amarela;Ciências Naturais e suas Tecnologias;40;0.0013644754795729993;0.0004815795810257645;0.11373745075613166;0.12187063159232431;0.1692718261532596;0.3249883509128648;0.27013174058541956
Amarela;Ciências Naturais e suas Tecnologias;41;0.000923027530299382;0.0004815795810257645;0.07557794902193242;0.05182487932932509;0.1811330341265137;0.37433313574392413;0.31713100177830467
Amarela;Ciências Naturais e suas Tecnologias;42;0.000963159162051529;0.000923027530299382;0.5063966788104719;0.14614928408031858;0.053460984495467254;0.0693891383546556;0.22460391425908668
Amarela;Ciências Naturais e suas Tecnologias;43;0.0024078979051288226;0.0007223693715386468;0.14799575821845176;0.20924708377518558;0.3149098621420997;0.21060445387062565;0.11724284199363733
Amarela;Ciências Naturais e suas Tecnologias;44;0.0012842122160687053;0.0008026326350429408;0.1677895004448964;0.32913859582221094;0.17990763103258336;0.161688064065082;0.16147620863522733
Amarela;Ciências Naturais e suas Tecnologias;45;0.0016855285335901757;0.00032105305401717633;0.14493920264373172;0.2713214421895522;0.3224166419522942;0.12146761004956998;0.13985510316485192
Amarela;Inglês;1;0.00176579179709447;0.0002809214222650293;0.04387039305199866;0.0846230931967487;0.07521434138737335;0.6947444605277808;0.10154771183609843
Amarela;Inglês;2;0.0024480295368809694;0.00032105305401717633;0.07333927775300936;0.06954971020954079;0.08983504235399019;0.1212661613909942;0.6460098082924655
Amarela;Inglês;3;0.002086844851111646;0.0004815795810257645;0.04245361858599365;0.08507437740264082;0.49328653406875034;0.34146749122513786;0.0377179787174773
Amarela;Inglês;4;0.0024078979051288226;0.0004815795810257645;0.08199097040298757;0.1267487876929937;0.05222674321386768;0.6844100105902681;0.05462348809988295
Amarela;Inglês;5;0.003009872381411028;0.0002006581587607352;0.02531645569620253;0.795739697763899;0.028829532147437685;0.12529972676072046;0.024814587631740367
Amarela;Espanhol;1;0.0016052652700858816;0.00032105305401717633;0.15560740848767682;0.07845996791599825;0.2743182149628117;0.34388216421175444;0.14773224442175878
Amarela;Espanhol;2;0.00176579179709447;0.00016052652700858816;0.27125565115939915;0.12323173399445822;0.3360070001458364;0.045646784308006415;0.22385883039229984
Amarela;Espanhol;3;0.0012842122160687053;0.0002809214222650293;0.035974366443344015;0.10806874453830469;0.04573259539761142;0.10151471016603554;0.7087095834547044
Amarela;Espanhol;4;0.001043422425555823;0.00024078979051288225;0.6919831223628692;0.05048741452058781;0.06241815800960279;0.09166302924487124;0.10344827586206896
Amarela;Espanhol;5;0.000963159162051529;0.0004013163175214704;0.6245088051229807;0.25032746325134625;0.04569931596565274;0.04788240430796099;0.03158201135205938
Verde;Linguagens, Códigos e suas Tecnologias;1;0.0;0.0;0.17391304347826086;0.17391304347826086;0.30434782608695654;0.08695652173913043;0.2608695652173913
Verde;Linguagens, Códigos e suas Tecnologias;2;0.0;0.0;0.391304347826087;0.043478260869565216;0.21739130434782608;0.17391304347826086;0.17391304347826086
Verde;Linguagens, Códigos e suas Tecnologias;3;0.0;0.0;0.34782608695652173;0.043478260869565216;0.17391304347826086;0.2608695652173913;0.17391304347826086
Verde;Linguagens, Códigos e suas Tecnologias;4;0.0;0.0;0.08695652173913043;0.08695652173913043;0.043478260869565216;0.6521739130434783;0.13043478260869565
Verde;Linguagens, Códigos e suas Tecnologias;5;0.0;0.0;0.08695652173913043;0.2608695652173913;0.17391304347826086;0.08695652173913043;0.391304347826087
Verde;Linguagens, Códigos e suas Tecnologias;6;0.0;0.0;0.17391304347826086;0.391304347826087;0.34782608695652173;0.08695652173913043;
Verde;Linguagens, Códigos e suas Tecnologias;7;0.0;0.0;0.21739130434782608;0.30434782608695654;0.2608695652173913;0.17391304347826086;0.043478260869565216
Verde;Linguagens, Códigos e suas Tecnologias;8;0.0;0.0;0.21739130434782608;0.13043478260869565;0.43478260869565216;0.13043478260869565;0.08695652173913043
Verde;Linguagens, Códigos e suas Tecnologias;9;0.0;0.0;0.17391304347826086;0.13043478260869565;0.30434782608695654;0.21739130434782608;0.17391304347826086
Verde;Linguagens, Códigos e suas Tecnologias;10;0.0;0.0;0.21739130434782608;0.13043478260869565;0.34782608695652173;0.2608695652173913;0.043478260869565216
Verde;Linguagens, Códigos e suas Tecnologias;11;0.0;0.0;0.08695652173913043;0.2608695652173913;0.17391304347826086;0.2608695652173913;0.21739130434782608
Verde;Linguagens, Códigos e suas Tecnologias;12;0.0;0.0;0.17391304347826086;0.2608695652173913;0.043478260869565216;0.34782608695652173;0.17391304347826086
Verde;Linguagens, Códigos e suas Tecnologias;13;0.0;0.0;0.21739130434782608;0.043478260869565216;0.6086956521739131;0.08695652173913043;0.043478260869565216
Verde;Linguagens, Códigos e suas Tecnologias;14;0.0;0.0;0.17391304347826086;0.08695652173913043;0.043478260869565216;0.13043478260869565;0.5652173913043478
Verde;Linguagens, Códigos e suas Tecnologias;15;0.0;0.0;0.30434782608695654;0.13043478260869565;0.21739130434782608;0.30434782608695654;0.043478260869565216
Verde;Linguagens, Códigos e suas Tecnologias;16;0.0;0.0;0.17391304347826086;0.08695652173913043;0.08695652173913043;0.30434782608695654;0.34782608695652173
Verde;Linguagens, Códigos e suas Tecnologias;17;0.0;0.0;;0.2608695652173913;0.21739130434782608;0.17391304347826086;0.34782608695652173
Verde;Linguagens, Códigos e suas Tecnologias;18;0.0;0.0;0.13043478260869565;0.13043478260869565;0.13043478260869565;0.2608695652173913;0.34782608695652173
Verde;Linguagens, Códigos e suas Tecnologias;19;0.0;0.0;0.17391304347826086;0.30434782608695654;0.13043478260869565;0.391304347826087;
Verde;Linguagens, Códigos e suas Tecnologias;20;0.0;0.0;0.391304347826087;0.34782608695652173;0.08695652173913043;;0.17391304347826086
Verde;Linguagens, Códigos e suas Tecnologias;21;0.0;0.0;0.2608695652173913;0.043478260869565216;0.2608695652173913;0.17391304347826086;0.2608695652173913
Verde;Linguagens, Códigos e suas Tecnologias;22;0.0;0.0;0.08695652173913043;0.17391304347826086;0.43478260869565216;0.30434782608695654;
Verde;Linguagens, Códigos e suas Tecnologias;23;0.0;0.0;0.43478260869565216;0.2608695652173913;0.043478260869565216;0.17391304347826086;0.08695652173913043
Verde;Linguagens, Códigos e suas Tecnologias;24;0.0;0.0;0.21739130434782608;0.17391304347826086;0.17391304347826086;0.17391304347826086;0.2608695652173913
Verde;Linguagens, Códigos e suas Tecnologias;25;0.0;0.0;0.13043478260869565;0.13043478260869565;0.13043478260869565;0.21739130434782608;0.391304347826087
Verde;Linguagens, Códigos e suas Tecnologias;26;0.0;0.0;0.17391304347826086;0.2608695652173913;0.13043478260869565;0.08695652173913043;0.34782608695652173
Verde;Linguagens, Códigos e suas Tecnologias;27;0.0;0.0;0.34782608695652173;0.43478260869565216;0.043478260869565216;0.13043478260869565;0.043478260869565216
Verde;Linguagens, Códigos e suas Tecnologias;28;0.0;0.0;0.17391304347826086;0.2608695652173913;0.17391304347826086;0.13043478260869565;0.2608695652173913
Verde;Linguagens, Códigos e suas Tecnologias;29;0.0;0.0;0.13043478260869565;0.13043478260869565;0.34782608695652173;0.043478260869565216;0.34782608695652173
Verde;Linguagens, Códigos e suas Tecnologias;30;0.0;0.0;0.21739130434782608;0.17391304347826086;0.13043478260869565;0.30434782608695654;0.17391304347826086
Verde;Linguagens, Códigos e suas Tecnologias;31;0.0;0.0;0.21739130434782608;0.2608695652173913;0.043478260869565216;0.21739130434782608;0.2608695652173913
Verde;Linguagens, Códigos e suas Tecnologias;32;0.0;0.0;0.34782608695652173;0.21739130434782608;0.21739130434782608;0.08695652173913043;0.13043478260869565
Verde;Linguagens, Códigos e suas Tecnologias;33;0.0;0.0;;0.13043478260869565;0.08695652173913043;0.4782608695652174;0.30434782608695654
Verde;Linguagens, Códigos e suas Tecnologias;34;0.0;0.0;0.08695652173913043;0.13043478260869565;0.21739130434782608;0.34782608695652173;0.21739130434782608
Verde;Linguagens, Códigos e suas Tecnologias;35;0.0;0.0;0.2608695652173913;0.13043478260869565;0.391304347826087;0.17391304347826086;0.043478260869565216
Verde;Linguagens, Códigos e suas Tecnologias;36;0.0;0.0;0.17391304347826086;0.13043478260869565;0.13043478260869565;0.391304347826087;0.17391304347826086
Verde;Linguagens, Códigos e suas Tecnologias;37;0.0;0.0;0.13043478260869565;0.21739130434782608;0.17391304347826086;0.43478260869565216;0.043478260869565216
Verde;Linguagens, Códigos e suas Tecnologias;38;0.0;0.0;0.13043478260869565;0.34782608695652173;0.13043478260869565;0.13043478260869565;0.2608695652173913
Verde;Linguagens, Códigos e suas Tecnologias;39;0.0;0.0;0.21739130434782608;0.13043478260869565;0.13043478260869565;0.2608695652173913;0.2608695652173913
Verde;Linguagens, Códigos e suas Tecnologias;40;0.0;0.0;0.34782608695652173;0.17391304347826086;0.08695652173913043;0.08695652173913043;0.30434782608695654
Verde;Ciências Humanas e suas Tecnologias;1;0.0;0.0;0.391304347826087;0.17391304347826086;0.043478260869565216;0.2608695652173913;0.13043478260869565
Verde;Ciências Humanas e suas Tecnologias;2;0.0;0.0;0.17391304347826086;0.30434782608695654;0.21739130434782608;0.17391304347826086;0.13043478260869565
Verde;Ciências Humanas e suas Tecnologias;3;0.0;0.0;0.2608695652173913;0.21739130434782608;0.08695652173913043;0.21739130434782608;0.21739130434782608
Verde;Ciências Humanas e suas Tecnologias;4;0.0;0.0;0.043478260869565216;0.21739130434782608;0.34782608695652173;0.08695652173913043;0.30434782608695654
Verde;Ciências Humanas e suas Tecnologias;5;0.0;0.0;0.043478260869565216;0.13043478260869565;0.21739130434782608;0.30434782608695654;0.30434782608695654
Verde;Ciências Humanas e suas Tecnologias;6;0.0;0.0;0.08695652173913043;0.13043478260869565;0.13043478260869565;0.08695652173913043;0.5652173913043478
Verde;Ciências Humanas e suas Tecnologias;7;0.0;0.0;0.043478260869565216;0.30434782608695654;0.17391304347826086;0.2608695652173913;0.21739130434782608
Verde;Ciências Humanas e suas Tecnologias;8;0.0;0.0;0.08695652173913043;0.043478260869565216;0.4782608695652174;0.2608695652173913;0.13043478260869565
Verde;Ciências Humanas e suas Tecnologias;9;0.0;0.0;0.13043478260869565;0.08695652173913043;0.08695652173913043;0.30434782608695654;0.391304347826087
Verde;Ciências Humanas e suas Tecnologias;10;0.0;0.0;0.21739130434782608;0.2608695652173913;0.2608695652173913;0.2608695652173913;
Verde;Ciências Humanas e suas Tecnologias;11;0.0;0.0;0.391304347826087;0.17391304347826086;0.17391304347826086;0.2608695652173913;
Verde;Ciências Humanas e suas Tecnologias;12;0.0;0.0;0.21739130434782608;0.043478260869565216;0.43478260869565216;0.17391304347826086;0.13043478260869565
Verde;Ciências Humanas e suas Tecnologias;13;0.0;0.0;0.43478260869565216;0.08695652173913043;0.2608695652173913;0.17391304347826086;0.043478260869565216
Verde;Ciências Humanas e suas Tecnologias;14;0.0;0.0;0.08695652173913043;0.13043478260869565;0.34782608695652173;0.21739130434782608;0.21739130434782608
Verde;Ciências Humanas e suas Tecnologias;15;0.0;0.0;0.08695652173913043;0.21739130434782608;0.13043478260869565;0.08695652173913043;0.4782608695652174
Verde;Ciências Humanas e suas Tecnologias;16;0.0;0.0;0.34782608695652173;0.043478260869565216;0.17391304347826086;0.2608695652173913;0.17391304347826086
Verde;Ciências Humanas e suas Tecnologias;17;0.0;0.0;0.17391304347826086;0.2608695652173913;0.21739130434782608;0.17391304347826086;0.17391304347826086
Verde;Ciências Humanas e suas Tecnologias;18;0.0;0.0;0.5217391304347826;0.13043478260869565;0.21739130434782608;0.08695652173913043;0.043478260869565216
Verde;Ciências Humanas e suas Tecnologias;19;0.0;0.0;0.2608695652173913;0.043478260869565216;0.17391304347826086;0.2608695652173913;0.2608695652173913
Verde;Ciências Humanas e suas Tecnologias;20;0.0;0.0;0.21739130434782608;0.17391304347826086;0.13043478260869565;0.21739130434782608;0.2608695652173913
Verde;Ciências Humanas e suas Tecnologias;21;0.0;0.0;0.08695652173913043;0.30434782608695654;0.391304347826087;0.13043478260869565;0.08695652173913043
Verde;Ciências Humanas e suas Tecnologias;22;0.0;0.0;0.391304347826087;0.043478260869565216;0.17391304347826086;0.17391304347826086;0.21739130434782608
Verde;Ciências Humanas e suas Tecnologias;23;0.0;0.0;0.17391304347826086;0.2608695652173913;0.08695652173913043;0.34782608695652173;0.13043478260869565
Verde;Ciências Humanas e suas Tecnologias;24;0.0;0.0;0.13043478260869565;0.30434782608695654;0.17391304347826086;0.21739130434782608;0.17391304347826086
Verde;Ciências Humanas e suas Tecnologias;25;0.0;0.0;0.13043478260869565;0.2608695652173913;0.13043478260869565;0.21739130434782608;0.2608695652173913
Verde;Ciências Humanas e suas Tecnologias;26;0.0;0.0;0.2608695652173913;0.17391304347826086;0.043478260869565216;0.21739130434782608;0.30434782608695654
Verde;Ciências Humanas e suas Tecnologias;27;0.0;0.0;0.17391304347826086;0.2608695652173913;0.21739130434782608;0.17391304347826086;0.17391304347826086
Verde;Ciências Humanas e suas Tecnologias;28;0.0;0.0;0.34782608695652173;0.21739130434782608;0.13043478260869565;0.17391304347826086;0.13043478260869565
Verde;Ciências Humanas e suas Tecnologias;29;0.0;0.0;0.391304347826087;0.17391304347826086;0.17391304347826086;0.13043478260869565;0.13043478260869565
Verde;Ciências Humanas e suas Tecnologias;30;0.0;0.0;0.08695652173913043;0.5652173913043478;0.043478260869565216;0.13043478260869565;0.17391304347826086
Verde;Ciências Humanas e suas Tecnologias;31;0.0;0.0;0.17391304347826086;0.30434782608695654;0.08695652173913043;0.34782608695652173;0.08695652173913043
Verde;Ciências Humanas e suas Tecnologias;32;0.0;0.0;0.043478260869565216;0.17391304347826086;0.30434782608695654;0.21739130434782608;0.2608695652173913
Verde;Ciências Humanas e suas Tecnologias;33;0.0;0.0;0.08695652173913043;0.34782608695652173;0.2608695652173913;0.08695652173913043;0.21739130434782608
Verde;Ciências Humanas e suas Tecnologias;34;0.0;0.0;0.13043478260869565;0.30434782608695654;0.08695652173913043;0.21739130434782608;0.2608695652173913
Verde;Ciências Humanas e suas Tecnologias;35;0.0;0.0;0.2608695652173913;0.17391304347826086;0.17391304347826086;0.2608695652173913;0.13043478260869565
Verde;Ciências Humanas e suas Tecnologias;36;0.0;0.0;0.13043478260869565;0.17391304347826086;0.17391304347826086;0.2608695652173913;0.2608695652173913
Verde;Ciências Humanas e suas Tecnologias;37;0.0;0.0;0.391304347826087;0.43478260869565216;0.13043478260869565;0.043478260869565216;
Verde;Ciências Humanas e suas Tecnologias;38;0.0;0.0;0.13043478260869565;0.043478260869565216;0.30434782608695654;0.17391304347826086;0.34782608695652173
Verde;Ciências Humanas e suas Tecnologias;39;0.0;0.0;0.30434782608695654;0.08695652173913043;0.13043478260869565;0.30434782608695654;0.17391304347826086
Verde;Ciências Humanas e suas Tecnologias;40;0.0;0.0;0.21739130434782608;0.043478260869565216;0.08695652173913043;0.4782608695652174;0.17391304347826086
Verde;Ciências Humanas e suas Tecnologias;41;0.0;0.0;0.2608695652173913;0.17391304347826086;0.13043478260869565;0.13043478260869565;0.30434782608695654
Verde;Ciências Humanas e suas Tecnologias;42;0.0;0.0;0.13043478260869565;0.08695652173913043;0.21739130434782608;0.391304347826087;0.17391304347826086
Verde;Ciências Humanas e suas Tecnologias;43;0.0;0.0;0.21739130434782608;0.043478260869565216;0.21739130434782608;0.043478260869565216;0.4782608695652174
Verde;Ciências Humanas e suas Tecnologias;44;0.0;0.0;0.8260869565217391;0.08695652173913043;0.043478260869565216;0.043478260869565216;
Verde;Ciências Humanas e suas Tecnologias;45;0.0;0.0;0.30434782608695654;0.391304347826087;0.13043478260869565;;0.17391304347826086
Verde;Matemática e suas Tecnologias;1;0.0;0.0;0.14285714285714285;0.5238095238095238;0.14285714285714285;0.09523809523809523;0.09523809523809523
Verde;Matemática e suas Tecnologias;2;0.0;0.0;;0.38095238095238093;0.047619047619047616;0.14285714285714285;0.42857142857142855
Verde;Matemática e suas Tecnologias;3;0.0;0.0;0.09523809523809523;0.2857142857142857;0.047619047619047616;0.047619047619047616;0.5238095238095238
Verde;Matemática e suas Tecnologias;4;0.0;0.0;0.19047619047619047;0.09523809523809523;0.2857142857142857;0.19047619047619047;0.23809523809523808
Verde;Matemática e suas Tecnologias;5;0.0;0.0;0.2857142857142857;0.19047619047619047;0.23809523809523808;0.09523809523809523;0.19047619047619047
Verde;Matemática e suas Tecnologias;6;0.0;0.0;;0.23809523809523808;0.3333333333333333;0.23809523809523808;0.19047619047619047
Verde;Matemática e suas Tecnologias;7;0.0;0.0;0.23809523809523808;0.19047619047619047;0.19047619047619047;0.09523809523809523;0.2857142857142857
Verde;Matemática e suas Tecnologias;8;0.0;0.0;0.047619047619047616;0.38095238095238093;0.23809523809523808;0.14285714285714285;0.19047619047619047
Verde;Matemática e suas Tecnologias;9;0.0;0.0;0.3333333333333333;0.09523809523809523;0.09523809523809523;0.3333333333333333;0.14285714285714285
Verde;Matemática e suas Tecnologias;10;0.0;0.0;0.42857142857142855;0.19047619047619047;0.19047619047619047;0.09523809523809523;0.09523809523809523
Verde;Matemática e suas Tecnologias;11;0.0;0.0;0.09523809523809523;0.3333333333333333;0.3333333333333333;0.19047619047619047;0.047619047619047616
Verde;Matemática e suas Tecnologias;12;0.043478260869565216;0.0;0.1;0.2;;0.5;0.2
Verde;Matemática e suas Tecnologias;13;0.0;0.0;;0.09523809523809523;0.14285714285714285;0.09523809523809523;0.6666666666666666
Verde;Matemática e suas Tecnologias;14;0.0;0.0;0.19047619047619047;0.19047619047619047;0.3333333333333333;0.14285714285714285;0.14285714285714285
Verde;Matemática e suas Tecnologias;15;0.0;0.0;0.09523809523809523;0.09523809523809523;0.47619047619047616;0.2857142857142857;0.047619047619047616
Verde;Matemática e suas Tecnologias;16;0.0;0.0;0.14285714285714285;0.19047619047619047;0.2857142857142857;0.19047619047619047;0.19047619047619047
Verde;Matemática e suas Tecnologias;17;0.0;0.0;0.14285714285714285;0.047619047619047616;0.2857142857142857;0.38095238095238093;0.14285714285714285
Verde;Matemática e suas Tecnologias;18;0.0;0.0;;0.42857142857142855;0.09523809523809523;0.09523809523809523;0.38095238095238093
Verde;Matemática e suas Tecnologias;19;0.0;0.0;0.19047619047619047;0.2857142857142857;0.19047619047619047;0.047619047619047616;0.2857142857142857
Verde;Matemática e suas Tecnologias;20;0.0;0.0;0.19047619047619047;0.09523809523809523;0.2857142857142857;0.23809523809523808;0.19047619047619047
Verde;Matemática e suas Tecnologias;21;0.0;0.0;0.14285714285714285;0.23809523809523808;0.047619047619047616;0.47619047619047616;0.09523809523809523
Verde;Matemática e suas Tecnologias;22;0.043478260869565216;0.0;0.25;0.05;0.1;0.3;0.3
Verde;Matemática e suas Tecnologias;23;0.0;0.0;0.19047619047619047;0.09523809523809523;0.23809523809523808;0.2857142857142857;0.19047619047619047
Verde;Matemática e suas Tecnologias;24;0.0;0.0;0.38095238095238093;0.19047619047619047;0.2857142857142857;0.047619047619047616;0.09523809523809523
Verde;Matemática e suas Tecnologias;25;0.0;0.0;0.09523809523809523;0.5238095238095238;0.23809523809523808;0.09523809523809523;0.047619047619047616
Verde;Matemática e suas Tecnologias;26;0.0;0.0;0.09523809523809523;0.2857142857142857;0.14285714285714285;0.3333333333333333;0.14285714285714285
Verde;Matemática e suas Tecnologias;27;0.0;0.0;0.19047619047619047;0.42857142857142855;0.14285714285714285;0.14285714285714285;0.09523809523809523
Verde;Matemática e suas Tecnologias;28;0.043478260869565216;0.0;0.25;0.35;0.2;0.05;0.15
Verde;Matemática e suas Tecnologias;29;0.0;0.0;0.047619047619047616;0.2857142857142857;0.3333333333333333;0.19047619047619047;0.14285714285714285
Verde;Matemática e suas Tecnologias;30;0.0;0.0;0.23809523809523808;0.2857142857142857;0.14285714285714285;0.23809523809523808;0.09523809523809523
Verde;Matemática e suas Tecnologias;31;0.0;0.0;0.09523809523809523;0.23809523809523808;0.19047619047619047;0.23809523809523808;0.23809523809523808
Verde;Matemática e suas Tecnologias;32;0.0;0.0;0.14285714285714285;0.2857142857142857;0.23809523809523808;0.14285714285714285;0.19047619047619047
Verde;Matemática e suas Tecnologias;33;0.0;0.0;0.14285714285714285;0.23809523809523808;0.19047619047619047;0.19047619047619047;0.23809523809523808
Verde;Matemática e suas Tecnologias;34;0.0;0.0;0.047619047619047616;0.14285714285714285;0.3333333333333333;0.3333333333333333;0.14285714285714285
Verde;Matemática e suas Tecnologias;35;0.0;0.0;0.14285714285714285;0.47619047619047616;0.09523809523809523;0.23809523809523808;0.047619047619047616
Verde;Matemática e suas Tecnologias;36;0.0;0.0;0.09523809523809523;0.14285714285714285;0.38095238095238093;0.14285714285714285;0.23809523809523808
Verde;Matemática e suas Tecnologias;37;0.0;0.0;0.19047619047619047;0.14285714285714285;0.3333333333333333;0.09523809523809523;0.23809523809523808
Verde;Matemática e suas Tecnologias;38;0.0;0.0;0.3333333333333333;0.47619047619047616;0.14285714285714285;0.047619047619047616;
Verde;Matemática e suas Tecnologias;39;0.0;0.0;0.14285714285714285;0.38095238095238093;0.23809523809523808;0.14285714285714285;0.09523809523809523
Verde;Matemática e suas Tecnologias;40;0.0;0.0;0.09523809523809523;0.19047619047619047;0.09523809523809523;0.38095238095238093;0.23809523809523808
Verde;Matemática e suas Tecnologias;41;0.0;0.0;0.14285714285714285;0.09523809523809523;0.47619047619047616;0.2857142857142857;
Verde;Matemática e suas Tecnologias;42;0.0;0.0;0.23809523809523808;0.14285714285714285;0.42857142857142855;0.09523809523809523;0.09523809523809523
Verde;Matemática e suas Tecnologias;43;0.0;0.0;0.14285714285714285;0.23809523809523808;0.19047619047619047;0.19047619047619047;0.23809523809523808
Verde;Matemática e suas Tecnologias;44;0.0;0.0;0.23809523809523808;0.23809523809523808;0.2857142857142857;0.14285714285714285;0.09523809523809523
Verde;Matemática e suas Tecnologias;45;0.0;0.0;0.14285714285714285;0.19047619047619047;0.23809523809523808;0.19047619047619047;0.23809523809523808
Verde;Ciências Naturais e suas Tecnologias;1;0.0;0.0;0.3333333333333333;0.23809523809523808;0.047619047619047616;0.23809523809523808;0.14285714285714285
Verde;Ciências Naturais e suas Tecnologias;2;0.0;0.0;0.23809523809523808;0.23809523809523808;0.3333333333333333;0.047619047619047616;0.14285714285714285
Verde;Ciências Naturais e suas Tecnologias;3;0.0;0.0;0.14285714285714285;0.23809523809523808;0.14285714285714285;0.2857142857142857;0.19047619047619047
Verde;Ciências Naturais e suas Tecnologias;4;0.0;0.0;0.047619047619047616;0.09523809523809523;0.23809523809523808;0.5238095238095238;0.09523809523809523
Verde;Ciências Naturais e suas Tecnologias;5;0.0;0.0;0.14285714285714285;;0.38095238095238093;0.047619047619047616;0.42857142857142855
Verde;Ciências Naturais e suas Tecnologias;6;0.0;0.0;0.14285714285714285;0.3333333333333333;0.14285714285714285;0.23809523809523808;0.14285714285714285
Verde;Ciências Naturais e suas Tecnologias;7;0.0;0.0;0.38095238095238093;0.047619047619047616;0.38095238095238093;0.047619047619047616;0.14285714285714285
Verde;Ciências Naturais e suas Tecnologias;8;0.0;0.0;0.047619047619047616;0.23809523809523808;0.2857142857142857;0.14285714285714285;0.2857142857142857
Verde;Ciências Naturais e suas Tecnologias;9;0.0;0.0;0.2857142857142857;0.14285714285714285;0.23809523809523808;0.19047619047619047;0.14285714285714285
Verde;Ciências Naturais e suas Tecnologias;10;0.0;0.0;0.09523809523809523;0.2857142857142857;0.38095238095238093;0.047619047619047616;0.19047619047619047
Verde;Ciências Naturais e suas Tecnologias;11;0.0;0.0;0.2857142857142857;0.2857142857142857;0.14285714285714285;0.09523809523809523;0.19047619047619047
Verde;Ciências Naturais e suas Tecnologias;12;0.0;0.0;0.38095238095238093;0.09523809523809523;0.19047619047619047;0.14285714285714285;0.19047619047619047
Verde;Ciências Naturais e suas Tecnologias;13;0.0;0.0;0.23809523809523808;0.3333333333333333;;0.19047619047619047;0.23809523809523808
Verde;Ciências Naturais e suas Tecnologias;14;0.0;0.0;0.14285714285714285;0.38095238095238093;0.14285714285714285;0.047619047619047616;0.2857142857142857
Verde;Ciências Naturais e suas Tecnologias;15;0.0;0.0;0.14285714285714285;0.14285714285714285;0.42857142857142855;0.23809523809523808;0.047619047619047616
Verde;Ciências Naturais e suas Tecnologias;16;0.0;0.0;0.09523809523809523;0.2857142857142857;0.23809523809523808;0.19047619047619047;0.19047619047619047
Verde;Ciências Naturais e suas Tecnologias;17;0.0;0.0;0.3333333333333333;0.09523809523809523;0.23809523809523808;0.14285714285714285;0.19047619047619047
Verde;Ciências Naturais e suas Tecnologias;18;0.0;0.0;0.09523809523809523;0.47619047619047616;0.19047619047619047;0.23809523809523808;
Verde;Ciências Naturais e suas Tecnologias;19;0.0;0.0;0.047619047619047616;0.14285714285714285;0.5714285714285714;0.14285714285714285;0.09523809523809523
Verde;Ciências Naturais e suas Tecnologias;20;0.0;0.0;0.2857142857142857;0.14285714285714285;0.23809523809523808;0.14285714285714285;0.19047619047619047
Verde;Ciências Naturais e suas Tecnologias;21;0.0;0.0;0.19047619047619047;0.09523809523809523;0.42857142857142855;0.2857142857142857;
Verde;Ciências Naturais e suas Tecnologias;22;0.0;0.0;0.09523809523809523;0.09523809523809523;0.2857142857142857;0.38095238095238093;0.14285714285714285
Verde;Ciências Naturais e suas Tecnologias;23;0.0;0.0;0.09523809523809523;0.09523809523809523;0.23809523809523808;0.42857142857142855;0.14285714285714285
Verde;Ciências Naturais e suas Tecnologias;24;0.0;0.0;0.09523809523809523;0.19047619047619047;0.3333333333333333;0.2857142857142857;0.09523809523809523
Verde;Ciências Naturais e suas Tecnologias;25;0.0;0.0;0.23809523809523808;0.14285714285714285;0.047619047619047616;0.3333333333333333;0.23809523809523808
Verde;Ciências Naturais e suas Tecnologias;26;0.0;0.0;0.19047619047619047;0.14285714285714285;0.14285714285714285;0.38095238095238093;0.14285714285714285
Verde;Ciências Naturais e suas Tecnologias;27;0.0;0.0;0.3333333333333333;0.09523809523809523;0.19047619047619047;0.14285714285714285;0.23809523809523808
Verde;Ciências Naturais e suas Tecnologias;28;0.0;0.0;0.047619047619047616;0.2857142857142857;0.09523809523809523;0.14285714285714285;0.42857142857142855
Verde;Ciências Naturais e suas Tecnologias;29;0.0;0.0;0.047619047619047616;0.2857142857142857;0.14285714285714285;0.42857142857142855;0.09523809523809523
Verde;Ciências Naturais e suas Tecnologias;30;0.0;0.0;0.047619047619047616;0.047619047619047616;0.09523809523809523;0.2857142857142857;0.5238095238095238
Verde;Ciências Naturais e suas Tecnologias;31;0.0;0.0;0.14285714285714285;0.38095238095238093;0.19047619047619047;0.14285714285714285;0.14285714285714285
Verde;Ciências Naturais e suas Tecnologias;32;0.0;0.0;0.14285714285714285;0.14285714285714285;0.23809523809523808;0.2857142857142857;0.19047619047619047
Verde;Ciências Naturais e suas Tecnologias;33;0.0;0.0;0.14285714285714285;0.047619047619047616;0.23809523809523808;0.23809523809523808;0.3333333333333333
Verde;Ciências Naturais e suas Tecnologias;34;0.0;0.0;0.19047619047619047;0.42857142857142855;0.19047619047619047;0.047619047619047616;0.14285714285714285
Verde;Ciências Naturais e suas Tecnologias;35;0.0;0.0;0.14285714285714285;0.19047619047619047;0.2857142857142857;0.23809523809523808;0.14285714285714285
Verde;Ciências Naturais e suas Tecnologias;36;0.0;0.0;0.19047619047619047;0.23809523809523808;0.047619047619047616;0.23809523809523808;0.2857142857142857
Verde;Ciências Naturais e suas Tecnologias;37;0.0;0.0;0.23809523809523808;0.47619047619047616;;0.09523809523809523;0.19047619047619047
Verde;Ciências Naturais e suas Tecnologias;38;0.0;0.0;0.14285714285714285;0.047619047619047616;0.14285714285714285;0.19047619047619047;0.47619047619047616
Verde;Ciências Naturais e suas Tecnologias;39;0.0;0.0;0.23809523809523808;0.19047619047619047;0.14285714285714285;0.14285714285714285;0.2857142857142857
Verde;Ciências Naturais e suas Tecnologias;40;0.0;0.0;0.23809523809523808;0.38095238095238093;0.14285714285714285;0.19047619047619047;0.047619047619047616
Verde;Ciências Naturais e suas Tecnologias;41;0.0;0.0;0.23809523809523808;0.42857142857142855;0.09523809523809523;0.09523809523809523;0.14285714285714285
Verde;Ciências Naturais e suas Tecnologias;42;0.0;0.0;0.2857142857142857;0.047619047619047616;0.19047619047619047;0.19047619047619047;0.2857142857142857
Verde;Ciências Naturais e suas Tecnologias;43;0.0;0.0;0.23809523809523808;0.2857142857142857;0.047619047619047616;0.3333333333333333;0.09523809523809523
Verde;Ciências Naturais e suas Tecnologias;44;0.0;0.043478260869565216;0.1;0.1;0.7;0.1;
Verde;Ciências Naturais e suas Tecnologias;45;0.0;0.0;0.09523809523809523;0.3333333333333333;0.19047619047619047;0.19047619047619047;0.19047619047619047
Verde;Inglês;1;0.0;0.0;0.11764705882352941;0.5294117647058824;0.058823529411764705;0.29411764705882354;
Verde;Inglês;2;0.0;0.0;0.11764705882352941;0.23529411764705882;0.17647058823529413;0.29411764705882354;0.17647058823529413
Verde;Inglês;3;0.0;0.0;0.11764705882352941;0.058823529411764705;0.23529411764705882;0.17647058823529413;0.4117647058823529
Verde;Inglês;4;0.0;0.0;0.17647058823529413;0.11764705882352941;0.11764705882352941;0.29411764705882354;0.29411764705882354
Verde;Inglês;5;0.0;0.0;0.11764705882352941;0.23529411764705882;0.11764705882352941;0.23529411764705882;0.29411764705882354
Verde;Espanhol;1;0.0;0.0;0.6666666666666666;;;0.3333333333333333;
Verde;Espanhol;2;0.0;0.0;0.3333333333333333;0.16666666666666666;;0.3333333333333333;0.16666666666666666
Verde;Espanhol;3;0.0;0.0;0.3333333333333333;;0.3333333333333333;0.16666666666666666;0.16666666666666666
Verde;Espanhol;4;0.0;0.0;0.16666666666666666;0.16666666666666666;0.3333333333333333;;0.3333333333333333
Verde;Espanhol;5;0.0;0.0;0.3333333333333333;;0.16666666666666666;;0.5
Cinza;Linguagens, Códigos e suas Tecnologias;1;0.002698091497044003;0.0005158116097290005;0.033078576546453305;0.19345593503701936;0.7520499960194252;0.012339781864501234;0.009075710532600907
Cinza;Linguagens, Códigos e suas Tecnologias;2;0.0015077570130540014;0.0005554894258620006;0.06826766331358594;0.05359627847799292;0.8072044849111367;0.024770386863345394;0.04616118643393901
Cinza;Linguagens, Códigos e suas Tecnologias;3;0.003055191842241003;0.0008729119549260009;0.12810707456978968;0.24191363926067558;0.3852772466539197;0.15762428298279157;0.08707775653282346
Cinza;Linguagens, Códigos e suas Tecnologias;4;0.0015474348291870015;0.0007935563226600008;0.021317212853961185;0.022351256761056315;0.019090041361756283;0.890391345847916;0.046850143175310215
Cinza;Linguagens, Códigos e suas Tecnologias;5;0.002896480577709003;0.0007538785065270007;0.4339532475807415;0.1720759826370913;0.1805184978694596;0.030265620644339134;0.18318665126836844
Cinza;Linguagens, Códigos e suas Tecnologias;6;0.0016664682775860017;0.0005554894258620006;0.08573587306636975;0.1508331013639798;0.5820575018888933;0.15727522169642502;0.02409830198433213
Cinza;Linguagens, Códigos e suas Tecnologias;7;0.001983890806650002;0.0004761337935960005;0.2316534744043594;0.21339644405552682;0.3623165347440436;0.08138101109741061;0.11125253569865956
Cinza;Linguagens, Códigos e suas Tecnologias;8;0.0025790580486450025;0.0006745228742610007;0.2272202539707814;0.49098363918633814;0.0556108435173759;0.13837028780701405;0.0878149755184905
Cinza;Linguagens, Códigos e suas Tecnologias;9;0.0048406935682260045;0.001071301035591001;0.21381815278997365;0.20974694659535403;0.20930789494691465;0.17103057396024587;0.1960964317075118
Cinza;Linguagens, Códigos e suas Tecnologias;10;0.0015474348291870015;0.0004761337935960005;0.026916348600508906;0.038684796437659034;0.7371978371501272;0.10683047073791349;0.09037054707379134
Cinza;Linguagens, Códigos e suas Tecnologias;11;0.0012300123001230013;0.00023806689679800025;0.04287530795517762;0.6866407057140587;0.11352618612413574;0.06929984900262258;0.08765795120400541
Cinza;Linguagens, Códigos e suas Tecnologias;12;0.003253580922906003;0.00023806689679800025;0.2689627712522397;0.43336651403543697;0.09058331674298228;0.14580927732430818;0.06127812064503285
Cinza;Linguagens, Códigos e suas Tecnologias;13;0.0015077570130540014;0.00031742252906400033;0.3103311205628652;0.1948563024207974;0.27240926978574553;0.13177246889533728;0.09063083833525461
Cinza;Linguagens, Códigos e suas Tecnologias;14;0.002975836209975003;0.0005951672419950006;0.23398239955401584;0.29379205988930035;0.09070999084139689;0.10054553418548162;0.2809700155298053
Cinza;Linguagens, Códigos e suas Tecnologias;15;0.0011903344839900012;0.001071301035591001;0.9202258808558021;0.020202020202020204;0.018690845462499005;0.01956573610116917;0.021315517378509504
Cinza;Linguagens, Códigos e suas Tecnologias;16;0.001904535174384002;0.0005554894258620006;0.0561234636649298;0.14124338729565253;0.1406865279821805;0.15687522373811702;0.5050713973191202
Cinza;Linguagens, Códigos e suas Tecnologias;17;0.0021029242550490023;0.0007935563226600008;0.032351770791882214;0.05885395941106247;0.10262634301631517;0.04448865897333864;0.7616792678074015
Cinza;Linguagens, Códigos e suas Tecnologias;18;0.0024600246002460025;0.0004761337935960005;0.14497194476501254;0.12244816745592742;0.2920928011460862;0.24047912770106253;0.20000795893191134
Cinza;Linguagens, Códigos e suas Tecnologias;19;0.0026584136809110026;0.0002777447129310003;0.5554936527518007;0.1120219666520753;0.11046997492936447;0.11902582673405229;0.10298857893270723
Cinza;Linguagens, Códigos e suas Tecnologias;20;0.001904535174384002;0.0005158116097290005;0.12516903985363137;0.6320101821653011;0.12429401002306897;0.06940577519688171;0.04912099276111686
Cinza;Linguagens, Códigos e suas Tecnologias;21;0.0034916478197040035;0.0008729119549260009;0.7487347068903678;0.04718447375762165;0.0973976806280636;0.0630454708484438;0.043637667875503126
Cinza;Linguagens, Códigos e suas Tecnologias;22;0.0024600246002460025;0.0004761337935960005;0.11568307533129055;0.05666759520872299;0.3724382187910382;0.23582315253293007;0.21938795813601814
Cinza;Linguagens, Códigos e suas Tecnologias;23;0.002023568622783002;0.0007142006903940007;0.6660300787777512;0.061112437335879684;0.07678841410042174;0.07591310575316304;0.12015596403278428
Cinza;Linguagens, Códigos e suas Tecnologias;24;0.0034916478197040035;0.0012300123001230013;0.1356641683941955;0.1342289905916122;0.16305214479349386;0.05529421144952958;0.5117604847711689
Cinza;Linguagens, Códigos e suas Tecnologias;25;0.003928103797167004;0.0007142006903940007;0.14378537829865262;0.07099577453559755;0.4270509447500598;0.1582954636051981;0.1998724388104919
Cinza;Linguagens, Códigos e suas Tecnologias;26;0.002698091497044003;0.00043645597746300044;0.19296290399617896;0.07080878840948894;0.1616780767393727;0.060818341028498646;0.5137318898264608
Cinza;Linguagens, Códigos e suas Tecnologias;27;0.0035710034519700036;0.0002777447129310003;0.1819485381980403;0.49892455986616746;0.054409304548713455;0.15888632199474229;0.1058312753923365
Cinza;Linguagens, Códigos e suas Tecnologias;28;0.0042058485100980045;0.0008332341387930008;0.558861062370394;0.043388100175466585;0.02931089487956612;0.05491306428457489;0.3135268782899984
Cinza;Linguagens, Códigos e suas Tecnologias;29;0.003094869658374003;0.0007935563226600008;0.21900019916351324;0.09755028878709421;0.28834893447520415;0.07050388368850827;0.32459669388568013
Cinza;Linguagens, Códigos e suas Tecnologias;30;0.004880371384359005;0.0003967781613300004;0.14016753091344236;0.09541284403669725;0.22568807339449543;0.39186278420422815;0.1468687674511368
Cinza;Linguagens, Códigos e suas Tecnologias;31;0.0033726143713050036;0.0004761337935960005;0.28837728033139487;0.12753923364932684;0.17473910618975544;0.1802358002071218;0.22910857962240103
Cinza;Linguagens, Códigos e suas Tecnologias;32;0.005118438281157005;0.0007935563226600008;0.4588488864053644;0.10349644767302627;0.19509858705196775;0.09012532928873633;0.15243074958090524
Cinza;Linguagens, Códigos e suas Tecnologias;33;0.003055191842241003;0.0005951672419950006;0.032057663971964474;0.058619728405877904;0.11082792401736291;0.5333917406714189;0.26510294293337583
Cinza;Linguagens, Códigos e suas Tecnologias;34;0.004245526326231004;0.0005554894258620006;0.08691491906546528;0.625468463439917;0.0650267123833825;0.1389442628179571;0.08364564229327805
Cinza;Linguagens, Códigos e suas Tecnologias;35;0.0033726143713050036;0.00043645597746300044;0.1944477635719122;0.0415820289162385;0.18656151670848767;0.4660453260046999;0.11136336479866173
Cinza;Linguagens, Códigos e suas Tecnologias;36;0.004880371384359005;0.0007935563226600008;0.112609736632083;0.45993615323224263;0.16396648044692738;0.17342378292098962;0.09006384676775739
Cinza;Linguagens, Códigos e suas Tecnologias;37;0.0042058485100980045;0.0004761337935960005;0.07215467410803268;0.09611321506876619;0.08339645206298585;0.695355790312936;0.05297986844727925
Cinza;Linguagens, Códigos e suas Tecnologias;38;0.0033726143713050036;0.0008729119549260009;0.09495537137392412;0.47975773031558816;0.06052757411539687;0.033989480395282115;0.3307698437998087
Cinza;Linguagens, Códigos e suas Tecnologias;39;0.0025393802325120026;0.001071301035591001;0.5724354890092386;0.037711054475947754;0.11134119146224912;0.03647658489964957;0.24203568015291493
Cinza;Linguagens, Códigos e suas Tecnologias;40;0.004086815061699004;0.0001983890806650002;0.44076509264793784;0.17389918310420402;0.09874476987447699;0.12596134688184898;0.16062960749153218
Cinza;Ciências Humanas e suas Tecnologias;1;0.0032139031067730034;0.00023806689679800025;0.20417263895524765;0.24876572702659658;0.15018315018315018;0.2921643573817487;0.1047141264532569
Cinza;Ciências Humanas e suas Tecnologias;2;0.0033726143713050036;0.00023806689679800025;0.24852660082828926;0.4470770946161198;0.1747371774450462;0.0437639375597324;0.08589518955081236
Cinza;Ciências Humanas e suas Tecnologias;3;0.004007459429433004;0.0006745228742610007;0.1833366553717361;0.2268686466015547;0.11488937612118796;0.3482559298385489;0.1266493920669723
Cinza;Ciências Humanas e suas Tecnologias;4;0.003253580922906003;0.0006745228742610007;0.03441682600382409;0.04596876991714468;0.6859862970044615;0.043459209687699174;0.19016889738687062
Cinza;Ciências Humanas e suas Tecnologias;5;0.004047137245566004;0.001071301035591001;0.32627422828427854;0.09312435191832177;0.05419956927494616;0.1498364840073383;0.37656536651511524
Cinza;Ciências Humanas e suas Tecnologias;6;0.004285204142364004;0.0006745228742610007;0.10088523805726135;0.35166281202647737;0.16285190206555547;0.12843926947922482;0.256160778371481
Cinza;Ciências Humanas e suas Tecnologias;7;0.003055191842241003;0.001031623219458001;0.09342629482071713;0.49223107569721114;0.01796812749003984;0.140796812749004;0.2555776892430279
Cinza;Ciências Humanas e suas Tecnologias;8;0.0046423044875610045;0.00031742252906400033;0.08070819044580907;0.06499720870882846;0.3975994895924715;0.3329611611771274;0.12373395007576361
Cinza;Ciências Humanas e suas Tecnologias;9;0.005078760465024005;0.0006348450581280007;0.1342431860808492;0.04465461510834431;0.09318009497585698;0.6614789097729359;0.06644319406201364
Cinza;Ciências Humanas e suas Tecnologias;10;0.004166170693965004;0.0007538785065270007;0.1986123848638303;0.2200247218788628;0.2987758682563101;0.12863351808285817;0.1539535069181387
Cinza;Ciências Humanas e suas Tecnologias;11;0.004721660119827005;0.0005158116097290005;0.5409836065573771;0.05500378923856248;0.18455586135375535;0.15292569103745363;0.0665310518128515
Cinza;Ciências Humanas e suas Tecnologias;12;0.005554894258620006;0.0002777447129310003;0.0956257982120051;0.12531928480204343;0.4385775862068966;0.2241778416347382;0.11629948914431673
Cinza;Ciências Humanas e suas Tecnologias;13;0.0042058485100980045;0.0005951672419950006;0.19986444462164102;0.08611753448688303;0.17418866119129256;0.3875289051909736;0.1523004545092098
Cinza;Ciências Humanas e suas Tecnologias;14;0.005356505177955005;0.000952267587192001;0.21058936272160997;0.16095671617952403;0.3379252515572592;0.16562849385082254;0.12490017569078422
Cinza;Ciências Humanas e suas Tecnologias;15;0.004483593223029004;0.0005158116097290005;0.025760657175898233;0.44016429397455836;0.03489253100450612;0.06296606452127447;0.4362164533237628
Cinza;Ciências Humanas e suas Tecnologias;16;0.004562948855295005;0.00031742252906400033;0.13596491228070176;0.059250398724082935;0.3222089314194577;0.4482456140350877;0.03433014354066986
Cinza;Ciências Humanas e suas Tecnologias;17;0.004761337935960005;0.00043645597746300044;0.6499282067645182;0.06995851946394384;0.06740587109125717;0.14382578174856414;0.06888162093171665
Cinza;Ciências Humanas e suas Tecnologias;18;0.0035313256358370034;0.0011506566678570012;0.8060593980466414;0.08905720550129559;0.05760414590392665;0.017101853697428743;0.030177396850707593
Cinza;Ciências Humanas e suas Tecnologias;19;0.005158116097290005;0.0013093679323890014;0.49221246006389774;0.08666134185303515;0.05371405750798722;0.09568690095846645;0.27172523961661343
Cinza;Ciências Humanas e suas Tecnologias;20;0.004721660119827005;0.0007935563226600008;0.0967124162144909;0.1857245451643792;0.0877752952441749;0.3200207468879668;0.3097669964889882
Cinza;Ciências Humanas e suas Tecnologias;21;0.004562948855295005;0.00035710034519700033;0.0905538498345229;0.4051995693608198;0.2728178954503768;0.12456637026994696;0.10686231508433351
Cinza;Ciências Humanas e suas Tecnologias;22;0.007022973455541007;0.0004761337935960005;0.34952426641080997;0.14951627088830255;0.27416646677860396;0.10434156872151595;0.12245142720076757
Cinza;Ciências Humanas e suas Tecnologias;23;0.004920049200492005;0.0005158116097290005;0.1083140509056092;0.08812734381233543;0.17202585175137636;0.4886699114338147;0.14286284209686428
Cinza;Ciências Humanas e suas Tecnologias;24;0.005832638971551006;0.0006348450581280007;0.08003194888178913;0.10487220447284346;0.05155750798722045;0.5666533546325878;0.1968849840255591
Cinza;Ciências Humanas e suas Tecnologias;25;0.005991350236083006;0.0005158116097290005;0.33931067534645953;0.28739166899636565;0.11889452454171492;0.17165222253284876;0.08275090858261112
Cinza;Ciências Humanas e suas Tecnologias;26;0.004721660119827005;0.002063246438916002;0.04486257590284436;0.10662352189197827;0.08944550974752317;0.11265580057526366;0.6464125918823905
Cinza;Ciências Humanas e suas Tecnologias;27;0.0058723167876840055;0.0005158116097290005;0.23867901924766394;0.2857599233288076;0.24906157655139366;0.18089609456113728;0.04560338631099752
Cinza;Ciências Humanas e suas Tecnologias;28;0.006784906558743007;0.0005554894258620006;0.22911503717323528;0.32044927652090494;0.11319849708210089;0.15768646574466383;0.17955072347909506
Cinza;Ciências Humanas e suas Tecnologias;29;0.005753283339285006;0.000991945403325001;0.3624815243878081;0.1331442495905405;0.18707306355610595;0.1174050253665162;0.1998961370990293
Cinza;Ciências Humanas e suas Tecnologias;30;0.004483593223029004;0.0009125897710590009;0.032712330953045834;0.862049706785814;0.05046475445805242;0.031236286751505964;0.023536921051581762
Cinza;Ciências Humanas e suas Tecnologias;31;0.004920049200492005;0.00035710034519700033;0.22241723175109693;0.11164738731551656;0.1268448344635022;0.39648982848025527;0.14260071798962903
Cinza;Ciências Humanas e suas Tecnologias;32;0.006864262191009007;0.0007142006903940007;0.06316967855429394;0.10986726371341755;0.12917799456260995;0.1936270590116744;0.5041580041580042
Cinza;Ciências Humanas e suas Tecnologias;33;0.005356505177955005;0.0006745228742610007;0.11528481896930262;0.30234321983154366;0.4922358388886671;0.039239950500978005;0.0508961718095086
Cinza;Ciências Humanas e suas Tecnologias;34;0.0062690949490140065;0.001110978851724001;0.18659311668065715;0.4720390134708398;0.08658112483511213;0.09161769996402447;0.16316904504936644
Cinza;Ciências Humanas e suas Tecnologias;35;0.005356505177955005;0.0011506566678570012;0.158432844762171;0.09984424298094972;0.10156156396022205;0.3580015176324933;0.2821598306641639
Cinza;Ciências Humanas e suas Tecnologias;36;0.0077371741459350074;0.0006745228742610007;0.05754071465727662;0.33251970709455403;0.1374894962186387;0.2910647833219959;0.18138529870753473
Cinza;Ciências Humanas e suas Tecnologias;37;0.004047137245566004;0.0012300123001230013;0.7644994016753092;0.16948544076585562;0.022856003191065018;0.016194654966094933;0.02696449940167531
Cinza;Ciências Humanas e suas Tecnologias;38;0.006784906558743007;0.0006745228742610007;0.1336398161103338;0.1220467719368379;0.4231061363182091;0.06420147911253248;0.25700579652208677
Cinza;Ciências Humanas e suas Tecnologias;39;0.0069039400071420065;0.0008332341387930008;0.2819097888675624;0.11048464491362764;0.06010076775431862;0.29822456813819576;0.2492802303262956
Cinza;Ciências Humanas e suas Tecnologias;40;0.005158116097290005;0.0007142006903940007;0.1589702654160846;0.03639992017561365;0.14172819796447814;0.5955697465575733;0.06733186988625026
Cinza;Ciências Humanas e suas Tecnologias;41;0.007538785065270007;0.0008332341387930008;0.4713108194622279;0.22391165172855312;0.07514404609475032;0.05377720870678617;0.17585627400768244
Cinza;Ciências Humanas e suas Tecnologias;42;0.007221362536206007;0.0008729119549260009;0.2405296211848474;0.12724508980359214;0.2203288131525261;0.3470938837553502;0.06480259210368415
Cinza;Ciências Humanas e suas Tecnologias;43;0.005515216442487005;0.0017855017259850018;0.15088532715136496;0.05475838362844238;0.2765897917582637;0.051241056796834404;0.46652544066509455
Cinza;Ciências Humanas e suas Tecnologias;44;0.004920049200492005;0.0007935563226600008;0.9129254958298416;0.01959375872939862;0.0202322518855501;0.02549982042379983;0.021748673131409872
Cinza;Ciências Humanas e suas Tecnologias;45;0.004959727016625005;0.00031742252906400033;0.07295572397287595;0.5441962504986039;0.2967291583566015;0.04447546868767451;0.041643398484244115
Cinza;Matemática e suas Tecnologias;1;0.0008729119549260009;0.00031742252906400033;0.07292191435768262;0.7513853904282116;0.10025188916876575;0.05663308144416457;0.018807724601175482
Cinza;Matemática e suas Tecnologias;2;0.0013093679323890014;0.0007538785065270007;0.10589125136566098;0.31116060173123794;0.07756954365913102;0.10202538028405748;0.4033532229599126
Cinza;Matemática e suas Tecnologias;3;0.000952267587192001;0.0015871126453200015;0.01748927940805516;0.12406457580089128;0.031531152778945595;0.07012528378037501;0.756789708231733
Cinza;Matemática e suas Tecnologias;4;0.002142602071182002;0.0004761337935960005;0.16279852001345443;0.1460225361587622;0.36856710393541875;0.20181634712411706;0.12079549276824757
Cinza;Matemática e suas Tecnologias;5;0.0007538785065270007;0.0011506566678570012;0.658390051256197;0.058146374254264346;0.034744979413494664;0.04697084278632048;0.20174775228972355
Cinza;Matemática e suas Tecnologias;6;0.0008332341387930008;0.0004761337935960005;0.041482974346055336;0.1519922744258303;0.640424906579334;0.10790611747911157;0.058193727169668724
Cinza;Matemática e suas Tecnologias;7;0.0011506566678570012;0.0005951672419950006;0.5759892464084685;0.09552213727631689;0.10694782827858523;0.1259346383264723;0.0956061497101571
Cinza;Matemática e suas Tecnologias;8;0.002063246438916002;0.0005554894258620006;0.10565926673393879;0.4176757484022873;0.15375882946518668;0.14682139253279516;0.17608476286579214
Cinza;Matemática e suas Tecnologias;9;0.0008332341387930008;0.00043645597746300044;0.16630279620455118;0.03497354941640776;0.07788227391048787;0.6765051641615585;0.04433621630699471
Cinza;Matemática e suas Tecnologias;10;0.003729714716502004;0.00031742252906400033;0.2392201448543035;0.31728987704227724;0.2535792487788445;0.1411066195048004;0.048804109819774295
Cinza;Matemática e suas Tecnologias;11;0.0013093679323890014;0.0005951672419950006;0.10532728342156121;0.23779514326527182;0.557642214939921;0.06373413998823628;0.035501218385009664
Cinza;Matemática e suas Tecnologias;12;0.002777447129310003;0.0005951672419950006;0.11832526825163055;0.19019566589522408;0.17639385651167683;0.26459078476751524;0.25049442457395327
Cinza;Matemática e suas Tecnologias;13;0.001071301035591001;0.0012696901162560013;0.0630910848640242;0.354882098272456;0.0805346559623387;0.11748140052961203;0.38401076037156906
Cinza;Matemática e suas Tecnologias;14;0.0024203467841130023;0.000952267587192001;0.32114454029034295;0.23496738901746267;0.19596044603408375;0.19503471491689459;0.052892909741216076
Cinza;Matemática e suas Tecnologias;15;0.0015474348291870015;0.0008729119549260009;0.1863886670309807;0.37025515994787506;0.20320316112488965;0.1759216444575224;0.06423136743873219
Cinza;Matemática e suas Tecnologias;16;0.0014284013807880013;0.00043645597746300044;0.19018611099441246;0.137503676007226;0.3057597781792211;0.2542536655043482;0.11229676931479225
Cinza;Matemática e suas Tecnologias;17;0.0012300123001230013;0.0003967781613300004;0.3155529421647276;0.08152379352345751;0.3358813893905666;0.1763198790373388;0.09072199588390945
Cinza;Matemática e suas Tecnologias;18;0.001944212990517002;0.0007538785065270007;0.30190900681187455;0.16310655117315617;0.1091581868640148;0.1816920359936086;0.2441342191573459
Cinza;Matemática e suas Tecnologias;19;0.0016664682775860017;0.0008332341387930008;0.3300962710724345;0.2053222348341531;0.2276453525034683;0.07361163660823139;0.1633245049817127
Cinza;Matemática e suas Tecnologias;20;0.0017061460937190017;0.000952267587192001;0.2592608165496363;0.2759534121010806;0.15687676071143253;0.23205651095320187;0.0758524996846487
Cinza;Matemática e suas Tecnologias;21;0.0015077570130540014;0.0006745228742610007;0.08968270645093507;0.11838621559151082;0.4096238705610422;0.17318764446312251;0.20911956293338937
Cinza;Matemática e suas Tecnologias;22;0.001864857358251002;0.0006348450581280007;0.17051330558708538;0.06701139277756758;0.1329717913145836;0.42561062765376045;0.20389288266700298
Cinza;Matemática e suas Tecnologias;23;0.002221957703448002;0.0006348450581280007;0.10181680545041635;0.1403818655900412;0.24674068466649846;0.208554125662377;0.302506518630667
Cinza;Matemática e suas Tecnologias;24;0.001944212990517002;0.0006745228742610007;0.1746131853346788;0.22805247225025227;0.2388160107635385;0.15098385469223008;0.20753447695930036
Cinza;Matemática e suas Tecnologias;25;0.001031623219458001;0.0005554894258620006;0.11864762704745906;0.4051658966820664;0.3003779924401512;0.1113397732045359;0.06446871062578749
Cinza;Matemática e suas Tecnologias;26;0.0021029242550490023;0.0006348450581280007;0.17114503174803414;0.240822505361423;0.24742441444850932;0.24586855052352719;0.09473949791850637
Cinza;Matemática e suas Tecnologias;27;0.001904535174384002;0.0008729119549260009;0.17073170731707318;0.2646341463414634;0.3472666105971405;0.1423044575273339;0.07506307821698907
Cinza;Matemática e suas Tecnologias;28;0.003015514026108003;0.0008332341387930008;0.1578747947627668;0.34307245400580977;0.18128236433292635;0.1351408243169284;0.18262956258156865
Cinza;Matemática e suas Tecnologias;29;0.0015474348291870015;0.0007935563226600008;0.09650708251019292;0.2332394603001135;0.3142364759783111;0.23828338447312009;0.11773359673826236
Cinza;Matemática e suas Tecnologias;30;0.0028568027615760026;0.0004761337935960005;0.19275435496086846;0.23192796431877472;0.2375662711436506;0.19889758478498695;0.13885382479171926
Cinza;Matemática e suas Tecnologias;31;0.001983890806650002;0.0002777447129310003;0.2732736519144286;0.22157777497583322;0.1508006556550246;0.24965325936199723;0.10469465809271634
Cinza;Matemática e suas Tecnologias;32;0.0014284013807880013;0.0006348450581280007;0.09849567190520211;0.30708462896041683;0.15551727035885368;0.13631397596436676;0.3025884528111606
Cinza;Matemática e suas Tecnologias;33;0.003055191842241003;0.0009125897710590009;0.12543157894736842;0.28749473684210525;0.3174736842105263;0.1454736842105263;0.12412631578947368
Cinza;Matemática e suas Tecnologias;34;0.0018251795421180019;0.0011903344839900012;0.09682846807436696;0.09581896189114159;0.1684192815680996;0.359762766046942;0.27917052241944984
Cinza;Matemática e suas Tecnologias;35;0.002023568622783002;0.0006745228742610007;0.15709360020183333;0.2595660583634682;0.2395088722563283;0.19258262551509545;0.15124884366327473
Cinza;Matemática e suas Tecnologias;36;0.003729714716502004;0.001071301035591001;0.13127396856167559;0.2759914029246913;0.27502212482616206;0.1806650090606431;0.13704749462682794
Cinza;Matemática e suas Tecnologias;37;0.003015514026108003;0.001071301035591001;0.1729481618730787;0.20895270981597674;0.20596285846633258;0.23501916031498715;0.17711710952962478
Cinza;Matemática e suas Tecnologias;38;0.0015871126453200015;0.0009125897710590009;0.21848068272585866;0.19914238869970993;0.15701853953840333;0.28784630260226174;0.13751208643376633
Cinza;Matemática e suas Tecnologias;39;0.003253580922906003;0.00043645597746300044;0.20187734141516184;0.2214926127036242;0.2992802121479985;0.162394241697184;0.11495559203603148
Cinza;Matemática e suas Tecnologias;40;0.002340991151847002;0.0007142006903940007;0.22197450889664747;0.2599167122365709;0.25385942035081815;0.16102300929626046;0.10322634921970303
Cinza;Matemática e suas Tecnologias;41;0.002896480577709003;0.000952267587192001;0.15825369427019745;0.1876394560687071;0.2713762472108786;0.2588725634656675;0.12385803898454932
Cinza;Matemática e suas Tecnologias;42;0.0034916478197040035;0.0007935563226600008;0.22352792519585546;0.33295425827647207;0.21329289866060147;0.13587734815938;0.09434756970769101
Cinza;Matemática e suas Tecnologias;43;0.0017855017259850018;0.0011506566678570012;0.06662180349932706;0.21614232839838493;0.2597577388963661;0.26202893674293404;0.1954491924629879
Cinza;Matemática e suas Tecnologias;44;0.0036900369003690036;0.0005158116097290005;0.23942890835579514;0.1984501347708895;0.29683288409703507;0.16896900269541779;0.09631907008086253
Cinza;Matemática e suas Tecnologias;45;0.0015871126453200015;0.0008729119549260009;0.18954935261476374;0.14978140238775853;0.15739028081385573;0.3128047755170674;0.19047418866655458
Cinza;Ciências Naturais e suas Tecnologias;1;0.0004761337935960005;0.0001983890806650002;0.3718373683548022;0.03721730373851383;0.2258213401586036;0.2971929677338145;0.06793102001426593
Cinza;Ciências Naturais e suas Tecnologias;2;0.002975836209975003;0.0002777447129310003;0.08431504543924605;0.2720464490070683;0.3370918882531134;0.2554274654998317;0.05111915180074049
Cinza;Ciências Naturais e suas Tecnologias;3;0.0007142006903940007;0.0007142006903940007;0.12606030066347526;0.13786008230452676;0.07243638196019149;0.30948181741832537;0.35416141765348114
Cinza;Ciências Naturais e suas Tecnologias;4;0.0009125897710590009;0.0005554894258620006;0.20597992693066813;0.0714735648595305;0.4179229832444463;0.24675597362785034;0.05786755133750472
Cinza;Ciências Naturais e suas Tecnologias;5;0.000952267587192001;0.0007142006903940007;0.12176579301075269;0.06430611559139784;0.3747899865591398;0.30657762096774194;0.13256048387096775
Cinza;Ciências Naturais e suas Tecnologias;6;0.0005554894258620006;0.00023806689679800025;0.08804028535459504;0.33101133025597984;0.5065463701216953;0.051909357952161145;0.022492656315568613
Cinza;Ciências Naturais e suas Tecnologias;7;0.0014284013807880013;0.0008729119549260009;0.4407784129119032;0.12222595830531272;0.09301445864156019;0.15257229320780094;0.191408876933423
Cinza;Ciências Naturais e suas Tecnologias;8;0.002063246438916002;0.0007538785065270007;0.20627444383699903;0.31262879010891964;0.1334791202321376;0.2551410908785062;0.09247655494343748
Cinza;Ciências Naturais e suas Tecnologias;9;0.0013093679323890014;0.00035710034519700033;0.21681787634408603;0.2233282930107527;0.1694388440860215;0.20677923387096775;0.18363575268817203
Cinza;Ciências Naturais e suas Tecnologias;10;0.000991945403325001;0.000952267587192001;0.12226377042981387;0.09932355783370446;0.4355279189950002;0.21049535733792699;0.13238939540355446
Cinza;Ciências Naturais e suas Tecnologias;11;0.0007538785065270007;0.0004761337935960005;0.3741550862756623;0.28447877744657624;0.04089172509341282;0.11037407111969436;0.19010034006465426
Cinza;Ciências Naturais e suas Tecnologias;12;0.0007538785065270007;0.0005951672419950006;0.40905273765535777;0.08099596909640577;0.3690796103459859;0.037705744037621766;0.10316593886462883
Cinza;Ciências Naturais e suas Tecnologias;13;0.001071301035591001;0.0005951672419950006;0.15603998655913978;0.461903561827957;0.08614751344086022;0.23958333333333334;0.05632560483870968
Cinza;Ciências Naturais e suas Tecnologias;14;0.0012696901162560013;0.0005951672419950006;0.1014998109481998;0.41305717766668065;0.2228710666722682;0.10637314624207032;0.156198798470781
Cinza;Ciências Naturais e suas Tecnologias;15;0.002221957703448002;0.00035710034519700033;0.13584191717468994;0.18301450494008828;0.3115829304183309;0.23872188354004625;0.13083876392684465
Cinza;Ciências Naturais e suas Tecnologias;16;0.0008332341387930008;0.00035710034519700033;0.14395465994962217;0.37560873215785057;0.15978169605373635;0.14995801847187237;0.17069689336691857
Cinza;Ciências Naturais e suas Tecnologias;17;0.0008729119549260009;0.00023806689679800025;0.1355049953824196;0.29174712450675844;0.34321215682982115;0.110528083284359;0.11900763999664175
Cinza;Ciências Naturais e suas Tecnologias;18;0.0032139031067730034;0.00043645597746300044;0.20717232090243287;0.31631450458792826;0.24370738277632797;0.16457614277296068;0.06822964896035019
Cinza;Ciências Naturais e suas Tecnologias;19;0.0007935563226600008;0.0005554894258620006;0.0814158548874706;0.06331877729257641;0.5219600268726906;0.10837252267383271;0.22493281827342962
Cinza;Ciências Naturais e suas Tecnologias;20;0.0006348450581280007;0.0006745228742610007;0.15299995801318386;0.1284796573875803;0.5239534786077171;0.05093000797749506;0.1436368980140236
Cinza;Ciências Naturais e suas Tecnologias;21;0.002777447129310003;0.00035710034519700033;0.16541163602709183;0.3066341340288587;0.2553531614151697;0.2165243363762568;0.056076732152622946
Cinza;Ciências Naturais e suas Tecnologias;22;0.0008729119549260009;0.0003967781613300004;0.12687883113611553;0.23188344949198086;0.09211520698631287;0.3914686371651692;0.15765387522042154
Cinza;Ciências Naturais e suas Tecnologias;23;0.0008729119549260009;0.00035710034519700033;0.09538603635752971;0.1433309542801965;0.24795331458079684;0.27666988538561654;0.23665980939586045
Cinza;Ciências Naturais e suas Tecnologias;24;0.001944212990517002;0.0007142006903940007;0.07560021864356893;0.3025270150948156;0.3135853340621452;0.24618424925366858;0.062103182945801624
Cinza;Ciências Naturais e suas Tecnologias;25;0.0018251795421180019;0.0005158116097290005;0.10970535076289353;0.12075995124206633;0.1535034256651675;0.3322685048968097;0.28376276743306295
Cinza;Ciências Naturais e suas Tecnologias;26;0.0007935563226600008;0.0007538785065270007;0.0625761202805426;0.04325731804628113;0.1800848347402461;0.37432279198689683;0.3397589349460333
Cinza;Ciências Naturais e suas Tecnologias;27;0.0008332341387930008;0.00043645597746300044;0.5191031992610631;0.13897052649256864;0.051389705264925686;0.06910739776639516;0.22142917121504743
Cinza;Ciências Naturais e suas Tecnologias;28;0.0011903344839900012;0.0008729119549260009;0.16245062610303387;0.18333473401126146;0.16106395495419784;0.18325069333557442;0.30989999159593246
Cinza;Ciências Naturais e suas Tecnologias;29;0.0023806689679800024;0.0007142006903940007;0.16477368332492007;0.2787733467945482;0.254080430758876;0.23031297324583544;0.0720595658758203
Cinza;Ciências Naturais e suas Tecnologias;30;0.0011903344839900012;0.000991945403325001;0.16171464593401974;0.10367724311830216;0.10212229459970582;0.2168943055263711;0.4155915108216012
Cinza;Ciências Naturais e suas Tecnologias;31;0.0008729119549260009;0.00031742252906400033;0.30940386230058775;0.33967254408060454;0.12162048698572628;0.1141057934508816;0.11519731318219983
Cinza;Ciências Naturais e suas Tecnologias;32;0.0018251795421180019;0.0006348450581280007;0.11699176055153859;0.21035816378005717;0.19316462081721877;0.2512191020682697;0.22826635278291577
Cinza;Ciências Naturais e suas Tecnologias;33;0.0016664682775860017;0.0007538785065270007;0.14313338097439993;0.21001303123292278;0.2156458867543823;0.22985413426373533;0.20135356677455968
Cinza;Ciências Naturais e suas Tecnologias;34;0.0008729119549260009;0.0004761337935960005;0.4713637890493786;0.10400571044675848;0.16749244205576083;0.14708599261001007;0.11005206583809204
Cinza;Ciências Naturais e suas Tecnologias;35;0.001983890806650002;0.00035710034519700033;0.18208566264553822;0.31860787692825016;0.24114160817115715;0.18784414274305408;0.07032070951200034
Cinza;Ciências Naturais e suas Tecnologias;36;0.0015871126453200015;0.0005158116097290005;0.09089381014413582;0.27545488927175693;0.21977560196663445;0.2316678572929361;0.1822078413245367
Cinza;Ciências Naturais e suas Tecnologias;37;0.0011903344839900012;0.0007935563226600008;0.29289915966386554;0.318109243697479;0.11647058823529412;0.14369747899159663;0.1288235294117647
Cinza;Ciências Naturais e suas Tecnologias;38;0.0013093679323890014;0.0005951672419950006;0.2552306528863121;0.11112511553650954;0.22002352743466935;0.10402487185950761;0.3095958322830014
Cinza;Ciências Naturais e suas Tecnologias;39;0.000952267587192001;0.0006348450581280007;0.09668206635867282;0.1997060058798824;0.1621587568248635;0.36438471230575387;0.17706845863082737
Cinza;Ciências Naturais e suas Tecnologias;40;0.0014680791969210014;0.0004761337935960005;0.2759127767740851;0.176967354312844;0.30347464392252427;0.1097853031385236;0.13385992185202303
Cinza;Ciências Naturais e suas Tecnologias;41;0.0013887235646550015;0.0005158116097290005;0.17443912276279305;0.4216452398958071;0.12528358961431812;0.16162507352323335;0.11700697420384841
Cinza;Ciências Naturais e suas Tecnologias;42;0.0015077570130540014;0.0007538785065270007;0.3127390408943807;0.11772370024797209;0.09607867860295045;0.09061488673139159;0.38284369352330516
Cinza;Ciências Naturais e suas Tecnologias;43;0.0014284013807880013;0.001071301035591001;0.1196451843443898;0.33097910623449783;0.16269390843738177;0.23777693698238533;0.14890486400134528
Cinza;Ciências Naturais e suas Tecnologias;44;0.0025790580486450025;0.0007142006903940007;0.0902932637690916;0.2315816047460765;0.3829259056675222;0.1876972272478647;0.10750199856944503
Cinza;Ciências Naturais e suas Tecnologias;45;0.0017061460937190017;0.0002777447129310003;0.23634453781512604;0.32630252100840335;0.11306722689075631;0.20907563025210085;0.11521008403361345
Cinza;Inglês;1;0.0013887235646550015;0.00015871126453200017;0.027304134626100523;0.782792822913184;0.029254429956536276;0.14019837289646717;0.020450239607712025
Cinza;Inglês;2;0.0015077570130540014;0.0007538785065270007;0.03971441320838911;0.089301651048639;0.07251227130745203;0.7001338688085676;0.09833779562695226
Cinza;Inglês;3;0.001944212990517002;0.0005158116097290005;0.07532221168331195;0.06394018858450036;0.08731797132176533;0.11755844445684316;0.6558611839535792
Cinza;Inglês;4;0.0018251795421180019;0.00023806689679800025;0.04516812580159483;0.08453688730273796;0.4912173088719121;0.34227401996319634;0.03680365806055875
Cinza;Inglês;5;0.0021029242550490023;0.00011903344839900012;0.0745719225835239;0.12973395058285458;0.04930559428858274;0.6819677617268113;0.06442077081822745
Cinza;Espanhol;1;0.0011903344839900012;0.00031742252906400033;0.682033426183844;0.07172701949860724;0.05515320334261838;0.08913649025069638;0.10194986072423398
Cinza;Espanhol;2;0.001110978851724001;0.0004761337935960005;0.6264976316522708;0.22359988854834215;0.04848147116188353;0.05405405405405406;0.04736695458344943
Cinza;Espanhol;3;0.0014680791969210014;0.00031742252906400033;0.13132580510246758;0.07221525163808727;0.2802174822250105;0.355778614247874;0.16046284678656073
Cinza;Espanhol;4;0.0014680791969210014;0.00035710034519700033;0.2488845510317903;0.12060791968767429;0.3679587283881762;0.05939765755716676;0.2031511433351924
Cinza;Espanhol;5;0.001071301035591001;0.0005554894258620006;0.040685523199108266;0.10366448376759091;0.0401281872648739;0.10129580604709489;0.714225999721332
Laranja;Linguagens, Códigos e suas Tecnologias;1;0.0;0.0;0.14285714285714285;0.14285714285714285;0.7142857142857143;;
Laranja;Linguagens, Códigos e suas Tecnologias;2;0.0;0.0;0.2857142857142857;0.14285714285714285;0.5714285714285714;;
Laranja;Linguagens, Códigos e suas Tecnologias;3;0.0;0.0;0.14285714285714285;0.2857142857142857;0.42857142857142855;;0.14285714285714285
Laranja;Linguagens, Códigos e suas Tecnologias;4;0.0;0.0;;0.14285714285714285;;0.7142857142857143;0.14285714285714285
Laranja;Linguagens, Códigos e suas Tecnologias;5;0.0;0.0;0.5714285714285714;0.14285714285714285;0.14285714285714285;;0.14285714285714285
Laranja;Linguagens, Códigos e suas Tecnologias;6;0.0;0.0;0.2857142857142857;0.14285714285714285;0.42857142857142855;0.14285714285714285;
Laranja;Linguagens, Códigos e suas Tecnologias;7;0.0;0.0;0.14285714285714285;0.14285714285714285;0.42857142857142855;0.14285714285714285;0.14285714285714285
Laranja;Linguagens, Códigos e suas Tecnologias;8;0.0;0.0;0.5714285714285714;0.14285714285714285;;0.14285714285714285;0.14285714285714285
Laranja;Linguagens, Códigos e suas Tecnologias;9;0.0;0.0;0.14285714285714285;0.42857142857142855;0.2857142857142857;;0.14285714285714285
Laranja;Linguagens, Códigos e suas Tecnologias;10;0.0;0.0;0.2857142857142857;0.14285714285714285;0.42857142857142855;0.14285714285714285;
Laranja;Linguagens, Códigos e suas Tecnologias;11;0.0;0.0;;0.7142857142857143;0.14285714285714285;;0.14285714285714285
Laranja;Linguagens, Códigos e suas Tecnologias;12;0.0;0.0;0.5714285714285714;0.2857142857142857;;0.14285714285714285;
Laranja;Linguagens, Códigos e suas Tecnologias;13;0.0;0.0;0.14285714285714285;0.14285714285714285;0.42857142857142855;0.14285714285714285;0.14285714285714285
Laranja;Linguagens, Códigos e suas Tecnologias;14;0.0;0.0;0.2857142857142857;0.14285714285714285;0.2857142857142857;;0.2857142857142857
Laranja;Linguagens, Códigos e suas Tecnologias;15;0.0;0.0;0.5714285714285714;;;0.2857142857142857;0.14285714285714285
Laranja;Linguagens, Códigos e suas Tecnologias;16;0.0;0.0;0.14285714285714285;0.14285714285714285;0.14285714285714285;0.2857142857142857;0.2857142857142857
Laranja;Linguagens, Códigos e suas Tecnologias;17;0.0;0.0;;0.2857142857142857;;0.14285714285714285;0.5714285714285714
Laranja;Linguagens, Códigos e suas Tecnologias;18;0.0;0.0;0.14285714285714285;0.14285714285714285;;0.42857142857142855;0.2857142857142857
Laranja;Linguagens, Códigos e suas Tecnologias;19;0.0;0.0;0.42857142857142855;0.14285714285714285;0.2857142857142857;0.14285714285714285;
Laranja;Linguagens, Códigos e suas Tecnologias;20;0.0;0.0;;0.5714285714285714;0.2857142857142857;0.14285714285714285;
Laranja;Linguagens, Códigos e suas Tecnologias;21;0.0;0.0;0.7142857142857143;0.14285714285714285;0.14285714285714285;;
Laranja;Linguagens, Códigos e suas Tecnologias;22;0.0;0.0;;0.42857142857142855;0.2857142857142857;0.14285714285714285;0.14285714285714285
Laranja;Linguagens, Códigos e suas Tecnologias;23;0.0;0.0;0.42857142857142855;0.14285714285714285;0.14285714285714285;;0.2857142857142857
Laranja;Linguagens, Códigos e suas Tecnologias;24;0.0;0.0;0.42857142857142855;0.2857142857142857;;;0.2857142857142857
Laranja;Linguagens, Códigos e suas Tecnologias;25;0.0;0.0;0.2857142857142857;;0.14285714285714285;0.2857142857142857;0.2857142857142857
Laranja;Linguagens, Códigos e suas Tecnologias;26;0.0;0.0;0.14285714285714285;0.2857142857142857;0.2857142857142857;;0.2857142857142857
Laranja;Linguagens, Códigos e suas Tecnologias;27;0.0;0.0;;0.5714285714285714;0.14285714285714285;;0.2857142857142857
Laranja;Linguagens, Códigos e suas Tecnologias;28;0.0;0.0;0.42857142857142855;;0.14285714285714285;0.14285714285714285;0.2857142857142857
Laranja;Linguagens, Códigos e suas Tecnologias;29;0.0;0.0;0.2857142857142857;0.14285714285714285;0.42857142857142855;;0.14285714285714285
Laranja;Linguagens, Códigos e suas Tecnologias;30;0.0;0.0;0.2857142857142857;0.14285714285714285;0.14285714285714285;;0.42857142857142855
Laranja;Linguagens, Códigos e suas Tecnologias;31;0.0;0.0;0.5714285714285714;0.14285714285714285;;0.14285714285714285;0.14285714285714285
Laranja;Linguagens, Códigos e suas Tecnologias;32;0.0;0.0;0.5714285714285714;0.14285714285714285;;0.14285714285714285;0.14285714285714285
Laranja;Linguagens, Códigos e suas Tecnologias;33;0.0;0.0;;0.42857142857142855;;0.2857142857142857;0.2857142857142857
Laranja;Linguagens, Códigos e suas Tecnologias;34;0.0;0.0;;0.7142857142857143;0.14285714285714285;0.14285714285714285;
Laranja;Linguagens, Códigos e suas Tecnologias;35;0.0;0.0;0.42857142857142855;;;0.42857142857142855;0.14285714285714285
Laranja;Linguagens, Códigos e suas Tecnologias;36;0.0;0.0;0.14285714285714285;0.2857142857142857;0.14285714285714285;;0.42857142857142855
Laranja;Linguagens, Códigos e suas Tecnologias;37;0.0;0.0;;0.14285714285714285;0.2857142857142857;0.5714285714285714;
Laranja;Linguagens, Códigos e suas Tecnologias;38;0.0;0.0;0.14285714285714285;0.42857142857142855;0.14285714285714285;;0.2857142857142857
Laranja;Linguagens, Códigos e suas Tecnologias;39;0.0;0.0;0.42857142857142855;0.14285714285714285;0.14285714285714285;0.14285714285714285;0.14285714285714285
Laranja;Linguagens, Códigos e suas Tecnologias;40;0.0;0.0;0.2857142857142857;0.14285714285714285;0.14285714285714285;0.2857142857142857;0.14285714285714285
Laranja;Ciências Humanas e suas Tecnologias;1;0.0;0.0;0.2857142857142857;0.14285714285714285;0.14285714285714285;0.42857142857142855;
Laranja;Ciências Humanas e suas Tecnologias;2;0.0;0.0;0.14285714285714285;0.42857142857142855;0.2857142857142857;;0.14285714285714285
Laranja;Ciências Humanas e suas Tecnologias;3;0.0;0.0;0.14285714285714285;0.14285714285714285;0.14285714285714285;0.42857142857142855;0.14285714285714285
Laranja;Ciências Humanas e suas Tecnologias;4;0.0;0.0;0.14285714285714285;;0.42857142857142855;0.14285714285714285;0.2857142857142857
Laranja;Ciências Humanas e suas Tecnologias;5;0.0;0.0;0.2857142857142857;;0.14285714285714285;0.14285714285714285;0.42857142857142855
Laranja;Ciências Humanas e suas Tecnologias;6;0.0;0.0;0.2857142857142857;0.14285714285714285;;0.14285714285714285;0.42857142857142855
Laranja;Ciências Humanas e suas Tecnologias;7;0.0;0.0;0.2857142857142857;0.2857142857142857;;0.42857142857142855;
Laranja;Ciências Humanas e suas Tecnologias;8;0.0;0.0;0.42857142857142855;;0.2857142857142857;0.14285714285714285;0.14285714285714285
Laranja;Ciências Humanas e suas Tecnologias;9;0.0;0.0;0.5714285714285714;;;0.2857142857142857;0.14285714285714285
Laranja;Ciências Humanas e suas Tecnologias;10;0.0;0.0;0.42857142857142855;0.2857142857142857;0.2857142857142857;;
Laranja;Ciências Humanas e suas Tecnologias;11;0.0;0.0;0.42857142857142855;0.2857142857142857;0.2857142857142857;;
Laranja;Ciências Humanas e suas Tecnologias;12;0.0;0.0;0.14285714285714285;0.14285714285714285;0.2857142857142857;0.14285714285714285;0.2857142857142857
Laranja;Ciências Humanas e suas Tecnologias;13;0.0;0.0;0.2857142857142857;0.42857142857142855;;0.14285714285714285;0.14285714285714285
Laranja;Ciências Humanas e suas Tecnologias;14;0.0;0.0;0.14285714285714285;0.2857142857142857;0.2857142857142857;0.14285714285714285;0.14285714285714285
Laranja;Ciências Humanas e suas Tecnologias;15;0.0;0.0;;0.5714285714285714;0.14285714285714285;;0.2857142857142857
Laranja;Ciências Humanas e suas Tecnologias;16;0.0;0.0;;0.14285714285714285;0.42857142857142855;0.2857142857142857;0.14285714285714285
Laranja;Ciências Humanas e suas Tecnologias;17;0.0;0.0;0.42857142857142855;;;0.2857142857142857;0.2857142857142857
Laranja;Ciências Humanas e suas Tecnologias;18;0.0;0.0;0.8571428571428571;;;;0.14285714285714285
Laranja;Ciências Humanas e suas Tecnologias;19;0.0;0.0;0.2857142857142857;0.14285714285714285;;;0.5714285714285714
Laranja;Ciências Humanas e suas Tecnologias;20;0.0;0.0;0.5714285714285714;;0.2857142857142857;0.14285714285714285;
Laranja;Ciências Humanas e suas Tecnologias;21;0.0;0.0;0.14285714285714285;0.5714285714285714;0.14285714285714285;0.14285714285714285;
Laranja;Ciências Humanas e suas Tecnologias;22;0.0;0.0;0.2857142857142857;0.2857142857142857;0.14285714285714285;0.14285714285714285;0.14285714285714285
Laranja;Ciências Humanas e suas Tecnologias;23;0.0;0.0;0.2857142857142857;0.14285714285714285;;0.14285714285714285;0.42857142857142855
Laranja;Ciências Humanas e suas Tecnologias;24;0.0;0.0;0.14285714285714285;0.42857142857142855;;0.14285714285714285;0.2857142857142857
Laranja;Ciências Humanas e suas Tecnologias;25;0.0;0.0;0.5714285714285714;0.42857142857142855;;;
Laranja;Ciências Humanas e suas Tecnologias;26;0.0;0.0;;;0.42857142857142855;0.2857142857142857;0.2857142857142857
Laranja;Ciências Humanas e suas Tecnologias;27;0.0;0.0;0.14285714285714285;0.42857142857142855;0.14285714285714285;0.14285714285714285;0.14285714285714285
Laranja;Ciências Humanas e suas Tecnologias;28;0.0;0.0;0.2857142857142857;0.2857142857142857;0.14285714285714285;0.2857142857142857;
Laranja;Ciências Humanas e suas Tecnologias;29;0.0;0.0;0.42857142857142855;0.2857142857142857;0.14285714285714285;0.14285714285714285;
Laranja;Ciências Humanas e suas Tecnologias;30;0.0;0.0;0.2857142857142857;0.5714285714285714;0.14285714285714285;;
Laranja;Ciências Humanas e suas Tecnologias;31;0.0;0.0;0.42857142857142855;0.14285714285714285;;0.2857142857142857;0.14285714285714285
Laranja;Ciências Humanas e suas Tecnologias;32;0.0;0.0;;;0.42857142857142855;0.42857142857142855;0.14285714285714285
Laranja;Ciências Humanas e suas Tecnologias;33;0.0;0.0;0.14285714285714285;0.42857142857142855;0.42857142857142855;;
Laranja;Ciências Humanas e suas Tecnologias;34;0.0;0.0;0.5714285714285714;0.2857142857142857;;;0.14285714285714285
Laranja;Ciências Humanas e suas Tecnologias;35;0.0;0.0;0.14285714285714285;;0.2857142857142857;0.5714285714285714;
Laranja;Ciências Humanas e suas Tecnologias;36;0.0;0.0;;0.42857142857142855;0.14285714285714285;;0.42857142857142855
Laranja;Ciências Humanas e suas Tecnologias;37;0.0;0.0;0.7142857142857143;0.2857142857142857;;;
Laranja;Ciências Humanas e suas Tecnologias;38;0.0;0.0;0.42857142857142855;;0.42857142857142855;;0.14285714285714285
Laranja;Ciências Humanas e suas Tecnologias;39;0.0;0.0;0.14285714285714285;0.14285714285714285;0.14285714285714285;0.2857142857142857;0.2857142857142857
Laranja;Ciências Humanas e suas Tecnologias;40;0.0;0.0;0.2857142857142857;0.14285714285714285;0.14285714285714285;0.14285714285714285;0.2857142857142857
Laranja;Ciências Humanas e suas Tecnologias;41;0.0;0.0;0.42857142857142855;0.2857142857142857;;0.14285714285714285;0.14285714285714285
Laranja;Ciências Humanas e suas Tecnologias;42;0.0;0.0;0.14285714285714285;0.42857142857142855;0.2857142857142857;;0.14285714285714285
Laranja;Ciências Humanas e suas Tecnologias;43;0.0;0.0;0.14285714285714285;;0.2857142857142857;;0.5714285714285714
Laranja;Ciências Humanas e suas Tecnologias;44;0.0;0.0;0.7142857142857143;;;0.14285714285714285;0.14285714285714285
Laranja;Ciências Humanas e suas Tecnologias;45;0.0;0.0;0.14285714285714285;0.5714285714285714;0.14285714285714285;0.14285714285714285;
Laranja;Matemática e suas Tecnologias;1;0.0;0.0;;0.3333333333333333;;0.5;0.16666666666666666
Laranja;Matemática e suas Tecnologias;2;0.0;0.0;0.5;;0.16666666666666666;0.16666666666666666;0.16666666666666666
Laranja;Matemática e suas Tecnologias;3;0.0;0.0;;;;0.3333333333333333;0.6666666666666666
Laranja;Matemática e suas Tecnologias;4;0.0;0.0;;0.16666666666666666;0.6666666666666666;0.16666666666666666;
Laranja;Matemática e suas Tecnologias;5;0.0;0.0;0.5;0.16666666666666666;0.16666666666666666;;0.16666666666666666
Laranja;Matemática e suas Tecnologias;6;0.0;0.0;;0.16666666666666666;0.6666666666666666;0.16666666666666666;
Laranja;Matemática e suas Tecnologias;7;0.0;0.0;0.5;;0.16666666666666666;0.3333333333333333;
Laranja;Matemática e suas Tecnologias;8;0.0;0.0;0.16666666666666666;;0.5;0.3333333333333333;
Laranja;Matemática e suas Tecnologias;9;0.0;0.0;0.16666666666666666;0.16666666666666666;;0.6666666666666666;
Laranja;Matemática e suas Tecnologias;10;0.0;0.0;0.5;0.3333333333333333;;;0.16666666666666666
Laranja;Matemática e suas Tecnologias;11;0.0;0.0;0.16666666666666666;;0.6666666666666666;0.16666666666666666;
Laranja;Matemática e suas Tecnologias;12;0.0;0.0;0.16666666666666666;;0.16666666666666666;0.5;0.16666666666666666
Laranja;Matemática e suas Tecnologias;13;0.0;0.0;;0.5;;0.16666666666666666;0.3333333333333333
Laranja;Matemática e suas Tecnologias;14;0.0;0.0;0.6666666666666666;0.16666666666666666;;;0.16666666666666666
Laranja;Matemática e suas Tecnologias;15;0.0;0.0;0.16666666666666666;0.3333333333333333;0.5;;
Laranja;Matemática e suas Tecnologias;16;0.0;0.0;0.16666666666666666;0.6666666666666666;0.16666666666666666;;
Laranja;Matemática e suas Tecnologias;17;0.0;0.0;0.6666666666666666;0.16666666666666666;;0.16666666666666666;
Laranja;Matemática e suas Tecnologias;18;0.0;0.0;;0.16666666666666666;;0.16666666666666666;0.6666666666666666
Laranja;Matemática e suas Tecnologias;19;0.0;0.0;0.16666666666666666;0.3333333333333333;0.16666666666666666;0.16666666666666666;0.16666666666666666
Laranja;Matemática e suas Tecnologias;20;0.0;0.0;0.3333333333333333;0.16666666666666666;0.16666666666666666;0.3333333333333333;
Laranja;Matemática e suas Tecnologias;21;0.0;0.0;;0.16666666666666666;0.5;0.16666666666666666;0.16666666666666666
Laranja;Matemática e suas Tecnologias;22;0.0;0.0;0.16666666666666666;0.3333333333333333;0.16666666666666666;0.16666666666666666;0.16666666666666666
Laranja;Matemática e suas Tecnologias;23;0.0;0.0;;0.16666666666666666;0.5;0.16666666666666666;0.16666666666666666
Laranja;Matemática e suas Tecnologias;24;0.0;0.0;0.3333333333333333;0.16666666666666666;0.3333333333333333;;0.16666666666666666
Laranja;Matemática e suas Tecnologias;25;0.0;0.0;0.5;;;;0.5
Laranja;Matemática e suas Tecnologias;26;0.0;0.0;;0.3333333333333333;0.3333333333333333;0.3333333333333333;
Laranja;Matemática e suas Tecnologias;27;0.0;0.0;0.16666666666666666;0.8333333333333334;;;
Laranja;Matemática e suas Tecnologias;28;0.0;0.0;;0.16666666666666666;0.6666666666666666;;0.16666666666666666
Laranja;Matemática e suas Tecnologias;29;0.0;0.0;0.16666666666666666;0.3333333333333333;;0.5;
Laranja;Matemática e suas Tecnologias;30;0.0;0.0;0.16666666666666666;0.3333333333333333;0.16666666666666666;;0.3333333333333333
Laranja;Matemática e suas Tecnologias;31;0.0;0.0;0.6666666666666666;;0.16666666666666666;0.16666666666666666;
Laranja;Matemática e suas Tecnologias;32;0.0;0.0;0.16666666666666666;;0.3333333333333333;0.16666666666666666;0.3333333333333333
Laranja;Matemática e suas Tecnologias;33;0.0;0.0;0.16666666666666666;0.3333333333333333;0.3333333333333333;;0.16666666666666666
Laranja;Matemática e suas Tecnologias;34;0.0;0.0;;0.16666666666666666;0.16666666666666666;0.5;0.16666666666666666
Laranja;Matemática e suas Tecnologias;35;0.0;0.0;0.16666666666666666;0.3333333333333333;0.3333333333333333;0.16666666666666666;
Laranja;Matemática e suas Tecnologias;36;0.0;0.0;0.16666666666666666;0.3333333333333333;0.3333333333333333;;0.16666666666666666
Laranja;Matemática e suas Tecnologias;37;0.0;0.0;0.3333333333333333;0.16666666666666666;0.3333333333333333;0.16666666666666666;
Laranja;Matemática e suas Tecnologias;38;0.0;0.0;;0.5;0.3333333333333333;0.16666666666666666;
Laranja;Matemática e suas Tecnologias;39;0.0;0.0;0.16666666666666666;0.16666666666666666;0.16666666666666666;0.3333333333333333;0.16666666666666666
Laranja;Matemática e suas Tecnologias;40;0.0;0.0;0.3333333333333333;0.3333333333333333;;0.3333333333333333;
Laranja;Matemática e suas Tecnologias;41;0.0;0.0;0.5;0.16666666666666666;;;0.3333333333333333
Laranja;Matemática e suas Tecnologias;42;0.0;0.0;0.3333333333333333;0.16666666666666666;0.3333333333333333;0.16666666666666666;
Laranja;Matemática e suas Tecnologias;43;0.0;0.0;;0.16666666666666666;0.3333333333333333;;0.5
Laranja;Matemática e suas Tecnologias;44;0.0;0.0;0.6666666666666666;;0.3333333333333333;;
Laranja;Matemática e suas Tecnologias;45;0.0;0.0;;0.5;0.16666666666666666;0.16666666666666666;0.16666666666666666
Laranja;Ciências Naturais e suas Tecnologias;1;0.0;0.0;0.16666666666666666;;;0.5;0.3333333333333333
Laranja;Ciências Naturais e suas Tecnologias;2;0.0;0.0;;0.5;0.3333333333333333;0.16666666666666666;
Laranja;Ciências Naturais e suas Tecnologias;3;0.0;0.0;;0.16666666666666666;;0.3333333333333333;0.5
Laranja;Ciências Naturais e suas Tecnologias;4;0.0;0.0;0.16666666666666666;0.16666666666666666;0.3333333333333333;0.3333333333333333;
Laranja;Ciências Naturais e suas Tecnologias;5;0.0;0.0;0.16666666666666666;;0.3333333333333333;0.16666666666666666;0.3333333333333333
Laranja;Ciências Naturais e suas Tecnologias;6;0.0;0.0;;;1.0;;
Laranja;Ciências Naturais e suas Tecnologias;7;0.0;0.0;0.16666666666666666;0.16666666666666666;0.16666666666666666;0.16666666666666666;0.3333333333333333
Laranja;Ciências Naturais e suas Tecnologias;8;0.0;0.0;0.3333333333333333;0.3333333333333333;0.16666666666666666;;0.16666666666666666
Laranja;Ciências Naturais e suas Tecnologias;9;0.0;0.0;;0.6666666666666666;0.16666666666666666;;0.16666666666666666
Laranja;Ciências Naturais e suas Tecnologias;10;0.0;0.0;0.16666666666666666;;0.6666666666666666;0.16666666666666666;
Laranja;Ciências Naturais e suas Tecnologias;11;0.0;0.0;0.3333333333333333;0.6666666666666666;;;
Laranja;Ciências Naturais e suas Tecnologias;12;0.0;0.0;0.16666666666666666;0.3333333333333333;0.3333333333333333;;0.16666666666666666
Laranja;Ciências Naturais e suas Tecnologias;13;0.0;0.0;0.3333333333333333;0.16666666666666666;;0.3333333333333333;0.16666666666666666
Laranja;Ciências Naturais e suas Tecnologias;14;0.0;0.0;0.16666666666666666;0.6666666666666666;0.16666666666666666;;
Laranja;Ciências Naturais e suas Tecnologias;15;0.0;0.0;0.6666666666666666;0.3333333333333333;;;
Laranja;Ciências Naturais e suas Tecnologias;16;0.0;0.0;;0.6666666666666666;0.16666666666666666;;0.16666666666666666
Laranja;Ciências Naturais e suas Tecnologias;17;0.0;0.0;0.16666666666666666;0.16666666666666666;0.16666666666666666;0.3333333333333333;0.16666666666666666
Laranja;Ciências Naturais e suas Tecnologias;18;0.0;0.0;0.5;0.16666666666666666;0.16666666666666666;;0.16666666666666666
Laranja;Ciências Naturais e suas Tecnologias;19;0.0;0.0;;;0.6666666666666666;0.16666666666666666;0.16666666666666666
Laranja;Ciências Naturais e suas Tecnologias;20;0.0;0.0;0.3333333333333333;0.16666666666666666;0.16666666666666666;;0.3333333333333333
Laranja;Ciências Naturais e suas Tecnologias;21;0.0;0.0;0.3333333333333333;0.3333333333333333;0.3333333333333333;;
Laranja;Ciências Naturais e suas Tecnologias;22;0.0;0.0;0.5;;;0.3333333333333333;0.16666666666666666
Laranja;Ciências Naturais e suas Tecnologias;23;0.0;0.0;0.16666666666666666;0.16666666666666666;;0.5;0.16666666666666666
Laranja;Ciências Naturais e suas Tecnologias;24;0.0;0.0;0.16666666666666666;0.16666666666666666;0.3333333333333333;0.3333333333333333;
Laranja;Ciências Naturais e suas Tecnologias;25;0.0;0.0;0.3333333333333333;0.16666666666666666;;0.16666666666666666;0.3333333333333333
Laranja;Ciências Naturais e suas Tecnologias;26;0.0;0.0;;0.16666666666666666;0.16666666666666666;0.3333333333333333;0.3333333333333333
Laranja;Ciências Naturais e suas Tecnologias;27;0.0;0.0;0.3333333333333333;0.16666666666666666;;0.16666666666666666;0.3333333333333333
Laranja;Ciências Naturais e suas Tecnologias;28;0.0;0.0;0.3333333333333333;0.3333333333333333;;;0.3333333333333333
Laranja;Ciências Naturais e suas Tecnologias;29;0.0;0.0;0.3333333333333333;0.16666666666666666;0.3333333333333333;0.16666666666666666;
Laranja;Ciências Naturais e suas Tecnologias;30;0.0;0.0;0.3333333333333333;;0.5;;0.16666666666666666
Laranja;Ciências Naturais e suas Tecnologias;31;0.0;0.0;0.16666666666666666;0.5;;0.16666666666666666;0.16666666666666666
Laranja;Ciências Naturais e suas Tecnologias;32;0.0;0.0;;0.16666666666666666;0.3333333333333333;0.16666666666666666;0.3333333333333333
Laranja;Ciências Naturais e suas Tecnologias;33;0.0;0.0;0.16666666666666666;0.5;0.16666666666666666;0.16666666666666666;
Laranja;Ciências Naturais e suas Tecnologias;34;0.0;0.0;0.3333333333333333;;0.3333333333333333;0.3333333333333333;
Laranja;Ciências Naturais e suas Tecnologias;35;0.0;0.0;0.5;0.16666666666666666;0.16666666666666666;0.16666666666666666;
Laranja;Ciências Naturais e suas Tecnologias;36;0.0;0.0;;0.6666666666666666;;0.16666666666666666;0.16666666666666666
Laranja;Ciências Naturais e suas Tecnologias;37;0.0;0.0;0.6666666666666666;;;;0.3333333333333333
Laranja;Ciências Naturais e suas Tecnologias;38;0.0;0.0;0.16666666666666666;0.3333333333333333;0.3333333333333333;;0.16666666666666666
Laranja;Ciências Naturais e suas Tecnologias;39;0.0;0.0;;0.5;;0.3333333333333333;0.16666666666666666
Laranja;Ciências Naturais e suas Tecnologias;40;0.0;0.0;0.5;;0.3333333333333333;0.16666666666666666;
Laranja;Ciências Naturais e suas Tecnologias;41;0.0;0.0;0.16666666666666666;;0.5;0.16666666666666666;0.16666666666666666
Laranja;Ciências Naturais e suas Tecnologias;42;0.0;0.0;0.3333333333333333;0.16666666666666666;0.16666666666666666;0.16666666666666666;0.16666666666666666
Laranja;Ciências Naturais e suas Tecnologias;43;0.0;0.0;0.16666666666666666;0.3333333333333333;0.16666666666666666;0.3333333333333333;
Laranja;Ciências Naturais e suas Tecnologias;44;0.0;0.0;0.16666666666666666;0.5;0.16666666666666666;0.16666666666666666;
Laranja;Ciências Naturais e suas Tecnologias;45;0.0;0.0;0.6666666666666666;0.3333333333333333;;;
Laranja;Inglês;1;0.0;0.0;0.5;0.5;;;
Laranja;Inglês;2;0.0;0.0;;;;0.5;0.5
Laranja;Inglês;3;0.0;0.0;;0.5;;;0.5
Laranja;Inglês;4;0.0;0.0;0.5;;0.5;;
Laranja;Inglês;5;0.0;0.0;;0.5;;0.5;
Laranja;Espanhol;1;0.0;0.0;1.0;;;;
Laranja;Espanhol;2;0.0;0.0;0.4;0.2;0.4;;
Laranja;Espanhol;3;0.0;0.0;0.4;;0.4;0.2;
Laranja;Espanhol;4;0.0;0.0;;0.4;0.6;;
Laranja;Espanhol;5;0.0;0.0;0.2;0.4;;;0.4
Rosa;Linguagens, Códigos e suas Tecnologias;1;0.003950518754988029;0.00047885075818036713;0.09643673093109945;0.13383301935949338;0.5974988977514128;0.14910417251192432;0.023127179446069984
Rosa;Linguagens, Códigos e suas Tecnologias;2;0.0019553072625698325;0.0004389465283320032;0.58072;0.0318;0.08932;0.02656;0.2716
Rosa;Linguagens, Códigos e suas Tecnologias;3;0.00315243415802075;0.0006783719074221867;0.4937910591251402;0.16676013459381508;0.07835282807242429;0.11328312770389361;0.1478128505047268
Rosa;Linguagens, Códigos e suas Tecnologias;4;0.0025937749401436553;0.00047885075818036713;0.05892006564463836;0.4895729095785134;0.17583957090821759;0.19605331625505343;0.07961413761357723
Rosa;Linguagens, Códigos e suas Tecnologias;5;0.002873104549082203;0.0007581803671189146;0.05651007248988746;0.09595898914654172;0.06724338179342385;0.736753574432296;0.04353398213785094
Rosa;Linguagens, Códigos e suas Tecnologias;6;0.002114924181963288;0.0005187549880287311;0.08686084660318476;0.4850764183404017;0.059534288229175;0.03208770104825158;0.33644074577898697
Rosa;Linguagens, Códigos e suas Tecnologias;7;0.00315243415802075;0.0005985634477254589;0.021869742850276375;0.040895618040535126;0.07490186653849235;0.57201794440439;0.29031482816630616
Rosa;Linguagens, Códigos e suas Tecnologias;8;0.003272146847565842;0.001077414205905826;0.0745861889303034;0.6923570197587271;0.04657127970822813;0.12023566189731874;0.06624984970542262
Rosa;Linguagens, Códigos e suas Tecnologias;9;0.002274541101356744;0.0007980845969672786;0.15866789416803426;0.02761878077092423;0.1803226193811792;0.5091862466477205;0.12420445903214186
Rosa;Linguagens, Códigos e suas Tecnologias;10;0.003750997605746209;0.0004389465283320032;0.15543979162492486;0.08375075135243439;0.22079743538369065;0.3749949909837708;0.16501703065517934
Rosa;Linguagens, Códigos e suas Tecnologias;11;0.0019952114924181963;0.00023942537909018357;0.29415293553031513;0.12126059830427131;0.1800511918093105;0.16489361702127658;0.23964165733482642
Rosa;Linguagens, Códigos e suas Tecnologias;12;0.0029928172386272946;0.00027932960893854746;0.5126110977660341;0.07995035631355593;0.18204019537192728;0.07618704459924734;0.14921130594923532
Rosa;Linguagens, Códigos e suas Tecnologias;13;0.0034716679968076615;0.0003192338387869114;0.18894452233126377;0.512557580612858;0.03673142399359103;0.15693971560184258;0.10482675746044462
Rosa;Linguagens, Códigos e suas Tecnologias;14;0.0034716679968076615;0.00047885075818036713;0.5571090901806819;0.036617122711429834;0.02295581106526181;0.055847121509554905;0.32747085453307156
Rosa;Linguagens, Códigos e suas Tecnologias;15;0.0029928172386272946;0.0007980845969672786;0.2161826557180052;0.09236931704386141;0.3166433006208692;0.061045463649108754;0.31375926296815543
Rosa;Linguagens, Códigos e suas Tecnologias;16;0.00315243415802075;0.0006783719074221867;0.12253645249158789;0.13883992949847782;0.16231373177375422;0.05720237141483737;0.5191075148213428
Rosa;Linguagens, Códigos e suas Tecnologias;17;0.00315243415802075;0.0005985634477254589;0.15761435552351197;0.07193783545622046;0.42425698950572777;0.1558920131378675;0.19029880637667226
Rosa;Linguagens, Códigos e suas Tecnologias;18;0.003312051077414206;0.0007581803671189146;0.1665197531853514;0.0654699895824986;0.1698052728584021;0.060742046638352434;0.5374629377353954
Rosa;Linguagens, Códigos e suas Tecnologias;19;0.0031923383878691143;0.00047885075818036713;0.7548862544056392;0.04653957065043255;0.09960749759692407;0.05679269464915091;0.04217398269785325
Rosa;Linguagens, Códigos e suas Tecnologias;20;0.002793296089385475;0.0006783719074221867;0.11600528570856525;0.07007568173627518;0.36655588035077885;0.2435830697152925;0.20378008248908822
Rosa;Linguagens, Códigos e suas Tecnologias;21;0.003072625698324022;0.0006783719074221867;0.6414724024673556;0.06881358647760955;0.08767924377152927;0.08355363294079948;0.11848113434270607
Rosa;Linguagens, Códigos e suas Tecnologias;22;0.004469273743016759;0.0007182761372705507;0.13521861211391897;0.12595266746891295;0.31315683914961895;0.2188527878058564;0.20681909346169275
Rosa;Linguagens, Códigos e suas Tecnologias;23;0.004509177972865124;0.0003990422984836393;0.559890925131331;0.10434294421943296;0.12050366924650119;0.11103982034727514;0.10422264105545975
Rosa;Linguagens, Códigos e suas Tecnologias;24;0.002873104549082203;0.0005187549880287311;0.13557557557557556;0.573013013013013;0.13341341341341342;0.09785785785785786;0.06014014014014014
Rosa;Linguagens, Códigos e suas Tecnologias;25;0.004509177972865124;0.00035913806863527536;0.06395861737108027;0.124669179565322;0.1484882508621381;0.15125511267944503;0.5116288395220145
Rosa;Linguagens, Códigos e suas Tecnologias;26;0.004549082202713488;0.00019952114924181964;0.048474399583015915;0.06767972414899162;0.10877671304278096;0.052203199550940216;0.7228659636742713
Rosa;Linguagens, Códigos e suas Tecnologias;27;0.002633679169992019;0.0003990422984836393;0.3000320204931156;0.1980067243035543;0.27405539545309;0.13252481588216458;0.09538104386807557
Rosa;Linguagens, Códigos e suas Tecnologias;28;0.005985634477254589;0.0003990422984836393;0.2231726907630522;0.2850200803212851;0.10176706827309237;0.11052208835341365;0.27951807228915665
Rosa;Linguagens, Códigos e suas Tecnologias;29;0.0025139664804469273;0.0008379888268156424;0.9125960922485586;0.026665598975016015;0.016575912876361308;0.019819026265214607;0.024343369634849454
Rosa;Linguagens, Códigos e suas Tecnologias;30;0.003910614525139665;0.0003192338387869114;0.026929550372685743;0.042478159814057864;0.7278191873046406;0.12254548368998958;0.08022761881862628
Rosa;Linguagens, Códigos e suas Tecnologias;31;0.002354349561053472;0.0005985634477254589;0.04054270391419195;0.6868646442007524;0.11786600496277916;0.07067958056511646;0.08404706635716001
Rosa;Linguagens, Códigos e suas Tecnologias;32;0.005107741420590582;0.00023942537909018357;0.2579234534221295;0.40945197785444915;0.10751825403193453;0.15036508063869053;0.07474123405279627
Rosa;Linguagens, Códigos e suas Tecnologias;33;0.0031125299281723863;0.00047885075818036713;0.24277132559070885;0.23724469363235884;0.32490989187024427;0.09895875050060073;0.09611533840608731
Rosa;Linguagens, Códigos e suas Tecnologias;34;0.0034317637669592977;0.00047885075818036713;0.209598589856582;0.4299334989183559;0.0810832465347328;0.1733835429853377;0.10600112170499158
Rosa;Linguagens, Códigos e suas Tecnologias;35;0.0053471667996807665;0.0005985634477254589;0.21083055678214443;0.19344867729115653;0.22921600899201156;0.1783549435992132;0.1881498133354743
Rosa;Linguagens, Códigos e suas Tecnologias;36;0.0035115722266560257;0.0008778930566640064;0.047615230460921844;0.052224448897795595;0.04008016032064128;0.7923847695390781;0.06769539078156313
Rosa;Linguagens, Códigos e suas Tecnologias;37;0.0045889864325618515;0.0008379888268156424;0.353795538436848;0.21617717862301397;0.20763119884448725;0.05809661370566522;0.16429947038998555
Rosa;Linguagens, Códigos e suas Tecnologias;38;0.0033519553072625698;0.0005985634477254589;0.035054685309082165;0.19494411281599294;0.7157165177677176;0.033171747926765756;0.02111293618044149
Rosa;Linguagens, Códigos e suas Tecnologias;39;0.0033519553072625698;0.0007581803671189146;0.07725287494490524;0.10185519092839684;0.6868213326922307;0.05337179949513163;0.08069880193933565
Rosa;Linguagens, Códigos e suas Tecnologias;40;0.004189944134078212;0.00019952114924181964;0.13478957915831663;0.2490180360721443;0.32488977955911824;0.20132264529058116;0.08997995991983967
Rosa;Ciências Humanas e suas Tecnologias;1;0.0034716679968076615;0.0003192338387869114;0.22066893651111555;0.15601842579611455;0.3438013218505908;0.16146605247346285;0.11804526336871621
Rosa;Ciências Humanas e suas Tecnologias;2;0.002873104549082203;0.0004389465283320032;0.01401289186051167;0.46022340553309043;0.027104936541618288;0.055731272770949275;0.4429274932938303
Rosa;Ciências Humanas e suas Tecnologias;3;0.0045889864325618515;0.00027932960893854746;0.10951158874007538;0.04418959018365547;0.3397626112759644;0.4814339562114043;0.02510225358890047
Rosa;Ciências Humanas e suas Tecnologias;4;0.003312051077414206;0.0003192338387869114;0.6808842965276943;0.061396131202691336;0.06027474067844127;0.13432656494052625;0.0631182666506468
Rosa;Ciências Humanas e suas Tecnologias;5;0.002633679169992019;0.00047885075818036713;0.8293571371387399;0.08398046593547354;0.05015611240092867;0.01360979905531983;0.022896485469538066
Rosa;Ciências Humanas e suas Tecnologias;6;0.003910614525139665;0.0008379888268156424;0.5102842708792751;0.07842508319634336;0.041618218996832525;0.09057375405958061;0.2790986728679684
Rosa;Ciências Humanas e suas Tecnologias;7;0.0036312849162011174;0.0008379888268156424;0.08794292127625461;0.18298059964726632;0.08894500561167228;0.3265191598524932;0.3136123136123136
Rosa;Ciências Humanas e suas Tecnologias;8;0.003391859537110934;0.0005187549880287311;0.08092300296450605;0.41250701065619744;0.2694495633362711;0.13316240685842481;0.1039580161846006
Rosa;Ciências Humanas e suas Tecnologias;9;0.004948124501197127;0.0008778930566640064;0.22401059645179416;0.11756442161033957;0.11820663080998635;0.3762141767680822;0.1640041743597977
Rosa;Ciências Humanas e suas Tecnologias;10;0.005706304868316041;0.0007581803671189146;0.05157040726162744;0.09852196963611536;0.11338260101212949;0.19616033416338663;0.5403646879267411
Rosa;Ciências Humanas e suas Tecnologias;11;0.003870710295291301;0.00023942537909018357;0.09600512882157311;0.3048844011700124;0.5319950314541011;0.026645830829025923;0.040469607725287494
Rosa;Ciências Humanas e suas Tecnologias;12;0.00426975259377494;0.00047885075818036713;0.18680085000601418;0.50138326450423;0.07457599935848602;0.07124814562367186;0.16599174050759793
Rosa;Ciências Humanas e suas Tecnologias;13;0.005307262569832402;0.0007581803671189146;0.34049301429259676;0.15019270916974467;0.2863337080456078;0.09779990364541513;0.12518066484663562
Rosa;Ciências Humanas e suas Tecnologias;14;0.004389465283320032;0.0011173184357541898;0.10392424364015729;0.08807479335526844;0.16627878982425168;0.5000401251905947;0.14168204798972794
Rosa;Ciências Humanas e suas Tecnologias;15;0.0051875498802873106;0.0006384676775738228;0.07794814160712853;0.10154932969414787;0.045958095849723046;0.58352733402906;0.19101709881994058
Rosa;Ciências Humanas e suas Tecnologias;16;0.004868316041500399;0.0003990422984836393;0.3372512836970475;0.2984996790757381;0.11063863928112966;0.17923620025673942;0.07437419768934532
Rosa;Ciências Humanas e suas Tecnologias;17;0.005666400638467677;0.00035913806863527536;0.2637199405837248;0.11092376249548357;0.21534385161989641;0.3483479866714842;0.061664458629411056
Rosa;Ciências Humanas e suas Tecnologias;18;0.004828411811652035;0.0008778930566640064;0.14744953244772646;0.04334390175382269;0.268009792511137;0.04077537424248505;0.5004213990448289
Rosa;Ciências Humanas e suas Tecnologias;19;0.004229848363926576;0.0012370311252992818;0.922681860129198;0.016691409541387474;0.018657464992175903;0.02258957589375276;0.019379689443485938
Rosa;Ciências Humanas e suas Tecnologias;20;0.004469273743016759;0.0005586592178770949;0.07311301836849282;0.5579931017887222;0.28162348600304804;0.04487847918504853;0.042391914654688376
Rosa;Ciências Humanas e suas Tecnologias;21;0.006264964086193136;0.00027932960893854746;0.19444890745501286;0.24148457583547558;0.15608933161953728;0.2899662596401028;0.11801092544987146
Rosa;Ciências Humanas e suas Tecnologias;22;0.0053471667996807665;0.0006783719074221867;0.23794612389096312;0.44714761732707053;0.16905536151591793;0.05740896864587097;0.08844192862017744
Rosa;Ciências Humanas e suas Tecnologias;23;0.005546687948922586;0.0005187549880287311;0.17737273165248113;0.2196884535089128;0.12341416412397624;0.3552272362293239;0.12429741448530593
Rosa;Ciências Humanas e suas Tecnologias;24;0.005905826017557861;0.0003990422984836393;0.05288731828768774;0.05650148582443177;0.6407517468476428;0.05509597622680909;0.19476347281342865
Rosa;Ciências Humanas e suas Tecnologias;25;0.005826017557861133;0.0011572226656025538;0.3241310026120153;0.1111111111111111;0.05947357846092023;0.15515370705244122;0.35013060076351216
Rosa;Ciências Humanas e suas Tecnologias;26;0.006424581005586592;0.0006384676775738228;0.142788249005345;0.12080536912751678;0.41759434151830566;0.06373829522163726;0.2550737451271953
Rosa;Ciências Humanas e suas Tecnologias;27;0.007063048683160415;0.0009976057462090981;0.29310483546544375;0.10825488776249095;0.05664172499798858;0.29028884061469146;0.2517097111593853
Rosa;Ciências Humanas e suas Tecnologias;28;0.004988028731045491;0.0008778930566640064;0.15245052783687232;0.03640669529964276;0.14659013366515475;0.6066712158310922;0.05788142736723799
Rosa;Ciências Humanas e suas Tecnologias;29;0.006823623304070232;0.0007581803671189146;0.46731001206272615;0.21865701648572577;0.07261761158021712;0.05078407720144753;0.19063128266988338
Rosa;Ciências Humanas e suas Tecnologias;30;0.006225059856344773;0.0005187549880287311;0.15624121168293761;0.09947370535534933;0.09332690530713912;0.35149250733196735;0.29946567032260657
Rosa;Ciências Humanas e suas Tecnologias;31;0.007023144453312051;0.0003192338387869114;0.05599774883421772;0.3291525968805274;0.13322077504421934;0.3002090368226403;0.18141984241839523
Rosa;Ciências Humanas e suas Tecnologias;32;0.0053471667996807665;0.0011572226656025538;0.7631441539141262;0.1656826123629353;0.02164919468209021;0.01944009318391774;0.030083945856930555
Rosa;Ciências Humanas e suas Tecnologias;33;0.007262569832402235;0.0012370311252992818;0.1028695617177124;0.3272427254799372;0.19173340845977382;0.13148468628003382;0.24666961806254276
Rosa;Ciências Humanas e suas Tecnologias;34;0.0059457302474062255;0.0015961691939345571;0.1080776808330988;0.44670499778858913;0.02605444091512203;0.16167423907361989;0.25748864138957017
Rosa;Ciências Humanas e suas Tecnologias;35;0.0068635275339185954;0.0003990422984836393;0.0801511375512501;0.07392073317790819;0.38367232092611947;0.33037221641611064;0.13188359192861163
Rosa;Ciências Humanas e suas Tecnologias;36;0.007661612130885874;0.0007980845969672786;0.14311010946555056;0.06483419188667096;0.10761429491307148;0.6104314230521571;0.07400998068254991
Rosa;Ciências Humanas e suas Tecnologias;37;0.005666400638467677;0.0018355945730247406;0.04885011257639112;0.11599388871019621;0.08760855580572531;0.11181247989707302;0.6357349630106144
Rosa;Ciências Humanas e suas Tecnologias;38;0.007182761372705506;0.00035913806863527536;0.23436934582445418;0.2744561939608379;0.25801133850669455;0.18447187487435165;0.048691246833661696
Rosa;Ciências Humanas e suas Tecnologias;39;0.009177972865123703;0.0007581803671189146;0.23719318044415783;0.31163596791745596;0.11857643787029946;0.16138003304985693;0.1712143807182298
Rosa;Ciências Humanas e suas Tecnologias;40;0.00822027134876297;0.0008379888268156424;0.36946804655096044;0.13353199371803648;0.18447227479563483;0.10969274755365843;0.20283493738170982
Rosa;Ciências Humanas e suas Tecnologias;41;0.006065442936951317;0.0007182761372705507;0.03688228204098031;0.8484130172760145;0.055524306950582566;0.034793089594214545;0.024387304138208117
Rosa;Ciências Humanas e suas Tecnologias;42;0.007222665602553871;0.0005985634477254589;0.17660070785070786;0.19023487773487774;0.3168838481338481;0.16031209781209782;0.15596846846846846
Rosa;Ciências Humanas e suas Tecnologias;43;0.00833998403830806;0.0009577015163607343;0.4801224473355621;0.06786965803359246;0.20244089096548112;0.1735207636846981;0.07604623998066622
Rosa;Ciências Humanas e suas Tecnologias;44;0.008060654429369513;0.0007980845969672786;0.1060069248731782;0.12102423705612368;0.4297850068443514;0.2246960302761897;0.11848780095015701
Rosa;Ciências Humanas e suas Tecnologias;45;0.006823623304070232;0.00027932960893854746;0.2099107788762961;0.08331323848565228;0.16176352383248935;0.3845350052246604;0.16047745358090185
Rosa;Matemática e suas Tecnologias;1;0.0009177972865123703;0.00027932960893854746;0.08198444397729661;0.21391633382383857;0.3301660710531848;0.253100693714526;0.12083245743115409
Rosa;Matemática e suas Tecnologias;2;0.0023144453312051077;0.0003192338387869114;0.1709966735441492;0.2546633542464946;0.2583266663859531;0.18156553960166744;0.13444776622173565
Rosa;Matemática e suas Tecnologias;3;0.0017956903431763766;0.0006384676775738228;0.16986612781005303;0.24059105834806768;0.23970699671634252;0.2578934074261177;0.09194240969941904
Rosa;Matemática e suas Tecnologias;4;0.0012370311252992818;0.0007581803671189146;0.14634967389017461;0.2653902798232695;0.3904902167052388;0.13166421207658321;0.06610561750473386
Rosa;Matemática e suas Tecnologias;5;0.0019553072625698325;0.0009577015163607343;0.16767753348496336;0.3690927470305787;0.1715104035043383;0.11915592620672226;0.17256338977339736
Rosa;Matemática e suas Tecnologias;6;0.0011173184357541898;0.0005586592178770949;0.17860598157573718;0.05430530433685273;0.1303159045976528;0.4398687586758087;0.1969040508139486
Rosa;Matemática e suas Tecnologias;7;0.0015163607342378292;0.0004389465283320032;0.08945552469915005;0.11360767482958849;0.2474122696288816;0.20201127661364976;0.34751325422873014
Rosa;Matemática e suas Tecnologias;8;0.0014365522745411015;0.00047885075818036713;0.17431733075272438;0.2262801363234737;0.2417637901291707;0.1467581099844322;0.210880632810199
Rosa;Matemática e suas Tecnologias;9;0.0014365522745411015;0.0005985634477254589;0.23872243730011783;0.27162935532738597;0.2592997811816193;0.14122201649553948;0.08912640969533749
Rosa;Matemática e suas Tecnologias;10;0.0022346368715083797;0.0006384676775738228;0.13654550814977046;0.17331423998652234;0.2720380743798172;0.2816830223644864;0.1364191551194036
Rosa;Matemática e suas Tecnologias;11;0.0029928172386272946;0.00035913806863527536;0.240150014748641;0.35995111878976865;0.1959883696430829;0.12148666301462223;0.08242383380388521
Rosa;Matemática e suas Tecnologias;12;0.0010375099760574621;0.0006783719074221867;0.11875315497223625;0.3945818610129564;0.30817768803634527;0.11248527679623085;0.0660020191822312
Rosa;Matemática e suas Tecnologias;13;0.0011173184357541898;0.0007980845969672786;0.08364539066773256;0.7105650692136155;0.10914292927167922;0.0708545462195481;0.02579206462742458
Rosa;Matemática e suas Tecnologias;14;0.0008778930566640064;0.0011572226656025538;0.11020871907086349;0.29140717051001513;0.07641811142905235;0.10326544352802558;0.41870055546204343
Rosa;Matemática e suas Tecnologias;15;0.0013567438148443735;0.0008379888268156424;0.5412037037037037;0.08674242424242425;0.12483164983164984;0.14006734006734006;0.10715488215488216
Rosa;Matemática e suas Tecnologias;16;0.0019553072625698325;0.0;0.13712867121097366;0.3622822519565766;0.1675923588319448;0.16035512917613398;0.17264158882437095
Rosa;Matemática e suas Tecnologias;17;0.00047885075818036713;0.0004389465283320032;0.16312205783456624;0.045183254875588434;0.08368359112306657;0.6577841291190316;0.050226967047747144
Rosa;Matemática e suas Tecnologias;18;0.0026735833998403832;0.0007581803671189146;0.23469172742214167;0.304901175776476;0.2652872013148468;0.1446752918369927;0.05044460364954275
Rosa;Matemática e suas Tecnologias;19;0.0022346368715083797;0.0005985634477254589;0.2668463611859838;0.20876853099730458;0.1678318733153639;0.25012634770889486;0.10642688679245282
Rosa;Matemática e suas Tecnologias;20;0.0009577015163607343;0.0013168395849960095;0.10295479417459383;0.3054129135449112;0.15380082498526812;0.124757976260628;0.31307349103459886
Rosa;Matemática e suas Tecnologias;21;0.0029529130087789304;0.0006783719074221867;0.12295565671893441;0.2729303658742202;0.3261254425897825;0.15069128308885515;0.12729725172820772
Rosa;Matemática e suas Tecnologias;22;0.0011971268954509178;0.0007581803671189146;0.057729529580072374;0.22254481191618278;0.26310695952200625;0.25418665320205336;0.20243204577968527
Rosa;Matemática e suas Tecnologias;23;0.0026735833998403832;0.0007581803671189146;0.24661806228665345;0.19275991402924691;0.300434068018037;0.16326014581314005;0.09692780985292258
Rosa;Matemática e suas Tecnologias;24;0.0012769353551476455;0.0006783719074221867;0.19389043170916434;0.14386097786754187;0.15244466885466634;0.32331902718168815;0.18648489438693933
Rosa;Matemática e suas Tecnologias;25;0.002354349561053472;0.0005187549880287311;0.17478835867413553;0.20713473444804784;0.20208061323337403;0.2313102809249042;0.18468601271953838
Rosa;Matemática e suas Tecnologias;26;0.0013966480446927375;0.0010375099760574621;0.21823692851730234;0.18649490612107433;0.15302685863433527;0.305548539193399;0.13669276753388904
Rosa;Matemática e suas Tecnologias;27;0.0024740622505985636;0.0006783719074221867;0.2111139197842939;0.21313616447590158;0.3145433097404786;0.15179474216380182;0.10941186383552409
Rosa;Matemática e suas Tecnologias;28;0.0018754988028731046;0.0008778930566640064;0.3256548471321486;0.21136191358544598;0.20479238608607767;0.07988713888654932;0.17830371430977848
Rosa;Matemática e suas Tecnologias;29;0.0017956903431763766;0.0009177972865123703;0.26293847643912915;0.2747715500905378;0.16393649724175685;0.22634438034278015;0.0720090958857961
Rosa;Matemática e suas Tecnologias;30;0.0017158818834796489;0.0003192338387869114;0.09665881164787073;0.11689951186668911;0.3913061774112102;0.18128261235482243;0.2138528867194075
Rosa;Matemática e suas Tecnologias;31;0.0013966480446927375;0.0006783719074221867;0.09986112864537305;0.09371712325884779;0.16281614274291967;0.3519757606362833;0.2916298447165762
Rosa;Matemática e suas Tecnologias;32;0.0020351157222665605;0.0007182761372705507;0.15720542407142254;0.26884527920491874;0.2386086077655184;0.18756843257811842;0.1477722563800219
Rosa;Matemática e suas Tecnologias;33;0.004988028731045491;0.0007980845969672786;0.1272074355724546;0.27824250105618925;0.27769328263624843;0.181326573722011;0.13553020701309676
Rosa;Matemática e suas Tecnologias;34;0.0013567438148443735;0.0015163607342378292;0.13157562228867456;0.23510087183590953;0.5013267068188518;0.08267699953670556;0.04931979951985849
Rosa;Matemática e suas Tecnologias;35;0.0031125299281723863;0.0008778930566640064;0.12038794012228547;0.19034366434745942;0.18591608686485347;0.2679738562091503;0.23537845245625133
Rosa;Matemática e suas Tecnologias;36;0.0015163607342378292;0.0014764565043894652;0.07118786857624262;0.3221988205560236;0.08576242628475148;0.11406908171861836;0.40678180286436394
Rosa;Matemática e suas Tecnologias;37;0.002873104549082203;0.0006384676775738228;0.3007544148017027;0.2461330973152948;0.20660007586294096;0.1855270367092342;0.06098537531082733
Rosa;Matemática e suas Tecnologias;38;0.0019553072625698325;0.0005586592178770949;0.19581508925564162;0.3403923880094308;0.21488716739642977;0.18276355675311554;0.06614179858538229
Rosa;Matemática e suas Tecnologias;39;0.00315243415802075;0.0007182761372705507;0.17294881524580488;0.14288725862214352;0.3162998566489586;0.257863226241673;0.11000084324142002
Rosa;Matemática e suas Tecnologias;40;0.0017956903431763766;0.0006783719074221867;0.27381804403654275;0.10369216520018525;0.3188649854755189;0.1927335494463857;0.1108912558413674
Rosa;Matemática e suas Tecnologias;41;0.002713487629688747;0.0007581803671189146;0.26576196898179366;0.17835468644639244;0.12618004045853;0.19984828051247472;0.22985502360080917
Rosa;Matemática e suas Tecnologias;42;0.0014764565043894652;0.0029130087789305667;0.03341067285382831;0.1292554313435984;0.05117063910567391;0.08323138578358996;0.7029318709133094
Rosa;Matemática e suas Tecnologias;43;0.002873104549082203;0.0005187549880287311;0.16388537715971344;0.16654024441635062;0.3404551201011378;0.19755583649388958;0.13156342182890857
Rosa;Matemática e suas Tecnologias;44;0.0013966480446927375;0.0011572226656025538;0.5658709106984969;0.09245926487305797;0.05515557239695171;0.07229169298134816;0.21422255905014526
Rosa;Matemática e suas Tecnologias;45;0.0017956903431763766;0.00047885075818036713;0.06970283693913629;0.16070376294300867;0.5323259533630778;0.1486236215169627;0.08864382523781462
Rosa;Ciências Naturais e suas Tecnologias;1;0.0023942537909018356;0.00019952114924181964;0.16328421052631578;0.31094736842105264;0.3349894736842105;0.1529263157894737;0.03785263157894737
Rosa;Ciências Naturais e suas Tecnologias;2;0.0007182761372705507;0.0003990422984836393;0.12014966157985454;0.2390381300710472;0.09816286206751587;0.40446462353386303;0.13818472274771934
Rosa;Ciências Naturais e suas Tecnologias;3;0.001636073423782921;0.0008379888268156424;0.08192649349555846;0.15092830379320507;0.27049214836020713;0.2736075443101924;0.22304551004083695
Rosa;Ciências Naturais e suas Tecnologias;4;0.0017557861133280128;0.00047885075818036713;0.0660381329180521;0.3016541100214655;0.33107454017424975;0.24643293067890062;0.05480028620733196
Rosa;Ciências Naturais e suas Tecnologias;5;0.0024740622505985636;0.00047885075818036713;0.22408491638936862;0.3075270628869888;0.2344046164862474;0.15942883619055642;0.0745545680468388
Rosa;Ciências Naturais e suas Tecnologias;6;0.0008778930566640064;0.0005985634477254589;0.08554125662376987;0.0636723021280175;0.5361678862814366;0.09555050887374884;0.21906804609302716
Rosa;Ciências Naturais e suas Tecnologias;7;0.0008778930566640064;0.0008379888268156424;0.156108026249369;0.1372623254248696;0.49873801110550225;0.05439172135285209;0.15349991586740702
Rosa;Ciências Naturais e suas Tecnologias;8;0.0017956903431763766;0.0003990422984836393;0.09351851851851851;0.12866161616161617;0.14044612794612796;0.36287878787878786;0.2744949494949495
Rosa;Ciências Naturais e suas Tecnologias;9;0.0009577015163607343;0.00035913806863527536;0.04658985787570431;0.03696072659994954;0.1860230426372887;0.38566983432848373;0.3447565385585737
Rosa;Ciências Naturais e suas Tecnologias;10;0.0008778930566640064;0.0007182761372705507;0.5478443743427971;0.13362776025236592;0.04025236593059937;0.06191377497371188;0.21636172450052576
Rosa;Ciências Naturais e suas Tecnologias;11;0.0009976057462090981;0.0007182761372705507;0.3226484940265859;0.1364630657916877;0.08022042739357227;0.07714958775029446;0.38351842503785966
Rosa;Ciências Naturais e suas Tecnologias;12;0.0009976057462090981;0.0006783719074221867;0.1047827367181256;0.33264627939258823;0.16724855928995078;0.2525554200143019;0.14276700458503344
Rosa;Ciências Naturais e suas Tecnologias;13;0.0031923383878691143;0.0006783719074221867;0.08415549371785142;0.2482502740534615;0.3837591702504427;0.17982123281895607;0.1040138291592883
Rosa;Ciências Naturais e suas Tecnologias;14;0.0016759776536312849;0.0007581803671189146;0.22493053801465016;0.3771154331901995;0.10347730908478572;0.19019954533973227;0.10427717437063232
Rosa;Ciências Naturais e suas Tecnologias;15;0.001636073423782921;0.0008379888268156424;0.2729339451858713;0.11131225529406812;0.21066812613143604;0.09691407401170378;0.3081715993769208
Rosa;Ciências Naturais e suas Tecnologias;16;0.0006783719074221867;0.0004389465283320032;0.11312902005297011;0.20103417833270273;0.16008744272081388;0.35906167234203556;0.1666876865514777
Rosa;Ciências Naturais e suas Tecnologias;17;0.0008778930566640064;0.00019952114924181964;0.27249033125945854;0.19820918109971414;0.3090213553051959;0.09525811333445434;0.12502101900117707
Rosa;Ciências Naturais e suas Tecnologias;18;0.0009976057462090981;0.0005187549880287311;0.17264583420953022;0.44820624973714096;0.12104134247381924;0.15304706228708415;0.10505951129242545
Rosa;Ciências Naturais e suas Tecnologias;19;0.0006783719074221867;0.0007980845969672786;0.4827151148120111;0.10068130204390613;0.16006392463621835;0.15266212465304063;0.10387753385482379
Rosa;Ciências Naturais e suas Tecnologias;20;0.0016759776536312849;0.0005985634477254589;0.191724892667733;0.32629009175856555;0.22876504756292618;0.18764205741224008;0.06557791059853522
Rosa;Ciências Naturais e suas Tecnologias;21;0.0013168395849960095;0.0005985634477254589;0.08886270879791307;0.26511549627634956;0.22148356965540456;0.2356628939285564;0.18887533134177642
Rosa;Ciências Naturais e suas Tecnologias;22;0.0013168395849960095;0.0006783719074221867;0.2805386071954555;0.32762465811066693;0.12350094677046076;0.14332000841573742;0.12501577950767936
Rosa;Ciências Naturais e suas Tecnologias;23;0.0013567438148443735;0.0006783719074221867;0.1452196599899007;0.20371149638108063;0.2203753576838916;0.22698198956404644;0.20371149638108063
Rosa;Ciências Naturais e suas Tecnologias;24;0.0020750199521149242;0.0006783719074221867;0.14566663859176282;0.19224290406805356;0.30640950054746063;0.23001768718942137;0.1256632696033016
Rosa;Ciências Naturais e suas Tecnologias;25;0.0012769353551476455;0.00035913806863527536;0.16072179692100613;0.33746950450071506;0.17212080423992596;0.15950197694960883;0.170185917388744
Rosa;Ciências Naturais e suas Tecnologias;26;0.0014365522745411015;0.0006384676775738228;0.141859192862854;0.28535959264402644;0.32735765686150736;0.11463199091023861;0.13079156672137357
Rosa;Ciências Naturais e suas Tecnologias;27;0.0011971268954509178;0.0007980845969672786;0.3641068798653482;0.24826425415527034;0.06055123080159899;0.1302756154007995;0.19680201977698294
Rosa;Ciências Naturais e suas Tecnologias;28;0.0010375099760574621;0.0005586592178770949;0.3964248159831756;0.09034700315457413;0.368664563617245;0.043028391167192426;0.10153522607781283
Rosa;Ciências Naturais e suas Tecnologias;29;0.0013567438148443735;0.00047885075818036713;0.18490470781269722;0.4110816609869999;0.10875510118221213;0.2324035508435357;0.0628549791745551
Rosa;Ciências Naturais e suas Tecnologias;30;0.001077414205905826;0.00035913806863527536;0.10357878800622398;0.4147777450691787;0.21254047689137473;0.10921401236385046;0.15988897766937213
Rosa;Ciências Naturais e suas Tecnologias;31;0.0009976057462090981;0.00047885075818036713;0.16422743712675583;0.1512322314744722;0.15745647236941712;0.19072251661199427;0.3363613424173606
Rosa;Ciências Naturais e suas Tecnologias;32;0.0020750199521149242;0.0005187549880287311;0.1590736842105263;0.2617684210526316;0.26029473684210525;0.24564210526315788;0.07322105263157895
Rosa;Ciências Naturais e suas Tecnologias;33;0.0011572226656025538;0.0008778930566640064;0.2908601245581552;0.06758121528362229;0.2349772765527689;0.29898165292038376;0.10759973068506985
Rosa;Ciências Naturais e suas Tecnologias;34;0.0017956903431763766;0.0003192338387869114;0.09645652722834779;0.27703896978368825;0.31188452150492385;0.2559128019526976;0.05870717953034257
Rosa;Ciências Naturais e suas Tecnologias;35;0.0009577015163607343;0.0008778930566640064;0.12823425470150196;0.14199166982203712;0.07779039925953973;0.2904202953426732;0.361563380874248
Rosa;Ciências Naturais e suas Tecnologias;36;0.0005985634477254589;0.0006384676775738228;0.08787420114362597;0.31542213252606793;0.5093340060544904;0.05873696602758157;0.028632694248234107
Rosa;Ciências Naturais e suas Tecnologias;37;0.0012769353551476455;0.0007182761372705507;0.4243214811697875;0.14458236903008626;0.1043130654323585;0.1420576478013886;0.18472543656637913
Rosa;Ciências Naturais e suas Tecnologias;38;0.0020750199521149242;0.0007182761372705507;0.17030953885028427;0.3079806275005264;0.15152663718677617;0.2610233733417562;0.10915982312065697
Rosa;Ciências Naturais e suas Tecnologias;39;0.0013966480446927375;0.0005187549880287311;0.1978794126309589;0.2308242521142761;0.19001136028947702;0.21239533807379982;0.1688896368914882
Rosa;Ciências Naturais e suas Tecnologias;40;0.0008379888268156424;0.0007980845969672786;0.1263144611760747;0.11003617397156558;0.4149491040632624;0.21241692605367207;0.13628333473542525
Rosa;Ciências Naturais e suas Tecnologias;41;0.0008778930566640064;0.0009177972865123703;0.16777450567942784;0.11022297013041649;0.10307109802271772;0.21514514093395035;0.4037862852334876
Rosa;Ciências Naturais e suas Tecnologias;42;0.0014764565043894652;0.0005187549880287311;0.3101620029455081;0.3263622974963181;0.1240058910162003;0.11950347149168945;0.11996633705028403
Rosa;Ciências Naturais e suas Tecnologias;43;0.0018754988028731046;0.0006384676775738228;0.1218002694509936;0.2070562478949141;0.1865948130683732;0.2574520040417649;0.2270966655439542
Rosa;Ciências Naturais e suas Tecnologias;44;0.0007581803671189146;0.0007182761372705507;0.2214652199512154;0.08007401799983178;0.4348557490116915;0.20750273361931196;0.05610227941794937
Rosa;Ciências Naturais e suas Tecnologias;45;0.0008778930566640064;0.0003990422984836393;0.1386284320733297;0.10465458520792162;0.3101795400075684;0.29441197494008325;0.152125467771097
Rosa;Inglês;1;0.002114924181963288;0.0001596169193934557;0.05150501672240803;0.08099219620958752;0.5205685618729097;0.31337792642140466;0.033556298773690076
Rosa;Inglês;2;0.002194732641660016;0.00047885075818036713;0.06910206358059119;0.12387060791968768;0.050697155605131064;0.7045733407696598;0.051756832124930284
Rosa;Inglês;3;0.0020750199521149242;0.0008778930566640064;0.02454946158567204;0.7870892149751716;0.03459242314344697;0.12654131562796406;0.027227584667745355
Rosa;Inglês;4;0.0029130087789305667;0.0010375099760574621;0.08140574365850933;0.06358252318694826;0.08235557045479942;0.12247178455693374;0.6501843781428093
Rosa;Inglês;5;0.002713487629688747;0.0001596169193934557;0.04200836820083682;0.08831241283124128;0.0703486750348675;0.7103486750348675;0.08898186889818689
Rosa;Espanhol;1;0.0016759776536312849;0.0001596169193934557;0.652130540116859;0.21476414422117715;0.05700441784238278;0.04845375516602537;0.02764714265355565
Rosa;Espanhol;2;0.0016759776536312849;0.00027932960893854746;0.24550898203592814;0.12760193897918448;0.3887938408896493;0.058169375534645;0.1799258625605931
Rosa;Espanhol;3;0.0018754988028731046;0.00023942537909018357;0.14236804564907277;0.11055634807417974;0.25691868758915837;0.35905848787446504;0.1310984308131241
Rosa;Espanhol;4;0.001636073423782921;0.0003192338387869114;0.0499001996007984;0.09823210721414315;0.04234388366124893;0.09395494724836043;0.7155688622754491
Rosa;Espanhol;5;0.0015163607342378292;0.00023942537909018357;0.6841430403191338;0.04373842427696253;0.06140475851260863;0.09673742698390084;0.11397634990739422
