cor;area;questao;pct_branco;pct_dupla;pct_A;pct_B;pct_C;pct_D;pct_E
Azul;Linguagens, Códigos e suas Tecnologias;1;0.0015027908973808501;0.00034886217260626876;0.029305014114800375;0.36693103911816105;0.2590939642425057;0.19943540798494422;0.14523457453958866
Azul;Linguagens, Códigos e suas Tecnologias;2;0.0015832975525976814;0.00037569772434521253;0.13175230566534915;0.05899276706730123;0.6641929499072357;0.05243204000967976;0.09262993735043425
Azul;Linguagens, Códigos e suas Tecnologias;3;0.0018248175182481751;0.00048303993130098755;0.11175964279950508;0.6747807843348217;0.05938996180536877;0.08037011135617839;0.07369949970412609
Azul;Linguagens, Códigos e suas Tecnologias;4;0.003381279519106913;0.00048303993130098755;0.49873383620689654;0.1927532327586207;0.06883081896551724;0.1459051724137931;0.09377693965517242
Azul;Linguagens, Códigos e suas Tecnologias;5;0.0017711464147702877;0.0005098754830399313;0.3228704376126308;0.26552623793001423;0.08440248527394496;0.1290244492858872;0.1981763898975228
Azul;Linguagens, Códigos e suas Tecnologias;6;0.0018248175182481751;0.0002683555173894375;0.08739848330016672;0.18305276179207228;0.11730221050933147;0.40891733448071854;0.20332920991771097
Azul;Linguagens, Códigos e suas Tecnologias;7;0.0010465865178188065;0.00042936882782310007;0.24346260313365045;0.018893278507887877;0.05418044021607676;0.5651052164798839;0.11835846166250101
Azul;Linguagens, Códigos e suas Tecnologias;8;0.0017979819665092315;0.0009660798626019751;0.20857888646699496;0.37407497107182264;0.11232205807163424;0.1631549204811496;0.1418691639083986
Azul;Linguagens, Códigos e suas Tecnologias;9;0.00279089738085015;0.0008587376556462001;0.16063348416289594;0.14735509588450765;0.08381814264167205;0.26842275371687135;0.339770523594053
Azul;Linguagens, Códigos e suas Tecnologias;10;0.0013149420352082438;0.0005903821382567626;0.030597155378700294;0.18584142177291427;0.3553625682252037;0.07372355013040088;0.3544753044927809
Azul;Linguagens, Códigos e suas Tecnologias;11;0.001529626449119794;0.00016101331043366253;0.21203731082497781;0.043842907448724495;0.07628827182064998;0.6127254643692374;0.05510604553641031
Azul;Linguagens, Códigos e suas Tecnologias;12;0.0009392443108630314;0.00048303993130098755;0.703179167450485;0.05826234178065626;0.08032571013947488;0.08948966703394158;0.0687431135954422
Azul;Linguagens, Códigos e suas Tecnologias;13;0.0012344353799914126;0.0007245598969514813;0.4188916673388723;0.06410152994003926;0.2870318087709392;0.07206044473125219;0.15791454921889705
Azul;Linguagens, Códigos e suas Tecnologias;14;0.0007782310004293688;0.00107342206955775;0.028821078101895416;0.02349778195994085;0.04140341443742439;0.0199220325312542;0.8863556929694851
Azul;Linguagens, Códigos e suas Tecnologias;15;0.0013417775869471876;0.00034886217260626876;0.0916642025751996;0.12435149592752882;0.6377516733421145;0.060482245100938144;0.08575038305421898
Azul;Linguagens, Códigos e suas Tecnologias;16;0.0019858308286818376;0.00042936882782310007;0.16476569645451122;0.35559799860117286;0.11072254801743153;0.25396782697584336;0.11494592995104105
Azul;Linguagens, Códigos e suas Tecnologias;17;0.003354443967367969;0.0004562043795620438;0.3092775173751414;0.12558590593179247;0.13167393998168203;0.1736975378481763;0.2597650988632078
Azul;Linguagens, Códigos e suas Tecnologias;18;0.0009660798626019751;0.0006977243452125375;0.07171657437772162;0.12829955378743077;0.11953658405462073;0.0511531638083974;0.6292941239718295
Azul;Linguagens, Códigos e suas Tecnologias;19;0.0014222842421640189;0.00042936882782310007;0.1229466326119102;0.12318860061836269;0.3953488372093023;0.0913563651028364;0.26715956445758837
Azul;Linguagens, Códigos e suas Tecnologias;20;0.0020395019321597253;0.0002951910691283813;0.07052747666568039;0.23038437743766307;0.3477418834225462;0.08131371546924174;0.2700325470048686
Azul;Linguagens, Códigos e suas Tecnologias;21;0.0013149420352082438;0.00037569772434521253;0.028171285718125858;0.10007795489368565;0.21002123598827988;0.3488347087443886;0.31289481465552
Azul;Linguagens, Códigos e suas Tecnologias;22;0.0014222842421640189;0.0004562043795620438;0.08407269989783299;0.01895467010808195;0.7481045329891918;0.031268484164112494;0.11759961284078077
Azul;Linguagens, Códigos e suas Tecnologias;23;0.0026835551738943753;0.0008050665521683126;0.1895836699520655;0.2897883341412183;0.21597457855334734;0.08213497064684655;0.22251844670652232
Azul;Linguagens, Códigos e suas Tecnologias;24;0.001636968656075569;0.0006172176899957063;0.0877891339429801;0.09607315761161915;0.4961269499731038;0.1464228079612695;0.17358795051102743
Azul;Linguagens, Códigos e suas Tecnologias;25;0.0034081150708458567;0.0002951910691283813;0.13289877713731615;0.14114097936755912;0.5726714431934493;0.04533211226633626;0.10795668803533912
Azul;Linguagens, Códigos e suas Tecnologias;26;0.0010197509660798626;0.00032202662086732505;0.3038103939377654;0.15050787338098565;0.0914172085774171;0.3677916912989735;0.08647283280485839
Azul;Linguagens, Códigos e suas Tecnologias;27;0.001395448690425075;0.0004562043795620438;0.09684097324909262;0.07570910068557601;0.11781153380830757;0.058717569565801854;0.650920822691222
Azul;Linguagens, Códigos e suas Tecnologias;28;0.002415199656504938;0.00024151996565049377;0.05650477599892372;0.6964079106686398;0.07951029194134267;0.10773577290461456;0.05984124848647922
Azul;Linguagens, Códigos e suas Tecnologias;29;0.0021200085873765563;0.0005635465865178189;0.3508502852222581;0.09293940372403402;0.05333118071251749;0.38230545689376816;0.12057367344742223
Azul;Linguagens, Códigos e suas Tecnologias;30;0.0012612709317303564;0.0006172176899957063;0.8060977577028553;0.01777168360488251;0.11308275528311018;0.03159111684680325;0.03145668656234877
Azul;Linguagens, Códigos e suas Tecnologias;31;0.0019053241734650064;0.0007782310004293688;0.4931923366698956;0.09799806264126575;0.15999354213755246;0.20145840060273382;0.04735765794855236
Azul;Linguagens, Códigos e suas Tecnologias;32;0.0012612709317303564;0.0005098754830399313;0.020081724823915265;0.02182913059841927;0.04752943706650895;0.8615785794935211;0.04898112801763536
Azul;Linguagens, Códigos e suas Tecnologias;33;0.0021468441391155;0.0005635465865178189;0.17084196647202862;0.18238570621316902;0.19618975863089633;0.2751392514059683;0.17544331727793774
Azul;Linguagens, Códigos e suas Tecnologias;34;0.0026030485186775442;0.0005098754830399313;0.2018682028642188;0.2628136104231722;0.05900721438570044;0.220980941100463;0.25533003122644554
Azul;Linguagens, Códigos e suas Tecnologias;35;0.0023346930012881064;0.0005635465865178189;0.13104209279793305;0.450559801916245;0.08900312197222521;0.08706534610830013;0.2423296372052966
Azul;Linguagens, Códigos e suas Tecnologias;36;0.003112924001717475;0.0006708887934735938;0.11241009616679687;0.1423645718287854;0.4290062764324004;0.2087115804218409;0.10750747515017645
Azul;Linguagens, Códigos e suas Tecnologias;37;0.0026298840704164876;0.0006440532417346501;0.12317591944429487;0.10241774810187927;0.35027731409186363;0.1918313499542297;0.2322976684077325
Azul;Linguagens, Códigos e suas Tecnologias;38;0.0015564620008587376;0.0009124087591240876;0.07567523942752609;0.11624340901754009;0.5310448724846659;0.15412138168513936;0.1229150973851286
Azul;Linguagens, Códigos e suas Tecnologias;39;0.003112924001717475;0.0004025332760841563;0.1854145907952495;0.14130288422696793;0.2113483963051733;0.3189346403468613;0.142999488325748
Azul;Linguagens, Códigos e suas Tecnologias;40;0.0023615285530270503;0.0005098754830399313;0.1204887369809188;0.19955862959872972;0.15827434938235058;0.06806254541539952;0.4536157386226014
Azul;Ciências Humanas e suas Tecnologias;1;0.001529626449119794;0.0002951910691283813;0.08998279384880095;0.3303312184105818;0.11291536724378966;0.07705129583826217;0.38971932465856546
Azul;Ciências Humanas e suas Tecnologias;2;0.0014759553456419063;0.0005903821382567626;0.24070239599860166;0.05843439911797133;0.2403259203485089;0.09774921343480249;0.3627880711001156
Azul;Ciências Humanas e suas Tecnologias;3;0.0029250751395448692;0.00042936882782310007;0.16656345081989282;0.3644955437680067;0.1545275855569617;0.0666415358518;0.2477718840033388
Azul;Ciências Humanas e suas Tecnologias;4;0.0016638042078145126;0.00037569772434521253;0.1941217597074325;0.12794449822523396;0.5514951059481553;0.08814671399376142;0.0382919221254168
Azul;Ciências Humanas e suas Tecnologias;5;0.0022273507943323316;0.0004025332760841563;0.5373997739869774;0.06554377656998332;0.13703384814077382;0.18847871710703332;0.07154388419523221
Azul;Ciências Humanas e suas Tecnologias;6;0.0013686131386861315;0.00048303993130098755;0.20674821884661918;0.6676435004704934;0.04823228928619438;0.02637451270332034;0.051001478693372765
Azul;Ciências Humanas e suas Tecnologias;7;0.0015564620008587376;0.0009392443108630314;0.6786742352909526;0.03209491270076135;0.19173549272282156;0.06569637620725835;0.031798983078206125
Azul;Ciências Humanas e suas Tecnologias;8;0.0024420352082438813;0.0006440532417346501;0.19319497160085064;0.3750841207031145;0.20474306172440712;0.06492772349188404;0.16205012247974374
Azul;Ciências Humanas e suas Tecnologias;9;0.002468870759982825;0.0004562043795620438;0.2789664917238595;0.2786166061095411;0.19114520252994213;0.19060691696945228;0.06066478266720495
Azul;Ciências Humanas e suas Tecnologias;10;0.0016101331043366252;0.00048303993130098755;0.34970150056472865;0.5425160006454042;0.030468455870488895;0.0284515677943312;0.04886247512504706
Azul;Ciências Humanas e suas Tecnologias;11;0.003569128381279519;0.0006172176899957063;0.1991753799719737;0.08849843699471811;0.14975207502425353;0.4372372534224426;0.12533685458661206
Azul;Ciências Humanas e suas Tecnologias;12;0.0024420352082438813;0.0006708887934735938;0.07680090449014752;0.1358888769247335;0.5888069344244643;0.1078658339614515;0.09063745019920319
Azul;Ciências Humanas e suas Tecnologias;13;0.0028982395878059254;0.0004025332760841563;0.1862362348886675;0.41649390161815786;0.04711774050240974;0.11348644355294688;0.23666567943781805
Azul;Ciências Humanas e suas Tecnologias;14;0.002173679690854444;0.0006708887934735938;0.09578018192583024;0.14037354001830024;0.5513482964637494;0.06741482318746972;0.14508315840465041
Azul;Ciências Humanas e suas Tecnologias;15;0.002415199656504938;0.0004025332760841563;0.28816706585214885;0.06496407330660137;0.16249091740897226;0.13668290319976317;0.34769504023251435
Azul;Ciências Humanas e suas Tecnologias;16;0.0017174753112924003;0.0004025332760841563;0.327148043565954;0.08239881672717493;0.17953475863923626;0.055882748420061856;0.35503563264757293
Azul;Ciências Humanas e suas Tecnologias;17;0.0019858308286818376;0.0006440532417346501;0.1431953936393478;0.1480116235268794;0.07498789215950062;0.04124737663455847;0.5925577140397137
Azul;Ciências Humanas e suas Tecnologias;18;0.003247101760412194;0.00048303993130098755;0.2545454545454545;0.2890774410774411;0.17311784511784511;0.18596632996632997;0.09729292929292929
Azul;Ciências Humanas e suas Tecnologias;19;0.0023615285530270503;0.0005098754830399313;0.0472320155017897;0.04943886750814113;0.6921172322846301;0.13066178647361196;0.08055009823182711
Azul;Ciências Humanas e suas Tecnologias;20;0.003112924001717475;0.00048303993130098755;0.39030433611634796;0.07069754915162942;0.25569620253164554;0.17845408025855103;0.10484783194182602
Azul;Ciências Humanas e suas Tecnologias;21;0.0022005152425933878;0.00042936882782310007;0.08397460044126352;0.08679976322445246;0.5812301565947371;0.12220847010708712;0.12578700963245978
Azul;Ciências Humanas e suas Tecnologias;22;0.003112924001717475;0.0009392443108630314;0.3975156953089214;0.2995985234284482;0.06178428044081589;0.0621345620133107;0.17896693880850376
Azul;Ciências Humanas e suas Tecnologias;23;0.0028714040360669816;0.0007782310004293688;0.03592975651799181;0.22301228183581126;0.4900075414781297;0.0934873949579832;0.15756302521008403
Azul;Ciências Humanas e suas Tecnologias;24;0.0029519106912838126;0.000536711034778875;0.21804814994344807;0.1300156191091722;0.3080734636721064;0.09538428394463296;0.24847848333064038
Azul;Ciências Humanas e suas Tecnologias;25;0.0029519106912838126;0.0006708887934735938;0.11392711896361335;0.22214441541652077;0.07414689326402542;0.08421988203291228;0.5055616903229282
Azul;Ciências Humanas e suas Tecnologias;26;0.003032417346500644;0.0007245598969514813;0.1492026721258485;0.08622454476888267;0.05586682469561469;0.5982113996336602;0.11049455877599397
Azul;Ciências Humanas e suas Tecnologias;27;0.0038643194504079004;0.00048303993130098755;0.1209907821680772;0.5168185003503855;0.0810468438359118;0.18945070346612042;0.09169317017950515
Azul;Ciências Humanas e suas Tecnologias;28;0.003461786174323744;0.0006977243452125375;0.08019617882454391;0.13527715648494973;0.3578916165889676;0.15974561427147052;0.2668894338300682
Azul;Ciências Humanas e suas Tecnologias;29;0.003971661657363675;0.0009124087591240876;0.1410927134458767;0.32233967962893045;0.2763335310932528;0.10929831184941481;0.1509357639825252
Azul;Ciências Humanas e suas Tecnologias;30;0.0038106483469300127;0.0007782310004293688;0.590246138085353;0.0840320276062869;0.07491979618795999;0.18386218423961395;0.06693985388078613
Azul;Ciências Humanas e suas Tecnologias;31;0.004240017174753113;0.0006440532417346501;0.17280621325710588;0.3143034356291462;0.08772450245402082;0.19543174586052534;0.22973410279920176
Azul;Ciências Humanas e suas Tecnologias;32;0.0028982395878059254;0.0006977243452125375;0.1706975491516294;0.3753299218960409;0.23929437112846755;0.12507406409911123;0.08960409372475088
Azul;Ciências Humanas e suas Tecnologias;33;0.003944826105624731;0.001636968656075569;0.3746491796200345;0.176543609671848;0.09982189119170984;0.18407275474956822;0.16491256476683938
Azul;Ciências Humanas e suas Tecnologias;34;0.003783812795191069;0.0011807642765135251;0.3848000215755549;0.1014051080126217;0.13611478195204832;0.08249952803473665;0.29518056042503843
Azul;Ciências Humanas e suas Tecnologias;35;0.0032202662086732504;0.0011539287247745813;0.11037438343979947;0.09678984393951645;0.21646316810867633;0.4273469717797364;0.14902563273227137
Azul;Ciências Humanas e suas Tecnologias;36;0.004105839416058394;0.0015564620008587376;0.09842657814481959;0.31997409116670716;0.13828839770059104;0.21504331633066148;0.22826761665722073
Azul;Ciências Humanas e suas Tecnologias;37;0.0060111635895234005;0.0008587376556462001;0.49964872460008647;0.17028750540423693;0.18363597060095116;0.07457846952010376;0.0718493298746217
Azul;Ciências Humanas e suas Tecnologias;38;0.003595963933018463;0.000536711034778875;0.12886014551333871;0.17480463486930747;0.17930476960388037;0.4822958771220695;0.034734572891403935
Azul;Ciências Humanas e suas Tecnologias;39;0.004884070416487763;0.0009392443108630314;0.19677706696898534;0.5253596782465517;0.08327259967068859;0.08778038707587658;0.10681026803789781
Azul;Ciências Humanas e suas Tecnologias;40;0.004240017174753113;0.0014491197939029627;0.21961027744791103;0.1447425240202958;0.07737773939328511;0.23882651408830832;0.3194429450501997
Azul;Ciências Humanas e suas Tecnologias;41;0.004562043795620438;0.0011539287247745813;0.2065261396453537;0.2428814336994953;0.06779843998812447;0.12350543844970446;0.3592885482173221
Azul;Ciências Humanas e suas Tecnologias;42;0.004374194933447832;0.0009124087591240876;0.5269377073947177;0.1829929586964146;0.12083524428737151;0.1256103812016079;0.04362370841988831
Azul;Ciências Humanas e suas Tecnologias;43;0.004481537140403607;0.0019053241734650064;0.14994868470804298;0.21333657429914116;0.358801922973046;0.04521147301895965;0.23270134500081024
Azul;Ciências Humanas e suas Tecnologias;44;0.004481537140403607;0.0008587376556462001;0.20628625387832186;0.0641036017806556;0.2263860785107244;0.35092405234048296;0.1523000134898152
Azul;Ciências Humanas e suas Tecnologias;45;0.0038106483469300127;0.0002951910691283813;0.07773975371183746;0.6557624424025221;0.039691735603998815;0.11015601843119291;0.11665004985044865
Azul;Matemática e suas Tecnologias;1;0.00037569772434521253;0.0005903821382567626;0.10578059525088643;0.0889384334371978;0.06503169657247233;0.11096486515525948;0.629284409584184
Azul;Matemática e suas Tecnologias;2;0.0016101331043366252;0.00037569772434521253;0.17251949448776552;0.17058349018553376;0.39585910190911533;0.09948910997579995;0.16154880344178543
Azul;Matemática e suas Tecnologias;3;0.0009929154143409188;0.0013417775869471876;0.14506280764989107;0.37765284988030234;0.12077359657852973;0.12529251956855045;0.23121822632272643
Azul;Matemática e suas Tecnologias;4;0.0011539287247745813;0.0007245598969514813;0.3983438188955208;0.15185244931978276;0.08977254395870302;0.1603215572404151;0.1997096305855783
Azul;Matemática e suas Tecnologias;5;0.0005098754830399313;0.0008319021039072563;0.1084000644918579;0.06519051969688827;0.12205084108131349;0.5625571021658515;0.1418014725640888
Azul;Matemática e suas Tecnologias;6;0.003354443967367969;0.000536711034778875;0.0747595571001374;0.1934319351275627;0.2085454888332121;0.28880088364449474;0.23446213529459306
Azul;Matemática e suas Tecnologias;7;0.0019053241734650064;0.0005098754830399313;0.14453650400817775;0.27538064238446225;0.29595954161510735;0.13345348899768655;0.1506698229945661
Azul;Matemática e suas Tecnologias;8;0.0005903821382567626;0.000536711034778875;0.03618827575090001;0.4737520821019827;0.4197517597119983;0.039036053946590724;0.03127182848852829
Azul;Matemática e suas Tecnologias;9;0.00048303993130098755;0.0011539287247745813;0.7036529312152245;0.18915141252049567;0.04534580544579738;0.03354568179985485;0.02830416901862753
Azul;Matemática e suas Tecnologias;10;0.0019858308286818376;0.000536711034778875;0.05905299973096583;0.3949152542372881;0.14307237019101426;0.17764326069410816;0.2253161151466236
Azul;Matemática e suas Tecnologias;11;0.0008050665521683126;0.0006708887934735938;0.15050122282243544;0.08758633663898518;0.5856647585261631;0.100701443199226;0.07554623881319036
Azul;Matemática e suas Tecnologias;12;0.0016638042078145126;0.0004562043795620438;0.1581551700954686;0.35603065752319485;0.23673524270539195;0.15019497109049348;0.09888395858545113
Azul;Matemática e suas Tecnologias;13;0.0018784886217260628;0.0007245598969514813;0.26924422202491455;0.2800871741060618;0.2786342723383647;0.13103021497565046;0.04100411655500848
Azul;Matemática e suas Tecnologias;14;0.0009660798626019751;0.0008587376556462001;0.0734218733197118;0.11167867512635768;0.11791590493601463;0.6338584794063877;0.06312506721152812
Azul;Matemática e suas Tecnologias;15;0.0014759553456419063;0.0008855732073851438;0.12096513879922531;0.23052506993759414;0.11063589412524209;0.15684850441144824;0.3810253927264902
Azul;Matemática e suas Tecnologias;16;0.0011807642765135251;0.00021468441391155003;0.368832634633989;0.2884284639363646;0.13025368160808343;0.1573417177254649;0.055143502096098036
Azul;Matemática e suas Tecnologias;17;0.0017174753112924003;0.0004025332760841563;0.1326072340997714;0.15976872394782843;0.4247142665053113;0.13171977948097352;0.15118999596611538
Azul;Matemática e suas Tecnologias;18;0.0012881064834693002;0.0009660798626019751;0.08735879505110275;0.1234803657880581;0.1896449704142012;0.21605701990317375;0.3834588488434642
Azul;Matemática e suas Tecnologias;19;0.002281021897810219;0.0007245598969514813;0.2101905684754522;0.22747093023255813;0.3055555555555556;0.17619509043927647;0.08058785529715762
Azul;Matemática e suas Tecnologias;20;0.0014222842421640189;0.0008050665521683126;0.14286866948172453;0.1663752992119631;0.22194131411204648;0.15637018907506522;0.31244452811920065
Azul;Matemática e suas Tecnologias;21;0.0022005152425933878;0.0005098754830399313;0.2687081236713936;0.22605817614293786;0.19688937922126848;0.2578370960363803;0.0505072249280198
Azul;Matemática e suas Tecnologias;22;0.0014491197939029627;0.0006440532417346501;0.17710966492766095;0.16976819233044693;0.14887323186145324;0.29847254343032326;0.20577636745011563
Azul;Matemática e suas Tecnologias;23;0.0019053241734650064;0.0005635465865178189;0.13867965135047886;0.25640266867534706;0.23111481760464866;0.16055095232971053;0.21325191003981492
Azul;Matemática e suas Tecnologias;24;0.0022541863460712754;0.00032202662086732505;0.20555316401205337;0.21440486439948342;0.2493542832544124;0.14916056823073612;0.18152712010331468
Azul;Matemática e suas Tecnologias;25;0.0013686131386861315;0.0005098754830399313;0.2896972629994085;0.35559498843899556;0.2805828897133946;0.04371672850459751;0.030408130343603807
Azul;Matemática e suas Tecnologias;26;0.001395448690425075;0.0005098754830399313;0.28983948592477077;0.2300970612749711;0.24472346947006157;0.13513295512596457;0.10020702820423198
Azul;Matemática e suas Tecnologias;27;0.0021468441391155;0.0008855732073851438;0.13692767354849128;0.27100212645689215;0.23073403138542703;0.27353234098678364;0.08780382762240586
Azul;Matemática e suas Tecnologias;28;0.0015832975525976814;0.0013149420352082438;0.11058779201205728;0.10189471417806008;0.1669178598342125;0.0954085477446442;0.525191086231026
Azul;Matemática e suas Tecnologias;29;0.002468870759982825;0.0008319021039072563;0.18750168277644652;0.3372014754583883;0.24433914003392476;0.1659621442610592;0.0649955574701812
Azul;Matemática e suas Tecnologias;30;0.002093173035637613;0.0009929154143409188;0.2458208834692724;0.10850897736143637;0.1337048103582869;0.16910280222886215;0.34286252658214217
Azul;Matemática e suas Tecnologias;31;0.0014222842421640189;0.0007245598969514813;0.10886402753872633;0.25580895008605853;0.1613328313253012;0.29934918244406195;0.17464500860585197
Azul;Matemática e suas Tecnologias;32;0.001636968656075569;0.0005903821382567626;0.05104757806406498;0.19620236142115596;0.4076813426212313;0.24499072106721176;0.10007799682633603
Azul;Matemática e suas Tecnologias;33;0.0014222842421640189;0.0017174753112924003;0.07394944410046572;0.23476996796511157;0.11352195332059116;0.10886478046679408;0.46889385414703744
Azul;Matemática e suas Tecnologias;34;0.0024420352082438813;0.0008855732073851438;0.28338718362951;0.2617662897145934;0.2183629509962305;0.09146472805600431;0.14501884760366182
Azul;Matemática e suas Tecnologias;35;0.0017443108630313439;0.0011270931730356377;0.1326533358451974;0.25010092311004656;0.22951260866054848;0.23521812848184728;0.15251500390236025
Azul;Matemática e suas Tecnologias;36;0.002388364104765994;0.0009660798626019751;0.3357925630738577;0.22100756617033307;0.10490320148630819;0.12116642882145454;0.21713024044804652
Azul;Matemática e suas Tecnologias;37;0.001529626449119794;0.0009929154143409188;0.22749529190207157;0.1850686037126715;0.22970137207425342;0.20599946193166532;0.15173527037933818
Azul;Matemática e suas Tecnologias;38;0.0031665951051953628;0.0006440532417346501;0.17886967297020634;0.1275523948063143;0.2921178815796563;0.27291094229836754;0.12854910834545552
Azul;Matemática e suas Tecnologias;39;0.001395448690425075;0.0017174753112924003;0.09567136857973511;0.06387961666846129;0.1948422526111769;0.28453752557338213;0.36106923656724454
Azul;Matemática e suas Tecnologias;40;0.003703306139974238;0.0007245598969514813;0.21111081161217282;0.2809509690288148;0.2363406021725653;0.1587374322758026;0.11286018491064449
Azul;Matemática e suas Tecnologias;41;0.002281021897810219;0.0008587376556462001;0.2551215441354618;0.31520714997173394;0.1428648343069427;0.2412577058712682;0.045548765714593376
Azul;Matemática e suas Tecnologias;42;0.003595963933018463;0.0010197509660798626;0.11546964304971423;0.2297530464790251;0.3048366224522808;0.21640785074948776;0.13353283726949208
Azul;Matemática e suas Tecnologias;43;0.0019053241734650064;0.0012344353799914126;0.15979756104126847;0.30271623549681;0.25275257759711417;0.16402401270627506;0.12070961315853232
Azul;Matemática e suas Tecnologias;44;0.0021468441391155;0.0008587376556462001;0.3548934108527132;0.12314276485788114;0.22690568475452197;0.16435185185185186;0.13070628768303186
Azul;Matemática e suas Tecnologias;45;0.0015564620008587376;0.00042936882782310007;0.3441247647216994;0.3140360311911804;0.10973379940844313;0.10615756923904275;0.1259478354396343
Azul;Ciências Naturais e suas Tecnologias;1;0.001851653069987119;0.00021468441391155003;0.3300884717777718;0.10796783822303493;0.3123134428698201;0.17686288219001264;0.07276736493936053
Azul;Ciências Naturais e suas Tecnologias;2;0.0005903821382567626;0.0006977243452125375;0.17089423903697334;0.09584587274290628;0.17282889079965605;0.17049118658641443;0.3899398108340499
Azul;Ciências Naturais e suas Tecnologias;3;0.0005098754830399313;0.0010197509660798626;0.06595533098610476;0.013572714811728975;0.06321391136076544;0.2788453785577983;0.5784126642836025
Azul;Ciências Naturais e suas Tecnologias;4;0.0002683555173894375;0.0007513954486904251;0.054719819481007896;0.13549669585773383;0.40960618922258635;0.30476011389888785;0.09541718153978403
Azul;Ciências Naturais e suas Tecnologias;5;0.0026567196221554314;0.0005098754830399313;0.17032789533193346;0.24462930059764174;0.20198675496688742;0.2390297744037043;0.1440262746998331
Azul;Ciências Naturais e suas Tecnologias;6;0.0007513954486904251;0.0005098754830399313;0.03947120939355671;0.08813176774054868;0.5441599269151194;0.08428943762259182;0.24394765832818335
Azul;Ciências Naturais e suas Tecnologias;7;0.0010197509660798626;0.0005098754830399313;0.15846480500980997;0.13994678420727283;0.06074125836536136;0.46192920686967504;0.17891794554788076
Azul;Ciências Naturais e suas Tecnologias;8;0.0004562043795620438;0.0008587376556462001;0.05280128980249899;0.046298535536745934;0.04312777106005643;0.3311299207308881;0.5266424828698105
Azul;Ciências Naturais e suas Tecnologias;9;0.0012612709317303564;0.0005635465865178189;0.2702709968813851;0.030298956877083557;0.2745725346811485;0.3494999462307775;0.07535756532960533
Azul;Ciências Naturais e suas Tecnologias;10;0.0009660798626019751;0.0005635465865178189;0.16289945440374123;0.15050931276372725;0.13180315532023543;0.4724111054371489;0.08237697207514715
Azul;Ciências Naturais e suas Tecnologias;11;0.0007245598969514813;0.000536711034778875;0.09288765886557218;0.27259048284386167;0.3691323857377005;0.2024343713894188;0.06295510116344681
Azul;Ciências Naturais e suas Tecnologias;12;0.0023615285530270503;0.0005098754830399313;0.23454530774820356;0.28438786769653096;0.2106198024598326;0.14549075544311973;0.12495626665231316
Azul;Ciências Naturais e suas Tecnologias;13;0.001207599828252469;0.0008587376556462001;0.1430069647995267;0.23701831285126523;0.38561863016645603;0.10772581816226101;0.12663027402049104
Azul;Ciências Naturais e suas Tecnologias;14;0.0009124087591240876;0.0008319021039072563;0.050108873894459525;0.22336621952203017;0.09927686228124412;0.5648270114788032;0.062421032823462994
Azul;Ciências Naturais e suas Tecnologias;15;0.0014222842421640189;0.0008587376556462001;0.13313967562333576;0.3538825681164098;0.08827563947389655;0.18462035019769224;0.24008176658866565
Azul;Ciências Naturais e suas Tecnologias;16;0.0016101331043366252;0.00018784886217260627;0.2902922278678388;0.22249106110707853;0.2678441809823373;0.12320886092964486;0.09616366911310052
Azul;Ciências Naturais e suas Tecnologias;17;0.0006440532417346501;0.00032202662086732505;0.0804770602772107;0.5748361448372193;0.0975072526055657;0.18507574943590846;0.06210379284409584
Azul;Ciências Naturais e suas Tecnologias;18;0.0014222842421640189;0.0005903821382567626;0.16566726720266745;0.4053349108607384;0.18970663368200275;0.13235096399472962;0.10694022425986179
Azul;Ciências Naturais e suas Tecnologias;19;0.0008855732073851438;0.0006172176899957063;0.13392281229843045;0.304128144485057;0.16754461406149215;0.1483283164910772;0.24607611266394325
Azul;Ciências Naturais e suas Tecnologias;20;0.0012344353799914126;0.0009124087591240876;0.34114135111876076;0.17114888123924268;0.25298515490533563;0.09305077452667813;0.14167383820998278
Azul;Ciências Naturais e suas Tecnologias;21;0.001529626449119794;0.00032202662086732505;0.1345073262535287;0.2995026213200699;0.27250974593359323;0.19018685307164943;0.10329345342115875
Azul;Ciências Naturais e suas Tecnologias;22;0.0008855732073851438;0.0005903821382567626;0.2659840361202935;0.09892767878739014;0.11892284124808514;0.18729339675884868;0.3288720470853826
Azul;Ciências Naturais e suas Tecnologias;23;0.002468870759982825;0.0004025332760841563;0.27634093172215196;0.21029684850768363;0.21449524988562046;0.20203460989853864;0.09683235998600533
Azul;Ciências Naturais e suas Tecnologias;24;0.0007782310004293688;0.0009660798626019751;0.08457216591843866;0.12470765343154386;0.030807279765585095;0.3955213849834673;0.3643915159009651
Azul;Ciências Naturais e suas Tecnologias;25;0.00048303993130098755;0.00048303993130098755;0.5166004082948319;0.11636402707639411;0.09216181368862147;0.16039002901042226;0.11448372192973032
Azul;Ciências Naturais e suas Tecnologias;26;0.0008587376556462001;0.000536711034778875;0.19195420831989682;0.40215521874664084;0.09830162313232291;0.18373105449854885;0.12385789530259056
Azul;Ciências Naturais e suas Tecnologias;27;0.0020126663804207814;0.0005098754830399313;0.14573580844767287;0.21172988969599138;0.346758138283562;0.17678235135862255;0.1189938122141512
Azul;Ciências Naturais e suas Tecnologias;28;0.0014759553456419063;0.0008587376556462001;0.07978050945477043;0.10248271780939829;0.0990397288646206;0.20918847674637545;0.5095085671248353
Azul;Ciências Naturais e suas Tecnologias;29;0.0011807642765135251;0.0008050665521683126;0.22403872008604464;0.2919870933046518;0.1678139284753966;0.19322398494218876;0.12293627319171821
Azul;Ciências Naturais e suas Tecnologias;30;0.0011270931730356377;0.00024151996565049377;0.13261494638970253;0.38201703705694245;0.15994410555451052;0.23494477736274957;0.09047913363609492
Azul;Ciências Naturais e suas Tecnologias;31;0.002415199656504938;0.00032202662086732505;0.23941122652171573;0.312900274473925;0.1810182444432485;0.16336580377805285;0.10330445078305796
Azul;Ciências Naturais e suas Tecnologias;32;0.0009392443108630314;0.00048303993130098755;0.15234742414877323;0.337642095079412;0.11364918975571739;0.09739055655585714;0.29897073446024025
Azul;Ciências Naturais e suas Tecnologias;33;0.0006708887934735938;0.001207599828252469;0.07657149002527289;0.21299134268968112;0.11254503414529225;0.07554981986341883;0.5223423132763348
Azul;Ciências Naturais e suas Tecnologias;34;0.0013686131386861315;0.00034886217260626876;0.16094086021505377;0.23725806451612902;0.22505376344086023;0.2903494623655914;0.08639784946236559
Azul;Ciências Naturais e suas Tecnologias;35;0.0005098754830399313;0.0005098754830399313;0.15094288937839145;0.3155052920002149;0.23728039542255414;0.16593241282974266;0.13033901036909687
Azul;Ciências Naturais e suas Tecnologias;36;0.002388364104765994;0.0002951910691283813;0.1426111290496179;0.213997416855021;0.32883973738026046;0.19029168012054676;0.12426003659455387
Azul;Ciências Naturais e suas Tecnologias;37;0.0011002576212966939;0.0006708887934735938;0.23512016775095435;0.2607667078875208;0.08347222968976827;0.1551696327759557;0.26547126189580084
Azul;Ciências Naturais e suas Tecnologias;38;0.0010197509660798626;0.0008319021039072563;0.16222610565936282;0.10541739481113052;0.4096787202580992;0.12781287807501007;0.19486490119639738
Azul;Ciências Naturais e suas Tecnologias;39;0.002388364104765994;0.00037569772434521253;0.12583084416458115;0.34450095530260216;0.26732326901859477;0.16337019994079816;0.09897473157342375
Azul;Ciências Naturais e suas Tecnologias;40;0.0007245598969514813;0.000536711034778875;0.24510304430770885;0.05293279952709783;0.16223768707848563;0.2929575194131714;0.2467689496735363
Azul;Ciências Naturais e suas Tecnologias;41;0.0026298840704164876;0.00048303993130098755;0.1572359211801443;0.24270485625067298;0.23497900290728976;0.24324324324324326;0.12183697641864973
Azul;Ciências Naturais e suas Tecnologias;42;0.0012344353799914126;0.0005098754830399313;0.247479770961585;0.31189010457270355;0.11113201967794833;0.2097637033253582;0.11973440146240491
Azul;Ciências Naturais e suas Tecnologias;43;0.0011002576212966939;0.0006977243452125375;0.3442481920584993;0.2713659703739549;0.1224561120520472;0.1599322526010162;0.10199747291448236
Azul;Ciências Naturais e suas Tecnologias;44;0.0012612709317303564;0.0007513954486904251;0.16811422732528436;0.22097932184248031;0.19930624647073059;0.3361746753072145;0.07542552905429024
Azul;Ciências Naturais e suas Tecnologias;45;0.0016906397595534564;0.00032202662086732505;0.2093629836779693;0.29589394713490547;0.29113447524805725;0.12417650380488854;0.07943209013417946
Azul;Inglês;1;0.0012344353799914126;0.00013417775869471876;0.13691379645845494;0.6568203930725822;0.12488811052733995;0.0700914574820004;0.011286242459622495
Azul;Inglês;2;0.0013686131386861315;0.00032202662086732505;0.01732663629638282;0.18015808122104116;0.016781528637620214;0.6107931316434996;0.1749406222014562
Azul;Inglês;3;0.0013149420352082438;0.0006708887934735938;0.7705671548769087;0.025514178871922717;0.05636491118728576;0.1314661888438766;0.016087566220006233
Azul;Inglês;4;0.0014759553456419063;0.0006440532417346501;0.03607745353956442;0.7744185140452722;0.06931078817158219;0.10082985935247595;0.019363384891105312
Azul;Inglês;5;0.0017979819665092315;0.0002683555173894375;0.125131481553625;0.04145077720207254;0.13346838599088395;0.06774708792707157;0.632202267326347
Azul;Espanhol;1;0.0011270931730356377;0.00016101331043366253;0.24472537053182214;0.1863121185701831;0.2979075850043592;0.16137750653879687;0.10967741935483871
Azul;Espanhol;2;0.0010197509660798626;0.00021468441391155003;0.0653765690376569;0.5180439330543933;0.17468619246861924;0.07304741980474198;0.16884588563458858
Azul;Espanhol;3;0.0011270931730356377;0.00048303993130098755;0.3962297085006109;0.04398673415953919;0.23433408971897365;0.16678303368825276;0.1586664339326235
Azul;Espanhol;4;0.0010197509660798626;0.0006440532417346501;0.41314594972067037;0.2727828212290503;0.05630237430167598;0.13783170391061453;0.11993715083798882
Azul;Espanhol;5;0.0012344353799914126;0.0004025332760841563;0.15030112594920136;0.14026359430915597;0.08911582438683774;0.3719996508684647;0.24831980448634022
Amarela;Linguagens, Códigos e suas Tecnologias;1;0.0028792912513842745;0.0004113273216263249;0.13682105329989525;0.06634710009206057;0.6453763372591347;0.053299895241420904;0.09815561410748865
Amarela;Linguagens, Códigos e suas Tecnologias;2;0.001044138585666825;0.0005062490112324;0.029154518950437316;0.37748764101914056;0.24477120040562808;0.18589174800354924;0.16269489162124476
Amarela;Linguagens, Códigos e suas Tecnologias;3;0.0025628856193640245;0.000664451827242525;0.5139510522807351;0.19909214995397265;0.06339078817890359;0.1380820874202457;0.08548392216614291
Amarela;Linguagens, Códigos e suas Tecnologias;4;0.0013605442176870747;0.0007593735168485999;0.11230896061893589;0.6695415054854461;0.06030819963218974;0.08843300145855792;0.06940833280487031
Amarela;Linguagens, Códigos e suas Tecnologias;5;0.0038917892738490746;0.00044296788482834997;0.31978517859412736;0.09784543027837804;0.13334180755052752;0.18113639252574043;0.26789119105122666
Amarela;Linguagens, Códigos e suas Tecnologias;6;0.0008542952064546749;0.0009808574592627749;0.06453862490886614;0.11313278600183853;0.12083557866041145;0.05391954861001046;0.6475734618188734
Amarela;Linguagens, Códigos e suas Tecnologias;7;0.0016453092865052997;0.00034804619522227495;0.11457738887832097;0.12950985986938052;0.40656901908566356;0.09178238539090736;0.2575613467757276
Amarela;Linguagens, Códigos e suas Tecnologias;8;0.0010757791488688498;0.0006960923904445499;0.06862341120162287;0.20606041395923802;0.3448920726488954;0.07664268281086564;0.30378141937937814
Amarela;Linguagens, Códigos e suas Tecnologias;9;0.0018351526657174497;0.0008542952064546749;0.20923223350253808;0.2905774111675127;0.23178934010152286;0.06798857868020304;0.20041243654822335
Amarela;Linguagens, Códigos e suas Tecnologias;10;0.0012339819648789748;0.0004113273216263249;0.08404906031122239;0.07121351377048141;0.5245143092574399;0.1279117675022977;0.1923113491585586
Amarela;Linguagens, Códigos e suas Tecnologias;11;0.002183198860939725;0.00018984337921214997;0.11259118300031716;0.13022518236600064;0.622232794164288;0.03304789089755788;0.10190294957183635
Amarela;Linguagens, Códigos e suas Tecnologias;12;0.0011074197120708748;0.0005062490112324;0.36977879191227736;0.24874817772707106;0.0849971477467199;0.12131583951321544;0.17516004310071623
Amarela;Linguagens, Códigos e suas Tecnologias;13;0.00132890365448505;0.00037968675842429994;0.08991791068428893;0.1832905454660708;0.11245285410922;0.40566067636524994;0.20867801337517036
Amarela;Linguagens, Códigos e suas Tecnologias;14;0.0010124980224648;0.00022148394241417498;0.07175441931191788;0.10482797947158334;0.5804029652157384;0.13688779066083762;0.1061268453399227
Amarela;Linguagens, Códigos e suas Tecnologias;15;0.0017085904129093498;0.00037968675842429994;0.17292875487491677;0.12121500364627921;0.21224515679000602;0.33793081581533974;0.15568026887345826
Amarela;Linguagens, Códigos e suas Tecnologias;16;0.001170700838474925;0.000601170700838475;0.1196234428983486;0.20216171669466543;0.15030587340327745;0.06979619005356746;0.4581127769501411
Amarela;Linguagens, Códigos e suas Tecnologias;17;0.0007277329536465749;0.0005695301376364499;0.2568115574705361;0.02512355848434926;0.05306678494487391;0.5339310607020656;0.13106703839817513
Amarela;Linguagens, Códigos e suas Tecnologias;18;0.0012656225280809998;0.0004113273216263249;0.20147692697768763;0.37484153144016225;0.11251267748478702;0.16832530425963488;0.1428435598377282
Amarela;Linguagens, Códigos e suas Tecnologias;19;0.0015820281601012498;0.0006960923904445499;0.11251704563473187;0.4833349189737735;0.07753781752449815;0.07715726381885643;0.24945295404814005
Amarela;Linguagens, Códigos e suas Tecnologias;20;0.0022148394241417496;0.00034804619522227495;0.10747367085395254;0.13922725542443853;0.43760309605380027;0.215962441314554;0.09973353635325466
Amarela;Linguagens, Códigos e suas Tecnologias;21;0.0018351526657174497;0.0005695301376364499;0.11100891242982651;0.09829046274858068;0.3427320879190586;0.20581052364489835;0.24215801325763583
Amarela;Linguagens, Códigos e suas Tecnologias;22;0.0012339819648789748;0.0005378895744344249;0.2896129829788583;0.16158990776252813;0.09905226790072585;0.36825255951060254;0.08149228184728517
Amarela;Linguagens, Códigos e suas Tecnologias;23;0.00120234140167695;0.0007593735168485999;0.08778492851028755;0.0736772025489015;0.11555654186348793;0.05728687822971816;0.6656944488476049
Amarela;Linguagens, Códigos e suas Tecnologias;24;0.0016453092865052997;0.0004113273216263249;0.056150919467343054;0.7097653772986684;0.07447685478757134;0.09860494610019023;0.061001902346227016
Amarela;Linguagens, Códigos e suas Tecnologias;25;0.002183198860939725;0.0004113273216263249;0.3576436252894712;0.09313834343177997;0.053008914126193574;0.3771531897344796;0.11905592741807569
Amarela;Linguagens, Códigos e suas Tecnologias;26;0.0008542952064546749;0.00044296788482834997;0.8090863008490685;0.015238879736408566;0.11145608921556203;0.03126980103915854;0.032948929159802305
Amarela;Linguagens, Códigos e suas Tecnologias;27;0.0016769498497073247;0.0002531245056162;0.5046918589906163;0.10077986304844028;0.15844534618310932;0.18875221912249557;0.04733071265533857
Amarela;Linguagens, Códigos e suas Tecnologias;28;0.00132890365448505;0.0005378895744344249;0.02016103467951563;0.018671146896595447;0.043872440245989984;0.8755468205160718;0.041748557661827175
Amarela;Linguagens, Códigos e suas Tecnologias;29;0.0020566366081316246;0.00047460844803037496;0.16628072957969864;0.1906740681998414;0.1955908009516257;0.27248215701823947;0.17497224425059477
Amarela;Linguagens, Códigos e suas Tecnologias;30;0.002499604492959975;0.0005378895744344249;0.19607096385159795;0.2709384620267225;0.057729537592433905;0.22190485258180204;0.2533561839474436
Amarela;Linguagens, Códigos e suas Tecnologias;31;0.001170700838474925;0.0007593735168485999;0.04720390565559219;0.03230408318539183;0.05478062389043875;0.024125031701749938;0.8415863555668273
Amarela;Linguagens, Códigos e suas Tecnologias;32;0.0017718715393133999;0.0004113273216263249;0.0966197361745307;0.12591958396752917;0.617199391171994;0.06579781836631152;0.0944634703196347
Amarela;Linguagens, Códigos e suas Tecnologias;33;0.0030374940673943995;0.00034804619522227495;0.17772556987745253;0.33995809257730647;0.12442059813321481;0.23423709441869325;0.12365864499333291
Amarela;Linguagens, Códigos e suas Tecnologias;34;0.0012656225280809998;0.0007593735168485999;0.03731650867125329;0.09866522938397641;0.22843283345486826;0.34887923654925335;0.28670619194064867
Amarela;Linguagens, Códigos e suas Tecnologias;35;0.0019933554817275745;0.0005695301376364499;0.10474559066108362;0.025662986930592564;0.6995622382946327;0.03403755868544601;0.13599162542824514
Amarela;Linguagens, Códigos e suas Tecnologias;36;0.0009175763328587249;0.0005695301376364499;0.7171557132898155;0.05326700044362761;0.06686101780847963;0.10707269155206287;0.055643576906014326
Amarela;Linguagens, Códigos e suas Tecnologias;37;0.0018667932289194748;0.0006328112640404999;0.40249318023218933;0.07701579648544059;0.2705386030577936;0.08767366618029562;0.1622787540442809
Amarela;Linguagens, Códigos e suas Tecnologias;38;0.0021199177345356747;0.0007593735168485999;0.15885003490512153;0.16614837849844513;0.0849463730405534;0.29180681601827757;0.29824839753760235
Amarela;Linguagens, Códigos e suas Tecnologias;39;0.0016453092865052997;0.000601170700838475;0.042937781442252805;0.20825141117523943;0.3585019344199911;0.09576964546204098;0.2945392275004757
Amarela;Linguagens, Códigos e suas Tecnologias;40;0.0015503875968992248;0.00018984337921214997;0.21242472266244056;0.06231378763866878;0.08950871632329635;0.5755942947702061;0.060158478605388276
Amarela;Ciências Humanas e suas Tecnologias;1;0.0015187470336971997;0.00018984337921214997;0.5547843174542804;0.060790466229279576;0.13242052549839942;0.18779119520775886;0.06421349561028177
Amarela;Ciências Humanas e suas Tecnologias;2;0.0010757791488688498;0.00015820281601012498;0.19945510992840398;0.6877969967686751;0.04349616676170563;0.02046505734017614;0.04878666920103909
Amarela;Ciências Humanas e suas Tecnologias;3;0.0012656225280809998;0.000601170700838475;0.6843973879414189;0.02726177645343308;0.19948646421099347;0.062036391301591325;0.02681798009256324
Amarela;Ciências Humanas e suas Tecnologias;4;0.0020249960449296;0.00022148394241417498;0.20149679710788354;0.3883110293651297;0.20619014397158622;0.05521024925477263;0.1487917803006279
Amarela;Ciências Humanas e suas Tecnologias;5;0.0031956968834045245;0.0005378895744344249;0.5713151459332423;0.14666370248038874;0.16733890176898403;0.054689236827897225;0.059993012989487726
Amarela;Ciências Humanas e suas Tecnologias;6;0.0012972630912830249;0.00031640563202024995;0.09830766305381251;0.17481143436648286;0.17693477847499525;0.5282689991760158;0.02167712492869367
Amarela;Ciências Humanas e suas Tecnologias;7;0.002183198860939725;0.0005695301376364499;0.19747445903927915;0.5340123104257885;0.07808236563233707;0.0693889206167904;0.12104194428580493
Amarela;Ciências Humanas e suas Tecnologias;8;0.002183198860939725;0.0008859357696566999;0.1942363844103085;0.13545766154627395;0.07718674622318142;0.23800304684524565;0.3551161609749905
Amarela;Ciências Humanas e suas Tecnologias;9;0.00132890365448505;0.000601170700838475;0.0915546538168907;0.13511285822977429;0.5943444078113111;0.060455237129089526;0.11853284301293432
Amarela;Ciências Humanas e suas Tecnologias;10;0.0026894478721721246;0.0006328112640404999;0.28955555555555557;0.057301587301587305;0.15;0.13904761904761906;0.3640952380952381
Amarela;Ciências Humanas e suas Tecnologias;11;0.0014238253440911248;0.0005062490112324;0.30218108039563785;0.08743342632513315;0.1956949023586102;0.052117676895764645;0.3625729140248542
Amarela;Ciências Humanas e suas Tecnologias;12;0.0016136687233032749;0.0007910140800506249;0.1444384534872657;0.14589742776491485;0.07358305052491357;0.042563988708807766;0.5935170795140982
Amarela;Ciências Humanas e suas Tecnologias;13;0.0031007751937984496;0.0007593735168485999;0.25223136295778675;0.29520693707715273;0.17326811294984595;0.1816218276530191;0.09767175936219546
Amarela;Ciências Humanas e suas Tecnologias;14;0.0019300743553235247;0.0005062490112324;0.0441195128140066;0.04802080690180157;0.7090205531590966;0.12258944430347628;0.07624968282161888
Amarela;Ciências Humanas e suas Tecnologias;15;0.0029109318145862997;0.00028476506881822496;0.3076434738445912;0.28961401726764857;0.1601066531234129;0.17556500761808025;0.06707084814626714
Amarela;Ciências Humanas e suas Tecnologias;16;0.0016769498497073247;0.00028476506881822496;0.34406999968297247;0.547728497606442;0.030529753035538787;0.029071426306946074;0.04860032336810069
Amarela;Ciências Humanas e suas Tecnologias;17;0.0032589780098085746;0.00044296788482834997;0.19686864837398374;0.08835111788617886;0.1561547256097561;0.43556275406504064;0.12306275406504065
Amarela;Ciências Humanas e suas Tecnologias;18;0.0022781205505457997;0.0007910140800506249;0.07201345689983496;0.1400279294147518;0.5845182175955312;0.11438364859718167;0.08905674749270026
Amarela;Ciências Humanas e suas Tecnologias;19;0.00297421294099035;0.000664451827242525;0.1900285805017466;0.410161956176564;0.049952365830422354;0.11797395998729755;0.23188313750396952
Amarela;Ciências Humanas e suas Tecnologias;20;0.0027210884353741495;0.0005695301376364499;0.21037427383257673;0.11745658867972446;0.33802101520586647;0.08666391543125615;0.24748420685057618
Amarela;Ciências Humanas e suas Tecnologias;21;0.002246479987343775;0.0006960923904445499;0.10960903782685961;0.22765930439197765;0.06629220614369129;0.08358720487433359;0.5128522467631379
Amarela;Ciências Humanas e suas Tecnologias;22;0.0021515582977376995;0.0005062490112324;0.1546270740141493;0.08467370959043177;0.054376447447733255;0.597252625233971;0.10907014371371467
Amarela;Ciências Humanas e suas Tecnologias;23;0.0032906185730105994;0.00047460844803037496;0.11957695483707044;0.5235660293463762;0.07844756399669695;0.1907196849393381;0.08768976688051833
Amarela;Ciências Humanas e suas Tecnologias;24;0.002183198860939725;0.000664451827242525;0.16588925908297636;0.3907028399174996;0.24280501348564176;0.11172457559892116;0.08887831191496114
Amarela;Ciências Humanas e suas Tecnologias;25;0.0031640563202024997;0.0005062490112324;0.390263266537521;0.16323160468735115;0.10209914573343072;0.18409603353552034;0.16030994950617675
Amarela;Ciências Humanas e suas Tecnologias;26;0.0029425723777883246;0.0010124980224648;0.39336086404066073;0.09329733163913596;0.12595298602287167;0.07684243964421855;0.3105463786531131
Amarela;Ciências Humanas e suas Tecnologias;27;0.0030691346305964247;0.0007277329536465749;0.10522471017945054;0.09712561537239955;0.21476893758932825;0.4321105288232492;0.1507702080355725
Amarela;Ciências Humanas e suas Tecnologias;28;0.0026261667457680746;0.0008542952064546749;0.09420542943324337;0.32027305921574856;0.13776789966661374;0.21784410223845055;0.2299095094459438
Amarela;Ciências Humanas e suas Tecnologias;29;0.004018351526657174;0.00132890365448505;0.2095050260847436;0.25216312507952665;0.058658862450693475;0.10615218221147729;0.373520804173559
Amarela;Ciências Humanas e suas Tecnologias;30;0.0033538996994146495;0.00031640563202024995;0.5517482295404744;0.1752040395058592;0.11546889389945696;0.12064530470958112;0.03693353234462828
Amarela;Ciências Humanas e suas Tecnologias;31;0.0029109318145862997;0.0005695301376364499;0.1531354183203683;0.22193999047467852;0.350404826162883;0.03768852198761708;0.23683124305445308
Amarela;Ciências Humanas e suas Tecnologias;32;0.0032273374466065497;0.0007593735168485999;0.1996251469233457;0.06207312811715747;0.23110645192032783;0.360081324057308;0.14711394898186092
Amarela;Ciências Humanas e suas Tecnologias;33;0.0031640563202024997;0.0010757791488688498;0.07991484223570906;0.6539989196403038;0.04267420800101681;0.10523974452670713;0.11817228559626322
Amarela;Ciências Humanas e suas Tecnologias;34;0.004113273216263249;0.0010124980224648;0.10390229939891232;0.31657284610247116;0.13723245237413734;0.1047291925070763;0.33756320961740294
Amarela;Ciências Humanas e suas Tecnologias;35;0.0033538996994146495;0.0016453092865052997;0.21900340255032277;0.07158075492097815;0.22762107673227971;0.08894330142779916;0.39285146436862023
Amarela;Ciências Humanas e suas Tecnologias;36;0.0040499920898592;0.0005695301376364499;0.17171556629263485;0.3428589592803331;0.16818716424552593;0.08134397151848438;0.2358943386630217
Amarela;Ciências Humanas e suas Tecnologias;37;0.0032273374466065497;0.0005695301376364499;0.2005717008099095;0.128569159917421;0.5331427663966969;0.09277433698586629;0.0449420358901064
Amarela;Ciências Humanas e suas Tecnologias;38;0.004113273216263249;0.0008542952064546749;0.08105443907402697;0.14277537522258968;0.33814551004833376;0.17689519206308826;0.2611294835919613
Amarela;Ciências Humanas e suas Tecnologias;39;0.0040499920898592;0.0006328112640404999;0.12884254696887815;0.3274310964173316;0.27850716851575164;0.11294783355056108;0.1522713545474775
Amarela;Ciências Humanas e suas Tecnologias;40;0.0038601487106470493;0.000664451827242525;0.5906172525586422;0.08435573072277669;0.07984234950098532;0.18050346449685334;0.06468120272074249
Amarela;Ciências Humanas e suas Tecnologias;41;0.005252333491536149;0.0008542952064546749;0.16375907296574557;0.31847701515344456;0.09566407742264103;0.19966891633770534;0.2224309181204635
Amarela;Ciências Humanas e suas Tecnologias;42;0.004208194905869324;0.0007593735168485999;0.36218519460697024;0.07421775629610786;0.27260875095395576;0.17928008140422286;0.11170821673874332
Amarela;Ciências Humanas e suas Tecnologias;43;0.0035437430786267998;0.0018351526657174497;0.09044059169715285;0.09887068554159377;0.5517098775250517;0.1337044695403213;0.12527437569588037
Amarela;Ciências Humanas e suas Tecnologias;44;0.004081632653061225;0.0005695301376364499;0.3956386292834891;0.288988492593299;0.07254116599910992;0.07228685866870113;0.17054485345540085
Amarela;Ciências Humanas e suas Tecnologias;45;0.0035437430786267998;0.00044296788482834997;0.048413227866196513;0.22084564312716415;0.4714571619174688;0.09577813780615649;0.16350582928301408
Amarela;Matemática e suas Tecnologias;1;0.0009808574592627749;0.00022148394241417498;0.11055849463046853;0.27927899388602023;0.22770614882630597;0.2152881173377261;0.16716824531947921
Amarela;Matemática e suas Tecnologias;2;0.0014238253440911248;0.000664451827242525;0.3745521417927011;0.21018421636703763;0.07346459938488856;0.08386442182694442;0.2579346206284283
Amarela;Matemática e suas Tecnologias;3;0.0015187470336971997;0.000601170700838475;0.22113006531802903;0.18209778679687996;0.24668653687614941;0.20930306297165324;0.14078254803728835
Amarela;Matemática e suas Tecnologias;4;0.0005378895744344249;0.0012656225280809998;0.09262076835298592;0.09579054139723596;0.06555090655509066;0.11816913908964118;0.6278686446050463
Amarela;Matemática e suas Tecnologias;5;0.0020249960449296;0.0007593735168485999;0.16797284005457372;0.16905162293365486;0.3897896373385792;0.11232033505727068;0.16086556461592155
Amarela;Matemática e suas Tecnologias;6;0.00120234140167695;0.0008226546432526499;0.1503122919374782;0.3654925335277892;0.12605814653942488;0.13201864240195302;0.22611838559335468
Amarela;Matemática e suas Tecnologias;7;0.001487106470495175;0.00047460844803037496;0.45021082332054657;0.0945059125638018;0.2275940779253717;0.12541609865897346;0.10227308753130647
Amarela;Matemática e suas Tecnologias;8;0.0009808574592627749;0.0007593735168485999;0.4045641838351822;0.30722662440570525;0.08690966719492868;0.08887480190174327;0.11242472266244057
Amarela;Matemática e suas Tecnologias;9;0.0008859357696566999;0.0007910140800506249;0.10877281947261663;0.06598630831643001;0.12461967545638945;0.5542596348884381;0.14636156186612576
Amarela;Matemática e suas Tecnologias;10;0.0034804619522227497;0.0005378895744344249;0.07684732193913209;0.1938814410064172;0.21586504860537517;0.2849291568714658;0.22847703157760976
Amarela;Matemática e suas Tecnologias;11;0.0022781205505457997;0.0004113273216263249;0.1425761421319797;0.2746827411167513;0.2881027918781726;0.13635786802030456;0.15828045685279188
Amarela;Matemática e suas Tecnologias;12;0.0012339819648789748;0.0005378895744344249;0.041332530349614885;0.4625820152778218;0.4191258043044154;0.045199530888459225;0.03176011917968874
Amarela;Matemática e suas Tecnologias;13;0.0009492168960607499;0.0014554659072931499;0.680230898537854;0.19340924228488057;0.053315994798439535;0.03983634114624631;0.03320752323257953
Amarela;Matemática e suas Tecnologias;14;0.0021515582977376995;0.0008859357696566999;0.059475070614744996;0.39395093465359105;0.14729125011901362;0.18334444127074803;0.2159383033419023
Amarela;Matemática e suas Tecnologias;15;0.0010757791488688498;0.0005378895744344249;0.1536730683906953;0.09234962286873297;0.5740318184699246;0.1011916080370159;0.07875388223363124
Amarela;Matemática e suas Tecnologias;16;0.0016453092865052997;0.0001265622528081;0.16086088307077878;0.3575073694887318;0.24653713271419062;0.14127230657073125;0.09382230815556752
Amarela;Matemática e suas Tecnologias;17;0.0022148394241417496;0.00034804619522227495;0.25716914097195787;0.28571881740895827;0.28337139956858265;0.1372287780738485;0.03651186397665271
Amarela;Matemática e suas Tecnologias;18;0.0009808574592627749;0.0011390602752728999;0.0721986175407445;0.12197983385122708;0.1245798719005644;0.6258481831441436;0.05539349356332044
Amarela;Matemática e suas Tecnologias;19;0.0016136687233032749;0.0012339819648789748;0.12162462319530383;0.23379343169919087;0.12003807710613994;0.15957480564810408;0.3649690623512613
Amarela;Matemática e suas Tecnologias;20;0.0021199177345356747;0.0008226546432526499;0.36005331302361004;0.27824320893627824;0.13766184310738766;0.1604785478547855;0.06356308707793856
Amarela;Matemática e suas Tecnologias;21;0.0018351526657174497;0.0007593735168485999;0.13767725153062843;0.15667925007137645;0.4217238207023443;0.13247470101195952;0.15144497668369128
Amarela;Matemática e suas Tecnologias;22;0.00132890365448505;0.0007910140800506249;0.08989155938867398;0.12305789840826939;0.18834421967150738;0.21513729469211745;0.3835690278394318
Amarela;Matemática e suas Tecnologias;23;0.00208827717133365;0.00034804619522227495;0.20461177366150723;0.23455341283938086;0.3095026642984014;0.17257675716823143;0.07875539203247907
Amarela;Matemática e suas Tecnologias;24;0.0020566366081316246;0.000601170700838475;0.1421274705751721;0.17150471114495097;0.22340661781034865;0.15814853589670377;0.30481266457282447
Amarela;Matemática e suas Tecnologias;25;0.0025628856193640245;0.0007910140800506249;0.26077018318041845;0.2346423695990349;0.20019683164544907;0.2517222768976793;0.05266833867741833
Amarela;Matemática e suas Tecnologias;26;0.0022781205505457997;0.0006328112640404999;0.1810363976771491;0.16704217307143085;0.15380953892044552;0.29705201028147116;0.20105988004950337
Amarela;Matemática e suas Tecnologias;27;0.002499604492959975;0.000664451827242525;0.13550230122202825;0.26675130931598157;0.230312648785907;0.15648309792096493;0.21095064275511824
Amarela;Matemática e suas Tecnologias;28;0.0015187470336971997;0.0011390602752728999;0.3497668221185876;0.16125757431553567;0.0986961073570001;0.16452523714349165;0.225754259065385
Amarela;Matemática e suas Tecnologias;29;0.0027210884353741495;0.0008542952064546749;0.19747872475549347;0.2178013463736822;0.25835132732122446;0.1536898259875524;0.1726787755620475
Amarela;Matemática e suas Tecnologias;30;0.0015820281601012498;0.0008542952064546749;0.28742704897234206;0.348071555442781;0.28197158081705154;0.048750317178381124;0.033779497589444304
Amarela;Matemática e suas Tecnologias;31;0.0012339819648789748;0.00028476506881822496;0.2863706942992046;0.23066197674050132;0.25056247425293915;0.13271223500332732;0.09969261970402764
Amarela;Matemática e suas Tecnologias;32;0.0018984337921214998;0.0006960923904445499;0.13161818354852012;0.27449798559781746;0.23890492656155823;0.27272150493290614;0.08225739935919804
Amarela;Matemática e suas Tecnologias;33;0.0018667932289194748;0.0025312450561619996;0.11396427890421407;0.10652768067120066;0.17199516938918197;0.09944066611580754;0.5080722049195957
Amarela;Matemática e suas Tecnologias;34;0.0023097611137478245;0.0008226546432526499;0.1895194566114391;0.33961785056814575;0.24052561416872978;0.16558750714149686;0.06474957151018854
Amarela;Matemática e suas Tecnologias;35;0.0022781205505457997;0.0006960923904445499;0.2430897147028022;0.11180222779346895;0.14125226111516614;0.1671479800704516;0.33670781631811114
Amarela;Matemática e suas Tecnologias;36;0.0020566366081316246;0.0012656225280809998;0.10422222222222222;0.25625396825396823;0.16336507936507935;0.2957142857142857;0.18044444444444444
Amarela;Matemática e suas Tecnologias;37;0.0013605442176870747;0.0010757791488688498;0.05430093884800812;0.19351053032225324;0.41020680030449125;0.244449378330373;0.0975323521948744
Amarela;Matemática e suas Tecnologias;38;0.001487106470495175;0.0011074197120708748;0.07860926942232656;0.2417282619040066;0.11242584779367445;0.10735018875107065;0.4598864321289217
Amarela;Matemática e suas Tecnologias;39;0.0021515582977376995;0.0007593735168485999;0.27813918065560245;0.2646526830197061;0.21816393234538128;0.0914860533747977;0.1475581506045124
Amarela;Matemática e suas Tecnologias;40;0.0021199177345356747;0.0007277329536465749;0.17258448357924797;0.297889893701412;0.24835792479771537;0.16845946374742185;0.11270823417420275
Amarela;Matemática e suas Tecnologias;41;0.0034804619522227497;0.0010757791488688498;0.18696163504020852;0.12466228028352563;0.2794571056228346;0.277136772511999;0.13178220654143225
Amarela;Matemática e suas Tecnologias;42;0.0019933554817275745;0.0023097611137478245;0.10410245003018843;0.06549302488162954;0.19285646191490038;0.290794114843179;0.34675394833010265
Amarela;Matemática e suas Tecnologias;43;0.0029425723777883246;0.0009808574592627749;0.21393856611924653;0.27851720085130716;0.24608494012261364;0.15202820749023221;0.10943108541660049
Amarela;Matemática e suas Tecnologias;44;0.00234140167694985;0.000664451827242525;0.2588701999365281;0.3063789273246588;0.14436686766106;0.24703268803554426;0.04335131704220882
Amarela;Matemática e suas Tecnologias;45;0.0028476506881822496;0.00037968675842429994;0.12309938735993398;0.22188363013046378;0.299622258197632;0.21305907373900898;0.1423356505729613
Amarela;Ciências Naturais e suas Tecnologias;1;0.0023097611137478245;9.492168960607498e-05;0.126423292841511;0.22208125852389862;0.3369913413048305;0.18497256494021377;0.12953154238954614
Amarela;Ciências Naturais e suas Tecnologias;2;0.0011390602752728999;0.0007910140800506249;0.2849987319300025;0.2676578747146843;0.06305478062389044;0.137648998224702;0.24663961450672078
Amarela;Ciências Naturais e suas Tecnologias;3;0.0006960923904445499;0.0005695301376364499;0.16264850308886425;0.09855853001742436;0.44485981308411215;0.10635197212102011;0.18758118168857912
Amarela;Ciências Naturais e suas Tecnologias;4;0.00132890365448505;0.0005695301376364499;0.32715168806466954;0.0974480900301157;0.296655571405928;0.19213821524805832;0.08660643525122841
Amarela;Ciências Naturais e suas Tecnologias;5;0.0005378895744344249;0.0007593735168485999;0.16819794702826005;0.09206691167152452;0.1659802306425041;0.1829299201622101;0.3908249904955012
Amarela;Ciências Naturais e suas Tecnologias;6;0.0005062490112324;0.0009808574592627749;0.06606882565435072;0.014196083401989986;0.0680334621965904;0.2739083592116104;0.5777932695354585
Amarela;Ciências Naturais e suas Tecnologias;7;0.0030374940673943995;0.00044296788482834997;0.25864422924273694;0.35519923797428166;0.1662803619622162;0.13351325607239245;0.08636291474837275
Amarela;Ciências Naturais e suas Tecnologias;8;0.0008226546432526499;0.0007593735168485999;0.16621771510061797;0.3542069402630328;0.11405482490888924;0.0864839169703692;0.2790366027570908
Amarela;Ciências Naturais e suas Tecnologias;9;0.0007593735168485999;0.0008542952064546749;0.06471445775495975;0.21737339164606706;0.10036762375610066;0.06306648919312924;0.5544780376497433
Amarela;Ciências Naturais e suas Tecnologias;10;0.0009175763328587249;0.00034804619522227495;0.2310153651195945;0.2894345002376049;0.15925867258038967;0.20544907334072549;0.11484238872168541
Amarela;Ciências Naturais e suas Tecnologias;11;0.0012339819648789748;0.0002531245056162;0.13207427593637114;0.3703656758983459;0.17136700678116484;0.23794283541415806;0.08825020596996007
Amarela;Ciências Naturais e suas Tecnologias;12;0.0008226546432526499;0.0005378895744344249;0.14517457702300235;0.15708763703187378;0.06720106457131994;0.44132184272226094;0.189214878651543
Amarela;Ciências Naturais e suas Tecnologias;13;0.0005062490112324;0.0009175763328587249;0.0535171102661597;0.043694550063371355;0.044391634980988595;0.338149556400507;0.5202471482889733
Amarela;Ciências Naturais e suas Tecnologias;14;0.0015820281601012498;0.000664451827242525;0.2675207712310522;0.03180693854252553;0.2659351810743959;0.36202194456776815;0.07271516458425827
Amarela;Ciências Naturais e suas Tecnologias;15;0.0008542952064546749;0.0005378895744344249;0.15687082158360002;0.14679509521244574;0.13633915275181394;0.4785336332815817;0.0814612971705586
Amarela;Ciências Naturais e suas Tecnologias;16;0.0005062490112324;0.00015820281601012498;0.36034067882472137;0.17964792299898683;0.25132978723404253;0.07915400202634246;0.12952760891590678
Amarela;Ciências Naturais e suas Tecnologias;17;0.001170700838474925;0.00028476506881822496;0.13222852435121518;0.3220951234196267;0.28242339744605344;0.16724230805792326;0.0960106467251814
Amarela;Ciências Naturais e suas Tecnologias;18;0.0006960923904445499;0.0005695301376364499;0.2830983684460637;0.09681609377475052;0.12070331062886108;0.1854268968794551;0.31395533027086964
Amarela;Ciências Naturais e suas Tecnologias;19;0.0022148394241417496;0.0004113273216263249;0.27301567159444196;0.23066429795063764;0.21883129243068333;0.19231013260579913;0.08517860541843791
Amarela;Ciências Naturais e suas Tecnologias;20;0.000664451827242525;0.0011074197120708748;0.0798440521094171;0.12247614821388951;0.029477954927256016;0.40321404798884275;0.3649877967605946
Amarela;Ciências Naturais e suas Tecnologias;21;0.0006328112640404999;0.0006328112640404999;0.5234912086171393;0.11290986852526533;0.09428164105813401;0.15976556312371298;0.10955171867574845
Amarela;Ciências Naturais e suas Tecnologias;22;0.0005695301376364499;0.0005062490112324;0.192360077286117;0.4000506794209876;0.09844477526844256;0.18605682430078235;0.12308764372367045
Amarela;Ciências Naturais e suas Tecnologias;23;0.0012972630912830249;0.00047460844803037496;0.1353450188595518;0.2193096453136391;0.3446068021173413;0.1830485910805414;0.11768994262892643
Amarela;Ciências Naturais e suas Tecnologias;24;0.0010124980224648;0.00047460844803037496;0.08051841054566196;0.10330185689840927;0.09753469801635084;0.21557132898155776;0.5030737055580201
Amarela;Ciências Naturais e suas Tecnologias;25;0.00047460844803037496;0.0004113273216263249;0.05418500807549799;0.22700066504101085;0.1124869366944295;0.5487221712005573;0.05760521898850429
Amarela;Ciências Naturais e suas Tecnologias;26;0.0007910140800506249;0.0004113273216263249;0.13894256660436533;0.35480089967370987;0.10089650584471124;0.19548895998986282;0.20987106788735072
Amarela;Ciências Naturais e suas Tecnologias;27;0.0019617149185255497;0.0006328112640404999;0.27779716397550996;0.22237731180407955;0.2730070107540526;0.1225454430098658;0.10427307045649209
Amarela;Ciências Naturais e suas Tecnologias;28;0.0006960923904445499;0.0005695301376364499;0.08357357833042928;0.5657215270077618;0.11015365119594488;0.17513068271820054;0.06542056074766354
Amarela;Ciências Naturais e suas Tecnologias;29;0.0012656225280809998;0.0006328112640404999;0.16497067681090505;0.39996829925503247;0.19473767633539388;0.1453796164209859;0.09494373117768268
Amarela;Ciências Naturais e suas Tecnologias;30;0.000601170700838475;0.00047460844803037496;0.13360362357860062;0.29340217288017484;0.17227835671977448;0.1589433340724082;0.24177251274904185
Amarela;Ciências Naturais e suas Tecnologias;31;0.00047460844803037496;0.0002531245056162;0.09195111139256539;0.22965613324045342;0.38154645050978403;0.2294661516053448;0.06738015325185231
Amarela;Ciências Naturais e suas Tecnologias;32;0.0022148394241417496;0.00022148394241417498;0.221834559756407;0.25510657193605685;0.2211367673179396;0.17187896472976402;0.13004313625983252
Amarela;Ciências Naturais e suas Tecnologias;33;0.00120234140167695;0.000664451827242525;0.13554808850567426;0.23803334812654536;0.3877512204399924;0.11231217904013187;0.1263551638876561
Amarela;Ciências Naturais e suas Tecnologias;34;0.0005695301376364499;0.001170700838474925;0.06323296354992076;0.12751188589540413;0.40637083993660855;0.2845324881141046;0.11835182250396196
Amarela;Ciências Naturais e suas Tecnologias;35;0.0019617149185255497;0.00047460844803037496;0.17803222532352195;0.21882136513575234;0.20572189799543264;0.2353780766302969;0.1620464349149962
Amarela;Ciências Naturais e suas Tecnologias;36;0.0009808574592627749;0.0004113273216263249;0.05814137701593739;0.10341877633788536;0.4942492316466525;0.09958493076898704;0.2446056842305377
Amarela;Ciências Naturais e suas Tecnologias;37;0.00132890365448505;0.00047460844803037496;0.17582731076454927;0.25361354127044505;0.19719158108279447;0.2774185368327628;0.09594903004944846
Amarela;Ciências Naturais e suas Tecnologias;38;0.0006960923904445499;0.0009492168960607499;0.1616961937058283;0.3040281431242671;0.22932843152790544;0.18226476087852186;0.12268247076347732
Amarela;Ciências Naturais e suas Tecnologias;39;0.0007277329536465749;0.00037968675842429994;0.2475134621476085;0.3095343680709534;0.110072853975293;0.21301868862844472;0.11986062717770035
Amarela;Ciências Naturais e suas Tecnologias;40;0.0009492168960607499;0.0006960923904445499;0.34034798592843785;0.2646341076918201;0.1252178873641175;0.15979463125534815;0.11000538776027637
Amarela;Ciências Naturais e suas Tecnologias;41;0.001044138585666825;0.000664451827242525;0.1720072263953599;0.2197711641469367;0.19989857690722956;0.33811923552343826;0.0702037970270356
Amarela;Ciências Naturais e suas Tecnologias;42;0.0015187470336971997;0.00031640563202024995;0.21349098170982977;0.3046248454686658;0.28744413097917393;0.1167464418169715;0.077693600025359
Amarela;Ciências Naturais e suas Tecnologias;43;0.00234140167694985;0.000601170700838475;0.12255648641787256;0.33914064483371414;0.26659685199289157;0.16282685960903784;0.10887915714648388
Amarela;Ciências Naturais e suas Tecnologias;44;0.0011390602752728999;0.00132890365448505;0.25191106036096045;0.05433438005519079;0.1657626796079551;0.28496209598122246;0.24302978399467123
Amarela;Ciências Naturais e suas Tecnologias;45;0.0020566366081316246;0.00022148394241417498;0.15685155234199094;0.2381314813052992;0.24057336758316683;0.22747597754733137;0.13696762122221165
Amarela;Inglês;1;0.0012972630912830249;0.00015820281601012498;0.03432463110102157;0.7968217934165721;0.06106696935300795;0.0932122587968218;0.014574347332576617
Amarela;Inglês;2;0.0015187470336971997;0.00031640563202024995;0.10702766547040385;0.6636987234815791;0.138781629037387;0.07513741879798301;0.015354563212647072
Amarela;Inglês;3;0.0017085904129093498;0.0006328112640404999;0.12656271309724054;0.03877801518388871;0.1375187525571669;0.06514524707914715;0.6319952720825567
Amarela;Inglês;4;0.0018351526657174497;0.000601170700838475;0.020278257706647266;0.16186232608893333;0.016822769846321726;0.6242156951895972;0.1768209511685005
Amarela;Inglês;5;0.0020249960449296;0.00031640563202024995;0.77865163431377;0.02441241987543756;0.05414374687457381;0.1237441469291267;0.019048052007091875
Amarela;Espanhol;1;0.0011390602752728999;0.00022148394241417498;0.08260457275313454;0.5452533979559583;0.18459593298914762;0.073332630913497;0.11421346538826256
Amarela;Espanhol;2;0.0009492168960607499;0.0004113273216263249;0.1194816141607839;0.16499841955536823;0.07565061637340638;0.3841534084922558;0.25571594141818565
Amarela;Espanhol;3;0.001170700838474925;0.0005062490112324;0.259044404598671;0.14323383609323911;0.33266533066132264;0.14565974053369898;0.11939668811306824
Amarela;Espanhol;4;0.0011390602752728999;0.000601170700838475;0.35457326722228083;0.07121004325350776;0.23346344551112985;0.15001582445405634;0.1907374195590252
Amarela;Espanhol;5;0.001044138585666825;0.0005062490112324;0.46768581971534;0.22698998418555613;0.05229309435951503;0.14127569847127042;0.1117554032683184
Verde;Linguagens, Códigos e suas Tecnologias;1;0.0;0.0;0.1625;0.1875;0.26666666666666666;0.2125;0.17083333333333334
Verde;Linguagens, Códigos e suas Tecnologias;2;0.0;0.0;0.16666666666666666;0.23333333333333334;0.14583333333333334;0.275;0.17916666666666667
Verde;Linguagens, Códigos e suas Tecnologias;3;0.0;0.008333333333333333;0.23949579831932774;0.21008403361344538;0.1638655462184874;0.3025210084033613;0.08403361344537816
Verde;Linguagens, Códigos e suas Tecnologias;4;0.0;0.004166666666666667;0.200836820083682;0.301255230125523;0.22594142259414227;0.12552301255230125;0.14644351464435146
Verde;Linguagens, Códigos e suas Tecnologias;5;0.0;0.0125;0.45147679324894513;0.1350210970464135;0.10970464135021098;0.13924050632911392;0.16455696202531644
Verde;Linguagens, Códigos e suas Tecnologias;6;0.0;0.004166666666666667;0.13389121338912133;0.1087866108786611;0.3305439330543933;0.09623430962343096;0.3305439330543933
Verde;Linguagens, Códigos e suas Tecnologias;7;0.0;0.0;0.14166666666666666;0.20416666666666666;0.15833333333333333;0.1625;0.3333333333333333
Verde;Linguagens, Códigos e suas Tecnologias;8;0.004166666666666667;0.008333333333333333;0.12658227848101267;0.1308016877637131;0.29535864978902954;0.1308016877637131;0.31645569620253167
Verde;Linguagens, Códigos e suas Tecnologias;9;0.0;0.0;0.22916666666666666;0.15833333333333333;0.31666666666666665;0.14583333333333334;0.15
Verde;Linguagens, Códigos e suas Tecnologias;10;0.0;0.0;0.13333333333333333;0.13333333333333333;0.19166666666666668;0.1875;0.3541666666666667
Verde;Linguagens, Códigos e suas Tecnologias;11;0.0;0.0;0.2125;0.24166666666666667;0.24583333333333332;0.13333333333333333;0.16666666666666666
Verde;Linguagens, Códigos e suas Tecnologias;12;0.0;0.0;0.275;0.09583333333333334;0.26666666666666666;0.19583333333333333;0.16666666666666666
Verde;Linguagens, Códigos e suas Tecnologias;13;0.0;0.0;0.125;0.11666666666666667;0.16666666666666666;0.35;0.24166666666666667
Verde;Linguagens, Códigos e suas Tecnologias;14;0.0;0.0;0.09166666666666666;0.125;0.375;0.2125;0.19583333333333333
Verde;Linguagens, Códigos e suas Tecnologias;15;0.0;0.0;0.08333333333333333;0.22916666666666666;0.2;0.2625;0.225
Verde;Linguagens, Códigos e suas Tecnologias;16;0.0;0.0;0.175;0.22916666666666666;0.17916666666666667;0.17083333333333334;0.24583333333333332
Verde;Linguagens, Códigos e suas Tecnologias;17;0.0;0.0;0.25;0.2375;0.14166666666666666;0.25833333333333336;0.1125
Verde;Linguagens, Códigos e suas Tecnologias;18;0.0;0.0;0.31666666666666665;0.12916666666666668;0.12083333333333333;0.17083333333333334;0.2625
Verde;Linguagens, Códigos e suas Tecnologias;19;0.0;0.0;0.17083333333333334;0.49583333333333335;0.12083333333333333;0.0875;0.125
Verde;Linguagens, Códigos e suas Tecnologias;20;0.004166666666666667;0.0;0.13807531380753138;0.22594142259414227;0.24686192468619247;0.14644351464435146;0.24267782426778242
Verde;Linguagens, Códigos e suas Tecnologias;21;0.0;0.0;0.13333333333333333;0.07916666666666666;0.30416666666666664;0.1375;0.3458333333333333
Verde;Linguagens, Códigos e suas Tecnologias;22;0.0;0.0;0.32916666666666666;0.1375;0.1875;0.20833333333333334;0.1375
Verde;Linguagens, Códigos e suas Tecnologias;23;0.0;0.0;0.19583333333333333;0.14166666666666666;0.1625;0.2;0.3
Verde;Linguagens, Códigos e suas Tecnologias;24;0.0;0.0;0.19166666666666668;0.325;0.09166666666666666;0.13333333333333333;0.25833333333333336
Verde;Linguagens, Códigos e suas Tecnologias;25;0.0;0.0;0.21666666666666667;0.0875;0.17916666666666667;0.31666666666666665;0.2
Verde;Linguagens, Códigos e suas Tecnologias;26;0.0;0.0;0.2708333333333333;0.17916666666666667;0.25416666666666665;0.14166666666666666;0.15416666666666667
Verde;Linguagens, Códigos e suas Tecnologias;27;0.0;0.0;0.2875;0.3625;0.14583333333333334;0.15833333333333333;0.04583333333333333
Verde;Linguagens, Códigos e suas Tecnologias;28;0.0;0.0;0.13333333333333333;0.07916666666666666;0.21666666666666667;0.35833333333333334;0.2125
Verde;Linguagens, Códigos e suas Tecnologias;29;0.008333333333333333;0.004166666666666667;0.19831223628691982;0.22784810126582278;0.14767932489451477;0.2320675105485232;0.1940928270042194
Verde;Linguagens, Códigos e suas Tecnologias;30;0.0;0.0;0.26666666666666666;0.18333333333333332;0.15833333333333333;0.175;0.21666666666666667
Verde;Linguagens, Códigos e suas Tecnologias;31;0.0;0.004166666666666667;0.13807531380753138;0.2301255230125523;0.20502092050209206;0.12133891213389121;0.3054393305439331
Verde;Linguagens, Códigos e suas Tecnologias;32;0.0;0.004166666666666667;0.22594142259414227;0.22594142259414227;0.200836820083682;0.1087866108786611;0.2384937238493724
Verde;Linguagens, Códigos e suas Tecnologias;33;0.004166666666666667;0.0;0.14225941422594143;0.4393305439330544;0.200836820083682;0.1297071129707113;0.08786610878661087
Verde;Linguagens, Códigos e suas Tecnologias;34;0.008333333333333333;0.0;0.07563025210084033;0.1638655462184874;0.40756302521008403;0.22268907563025211;0.13025210084033614
Verde;Linguagens, Códigos e suas Tecnologias;35;0.008333333333333333;0.0;0.15126050420168066;0.12184873949579832;0.37815126050420167;0.08403361344537816;0.2647058823529412
Verde;Linguagens, Códigos e suas Tecnologias;36;0.004166666666666667;0.0;0.3514644351464435;0.14225941422594143;0.26359832635983266;0.12552301255230125;0.11715481171548117
Verde;Linguagens, Códigos e suas Tecnologias;37;0.004166666666666667;0.0;0.1799163179916318;0.06276150627615062;0.23430962343096234;0.19246861924686193;0.3305439330543933
Verde;Linguagens, Códigos e suas Tecnologias;38;0.004166666666666667;0.0;0.24686192468619247;0.1799163179916318;0.10460251046025104;0.17154811715481172;0.29707112970711297
Verde;Linguagens, Códigos e suas Tecnologias;39;0.0125;0.0;0.10970464135021098;0.23628691983122363;0.11814345991561181;0.2320675105485232;0.3037974683544304
Verde;Linguagens, Códigos e suas Tecnologias;40;0.008333333333333333;0.0;0.31932773109243695;0.15966386554621848;0.14285714285714285;0.29831932773109243;0.07983193277310924
Verde;Ciências Humanas e suas Tecnologias;1;0.0;0.0;0.24583333333333332;0.2375;0.11666666666666667;0.2;0.2
Verde;Ciências Humanas e suas Tecnologias;2;0.0;0.0;0.225;0.23333333333333334;0.25833333333333336;0.14166666666666666;0.14166666666666666
Verde;Ciências Humanas e suas Tecnologias;3;0.0;0.004166666666666667;0.4435146443514644;0.11715481171548117;0.16317991631799164;0.1297071129707113;0.14644351464435146
Verde;Ciências Humanas e suas Tecnologias;4;0.008333333333333333;0.0;0.17647058823529413;0.22268907563025211;0.29411764705882354;0.18067226890756302;0.12605042016806722
Verde;Ciências Humanas e suas Tecnologias;5;0.004166666666666667;0.004166666666666667;0.3067226890756303;0.24789915966386555;0.226890756302521;0.09243697478991597;0.12605042016806722
Verde;Ciências Humanas e suas Tecnologias;6;0.004166666666666667;0.0;0.3138075313807531;0.18828451882845187;0.15481171548117154;0.2594142259414226;0.08368200836820083
Verde;Ciências Humanas e suas Tecnologias;7;0.0;0.004166666666666667;0.13389121338912133;0.3682008368200837;0.20920502092050208;0.11297071129707113;0.17573221757322174
Verde;Ciências Humanas e suas Tecnologias;8;0.0;0.004166666666666667;0.36401673640167365;0.11715481171548117;0.13807531380753138;0.1589958158995816;0.2217573221757322
Verde;Ciências Humanas e suas Tecnologias;9;0.0;0.0;0.16666666666666666;0.225;0.35;0.07916666666666666;0.17916666666666667
Verde;Ciências Humanas e suas Tecnologias;10;0.0;0.0;0.2125;0.14583333333333334;0.15;0.10416666666666667;0.3875
Verde;Ciências Humanas e suas Tecnologias;11;0.0;0.0;0.29583333333333334;0.10833333333333334;0.1625;0.12083333333333333;0.3125
Verde;Ciências Humanas e suas Tecnologias;12;0.004166666666666667;0.0;0.2384937238493724;0.18410041841004185;0.2217573221757322;0.14225941422594143;0.21338912133891214
Verde;Ciências Humanas e suas Tecnologias;13;0.0;0.004166666666666667;0.200836820083682;0.22594142259414227;0.23430962343096234;0.20920502092050208;0.1297071129707113
Verde;Ciências Humanas e suas Tecnologias;14;0.008333333333333333;0.0;0.10084033613445378;0.10504201680672269;0.2815126050420168;0.3697478991596639;0.14285714285714285
Verde;Ciências Humanas e suas Tecnologias;15;0.0;0.0;0.22916666666666666;0.22083333333333333;0.18333333333333332;0.22916666666666666;0.1375
Verde;Ciências Humanas e suas Tecnologias;16;0.0;0.0;0.1875;0.4583333333333333;0.125;0.11666666666666667;0.1125
Verde;Ciências Humanas e suas Tecnologias;17;0.004166666666666667;0.0;0.1799163179916318;0.16736401673640167;0.11297071129707113;0.3263598326359833;0.21338912133891214
Verde;Ciências Humanas e suas Tecnologias;18;0.0;0.0;0.17916666666666667;0.22083333333333333;0.35;0.14583333333333334;0.10416666666666667
Verde;Ciências Humanas e suas Tecnologias;19;0.0;0.0;0.0875;0.3375;0.1;0.1875;0.2875
Verde;Ciências Humanas e suas Tecnologias;20;0.0;0.0;0.2625;0.1625;0.17916666666666667;0.19583333333333333;0.2
Verde;Ciências Humanas e suas Tecnologias;21;0.0;0.0;0.19583333333333333;0.1625;0.2375;0.19166666666666668;0.2125
Verde;Ciências Humanas e suas Tecnologias;22;0.0;0.0;0.1625;0.14166666666666666;0.14166666666666666;0.4;0.15416666666666667
Verde;Ciências Humanas e suas Tecnologias;23;0.004166666666666667;0.0;0.24267782426778242;0.2217573221757322;0.26359832635983266;0.16317991631799164;0.1087866108786611
Verde;Ciências Humanas e suas Tecnologias;24;0.0;0.0;0.15;0.17916666666666667;0.2625;0.13333333333333333;0.275
Verde;Ciências Humanas e suas Tecnologias;25;0.0;0.0;0.25;0.26666666666666666;0.1625;0.18333333333333332;0.1375
Verde;Ciências Humanas e suas Tecnologias;26;0.004166666666666667;0.0;0.2803347280334728;0.1589958158995816;0.21338912133891214;0.21338912133891214;0.13389121338912133
Verde;Ciências Humanas e suas Tecnologias;27;0.004166666666666667;0.0;0.2217573221757322;0.18410041841004185;0.20920502092050208;0.28870292887029286;0.09623430962343096
Verde;Ciências Humanas e suas Tecnologias;28;0.0;0.0;0.22083333333333333;0.23333333333333334;0.10416666666666667;0.2625;0.17916666666666667
Verde;Ciências Humanas e suas Tecnologias;29;0.004166666666666667;0.0;0.23430962343096234;0.2803347280334728;0.10460251046025104;0.18410041841004185;0.19665271966527198
Verde;Ciências Humanas e suas Tecnologias;30;0.008333333333333333;0.0;0.25630252100840334;0.2647058823529412;0.13865546218487396;0.23529411764705882;0.10504201680672269
Verde;Ciências Humanas e suas Tecnologias;31;0.0;0.004166666666666667;0.21338912133891214;0.13389121338912133;0.2803347280334728;0.1506276150627615;0.2217573221757322
Verde;Ciências Humanas e suas Tecnologias;32;0.004166666666666667;0.004166666666666667;0.24789915966386555;0.1722689075630252;0.22268907563025211;0.226890756302521;0.13025210084033614
Verde;Ciências Humanas e suas Tecnologias;33;0.008333333333333333;0.004166666666666667;0.1350210970464135;0.22784810126582278;0.18143459915611815;0.1940928270042194;0.2616033755274262
Verde;Ciências Humanas e suas Tecnologias;34;0.0125;0.0;0.12236286919831224;0.21940928270042195;0.13924050632911392;0.24472573839662448;0.2742616033755274
Verde;Ciências Humanas e suas Tecnologias;35;0.008333333333333333;0.0;0.27310924369747897;0.06722689075630252;0.21428571428571427;0.1134453781512605;0.3319327731092437
Verde;Ciências Humanas e suas Tecnologias;36;0.008333333333333333;0.004166666666666667;0.1518987341772152;0.21940928270042195;0.24050632911392406;0.16033755274261605;0.22784810126582278
Verde;Ciências Humanas e suas Tecnologias;37;0.008333333333333333;0.0;0.19327731092436976;0.19747899159663865;0.3277310924369748;0.12605042016806722;0.15546218487394958
Verde;Ciências Humanas e suas Tecnologias;38;0.008333333333333333;0.0;0.10504201680672269;0.31512605042016806;0.25210084033613445;0.21428571428571427;0.1134453781512605
Verde;Ciências Humanas e suas Tecnologias;39;0.0125;0.004166666666666667;0.11016949152542373;0.1864406779661017;0.2966101694915254;0.2076271186440678;0.19915254237288135
Verde;Ciências Humanas e suas Tecnologias;40;0.008333333333333333;0.0;0.42016806722689076;0.12605042016806722;0.13865546218487396;0.20588235294117646;0.1092436974789916
Verde;Ciências Humanas e suas Tecnologias;41;0.008333333333333333;0.0;0.19747899159663865;0.23529411764705882;0.22268907563025211;0.18067226890756302;0.1638655462184874
Verde;Ciências Humanas e suas Tecnologias;42;0.008333333333333333;0.0;0.21008403361344538;0.10084033613445378;0.20168067226890757;0.2605042016806723;0.226890756302521
Verde;Ciências Humanas e suas Tecnologias;43;0.008333333333333333;0.0;0.13865546218487396;0.1638655462184874;0.35714285714285715;0.20588235294117646;0.13445378151260504
Verde;Ciências Humanas e suas Tecnologias;44;0.008333333333333333;0.004166666666666667;0.42616033755274263;0.270042194092827;0.10126582278481013;0.10970464135021098;0.09282700421940929
Verde;Ciências Humanas e suas Tecnologias;45;0.0125;0.0;0.0970464135021097;0.22784810126582278;0.28270042194092826;0.1729957805907173;0.21940928270042195
Verde;Matemática e suas Tecnologias;1;0.004166666666666667;0.0;0.21338912133891214;0.13389121338912133;0.15481171548117154;0.36401673640167365;0.13389121338912133
Verde;Matemática e suas Tecnologias;2;0.004166666666666667;0.0;0.2217573221757322;0.19665271966527198;0.23430962343096234;0.16736401673640167;0.1799163179916318
Verde;Matemática e suas Tecnologias;3;0.004166666666666667;0.0;0.0794979079497908;0.2217573221757322;0.26778242677824265;0.3305439330543933;0.100418410041841
Verde;Matemática e suas Tecnologias;4;0.004166666666666667;0.0;0.058577405857740586;0.08368200836820083;0.5899581589958159;0.13807531380753138;0.1297071129707113
Verde;Matemática e suas Tecnologias;5;0.004166666666666667;0.0;0.39748953974895396;0.23430962343096234;0.1297071129707113;0.09205020920502092;0.14644351464435146
Verde;Matemática e suas Tecnologias;6;0.004166666666666667;0.0;0.09205020920502092;0.28451882845188287;0.22594142259414227;0.17573221757322174;0.2217573221757322
Verde;Matemática e suas Tecnologias;7;0.004166666666666667;0.0;0.0502092050209205;0.17573221757322174;0.2928870292887029;0.24686192468619247;0.23430962343096234
Verde;Matemática e suas Tecnologias;8;0.004166666666666667;0.0;0.22594142259414227;0.22594142259414227;0.24267782426778242;0.16736401673640167;0.13807531380753138
Verde;Matemática e suas Tecnologias;9;0.008333333333333333;0.0;0.24369747899159663;0.27310924369747897;0.21428571428571427;0.1722689075630252;0.09663865546218488
Verde;Matemática e suas Tecnologias;10;0.004166666666666667;0.0;0.2510460251046025;0.17154811715481172;0.18410041841004185;0.22594142259414227;0.16736401673640167
Verde;Matemática e suas Tecnologias;11;0.004166666666666667;0.0;0.11715481171548117;0.0794979079497908;0.05439330543933055;0.08786610878661087;0.6610878661087866
Verde;Matemática e suas Tecnologias;12;0.004166666666666667;0.0;0.200836820083682;0.27615062761506276;0.2217573221757322;0.1799163179916318;0.12133891213389121
Verde;Matemática e suas Tecnologias;13;0.004166666666666667;0.0;0.18828451882845187;0.14644351464435146;0.3054393305439331;0.19246861924686193;0.16736401673640167
Verde;Matemática e suas Tecnologias;14;0.004166666666666667;0.008333333333333333;0.15611814345991562;0.13924050632911392;0.20675105485232068;0.24050632911392406;0.25738396624472576
Verde;Matemática e suas Tecnologias;15;0.008333333333333333;0.0;0.18907563025210083;0.14705882352941177;0.2647058823529412;0.23529411764705882;0.1638655462184874
Verde;Matemática e suas Tecnologias;16;0.004166666666666667;0.0;0.17154811715481172;0.100418410041841;0.07531380753138076;0.1589958158995816;0.49372384937238495
Verde;Matemática e suas Tecnologias;17;0.004166666666666667;0.0;0.1589958158995816;0.20920502092050208;0.2301255230125523;0.17154811715481172;0.2301255230125523
Verde;Matemática e suas Tecnologias;18;0.004166666666666667;0.0;0.28451882845188287;0.4351464435146444;0.11297071129707113;0.09205020920502092;0.07531380753138076
Verde;Matemática e suas Tecnologias;19;0.004166666666666667;0.0;0.29707112970711297;0.11297071129707113;0.2928870292887029;0.06276150627615062;0.23430962343096234
Verde;Matemática e suas Tecnologias;20;0.004166666666666667;0.004166666666666667;0.6428571428571429;0.13025210084033614;0.08823529411764706;0.08403361344537816;0.0546218487394958
Verde;Matemática e suas Tecnologias;21;0.004166666666666667;0.0;0.100418410041841;0.13807531380753138;0.4393305439330544;0.20920502092050208;0.11297071129707113
Verde;Matemática e suas Tecnologias;22;0.004166666666666667;0.0;0.14644351464435146;0.2928870292887029;0.2217573221757322;0.24267782426778242;0.09623430962343096
Verde;Matemática e suas Tecnologias;23;0.004166666666666667;0.008333333333333333;0.20253164556962025;0.16455696202531644;0.23628691983122363;0.14345991561181434;0.25316455696202533
Verde;Matemática e suas Tecnologias;24;0.004166666666666667;0.0;0.17154811715481172;0.3179916317991632;0.27615062761506276;0.100418410041841;0.13389121338912133
Verde;Matemática e suas Tecnologias;25;0.004166666666666667;0.004166666666666667;0.23949579831932774;0.14285714285714285;0.15966386554621848;0.2605042016806723;0.19747899159663865
Verde;Matemática e suas Tecnologias;26;0.004166666666666667;0.0;0.16736401673640167;0.26778242677824265;0.20502092050209206;0.13389121338912133;0.22594142259414227
Verde;Matemática e suas Tecnologias;27;0.004166666666666667;0.0;0.08368200836820083;0.1506276150627615;0.41841004184100417;0.21338912133891214;0.13389121338912133
Verde;Matemática e suas Tecnologias;28;0.004166666666666667;0.0;0.09623430962343096;0.32217573221757323;0.2301255230125523;0.100418410041841;0.2510460251046025
Verde;Matemática e suas Tecnologias;29;0.008333333333333333;0.004166666666666667;0.16033755274261605;0.1518987341772152;0.22784810126582278;0.19831223628691982;0.2616033755274262
Verde;Matemática e suas Tecnologias;30;0.004166666666666667;0.0;0.2175732217573222;0.24686192468619247;0.2594142259414226;0.16736401673640167;0.1087866108786611
Verde;Matemática e suas Tecnologias;31;0.004166666666666667;0.0;0.4476987447698745;0.1799163179916318;0.09205020920502092;0.1799163179916318;0.100418410041841
Verde;Matemática e suas Tecnologias;32;0.004166666666666667;0.0;0.30962343096234307;0.1799163179916318;0.1589958158995816;0.11715481171548117;0.23430962343096234
Verde;Matemática e suas Tecnologias;33;0.004166666666666667;0.0;0.19665271966527198;0.13807531380753138;0.24267782426778242;0.29707112970711297;0.12552301255230125
Verde;Matemática e suas Tecnologias;34;0.008333333333333333;0.0;0.12184873949579832;0.2647058823529412;0.2857142857142857;0.1092436974789916;0.2184873949579832
Verde;Matemática e suas Tecnologias;35;0.004166666666666667;0.004166666666666667;0.21428571428571427;0.18907563025210083;0.2857142857142857;0.1722689075630252;0.13865546218487396
Verde;Matemática e suas Tecnologias;36;0.0125;0.0;0.1729957805907173;0.3459915611814346;0.16033755274261605;0.2109704641350211;0.10970464135021098
Verde;Matemática e suas Tecnologias;37;0.004166666666666667;0.0;0.09623430962343096;0.2301255230125523;0.30962343096234307;0.1297071129707113;0.23430962343096234
Verde;Matemática e suas Tecnologias;38;0.004166666666666667;0.004166666666666667;0.1638655462184874;0.1134453781512605;0.31512605042016806;0.19747899159663865;0.21008403361344538
Verde;Matemática e suas Tecnologias;39;0.004166666666666667;0.004166666666666667;0.24789915966386555;0.2605042016806723;0.2184873949579832;0.21428571428571427;0.058823529411764705
Verde;Matemática e suas Tecnologias;40;0.008333333333333333;0.008333333333333333;0.13135593220338984;0.19915254237288135;0.1440677966101695;0.2838983050847458;0.24152542372881355
Verde;Matemática e suas Tecnologias;41;0.004166666666666667;0.0;0.33472803347280333;0.3054393305439331;0.16736401673640167;0.08368200836820083;0.1087866108786611
Verde;Matemática e suas Tecnologias;42;0.008333333333333333;0.0;0.19327731092436976;0.20168067226890757;0.14705882352941177;0.22268907563025211;0.23529411764705882
Verde;Matemática e suas Tecnologias;43;0.004166666666666667;0.004166666666666667;0.15966386554621848;0.1722689075630252;0.31092436974789917;0.2184873949579832;0.13865546218487396
Verde;Matemática e suas Tecnologias;44;0.004166666666666667;0.0;0.058577405857740586;0.11297071129707113;0.09205020920502092;0.46443514644351463;0.2719665271966527
Verde;Matemática e suas Tecnologias;45;0.004166666666666667;0.004166666666666667;0.23949579831932774;0.2184873949579832;0.22268907563025211;0.1638655462184874;0.15546218487394958
Verde;Ciências Naturais e suas Tecnologias;1;0.0;0.0;0.1625;0.39166666666666666;0.1625;0.1375;0.14583333333333334
Verde;Ciências Naturais e suas Tecnologias;2;0.004166666666666667;0.0;0.3263598326359833;0.14225941422594143;0.21338912133891214;0.2175732217573222;0.100418410041841
Verde;Ciências Naturais e suas Tecnologias;3;0.0;0.004166666666666667;0.200836820083682;0.15481171548117154;0.32217573221757323;0.18410041841004185;0.13807531380753138
Verde;Ciências Naturais e suas Tecnologias;4;0.0;0.008333333333333333;0.20168067226890757;0.23529411764705882;0.24789915966386555;0.18487394957983194;0.13025210084033614
Verde;Ciências Naturais e suas Tecnologias;5;0.0;0.004166666666666667;0.13807531380753138;0.41422594142259417;0.18828451882845187;0.17154811715481172;0.08786610878661087
Verde;Ciências Naturais e suas Tecnologias;6;0.0;0.0;0.1;0.17916666666666667;0.3125;0.24583333333333332;0.1625
Verde;Ciências Naturais e suas Tecnologias;7;0.0;0.0;0.275;0.19166666666666668;0.20833333333333334;0.2;0.125
Verde;Ciências Naturais e suas Tecnologias;8;0.0;0.0;0.10833333333333334;0.2625;0.13333333333333333;0.37083333333333335;0.125
Verde;Ciências Naturais e suas Tecnologias;9;0.0;0.0;0.23333333333333334;0.22916666666666666;0.18333333333333332;0.15416666666666667;0.2
Verde;Ciências Naturais e suas Tecnologias;10;0.0;0.0;0.10833333333333334;0.3375;0.1375;0.26666666666666666;0.15
Verde;Ciências Naturais e suas Tecnologias;11;0.0;0.0;0.14583333333333334;0.22083333333333333;0.20416666666666666;0.2833333333333333;0.14583333333333334
Verde;Ciências Naturais e suas Tecnologias;12;0.0;0.0;0.08333333333333333;0.22916666666666666;0.29583333333333334;0.15;0.24166666666666667
Verde;Ciências Naturais e suas Tecnologias;13;0.004166666666666667;0.0;0.17154811715481172;0.14644351464435146;0.26359832635983266;0.16736401673640167;0.2510460251046025
Verde;Ciências Naturais e suas Tecnologias;14;0.004166666666666667;0.0;0.2384937238493724;0.16736401673640167;0.13807531380753138;0.23430962343096234;0.2217573221757322
Verde;Ciências Naturais e suas Tecnologias;15;0.0;0.008333333333333333;0.13445378151260504;0.13025210084033614;0.2773109243697479;0.1722689075630252;0.2857142857142857
Verde;Ciências Naturais e suas Tecnologias;16;0.0;0.004166666666666667;0.33472803347280333;0.2510460251046025;0.1297071129707113;0.1506276150627615;0.13389121338912133
Verde;Ciências Naturais e suas Tecnologias;17;0.0;0.0;0.31666666666666665;0.18333333333333332;0.17083333333333334;0.19166666666666668;0.1375
Verde;Ciências Naturais e suas Tecnologias;18;0.0;0.0;0.0875;0.2708333333333333;0.17083333333333334;0.2791666666666667;0.19166666666666668
Verde;Ciências Naturais e suas Tecnologias;19;0.0;0.004166666666666667;0.16736401673640167;0.17154811715481172;0.26778242677824265;0.22594142259414227;0.16736401673640167
Verde;Ciências Naturais e suas Tecnologias;20;0.0;0.0;0.09166666666666666;0.20416666666666666;0.275;0.19583333333333333;0.23333333333333334
Verde;Ciências Naturais e suas Tecnologias;21;0.0;0.0;0.12916666666666668;0.15833333333333333;0.20833333333333334;0.24583333333333332;0.25833333333333336
Verde;Ciências Naturais e suas Tecnologias;22;0.0;0.0;0.15416666666666667;0.22916666666666666;0.22083333333333333;0.19166666666666668;0.20416666666666666
Verde;Ciências Naturais e suas Tecnologias;23;0.0;0.0;0.275;0.19166666666666668;0.18333333333333332;0.12916666666666668;0.22083333333333333
Verde;Ciências Naturais e suas Tecnologias;24;0.0;0.0;0.175;0.15;0.1125;0.4083333333333333;0.15416666666666667
Verde;Ciências Naturais e suas Tecnologias;25;0.0;0.0;0.16666666666666666;0.2625;0.13333333333333333;0.17083333333333334;0.26666666666666666
Verde;Ciências Naturais e suas Tecnologias;26;0.0;0.0;0.25416666666666665;0.1625;0.32916666666666666;0.17916666666666667;0.075
Verde;Ciências Naturais e suas Tecnologias;27;0.0;0.0;0.175;0.14166666666666666;0.30833333333333335;0.20416666666666666;0.17083333333333334
Verde;Ciências Naturais e suas Tecnologias;28;0.0;0.0;0.10833333333333334;0.23333333333333334;0.21666666666666667;0.26666666666666666;0.175
Verde;Ciências Naturais e suas Tecnologias;29;0.0;0.0;0.1125;0.10833333333333334;0.30833333333333335;0.25833333333333336;0.2125
Verde;Ciências Naturais e suas Tecnologias;30;0.0125;0.0;0.3080168776371308;0.32489451476793246;0.14767932489451477;0.12236286919831224;0.0970464135021097
Verde;Ciências Naturais e suas Tecnologias;31;0.0;0.0;0.14166666666666666;0.29583333333333334;0.14166666666666666;0.24166666666666667;0.17916666666666667
Verde;Ciências Naturais e suas Tecnologias;32;0.0;0.0;0.2833333333333333;0.24166666666666667;0.17916666666666667;0.14166666666666666;0.15416666666666667
Verde;Ciências Naturais e suas Tecnologias;33;0.0;0.0;0.07083333333333333;0.31666666666666665;0.14583333333333334;0.18333333333333332;0.2833333333333333
Verde;Ciências Naturais e suas Tecnologias;34;0.0;0.0;0.20833333333333334;0.15416666666666667;0.2708333333333333;0.15416666666666667;0.2125
Verde;Ciências Naturais e suas Tecnologias;35;0.0;0.0;0.075;0.11666666666666667;0.2125;0.15;0.44583333333333336
Verde;Ciências Naturais e suas Tecnologias;36;0.0;0.0;0.3;0.1875;0.25416666666666665;0.1625;0.09583333333333334
Verde;Ciências Naturais e suas Tecnologias;37;0.0;0.0;0.125;0.13333333333333333;0.08333333333333333;0.38333333333333336;0.275
Verde;Ciências Naturais e suas Tecnologias;38;0.0;0.0;0.22916666666666666;0.22083333333333333;0.23333333333333334;0.14166666666666666;0.175
Verde;Ciências Naturais e suas Tecnologias;39;0.0;0.0;0.31666666666666665;0.17083333333333334;0.13333333333333333;0.20833333333333334;0.17083333333333334
Verde;Ciências Naturais e suas Tecnologias;40;0.0;0.0;0.18333333333333332;0.2625;0.12083333333333333;0.30416666666666664;0.12916666666666668
Verde;Ciências Naturais e suas Tecnologias;41;0.0;0.004166666666666667;0.18828451882845187;0.05439330543933055;0.30962343096234307;0.25523012552301255;0.19246861924686193
Verde;Ciências Naturais e suas Tecnologias;42;0.0;0.0;0.2;0.10833333333333334;0.2833333333333333;0.2708333333333333;0.1375
Verde;Ciências Naturais e suas Tecnologias;43;0.004166666666666667;0.0;0.24267782426778242;0.11297071129707113;0.301255230125523;0.2719665271966527;0.07112970711297072
Verde;Ciências Naturais e suas Tecnologias;44;0.004166666666666667;0.004166666666666667;0.10084033613445378;0.14705882352941177;0.12605042016806722;0.3403361344537815;0.2857142857142857
Verde;Ciências Naturais e suas Tecnologias;45;0.004166666666666667;0.0;0.14644351464435146;0.06694560669456066;0.12133891213389121;0.28451882845188287;0.3807531380753138
Verde;Inglês;1;0.004166666666666667;0.004166666666666667;0.056338028169014086;0.5563380281690141;0.1619718309859155;0.20422535211267606;0.02112676056338028
Verde;Inglês;2;0.0;0.0;0.2708333333333333;0.3263888888888889;0.1736111111111111;0.1388888888888889;0.09027777777777778
Verde;Inglês;3;0.0;0.0;0.19444444444444445;0.2847222222222222;0.2847222222222222;0.09027777777777778;0.14583333333333334
Verde;Inglês;4;0.0;0.004166666666666667;0.04195804195804196;0.2937062937062937;0.1258741258741259;0.15384615384615385;0.38461538461538464
Verde;Inglês;5;0.0;0.0;0.2847222222222222;0.09722222222222222;0.22916666666666666;0.2986111111111111;0.09027777777777778
Verde;Espanhol;1;0.004166666666666667;0.0;0.21052631578947367;0.35789473684210527;0.17894736842105263;0.11578947368421053;0.1368421052631579
Verde;Espanhol;2;0.0;0.0;0.21875;0.20833333333333334;0.23958333333333334;0.17708333333333334;0.15625
Verde;Espanhol;3;0.0;0.0;0.1875;0.0625;0.20833333333333334;0.3541666666666667;0.1875
Verde;Espanhol;4;0.0;0.0;0.125;0.09375;0.13541666666666666;0.13541666666666666;0.5104166666666666
Verde;Espanhol;5;0.0;0.0;0.25;0.13541666666666666;0.25;0.17708333333333334;0.1875
Cinza;Linguagens, Códigos e suas Tecnologias;1;0.0028311798174400675;0.0004980147630677709;0.19418428329319418;0.31596714765031597;0.2744008288562744;0.11605360120211605;0.09939413899809939
Cinza;Linguagens, Códigos e suas Tecnologias;2;0.0017123521305480892;0.0005048368831097952;0.177285375515743;0.33636725014735513;0.2592353981330446;0.12226364919879923;0.10484832700505806
Cinza;Linguagens, Códigos e suas Tecnologias;3;0.0017805733309683317;0.0004434378027315769;0.20714848702923136;0.32418354408690586;0.2501559233747987;0.11666495322298756;0.10184709228607655
Cinza;Linguagens, Códigos e suas Tecnologias;4;0.0016577751702118951;0.0005184811231938437;0.1886205384067109;0.3365179012007237;0.2578951696913208;0.1139933658643566;0.10297302483688799
Cinza;Linguagens, Códigos e suas Tecnologias;5;0.0021489678132376416;0.0004911926430257467;0.20894928828062861;0.24146348152820823;0.20969666218699431;0.13449987658045584;0.205390691423713
Cinza;Linguagens, Códigos e suas Tecnologias;6;0.0016782415303379678;0.0006003465636981348;0.1047451284125102;0.13449899586694722;0.22474074175617045;0.2435074059096486;0.2925077280547235
Cinza;Linguagens, Códigos e suas Tecnologias;7;0.0013917124885729488;0.0005935244436561106;0.1386323146498561;0.11567767575716048;0.23589831437577086;0.22615458407564754;0.28363711114156503
Cinza;Linguagens, Códigos e suas Tecnologias;8;0.0012757364478585365;0.0008050101649588626;0.31315872428491154;0.19200142537998713;0.16790702136699423;0.17358798295026245;0.15334484601784465
Cinza;Linguagens, Códigos e suas Tecnologias;9;0.0019511263320189382;0.0009414525657993478;0.21529830529398453;0.1467967930209112;0.1835097080387087;0.11349249350168374;0.34090270014471186
Cinza;Linguagens, Códigos e suas Tecnologias;10;0.001446289448909143;0.0005867023236140863;0.048583939204977625;0.23800648242686712;0.2571111400437187;0.07951594224746973;0.37678249607696684
Cinza;Linguagens, Códigos e suas Tecnologias;11;0.001575909729707604;0.0002660626816389461;0.18498091956070456;0.09188755900548777;0.3694343009434027;0.2626866080665383;0.09101061242386665
Cinza;Linguagens, Códigos e suas Tecnologias;12;0.0012279816075643666;0.00038886084239538277;0.49716426702467226;0.17469211063468362;0.0971889255722838;0.1250736331630067;0.10588106360535364
Cinza;Linguagens, Códigos e suas Tecnologias;13;0.0013917124885729488;0.0005321253632778922;0.2493747816017924;0.08829111538962241;0.14879170121069688;0.39656318302968846;0.11697921876819985
Cinza;Linguagens, Códigos e suas Tecnologias;14;0.0010915392067238816;0.0005253032432358679;0.07537981012918339;0.08503089168048002;0.23142731893091498;0.316197925942162;0.2919640533172596
Cinza;Linguagens, Códigos e suas Tecnologias;15;0.0018283281712625015;0.0005321253632778922;0.16051684546046543;0.17408232511910066;0.2656133255646571;0.23029098262329917;0.16949652123247763
Cinza;Linguagens, Códigos e suas Tecnologias;16;0.0017259963706321377;0.000579880203572062;0.2106955097228791;0.22273858238572103;0.09537811958078866;0.22770797776452606;0.24347981054608514
Cinza;Linguagens, Códigos e suas Tecnologias;17;0.001814683931178453;0.0005935244436561106;0.3918685476905359;0.07333525274544482;0.09354392026213686;0.25979242929022883;0.18145985001165357
Cinza;Linguagens, Códigos e suas Tecnologias;18;0.0013303134081947307;0.0005389474833199165;0.20814349431681933;0.20478634118267708;0.18443103105709216;0.12666744315106504;0.27597169029234636
Cinza;Linguagens, Códigos e suas Tecnologias;19;0.0014326452088250946;0.0005389474833199165;0.11806059941620643;0.19968206547806663;0.181901029175974;0.2760206109276288;0.22433569500212414
Cinza;Linguagens, Códigos e suas Tecnologias;20;0.0016645972902539193;0.0006276350438662319;0.07532814695500188;0.10253949758387881;0.4016450186778162;0.09238150724836355;0.3281058295349395
Cinza;Linguagens, Códigos e suas Tecnologias;21;0.0014053567286569976;0.0005457696033619408;0.14242351570797218;0.15021412175819657;0.3096303401966494;0.18639213402309088;0.21133988831409092
Cinza;Linguagens, Códigos e suas Tecnologias;22;0.0017396406107161862;0.0005253032432358679;0.16884968368528913;0.17943234703459243;0.2552245046230612;0.2574931973488509;0.13900026730820636
Cinza;Linguagens, Códigos e suas Tecnologias;23;0.0019101936117667927;0.0007845438048327899;0.17997613757919856;0.13467868016127704;0.11391563125702844;0.22851696426122495;0.342912586741271
Cinza;Linguagens, Códigos e suas Tecnologias;24;0.0020739244927753748;0.0006617456440763532;0.09649591990674072;0.35676472605088116;0.2535417952410341;0.12203250360008229;0.17116505520126174
Cinza;Linguagens, Códigos e suas Tecnologias;25;0.002503718055422903;0.0005594138434459893;0.2554430588138453;0.13049622038386083;0.19068197719883112;0.2947757610678959;0.12860298253556682
Cinza;Linguagens, Códigos e suas Tecnologias;26;0.0011665825271861485;0.00037521660231133426;0.3408992842710866;0.11349611314681005;0.21970480462997843;0.21234889216122735;0.11355090579089758
Cinza;Linguagens, Códigos e suas Tecnologias;27;0.0018010396910944045;0.00040932720252145557;0.2385560665355329;0.1863447264353321;0.14539398383902075;0.16685971200833408;0.2628455111817802
Cinza;Linguagens, Códigos e suas Tecnologias;28;0.0018624387714726229;0.0005116590031518194;0.07192064873905801;0.2497206665615596;0.1743863232864693;0.3334452952023197;0.1705270662105934
Cinza;Linguagens, Códigos e suas Tecnologias;29;0.0018215060512204774;0.0005457696033619408;0.2370376463491541;0.1361012859532231;0.17205450906199446;0.30264456691617997;0.15216199171944833
Cinza;Linguagens, Códigos e suas Tecnologias;30;0.001500866409245337;0.0006276350438662319;0.43271266935765734;0.1130079016440628;0.092325194114543;0.10731296130044751;0.25464127358328936
Cinza;Linguagens, Códigos e suas Tecnologias;31;0.0018487945313885744;0.0006685677641183774;0.23804006526717034;0.22258024708285915;0.13819911971589585;0.10078704528938312;0.30039352264469155
Cinza;Linguagens, Códigos e suas Tecnologias;32;0.0021012129729434718;0.0005253032432358679;0.12040782743441712;0.09000589663069265;0.27644227472813787;0.34714699066138255;0.16599701054536978
Cinza;Linguagens, Códigos e suas Tecnologias;33;0.0020329917725232295;0.000552591723403965;0.1301661958697858;0.17928448015796836;0.2779187121191345;0.15342264761539096;0.2592079642377204
Cinza;Linguagens, Códigos e suas Tecnologias;34;0.001978414812187035;0.0004161493225634798;0.1344118453523444;0.1881889224019742;0.22816013161502605;0.18801069372086646;0.2612284069097889
Cinza;Linguagens, Códigos e suas Tecnologias;35;0.0019647705721029867;0.0004775484029416982;0.10149239406881329;0.19832319894702927;0.4101375854339048;0.08844679961336231;0.2016000219368903
Cinza;Linguagens, Códigos e suas Tecnologias;36;0.0022990544541621753;0.0007026783643284988;0.322804562695914;0.09192611340892098;0.2660315108614386;0.22220850395429073;0.09702930907943563
Cinza;Linguagens, Códigos e suas Tecnologias;37;0.002708381656683631;0.0006208129238242077;0.27287073821727287;0.16842661397116843;0.21242186588721243;0.1547038279711547;0.19157695395319158
Cinza;Linguagens, Códigos e suas Tecnologias;38;0.0020739244927753748;0.0009141640856312508;0.13034233467999148;0.16733999574739528;0.24128730460310166;0.15366307024342732;0.30736729472608426
Cinza;Linguagens, Códigos e suas Tecnologias;39;0.0023809198946664663;0.0006822120042024259;0.10943737910030045;0.14888669383051406;0.3592213030415278;0.16024612092027823;0.22220850310737952
Cinza;Linguagens, Códigos e suas Tecnologias;40;0.002517362295506952;0.00034110600210121296;0.14021479713603818;0.15511069047814996;0.28111540888267084;0.20948893095218502;0.21407017255095603
Cinza;Ciências Humanas e suas Tecnologias;1;0.0017737512109263075;0.00024559632151287334;0.3609278103265152;0.12810497824373865;0.16810908966320623;0.1263644773358002;0.2164936444307397
Cinza;Ciências Humanas e suas Tecnologias;2;0.0015963760898336768;0.00032746176201716446;0.1659552309368341;0.2575351663937403;0.23040925254712263;0.06248758127839177;0.28361276884391123
Cinza;Ciências Humanas e suas Tecnologias;3;0.002517362295506952;0.0005594138434459893;0.3924338043627384;0.23615722321306076;0.15048703525860888;0.0885992591576348;0.1323226780079572
Cinza;Ciências Humanas e suas Tecnologias;4;0.0019170157318088169;0.0005389474833199165;0.11863221613617511;0.20280933153265557;0.48757463786496286;0.08375208231930953;0.10723173214689692
Cinza;Ciências Humanas e suas Tecnologias;5;0.002421852614918612;0.0006139908037821833;0.4099707790871551;0.10841233040209622;0.20019754983331733;0.09334915561164996;0.18807018506578135
Cinza;Ciências Humanas e suas Tecnologias;6;0.0016987078904640406;0.0005867023236140863;0.13454789713220378;0.2985756977573066;0.0944508416954543;0.18119756538904425;0.29122799802599114
Cinza;Ciências Humanas e suas Tecnologias;7;0.0024832516952968306;0.0006208129238242077;0.3135152562836132;0.24482768082537593;0.11983454066513007;0.22950279881461969;0.09231972341126111
Cinza;Ciências Humanas e suas Tecnologias;8;0.002401386254792539;0.0007777216847907655;0.1393887421534662;0.2686858985353137;0.2549240215415223;0.15889273831166603;0.17810859945803176
Cinza;Ciências Humanas e suas Tecnologias;9;0.0026196940961373157;0.0005389474833199165;0.3582130508753636;0.1597538554415235;0.2793891663465232;0.12228335437132978;0.08036057296525986
Cinza;Ciências Humanas e suas Tecnologias;10;0.0021080350929854963;0.0005662359634880135;0.2399769608952338;0.33974451278464607;0.1081329411200022;0.18052098547027887;0.13162459972983906
Cinza;Ciências Humanas e suas Tecnologias;11;0.002415030494876588;0.0005457696033619408;0.3390947687538152;0.19469536410214203;0.15088101949971536;0.15062038313545545;0.16470846450887192
Cinza;Ciências Humanas e suas Tecnologias;12;0.0021967226535318115;0.0006139908037821833;0.15925908146400675;0.19830063297649825;0.22309164100700182;0.11364774137800973;0.30570090317448345
Cinza;Ciências Humanas e suas Tecnologias;13;0.0033837715408440326;0.0006753898841604017;0.3911052212365075;0.229641022824027;0.13585926556620614;0.130201323848499;0.11319316652476036
Cinza;Ciências Humanas e suas Tecnologias;14;0.0020602802526913265;0.0006549235240343289;0.10984482250245144;0.2532897218050784;0.3846591649352341;0.17614668833528763;0.0760596024219484
Cinza;Ciências Humanas e suas Tecnologias;15;0.003104064619121038;0.000709500484370523;0.3623345598330496;0.2301471799659509;0.15193722884287988;0.11758608380471196;0.13799494755340766
Cinza;Ciências Humanas e suas Tecnologias;16;0.001998881172313108;0.00039568296243740707;0.27356046065259115;0.29700438716753497;0.12002330682752947;0.09365917192212778;0.21575267343021662
Cinza;Ciências Humanas e suas Tecnologias;17;0.0028721125376922133;0.0005935244436561106;0.15449174118018433;0.15154779959237732;0.16769487314974302;0.19703135400726035;0.329234232070435
Cinza;Ciências Humanas e suas Tecnologias;18;0.002974444338322577;0.0004775484029416982;0.24861897409504202;0.22079945102075826;0.3040247040658775;0.12835820895522387;0.09819866186309831
Cinza;Ciências Humanas e suas Tecnologias;19;0.002544650775675049;0.0005457696033619408;0.24956440615181988;0.1955301897405644;0.2773532357420187;0.12093045589869528;0.15662171246690174
Cinza;Ciências Humanas e suas Tecnologias;20;0.0031381752193311596;0.0005867023236140863;0.2400178467240965;0.1406390500051481;0.2278752102138175;0.19877132168720185;0.19269657136973609
Cinza;Ciências Humanas e suas Tecnologias;21;0.002455963215128733;0.000607168683740159;0.0920895583816932;0.2755072642713092;0.3069720541630654;0.08928399939635895;0.23614712378757322
Cinza;Ciências Humanas e suas Tecnologias;22;0.0030904203790369897;0.0005662359634880135;0.23289062768111465;0.18590205566423007;0.10169875424688561;0.2400562819588867;0.23945228044888295
Cinza;Ciências Humanas e suas Tecnologias;23;0.0032268627798774747;0.0006208129238242077;0.14310035903808;0.27713208894258823;0.20253729396500236;0.12737957121379584;0.24985068684053355
Cinza;Ciências Humanas e suas Tecnologias;24;0.0028243576973980434;0.0005184811231938437;0.28211004453105165;0.2648602658140125;0.20460268558607392;0.10061684769556954;0.14781015637329234
Cinza;Ciências Humanas e suas Tecnologias;25;0.0032473291400035476;0.00073678896453862;0.2197985540381882;0.18463820058085645;0.25724525736884385;0.10165674541871786;0.2366612425933936
Cinza;Ciências Humanas e suas Tecnologias;26;0.003131353099289135;0.0007436110845806443;0.2127513507204987;0.09657222493014699;0.1867941755970974;0.2919272567501699;0.211954992002087
Cinza;Ciências Humanas e suas Tecnologias;27;0.003622545742314882;0.0005662359634880135;0.10877164067382243;0.3917674447351614;0.1537526525062321;0.21641017188927117;0.1292980901955129
Cinza;Ciências Humanas e suas Tecnologias;28;0.003574790902020712;0.0007436110845806443;0.21295622192612537;0.2170222118435693;0.17380733251830383;0.1692468303136032;0.22696740339839833
Cinza;Ciências Humanas e suas Tecnologias;29;0.004134204745466701;0.0008868756054631538;0.18253548231898004;0.23971270490394858;0.15724251692498023;0.1277157290628544;0.29279356678923674
Cinza;Ciências Humanas e suas Tecnologias;30;0.004113738385340629;0.0004980147630677709;0.35450516986706054;0.19200989316753117;0.22318024114595858;0.11320806567964;0.1170966301398097
Cinza;Ciências Humanas e suas Tecnologias;31;0.003417882141054154;0.0005594138434459893;0.20832417884213997;0.18541277600790948;0.28792705701417115;0.111309458420301;0.2070265297154784
Cinza;Ciências Humanas e suas Tecnologias;32;0.0034315263811382024;0.0006481014039923047;0.2576751148434764;0.19149505949887732;0.22632919736598162;0.21675719102126578;0.10774343727039888
Cinza;Ciências Humanas e suas Tecnologias;33;0.003629367862356906;0.0010096737662195904;0.21163715810952863;0.3659404607319771;0.18956929186333313;0.11543720070628165;0.1174158885888795
Cinza;Ciências Humanas e suas Tecnologias;34;0.004488954987651963;0.0009414525657993478;0.2635129095472204;0.21056829511465602;0.12571939354350742;0.1618248702169354;0.23837453157768074
Cinza;Ciências Humanas e suas Tecnologias;35;0.0037999208634075126;0.001603198209875701;0.11652995413884859;0.13508068674839624;0.3655003128459354;0.1759844333363128;0.20690461293050694
Cinza;Ciências Humanas e suas Tecnologias;36;0.00469361858891269;0.001207515247438294;0.15747148576696063;0.35597732619732264;0.1565840705529491;0.13408224756820714;0.1958848699145605
Cinza;Ciências Humanas e suas Tecnologias;37;0.004816416749669128;0.0008254765250849354;0.31812054689004426;0.14882671728425628;0.293444471954004;0.1110629693818602;0.1285452944898352
Cinza;Ciências Humanas e suas Tecnologias;38;0.004625397388492448;0.0010301401263456632;0.17803744102557048;0.16065803771612494;0.19052007537723004;0.20368358069352555;0.267100865187549
Cinza;Ciências Humanas e suas Tecnologias;39;0.004475310747567914;0.0008391207651689839;0.14830322030635537;0.26296647691334596;0.16339410939691446;0.29453015427769985;0.13080603910568436
Cinza;Ciências Humanas e suas Tecnologias;40;0.004959681270551636;0.000866409245337081;0.2706411605687282;0.25077556972561;0.09903217152644504;0.20538324494245994;0.17416785323675685
Cinza;Ciências Humanas e suas Tecnologias;41;0.005198455472022486;0.0011529382871020997;0.20602890571231933;0.3049965588437715;0.14622161046111493;0.15604267033723332;0.1867102546455609
Cinza;Ciências Humanas e suas Tecnologias;42;0.005130234271602243;0.000866409245337081;0.3963756948648797;0.2300621938466619;0.14161483846111508;0.13611783807584346;0.09582943475149981
Cinza;Ciências Humanas e suas Tecnologias;43;0.004857349469921272;0.0013303134081947307;0.205231069885222;0.12920095785967906;0.3073958878093089;0.1687264319726955;0.1894456524730946
Cinza;Ciências Humanas e suas Tecnologias;44;0.004393445307063623;0.0006412792839502804;0.20387235124713904;0.15375997470668692;0.26465190765191454;0.23427931240678246;0.14343645398747706
Cinza;Ciências Humanas e suas Tecnologias;45;0.004229714426055041;0.0003342838820591887;0.10262293730506589;0.38652945136780203;0.1852818730163092;0.13746719610887456;0.1880985422019483
Cinza;Matemática e suas Tecnologias;1;0.0006549235240343289;0.0005116590031518194;0.11304478488638149;0.06553469343150446;0.11809904993477266;0.5695746904262657;0.1337467813210756
Cinza;Matemática e suas Tecnologias;2;0.003840853583659658;0.00027970692172299465;0.07256572908246448;0.19231665045417803;0.20080423077450027;0.2842894134732631;0.25002397621559413
Cinza;Matemática e suas Tecnologias;3;0.0021762562934057386;0.0005184811231938437;0.13493675908254496;0.2825285422096356;0.30699036166006555;0.1267759787121974;0.14876835833555652
Cinza;Matemática e suas Tecnologias;4;0.0009073419655892265;0.00046390416285764963;0.03381586408072086;0.4727662743115568;0.42524644591852767;0.03815385876582343;0.030017556923371203
Cinza;Matemática e suas Tecnologias;5;0.0006822120042024259;0.0013507797683208033;0.7036107845013809;0.1928919088895573;0.044290558092477644;0.03031090208088376;0.02889584643570042
Cinza;Matemática e suas Tecnologias;6;0.0020875687328594235;0.0005935244436561106;0.05512726675741677;0.4091552716004624;0.13819781242090717;0.1659837607480727;0.23153588847314094
Cinza;Matemática e suas Tecnologias;7;0.0009073419655892265;0.0005116590031518194;0.1491385082050091;0.08933280500635359;0.5967521554374411;0.09497588369519176;0.06980064765600448
Cinza;Matemática e suas Tecnologias;8;0.0020125254123971566;0.0004161493225634798;0.15731128527074528;0.3644153570500458;0.23399395456348393;0.1453093157167672;0.09897008739895778
Cinza;Matemática e suas Tecnologias;9;0.00184197241134655;0.0006481014039923047;0.2723623108120123;0.28261419670763316;0.27883214674080303;0.12776216171854163;0.038429184021009866
Cinza;Matemática e suas Tecnologias;10;0.0006822120042024259;0.000893697725505178;0.06975012128376301;0.10801429440181481;0.11499750599585927;0.6446078263899803;0.06263025192858265
Cinza;Matemática e suas Tecnologias;11;0.0012962028079846093;0.0009346304457573235;0.1159003111004752;0.23732521965061024;0.10853646029195584;0.15882533930463916;0.37941266965231957
Cinza;Matemática e suas Tecnologias;12;0.002237655373783957;0.0005321253632778922;0.37121004816112085;0.2855530319614711;0.13069860989492119;0.15360250656742558;0.05893580341506129
Cinza;Matemática e suas Tecnologias;13;0.0016714194102959436;0.0009414525657993478;0.13388600469223455;0.15561665948467499;0.4265692651796524;0.12621837358668664;0.15770969705675142
Cinza;Matemática e suas Tecnologias;14;0.0014121788486990217;0.001132471926976027;0.08580183162459219;0.11767401459554473;0.18737560615283602;0.21839968811769453;0.3907488595093325
Cinza;Matemática e suas Tecnologias;15;0.0021762562934057386;0.0005594138434459893;0.2123531785936613;0.22615798222751246;0.3011130037419364;0.17002893672912348;0.0903468987077664
Cinza;Matemática e suas Tecnologias;16;0.000607168683740159;0.0009346304457573235;0.10585148541911503;0.09750881412446363;0.06917379540298997;0.1204597010030337;0.6070062040503976
Cinza;Matemática e suas Tecnologias;17;0.002408208374834564;0.00037521660231133426;0.17335504262043866;0.18051089797091138;0.3570128750667013;0.12229945133881538;0.16682173300313324
Cinza;Matemática e suas Tecnologias;18;0.0012416258476484153;0.0007981880449168384;0.16569936356240986;0.3747120307896338;0.1234319777417745;0.12762932124717158;0.2085273066590103
Cinza;Matemática e suas Tecnologias;19;0.002292232334120151;0.0005389474833199165;0.21195618710105565;0.1990462963596434;0.24755929861049347;0.15521971443622706;0.1862185034925804
Cinza;Matemática e suas Tecnologias;20;0.000920986205673275;0.000764077444706717;0.3003040967642738;0.34872040181774694;0.2895616223049851;0.036874295281374925;0.02453958383161923
Cinza;Matemática e suas Tecnologias;21;0.0011938710073542455;0.000579880203572062;0.30380257240879704;0.22914530965951804;0.24094804609012999;0.12723308866745944;0.09887098317409548
Cinza;Matemática e suas Tecnologias;22;0.001732818490674162;0.0006003465636981348;0.13081920131291028;0.27964989059080964;0.22945842450765863;0.2773386214442013;0.08273386214442013
Cinza;Matemática e suas Tecnologias;23;0.0014599336889931916;0.0010710728465978087;0.10612060652071321;0.09391906217726437;0.1615131556449241;0.08782512943622572;0.5506220462208726
Cinza;Matemática e suas Tecnologias;24;0.001787395451010356;0.0005253032432358679;0.18368742435535376;0.34052911934246427;0.25449423220256695;0.16073931743741582;0.06054990666219922
Cinza;Matemática e suas Tecnologias;25;0.0020398138925652536;0.0006822120042024259;0.25497492868527805;0.10039471073927884;0.12814075508096018;0.16481396605624457;0.3516756394382384
Cinza;Matemática e suas Tecnologias;26;0.0018760830115566714;0.0006208129238242077;0.0949827652240521;0.2520859550254418;0.1612614214586639;0.3097198664988784;0.18194999179296384
Cinza;Matemática e suas Tecnologias;27;0.001971592692145011;0.0007163226044125473;0.04977836758147044;0.1949133991846116;0.413583878293704;0.24274222234383122;0.09898213259638274
Cinza;Matemática e suas Tecnologias;28;0.0013507797683208033;0.0012416258476484153;0.06776241091093145;0.22363579157603863;0.10651701071120778;0.1089588377723971;0.493125949029425
Cinza;Matemática e suas Tecnologias;29;0.0020398138925652536;0.0008050101649588626;0.2950090650976636;0.25781137755276573;0.21373789894981698;0.08494509629528273;0.14849656210447099
Cinza;Matemática e suas Tecnologias;30;0.0021694341733637145;0.0009960295261355419;0.1305041131140585;0.2514406164880439;0.22831547105763836;0.23363309106338712;0.15610670827687212
Cinza;Matemática e suas Tecnologias;31;0.0015622654896235554;0.0006003465636981348;0.3506375414487403;0.2227258742693057;0.09596280723344615;0.10496017502478379;0.22571360202372406
Cinza;Matemática e suas Tecnologias;32;0.0016168424499597494;0.0008391207651689839;0.22291447251439592;0.18647672716827837;0.2364623654443244;0.20754058896746044;0.14660584590554088
Cinza;Matemática e suas Tecnologias;33;0.00257876137588517;0.0008254765250849354;0.3787915089367004;0.11895976944613679;0.2289314978471143;0.15248180828706967;0.12083541548297885
Cinza;Matemática e suas Tecnologias;34;0.0013507797683208033;0.001316669168110682;0.34706650888221574;0.32328939538001655;0.10757160153497822;0.10179149195230897;0.12028100225048054
Cinza;Matemática e suas Tecnologias;35;0.0031449973393731837;0.00110518344680793;0.17298693468713816;0.25573619989175045;0.26895224001260626;0.17878993415959277;0.12353469124891236
Cinza;Matemática e suas Tecnologias;36;0.0021148572130275205;0.000866409245337081;0.2561155017277362;0.31610386944472957;0.14029217557904822;0.24524273837627014;0.04224571487221595
Cinza;Matemática e suas Tecnologias;37;0.003608901502230833;0.0009755631660094691;0.10501679117264066;0.22546090055513673;0.31305599342060175;0.2204304023027894;0.13603591254883146
Cinza;Matemática e suas Tecnologias;38;0.002551472895717073;0.0009823852860514934;0.14353981816190164;0.1723764924964399;0.23770402015554826;0.16603680578376603;0.28034286340234416
Cinza;Matemática e suas Tecnologias;39;0.0028243576973980434;0.0008459428852110081;0.25573114951658404;0.22999917832981842;0.19898797622634273;0.2598395004245296;0.05544219550272521
Cinza;Matemática e suas Tecnologias;40;0.0025105401754649277;0.0009073419655892265;0.1759777109959543;0.17470444479432642;0.15875438968791286;0.2891820291482123;0.2013814253735941
Cinza;Matemática e suas Tecnologias;41;0.0027629586170198252;0.0009346304457573235;0.14175568337441796;0.27792385647767737;0.24302930703916736;0.15418378526431115;0.1831073678444262
Cinza;Matemática e suas Tecnologias;42;0.0022171890136578843;0.001316669168110682;0.3214755175813342;0.17082237923102203;0.10773359623178881;0.16787846423485595;0.232090042720999
Cinza;Matemática e suas Tecnologias;43;0.003465636981348324;0.0008800534854211295;0.17442187125286923;0.12679434033368736;0.30429271300832506;0.27029360375483913;0.12419747165027921
Cinza;Matemática e suas Tecnologias;44;0.0017123521305480892;0.0012552700877324638;0.09404229987615209;0.06383983249741698;0.19256638863609926;0.297125496931172;0.3524259820591596
Cinza;Matemática e suas Tecnologias;45;0.002339987174414321;0.0003479281221432372;0.15852190330259666;0.30359537034503514;0.254781514214573;0.15871343749144937;0.1243877746463458
Cinza;Ciências Naturais e suas Tecnologias;1;0.0009278083257152993;0.00015690876096655798;0.27305819440934825;0.3427876767994099;0.0993764640800967;0.18651441371915614;0.09826325099198896
Cinza;Ciências Naturais e suas Tecnologias;2;0.001207515247438294;0.0004980147630677709;0.36056364978268596;0.2655058360440642;0.12334280950168111;0.14603777710958643;0.10454992756198234
Cinza;Ciências Naturais e suas Tecnologias;3;0.0006685677641183774;0.0005594138434459893;0.14159642627832952;0.23251048482944223;0.1988224204587369;0.368123386292537;0.058947282140954356
Cinza;Ciências Naturais e suas Tecnologias;4;0.0010847170866818572;0.0005935244436561106;0.20166602886507762;0.31977777170347693;0.31846572272031487;0.10853105182593484;0.051559424885195715
Cinza;Ciências Naturais e suas Tecnologias;5;0.002155789933279666;0.0005662359634880135;0.12454252546465731;0.32769884323074505;0.2826867693233823;0.16344581791316365;0.10162604406805169
Cinza;Ciências Naturais e suas Tecnologias;6;0.0006822120042024259;0.0006208129238242077;0.23252112493254368;0.04364339337800821;0.15476361251716295;0.3185714968816389;0.25050037229064626
Cinza;Ciências Naturais e suas Tecnologias;7;0.0026128719760952915;0.0005730580835300378;0.15790986551688738;0.23450022242753996;0.26511309584915993;0.2263970160490025;0.11607980015741026
Cinza;Ciências Naturais e suas Tecnologias;8;0.0013439576482787792;0.0005116590031518194;0.14355819834597772;0.2515480828378101;0.19587861390198893;0.30355409746428813;0.10546100744993507
Cinza;Ciências Naturais e suas Tecnologias;9;0.0007299668444965958;0.0004570820428156254;0.1393024971313043;0.3304464236926944;0.24148270586306758;0.1662818971640894;0.12248647614884432
Cinza;Ciências Naturais e suas Tecnologias;10;0.0007572553246646928;0.000764077444706717;0.051237026762959575;0.12528098716170513;0.412355919348998;0.2968727580811566;0.11425330864518068
Cinza;Ciências Naturais e suas Tecnologias;11;0.002599227736011243;0.000552591723403965;0.1789967150287435;0.22340542020257323;0.20206679441554887;0.2353202846975089;0.16021078565562552
Cinza;Ciências Naturais e suas Tecnologias;12;0.0008732313653791053;0.0007026783643284988;0.043354674720364056;0.09123272133432637;0.5239321904189244;0.08814425593265506;0.2533361575937301
Cinza;Ciências Naturais e suas Tecnologias;13;0.002455963215128733;0.0008595871252950566;0.14651325156061767;0.24123863760814807;0.28750958274011607;0.1935029022012923;0.13123562588982587
Cinza;Ciências Naturais e suas Tecnologias;14;0.001419000968741046;0.001207515247438294;0.2503060938322948;0.26470447410001574;0.07534354330116214;0.1445036491856878;0.26514223958083954
Cinza;Ciências Naturais e suas Tecnologias;15;0.0015895539697916524;0.0008595871252950566;0.16901581830491783;0.10337634982184746;0.42091873371494226;0.11442112389979689;0.1922679742584956
Cinza;Ciências Naturais e suas Tecnologias;16;0.0021694341733637145;0.00019101936117667926;0.26613829699937086;0.32148034683662025;0.15853141497305726;0.14598320522990235;0.10786673596104926
Cinza;Ciências Naturais e suas Tecnologias;17;0.0009073419655892265;0.0005867023236140863;0.1539460109453892;0.3165759105784932;0.1187731872126152;0.09395134016110629;0.3167535511023961
Cinza;Ciências Naturais e suas Tecnologias;18;0.0007436110845806443;0.0010437843664297117;0.07025013668671405;0.21027884089666485;0.10742892290869327;0.07029797703663204;0.5417441224712958
Cinza;Ciências Naturais e suas Tecnologias;19;0.001262092207774488;0.0005457696033619408;0.22040501103767846;0.2871231640889302;0.1672054511779219;0.20297026319566422;0.12229611049980521
Cinza;Ciências Naturais e suas Tecnologias;20;0.0011392940470180512;0.0006412792839502804;0.13182660041962535;0.3585951435542403;0.1705496818638473;0.2414144244503523;0.09761414971193472
Cinza;Ciências Naturais e suas Tecnologias;21;0.0008050101649588626;0.0004911926430257467;0.1030452483742281;0.23496502541122466;0.3735723263566315;0.22255314498060003;0.0658642548773157
Cinza;Ciências Naturais e suas Tecnologias;22;0.0019511263320189382;0.0004707262828996739;0.22201098292381025;0.2583038700103264;0.22227769153439517;0.16948990268555056;0.12791755284591766
Cinza;Ciências Naturais e suas Tecnologias;23;0.001132471926976027;0.00037521660231133426;0.13552107460320714;0.2385539863761521;0.3735079700193358;0.11288526315070271;0.1395317058506023
Cinza;Ciências Naturais e suas Tecnologias;24;0.000893697725505178;0.0004707262828996739;0.06175622685849353;0.2107157983905125;0.10675492888469894;0.5528480277629764;0.06792501810331872
Cinza;Ciências Naturais e suas Tecnologias;25;0.0013848903685309247;0.0006344571639082562;0.13267845179989882;0.34770244589366034;0.09566875845945613;0.19833750324706398;0.2256128405999207
Cinza;Ciências Naturais e suas Tecnologias;26;0.0022717659739940783;0.0005662359634880135;0.28515523445945024;0.214489005651109;0.2556887374628847;0.13319102937755703;0.11147599304899908
Cinza;Ciências Naturais e suas Tecnologias;27;0.0012279816075643666;0.0009141640856312508;0.3343246643148194;0.17814559575573605;0.24442119944211996;0.09803921568627451;0.14506932480105011
Cinza;Ciências Naturais e suas Tecnologias;28;0.0016850636503799921;0.0005935244436561106;0.13641895957551556;0.2968450850609923;0.2759969367102456;0.18711366993052897;0.10362534872271757
Cinza;Ciências Naturais e suas Tecnologias;29;0.0012416258476484153;0.0008050101649588626;0.2707988679400063;0.09492623836152089;0.11543457158091905;0.19623740446534776;0.322602917652206
Cinza;Ciências Naturais e suas Tecnologias;30;0.0022512996138680055;0.00043661568268955263;0.08980901305168687;0.5478083016389854;0.1079979204859496;0.18263468957780393;0.0717500752455742
Cinza;Ciências Naturais e suas Tecnologias;31;0.001077894966639833;0.00021830784134477631;0.16804196950653041;0.4032665719438221;0.18195666429859556;0.15038390075960434;0.09635089349144763
Cinza;Ciências Naturais e suas Tecnologias;32;0.0010096737662195904;0.000866409245337081;0.13226981620838374;0.28574846042909774;0.17349819215758644;0.1669024721988695;0.24158105900606258
Cinza;Ciências Naturais e suas Tecnologias;33;0.0009960295261355419;0.0006685677641183774;0.1879142806379751;0.3695964137817928;0.10225642006860829;0.2143120720523719;0.12592081345925188
Cinza;Ciências Naturais e suas Tecnologias;34;0.0018556166514305985;0.0006139908037821833;0.15566953905074546;0.20641499110928738;0.3289563671180413;0.18639037067432634;0.12256873204759951
Cinza;Ciências Naturais e suas Tecnologias;35;0.0012757364478585365;0.0009687410459674449;0.08613840399855045;0.09843900637935632;0.10195346420244371;0.22126041858970413;0.4922087068299454
Cinza;Ciências Naturais e suas Tecnologias;36;0.002599227736011243;0.00037521660231133426;0.2884854871156241;0.21719376513897062;0.2257468558838422;0.18015546097737878;0.08841843088418432
Cinza;Ciências Naturais e suas Tecnologias;37;0.000948274685841372;0.0010301401263456632;0.10153665272195335;0.1275462773083969;0.039776611161239164;0.39724660268504086;0.3338938561233697
Cinza;Ciências Naturais e suas Tecnologias;38;0.001187048887312221;0.0006685677641183774;0.4838015173262251;0.12610211195407012;0.10472284874581368;0.16553892420203678;0.11983459777185428
Cinza;Ciências Naturais e suas Tecnologias;39;0.0010233180063036389;0.00046390416285764963;0.12326801672542428;0.16420704544833428;0.0859500970183925;0.44586100407203955;0.18071383673580935
Cinza;Ciências Naturais e suas Tecnologias;40;0.0008595871252950566;0.0008800534854211295;0.07183226608896513;0.05793872627744709;0.05295673389053285;0.3433132641276046;0.47395900961545034
Cinza;Ciências Naturais e suas Tecnologias;41;0.0013917124885729488;0.0004980147630677709;0.2609685246573938;0.04427736577697276;0.2593554560678036;0.3478555073305765;0.08754314616725334
Cinza;Ciências Naturais e suas Tecnologias;42;0.0010301401263456632;0.0004980147630677709;0.16137143169488513;0.13707484387597535;0.1399240219188565;0.48252914087374793;0.07910056163653507
Cinza;Ciências Naturais e suas Tecnologias;43;0.002183078413447763;0.0008459428852110081;0.31903406369322146;0.11467927575305534;0.30210485979006146;0.18858886805622083;0.07559293270744091
Cinza;Ciências Naturais e suas Tecnologias;44;0.001214337367480318;0.0009687410459674449;0.17891181578263665;0.10470935718094926;0.16832806880802942;0.16724097851800193;0.3808097797103827
Cinza;Ciências Naturais e suas Tecnologias;45;0.0011938710073542455;0.0006276350438662319;0.0949868434541913;0.028322454977275056;0.09795304650924376;0.26916584082288214;0.5095718142364077
Cinza;Inglês;1;0.0012757364478585365;0.00022512996138680056;0.266412583062629;0.3885504398740114;0.09498514005864987;0.09490615033718737;0.15514568666752238
Cinza;Inglês;2;0.0013780682484889003;0.0004161493225634798;0.04759176577502074;0.45722865383855543;0.06227033861472204;0.3367774309534158;0.09613181081828598
Cinza;Inglês;3;0.0013644240084048518;0.000607168683740159;0.25286038928959587;0.3698251160952475;0.10320126469716431;0.08804465961861477;0.18606857029937754
Cinza;Inglês;4;0.0016577751702118951;0.0007504332046226685;0.2239930397643011;0.3984636070630574;0.06576631799576849;0.24816601744013603;0.063611017736737
Cinza;Inglês;5;0.0017191742505901133;0.00039568296243740707;0.28000079059976873;0.0680607575922284;0.08477206020417238;0.2088665764065264;0.35829981519730403
Cinza;Espanhol;1;0.0011734046472281726;0.0002524184415548976;0.2005031107517463;0.23239673876423422;0.20483794892527457;0.19607843137254902;0.1661837701861959
Cinza;Espanhol;2;0.0011938710073542455;0.00034110600210121296;0.18255555305906937;0.23463724807333677;0.1964410092794392;0.19760936481901722;0.18875682476913744
Cinza;Espanhol;3;0.001159760407144124;0.0005253032432358679;0.29083960885691806;0.24275598516353827;0.2097560975609756;0.12853770934022704;0.12811059907834102
Cinza;Espanhol;4;0.001207515247438294;0.0005321253632778922;0.25646963599163614;0.2461272118173438;0.14785169863075298;0.1811947748274389;0.1683566787328282
Cinza;Espanhol;5;0.0011120055668499542;0.00036157236222728576;0.33239734028214574;0.19548027675442536;0.12413514242070267;0.19732231107916254;0.15066492946356366
Laranja;Linguagens, Códigos e suas Tecnologias;1;0.0;0.0;0.0784313725490196;0.1568627450980392;0.43137254901960786;0.2549019607843137;0.0784313725490196
Laranja;Linguagens, Códigos e suas Tecnologias;2;0.0;0.0;0.0392156862745098;0.23529411764705882;0.1568627450980392;0.3137254901960784;0.2549019607843137
Laranja;Linguagens, Códigos e suas Tecnologias;3;0.0;0.0;0.17647058823529413;0.27450980392156865;0.17647058823529413;0.21568627450980393;0.1568627450980392
Laranja;Linguagens, Códigos e suas Tecnologias;4;0.0;0.0;0.11764705882352941;0.5098039215686274;0.13725490196078433;0.11764705882352941;0.11764705882352941
Laranja;Linguagens, Códigos e suas Tecnologias;5;0.0;0.0;0.37254901960784315;0.058823529411764705;0.1568627450980392;0.11764705882352941;0.29411764705882354
Laranja;Linguagens, Códigos e suas Tecnologias;6;0.0;0.0;0.0784313725490196;0.17647058823529413;0.13725490196078433;0.19607843137254902;0.4117647058823529
Laranja;Linguagens, Códigos e suas Tecnologias;7;0.0;0.0;0.11764705882352941;0.058823529411764705;0.23529411764705882;0.13725490196078433;0.45098039215686275
Laranja;Linguagens, Códigos e suas Tecnologias;8;0.0;0.0;0.0784313725490196;0.19607843137254902;0.23529411764705882;0.11764705882352941;0.37254901960784315
Laranja;Linguagens, Códigos e suas Tecnologias;9;0.0;0.0;0.2549019607843137;0.21568627450980393;0.23529411764705882;0.09803921568627451;0.19607843137254902
Laranja;Linguagens, Códigos e suas Tecnologias;10;0.0;0.0;0.0392156862745098;0.17647058823529413;0.35294117647058826;0.13725490196078433;0.29411764705882354
Laranja;Linguagens, Códigos e suas Tecnologias;11;0.0;0.0;0.13725490196078433;0.13725490196078433;0.5098039215686274;0.09803921568627451;0.11764705882352941
Laranja;Linguagens, Códigos e suas Tecnologias;12;0.0;0.0;0.1568627450980392;0.23529411764705882;0.2549019607843137;0.09803921568627451;0.2549019607843137
Laranja;Linguagens, Códigos e suas Tecnologias;13;0.0;0.0;0.13725490196078433;0.13725490196078433;0.09803921568627451;0.4117647058823529;0.21568627450980393
Laranja;Linguagens, Códigos e suas Tecnologias;14;0.0;0.0;0.11764705882352941;0.27450980392156865;0.29411764705882354;0.1568627450980392;0.1568627450980392
Laranja;Linguagens, Códigos e suas Tecnologias;15;0.0;0.0;0.17647058823529413;0.13725490196078433;0.13725490196078433;0.27450980392156865;0.27450980392156865
Laranja;Linguagens, Códigos e suas Tecnologias;16;0.0;0.0;0.19607843137254902;0.19607843137254902;0.19607843137254902;0.0784313725490196;0.3333333333333333
Laranja;Linguagens, Códigos e suas Tecnologias;17;0.0;0.0;0.1568627450980392;0.0392156862745098;0.13725490196078433;0.35294117647058826;0.3137254901960784
Laranja;Linguagens, Códigos e suas Tecnologias;18;0.0;0.0;0.21568627450980393;0.23529411764705882;0.0784313725490196;0.19607843137254902;0.27450980392156865
Laranja;Linguagens, Códigos e suas Tecnologias;19;0.0;0.0;0.11764705882352941;0.43137254901960786;0.11764705882352941;0.0784313725490196;0.2549019607843137
Laranja;Linguagens, Códigos e suas Tecnologias;20;0.0;0.0;0.11764705882352941;0.0392156862745098;0.43137254901960786;0.2549019607843137;0.1568627450980392
Laranja;Linguagens, Códigos e suas Tecnologias;21;0.0;0.0;0.0392156862745098;0.0784313725490196;0.29411764705882354;0.21568627450980393;0.37254901960784315
Laranja;Linguagens, Códigos e suas Tecnologias;22;0.0;0.0;0.29411764705882354;0.23529411764705882;0.0392156862745098;0.23529411764705882;0.19607843137254902
Laranja;Linguagens, Códigos e suas Tecnologias;23;0.0;0.0;0.09803921568627451;0.0196078431372549;0.1568627450980392;0.19607843137254902;0.5294117647058824
Laranja;Linguagens, Códigos e suas Tecnologias;24;0.0;0.0;0.0784313725490196;0.5882352941176471;0.09803921568627451;0.09803921568627451;0.13725490196078433
Laranja;Linguagens, Códigos e suas Tecnologias;25;0.0;0.0;0.35294117647058826;0.09803921568627451;0.11764705882352941;0.3137254901960784;0.11764705882352941
Laranja;Linguagens, Códigos e suas Tecnologias;26;0.0;0.0;0.6274509803921569;0.0784313725490196;0.17647058823529413;0.0392156862745098;0.0784313725490196
Laranja;Linguagens, Códigos e suas Tecnologias;27;0.0;0.0;0.3333333333333333;0.1568627450980392;0.17647058823529413;0.1568627450980392;0.17647058823529413
Laranja;Linguagens, Códigos e suas Tecnologias;28;0.0;0.0;0.058823529411764705;;0.0784313725490196;0.7843137254901961;0.0784313725490196
Laranja;Linguagens, Códigos e suas Tecnologias;29;0.0196078431372549;0.0;0.2;0.18;0.18;0.22;0.22
Laranja;Linguagens, Códigos e suas Tecnologias;30;0.0196078431372549;0.0;0.22;0.18;0.16;0.14;0.3
Laranja;Linguagens, Códigos e suas Tecnologias;31;0.0196078431372549;0.0;0.1;0.12;0.06;0.04;0.68
Laranja;Linguagens, Códigos e suas Tecnologias;32;0.0196078431372549;0.0;0.08;0.16;0.46;0.02;0.28
Laranja;Linguagens, Códigos e suas Tecnologias;33;0.0196078431372549;0.0;0.24;0.34;0.08;0.2;0.14
Laranja;Linguagens, Códigos e suas Tecnologias;34;0.0196078431372549;0.0;0.08;0.18;0.14;0.22;0.38
Laranja;Linguagens, Códigos e suas Tecnologias;35;0.0196078431372549;0.0;0.12;0.06;0.52;;0.3
Laranja;Linguagens, Códigos e suas Tecnologias;36;0.0196078431372549;0.0;0.7;;0.12;0.1;0.08
Laranja;Linguagens, Códigos e suas Tecnologias;37;0.0392156862745098;0.0;0.32653061224489793;0.08163265306122448;0.32653061224489793;0.14285714285714285;0.12244897959183673
Laranja;Linguagens, Códigos e suas Tecnologias;38;0.0196078431372549;0.0;0.26;0.12;0.06;0.2;0.36
Laranja;Linguagens, Códigos e suas Tecnologias;39;0.0196078431372549;0.0;0.1;0.2;0.12;0.18;0.4
Laranja;Linguagens, Códigos e suas Tecnologias;40;0.0196078431372549;0.0;0.32;0.06;0.1;0.34;0.18
Laranja;Ciências Humanas e suas Tecnologias;1;0.0;0.0;0.4117647058823529;0.0784313725490196;0.23529411764705882;0.11764705882352941;0.1568627450980392
Laranja;Ciências Humanas e suas Tecnologias;2;0.0;0.0;0.21568627450980393;0.47058823529411764;0.09803921568627451;0.058823529411764705;0.1568627450980392
Laranja;Ciências Humanas e suas Tecnologias;3;0.0;0.0;0.5294117647058824;0.0392156862745098;0.27450980392156865;0.09803921568627451;0.058823529411764705
Laranja;Ciências Humanas e suas Tecnologias;4;0.0;0.0;0.19607843137254902;0.3137254901960784;0.1568627450980392;0.17647058823529413;0.1568627450980392
Laranja;Ciências Humanas e suas Tecnologias;5;0.0;0.0;0.35294117647058826;0.13725490196078433;0.2549019607843137;0.0392156862745098;0.21568627450980393
Laranja;Ciências Humanas e suas Tecnologias;6;0.0;0.0;0.13725490196078433;0.27450980392156865;0.17647058823529413;0.39215686274509803;0.0196078431372549
Laranja;Ciências Humanas e suas Tecnologias;7;0.0;0.0;0.1568627450980392;0.4117647058823529;0.13725490196078433;0.11764705882352941;0.17647058823529413
Laranja;Ciências Humanas e suas Tecnologias;8;0.0;0.0;0.35294117647058826;0.11764705882352941;0.0196078431372549;0.21568627450980393;0.29411764705882354
Laranja;Ciências Humanas e suas Tecnologias;9;0.0;0.0;0.13725490196078433;0.0784313725490196;0.5098039215686274;0.11764705882352941;0.1568627450980392
Laranja;Ciências Humanas e suas Tecnologias;10;0.0;0.0;0.19607843137254902;0.1568627450980392;0.23529411764705882;0.09803921568627451;0.3137254901960784
Laranja;Ciências Humanas e suas Tecnologias;11;0.0;0.0;0.2549019607843137;0.11764705882352941;0.21568627450980393;0.13725490196078433;0.27450980392156865
Laranja;Ciências Humanas e suas Tecnologias;12;0.0;0.0;0.11764705882352941;0.23529411764705882;0.11764705882352941;0.0392156862745098;0.49019607843137253
Laranja;Ciências Humanas e suas Tecnologias;13;0.0;0.0;0.17647058823529413;0.2549019607843137;0.21568627450980393;0.11764705882352941;0.23529411764705882
Laranja;Ciências Humanas e suas Tecnologias;14;0.0;0.0;0.0392156862745098;0.058823529411764705;0.5686274509803921;0.27450980392156865;0.058823529411764705
Laranja;Ciências Humanas e suas Tecnologias;15;0.0;0.0;0.1568627450980392;0.13725490196078433;0.27450980392156865;0.3333333333333333;0.09803921568627451
Laranja;Ciências Humanas e suas Tecnologias;16;0.0196078431372549;0.0;0.3;0.54;0.06;0.04;0.06
Laranja;Ciências Humanas e suas Tecnologias;17;0.0196078431372549;0.0;0.32;0.1;0.2;0.26;0.12
Laranja;Ciências Humanas e suas Tecnologias;18;0.0196078431372549;0.0;0.1;0.2;0.46;0.1;0.14
Laranja;Ciências Humanas e suas Tecnologias;19;0.0196078431372549;0.0;0.08;0.34;0.02;0.22;0.34
Laranja;Ciências Humanas e suas Tecnologias;20;0.0196078431372549;0.0;0.22;0.12;0.4;0.1;0.16
Laranja;Ciências Humanas e suas Tecnologias;21;0.0196078431372549;0.0;0.16;0.2;0.1;0.14;0.4
Laranja;Ciências Humanas e suas Tecnologias;22;0.0196078431372549;0.0;0.1;0.12;0.1;0.46;0.22
Laranja;Ciências Humanas e suas Tecnologias;23;0.0196078431372549;0.0;0.16;0.4;0.14;0.12;0.18
Laranja;Ciências Humanas e suas Tecnologias;24;0.0196078431372549;0.0;0.16;0.24;0.22;0.14;0.24
Laranja;Ciências Humanas e suas Tecnologias;25;0.0196078431372549;0.0;0.12;0.26;0.14;0.16;0.32
Laranja;Ciências Humanas e suas Tecnologias;26;0.0392156862745098;0.0;0.30612244897959184;0.12244897959183673;0.14285714285714285;0.12244897959183673;0.30612244897959184
Laranja;Ciências Humanas e suas Tecnologias;27;0.0392156862745098;0.0;0.16326530612244897;0.08163265306122448;0.14285714285714285;0.40816326530612246;0.20408163265306123
Laranja;Ciências Humanas e suas Tecnologias;28;0.0392156862745098;0.0;0.08163265306122448;0.30612244897959184;0.20408163265306123;0.10204081632653061;0.30612244897959184
Laranja;Ciências Humanas e suas Tecnologias;29;0.0392156862745098;0.0;0.16326530612244897;0.22448979591836735;0.10204081632653061;0.16326530612244897;0.3469387755102041
Laranja;Ciências Humanas e suas Tecnologias;30;0.0392156862745098;0.0;0.40816326530612246;0.22448979591836735;0.14285714285714285;0.08163265306122448;0.14285714285714285
Laranja;Ciências Humanas e suas Tecnologias;31;0.0392156862745098;0.0;0.16326530612244897;0.24489795918367346;0.20408163265306123;0.061224489795918366;0.32653061224489793
Laranja;Ciências Humanas e suas Tecnologias;32;0.0392156862745098;0.0;0.22448979591836735;0.061224489795918366;0.22448979591836735;0.22448979591836735;0.2653061224489796
Laranja;Ciências Humanas e suas Tecnologias;33;0.0392156862745098;0.0;0.14285714285714285;0.3877551020408163;0.12244897959183673;0.24489795918367346;0.10204081632653061
Laranja;Ciências Humanas e suas Tecnologias;34;0.0392156862745098;0.0;0.08163265306122448;0.2653061224489796;0.20408163265306123;0.14285714285714285;0.30612244897959184
Laranja;Ciências Humanas e suas Tecnologias;35;0.0392156862745098;0.0;0.10204081632653061;0.12244897959183673;0.3673469387755102;0.061224489795918366;0.3469387755102041
Laranja;Ciências Humanas e suas Tecnologias;36;0.0392156862745098;0.0;0.20408163265306123;0.22448979591836735;0.10204081632653061;0.061224489795918366;0.40816326530612246
Laranja;Ciências Humanas e suas Tecnologias;37;0.0392156862745098;0.0196078431372549;0.2708333333333333;0.10416666666666667;0.4166666666666667;0.10416666666666667;0.10416666666666667
Laranja;Ciências Humanas e suas Tecnologias;38;0.0392156862745098;0.0;0.12244897959183673;0.20408163265306123;0.16326530612244897;0.1836734693877551;0.32653061224489793
Laranja;Ciências Humanas e suas Tecnologias;39;0.0392156862745098;0.0;0.14285714285714285;0.3877551020408163;0.16326530612244897;0.14285714285714285;0.16326530612244897
Laranja;Ciências Humanas e suas Tecnologias;40;0.0392156862745098;0.0;0.30612244897959184;0.20408163265306123;0.12244897959183673;0.10204081632653061;0.2653061224489796
Laranja;Ciências Humanas e suas Tecnologias;41;0.0392156862745098;0.0;0.20408163265306123;0.2653061224489796;0.10204081632653061;0.2857142857142857;0.14285714285714285
Laranja;Ciências Humanas e suas Tecnologias;42;0.0392156862745098;0.0;0.2857142857142857;0.061224489795918366;0.2857142857142857;0.14285714285714285;0.22448979591836735
Laranja;Ciências Humanas e suas Tecnologias;43;0.0392156862745098;0.0;0.12244897959183673;0.08163265306122448;0.4897959183673469;0.14285714285714285;0.16326530612244897
Laranja;Ciências Humanas e suas Tecnologias;44;0.0392156862745098;0.0;0.3877551020408163;0.2857142857142857;0.10204081632653061;0.04081632653061224;0.1836734693877551
Laranja;Ciências Humanas e suas Tecnologias;45;0.0392156862745098;0.0;0.12244897959183673;0.10204081632653061;0.3877551020408163;0.12244897959183673;0.2653061224489796
Laranja;Matemática e suas Tecnologias;1;0.0;0.0;0.21568627450980393;0.13725490196078433;0.29411764705882354;0.21568627450980393;0.13725490196078433
Laranja;Matemática e suas Tecnologias;2;0.0;0.0;0.27450980392156865;0.13725490196078433;0.058823529411764705;0.21568627450980393;0.3137254901960784
Laranja;Matemática e suas Tecnologias;3;0.0;0.0;0.11764705882352941;0.3137254901960784;0.21568627450980393;0.21568627450980393;0.13725490196078433
Laranja;Matemática e suas Tecnologias;4;0.0;0.0;0.0196078431372549;0.37254901960784315;0.4117647058823529;0.09803921568627451;0.09803921568627451
Laranja;Matemática e suas Tecnologias;5;0.0;0.0;0.2549019607843137;0.29411764705882354;0.19607843137254902;0.058823529411764705;0.19607843137254902
Laranja;Matemática e suas Tecnologias;6;0.0;0.0;0.13725490196078433;0.35294117647058826;0.11764705882352941;0.13725490196078433;0.2549019607843137
Laranja;Matemática e suas Tecnologias;7;0.0;0.0;0.1568627450980392;0.13725490196078433;0.35294117647058826;0.17647058823529413;0.17647058823529413
Laranja;Matemática e suas Tecnologias;8;0.0;0.0;0.13725490196078433;0.27450980392156865;0.21568627450980393;0.17647058823529413;0.19607843137254902
Laranja;Matemática e suas Tecnologias;9;0.0;0.0;0.21568627450980393;0.3333333333333333;0.29411764705882354;0.13725490196078433;0.0196078431372549
Laranja;Matemática e suas Tecnologias;10;0.0;0.0;0.11764705882352941;0.11764705882352941;0.09803921568627451;0.45098039215686275;0.21568627450980393
Laranja;Matemática e suas Tecnologias;11;0.0;0.0;0.09803921568627451;0.23529411764705882;0.1568627450980392;0.1568627450980392;0.35294117647058826
Laranja;Matemática e suas Tecnologias;12;0.0;0.0;0.29411764705882354;0.17647058823529413;0.37254901960784315;0.0784313725490196;0.0784313725490196
Laranja;Matemática e suas Tecnologias;13;0.0;0.0;0.21568627450980393;0.0784313725490196;0.27450980392156865;0.3137254901960784;0.11764705882352941
Laranja;Matemática e suas Tecnologias;14;0.0;0.0;0.0784313725490196;0.1568627450980392;0.1568627450980392;0.29411764705882354;0.3137254901960784
Laranja;Matemática e suas Tecnologias;15;0.0;0.0;0.13725490196078433;0.17647058823529413;0.3333333333333333;0.1568627450980392;0.19607843137254902
Laranja;Matemática e suas Tecnologias;16;0.0;0.0;0.29411764705882354;0.13725490196078433;0.19607843137254902;0.1568627450980392;0.21568627450980393
Laranja;Matemática e suas Tecnologias;17;0.0;0.0;0.13725490196078433;0.1568627450980392;0.39215686274509803;0.0784313725490196;0.23529411764705882
Laranja;Matemática e suas Tecnologias;18;0.0;0.0;0.21568627450980393;0.39215686274509803;0.1568627450980392;0.058823529411764705;0.17647058823529413
Laranja;Matemática e suas Tecnologias;19;0.0;0.0;0.21568627450980393;0.19607843137254902;0.2549019607843137;0.21568627450980393;0.11764705882352941
Laranja;Matemática e suas Tecnologias;20;0.0;0.0;0.3137254901960784;0.37254901960784315;0.1568627450980392;0.0784313725490196;0.0784313725490196
Laranja;Matemática e suas Tecnologias;21;0.0;0.0;0.21568627450980393;0.11764705882352941;0.35294117647058826;0.09803921568627451;0.21568627450980393
Laranja;Matemática e suas Tecnologias;22;0.0;0.0;0.23529411764705882;0.23529411764705882;0.23529411764705882;0.17647058823529413;0.11764705882352941
Laranja;Matemática e suas Tecnologias;23;0.0;0.0;0.058823529411764705;0.13725490196078433;0.21568627450980393;0.13725490196078433;0.45098039215686275
Laranja;Matemática e suas Tecnologias;24;0.0;0.0;0.09803921568627451;0.27450980392156865;0.27450980392156865;0.1568627450980392;0.19607843137254902
Laranja;Matemática e suas Tecnologias;25;0.0;0.0;0.23529411764705882;0.21568627450980393;0.0784313725490196;0.11764705882352941;0.35294117647058826
Laranja;Matemática e suas Tecnologias;26;0.0;0.0;0.21568627450980393;0.29411764705882354;0.27450980392156865;0.11764705882352941;0.09803921568627451
Laranja;Matemática e suas Tecnologias;27;0.0;0.0;0.17647058823529413;0.13725490196078433;0.2549019607843137;0.23529411764705882;0.19607843137254902
Laranja;Matemática e suas Tecnologias;28;0.0;0.0;0.0784313725490196;0.3137254901960784;0.17647058823529413;0.13725490196078433;0.29411764705882354
Laranja;Matemática e suas Tecnologias;29;0.0;0.0;0.058823529411764705;0.2549019607843137;0.23529411764705882;0.17647058823529413;0.27450980392156865
Laranja;Matemática e suas Tecnologias;30;0.0;0.0;0.21568627450980393;0.17647058823529413;0.2549019607843137;0.21568627450980393;0.13725490196078433
Laranja;Matemática e suas Tecnologias;31;0.0;0.0;0.37254901960784315;0.23529411764705882;0.09803921568627451;0.13725490196078433;0.1568627450980392
Laranja;Matemática e suas Tecnologias;32;0.0;0.0;0.29411764705882354;0.21568627450980393;0.29411764705882354;0.09803921568627451;0.09803921568627451
Laranja;Matemática e suas Tecnologias;33;0.0;0.0;0.23529411764705882;0.23529411764705882;0.21568627450980393;0.13725490196078433;0.17647058823529413
Laranja;Matemática e suas Tecnologias;34;0.0;0.0;0.0784313725490196;0.2549019607843137;0.2549019607843137;0.13725490196078433;0.27450980392156865
Laranja;Matemática e suas Tecnologias;35;0.0;0.0;0.2549019607843137;0.17647058823529413;0.2549019607843137;0.19607843137254902;0.11764705882352941
Laranja;Matemática e suas Tecnologias;36;0.0;0.0;0.4117647058823529;0.23529411764705882;0.23529411764705882;0.0784313725490196;0.0392156862745098
Laranja;Matemática e suas Tecnologias;37;0.0;0.0;0.09803921568627451;0.27450980392156865;0.17647058823529413;0.23529411764705882;0.21568627450980393
Laranja;Matemática e suas Tecnologias;38;0.0;0.0;0.19607843137254902;0.29411764705882354;0.29411764705882354;0.058823529411764705;0.1568627450980392
Laranja;Matemática e suas Tecnologias;39;0.0;0.0;0.2549019607843137;0.2549019607843137;0.19607843137254902;0.17647058823529413;0.11764705882352941
Laranja;Matemática e suas Tecnologias;40;0.0;0.0;0.21568627450980393;0.23529411764705882;0.11764705882352941;0.21568627450980393;0.21568627450980393
Laranja;Matemática e suas Tecnologias;41;0.0;0.0196078431372549;0.2;0.2;0.24;0.12;0.24
Laranja;Matemática e suas Tecnologias;42;0.0;0.0;0.2549019607843137;0.23529411764705882;0.21568627450980393;0.19607843137254902;0.09803921568627451
Laranja;Matemática e suas Tecnologias;43;0.0196078431372549;0.0;0.1;0.26;0.22;0.2;0.22
Laranja;Matemática e suas Tecnologias;44;0.0;0.0;0.13725490196078433;0.13725490196078433;0.19607843137254902;0.2549019607843137;0.27450980392156865
Laranja;Matemática e suas Tecnologias;45;0.0;0.0;0.13725490196078433;0.2549019607843137;0.29411764705882354;0.13725490196078433;0.17647058823529413
Laranja;Ciências Naturais e suas Tecnologias;1;0.0;0.0;0.39215686274509803;0.21568627450980393;0.0784313725490196;0.17647058823529413;0.13725490196078433
Laranja;Ciências Naturais e suas Tecnologias;2;0.0;0.0;0.47058823529411764;0.19607843137254902;0.13725490196078433;0.0784313725490196;0.11764705882352941
Laranja;Ciências Naturais e suas Tecnologias;3;0.0;0.0;0.21568627450980393;0.2549019607843137;0.37254901960784315;0.1568627450980392;
Laranja;Ciências Naturais e suas Tecnologias;4;0.0;0.0;0.1568627450980392;0.23529411764705882;0.39215686274509803;0.13725490196078433;0.0784313725490196
Laranja;Ciências Naturais e suas Tecnologias;5;0.0;0.0;0.0784313725490196;0.45098039215686275;0.09803921568627451;0.1568627450980392;0.21568627450980393
Laranja;Ciências Naturais e suas Tecnologias;6;0.0;0.0;0.35294117647058826;0.09803921568627451;0.19607843137254902;0.17647058823529413;0.17647058823529413
Laranja;Ciências Naturais e suas Tecnologias;7;0.0;0.0;0.21568627450980393;0.11764705882352941;0.27450980392156865;0.17647058823529413;0.21568627450980393
Laranja;Ciências Naturais e suas Tecnologias;8;0.0;0.0;0.23529411764705882;0.29411764705882354;0.19607843137254902;0.19607843137254902;0.0784313725490196
Laranja;Ciências Naturais e suas Tecnologias;9;0.0;0.0;0.1568627450980392;0.21568627450980393;0.13725490196078433;0.3137254901960784;0.17647058823529413
Laranja;Ciências Naturais e suas Tecnologias;10;0.0;0.0;0.058823529411764705;0.23529411764705882;0.21568627450980393;0.35294117647058826;0.13725490196078433
Laranja;Ciências Naturais e suas Tecnologias;11;0.0;0.0;0.17647058823529413;0.2549019607843137;0.3137254901960784;0.17647058823529413;0.0784313725490196
Laranja;Ciências Naturais e suas Tecnologias;12;0.0;0.0;0.0392156862745098;0.23529411764705882;0.4117647058823529;0.13725490196078433;0.17647058823529413
Laranja;Ciências Naturais e suas Tecnologias;13;0.0;0.0;0.17647058823529413;0.17647058823529413;0.21568627450980393;0.17647058823529413;0.2549019607843137
Laranja;Ciências Naturais e suas Tecnologias;14;0.0;0.0;0.27450980392156865;0.17647058823529413;0.13725490196078433;0.1568627450980392;0.2549019607843137
Laranja;Ciências Naturais e suas Tecnologias;15;0.0;0.0;0.09803921568627451;0.11764705882352941;0.49019607843137253;0.058823529411764705;0.23529411764705882
Laranja;Ciências Naturais e suas Tecnologias;16;0.0;0.0;0.29411764705882354;0.3137254901960784;0.17647058823529413;0.09803921568627451;0.11764705882352941
Laranja;Ciências Naturais e suas Tecnologias;17;0.0;0.0;0.11764705882352941;0.3333333333333333;0.13725490196078433;0.0784313725490196;0.3333333333333333
Laranja;Ciências Naturais e suas Tecnologias;18;0.0;0.0;0.1568627450980392;0.3137254901960784;0.19607843137254902;0.0784313725490196;0.2549019607843137
Laranja;Ciências Naturais e suas Tecnologias;19;0.0;0.0;0.21568627450980393;0.17647058823529413;0.19607843137254902;0.21568627450980393;0.19607843137254902
Laranja;Ciências Naturais e suas Tecnologias;20;0.0;0.0;0.5294117647058824;;0.19607843137254902;0.0784313725490196;0.19607843137254902
Laranja;Ciências Naturais e suas Tecnologias;21;0.0;0.0;0.0784313725490196;0.23529411764705882;0.29411764705882354;0.21568627450980393;0.17647058823529413
Laranja;Ciências Naturais e suas Tecnologias;22;0.0;0.0;0.17647058823529413;0.11764705882352941;0.37254901960784315;0.13725490196078433;0.19607843137254902
Laranja;Ciências Naturais e suas Tecnologias;23;0.0;0.0;0.21568627450980393;0.2549019607843137;0.23529411764705882;0.09803921568627451;0.19607843137254902
Laranja;Ciências Naturais e suas Tecnologias;24;0.0;0.0;0.09803921568627451;0.23529411764705882;0.19607843137254902;0.3333333333333333;0.13725490196078433
Laranja;Ciências Naturais e suas Tecnologias;25;0.0;0.0;0.1568627450980392;0.37254901960784315;0.27450980392156865;0.0784313725490196;0.11764705882352941
Laranja;Ciências Naturais e suas Tecnologias;26;0.0;0.0;0.21568627450980393;0.21568627450980393;0.35294117647058826;0.09803921568627451;0.11764705882352941
Laranja;Ciências Naturais e suas Tecnologias;27;0.0;0.0;0.23529411764705882;0.27450980392156865;0.3333333333333333;0.0784313725490196;0.0784313725490196
Laranja;Ciências Naturais e suas Tecnologias;28;0.0;0.0;0.11764705882352941;0.23529411764705882;0.27450980392156865;0.23529411764705882;0.13725490196078433
Laranja;Ciências Naturais e suas Tecnologias;29;0.0;0.0;0.13725490196078433;0.0196078431372549;0.2549019607843137;0.19607843137254902;0.39215686274509803
Laranja;Ciências Naturais e suas Tecnologias;30;0.0;0.0;0.1568627450980392;0.45098039215686275;0.11764705882352941;0.0784313725490196;0.19607843137254902
Laranja;Ciências Naturais e suas Tecnologias;31;0.0;0.0;0.29411764705882354;0.23529411764705882;0.11764705882352941;0.17647058823529413;0.17647058823529413
Laranja;Ciências Naturais e suas Tecnologias;32;0.0;0.0196078431372549;0.08;0.22;0.26;0.14;0.3
Laranja;Ciências Naturais e suas Tecnologias;33;0.0;0.0;0.23529411764705882;0.4117647058823529;0.11764705882352941;0.13725490196078433;0.09803921568627451
Laranja;Ciências Naturais e suas Tecnologias;34;0.0;0.0;0.23529411764705882;0.1568627450980392;0.19607843137254902;0.13725490196078433;0.27450980392156865
Laranja;Ciências Naturais e suas Tecnologias;35;0.0;0.0;0.09803921568627451;0.13725490196078433;0.0784313725490196;0.13725490196078433;0.5490196078431373
Laranja;Ciências Naturais e suas Tecnologias;36;0.0;0.0;0.2549019607843137;0.19607843137254902;0.17647058823529413;0.21568627450980393;0.1568627450980392
Laranja;Ciências Naturais e suas Tecnologias;37;0.0;0.0;0.0784313725490196;0.0784313725490196;0.058823529411764705;0.5490196078431373;0.23529411764705882
Laranja;Ciências Naturais e suas Tecnologias;38;0.0;0.0;0.21568627450980393;0.17647058823529413;0.21568627450980393;0.17647058823529413;0.21568627450980393
Laranja;Ciências Naturais e suas Tecnologias;39;0.0;0.0;0.09803921568627451;0.1568627450980392;0.058823529411764705;0.43137254901960786;0.2549019607843137
Laranja;Ciências Naturais e suas Tecnologias;40;0.0;0.0;0.27450980392156865;0.0784313725490196;0.0784313725490196;0.27450980392156865;0.29411764705882354
Laranja;Ciências Naturais e suas Tecnologias;41;0.0;0.0;0.17647058823529413;0.11764705882352941;0.29411764705882354;0.23529411764705882;0.17647058823529413
Laranja;Ciências Naturais e suas Tecnologias;42;0.0;0.0;0.19607843137254902;0.13725490196078433;0.19607843137254902;0.35294117647058826;0.11764705882352941
Laranja;Ciências Naturais e suas Tecnologias;43;0.0;0.0;0.19607843137254902;0.17647058823529413;0.2549019607843137;0.17647058823529413;0.19607843137254902
Laranja;Ciências Naturais e suas Tecnologias;44;0.0;0.0;0.11764705882352941;0.21568627450980393;0.11764705882352941;0.09803921568627451;0.45098039215686275
Laranja;Ciências Naturais e suas Tecnologias;45;0.0;0.0;0.21568627450980393;;0.11764705882352941;0.13725490196078433;0.5294117647058824
Laranja;Inglês;1;0.0;0.0;;0.7407407407407407;0.1111111111111111;0.037037037037037035;0.1111111111111111
Laranja;Inglês;2;0.0;0.0;0.14814814814814814;0.48148148148148145;0.25925925925925924;0.07407407407407407;0.037037037037037035
Laranja;Inglês;3;0.0;0.0;0.2222222222222222;0.1111111111111111;0.3333333333333333;0.25925925925925924;0.07407407407407407
Laranja;Inglês;4;0.0;0.0;0.037037037037037035;0.2962962962962963;0.037037037037037035;0.2222222222222222;0.4074074074074074
Laranja;Inglês;5;0.0;0.0;0.5555555555555556;0.14814814814814814;0.1111111111111111;0.1111111111111111;0.07407407407407407
Laranja;Espanhol;1;0.0;0.0;0.08333333333333333;0.3333333333333333;0.16666666666666666;0.20833333333333334;0.20833333333333334
Laranja;Espanhol;2;0.0;0.0;0.20833333333333334;0.2916666666666667;0.125;0.20833333333333334;0.16666666666666666
Laranja;Espanhol;3;0.0;0.0;0.20833333333333334;0.16666666666666666;0.3333333333333333;0.16666666666666666;0.125
Laranja;Espanhol;4;0.0;0.0;0.375;0.041666666666666664;0.20833333333333334;0.20833333333333334;0.16666666666666666
Laranja;Espanhol;5;0.0;0.0;0.20833333333333334;0.375;0.16666666666666666;0.08333333333333333;0.16666666666666666
Rosa;Linguagens, Códigos e suas Tecnologias;1;0.003880266075388027;0.00040314452731304173;0.49197833898476645;0.2034515916797409;0.0732324510349714;0.13697555544308923;0.09436206285743205
Rosa;Linguagens, Códigos e suas Tecnologias;2;0.0015369885103809716;0.0005543237250554324;0.10450700669107436;0.6858224971594495;0.06332533770988512;0.083726802171443;0.06261835626814796
Rosa;Linguagens, Códigos e suas Tecnologias;3;0.0014110058455956461;0.0006047167909695626;0.034816198747727733;0.37787820642294484;0.24873762876186628;0.1959452635831145;0.1426227024843466
Rosa;Linguagens, Códigos e suas Tecnologias;4;0.0012598266478532553;0.0005291271920983673;0.13226645127091904;0.053764797940278164;0.6663553525001893;0.0529570638867153;0.09465633440189818
Rosa;Linguagens, Códigos e suas Tecnologias;5;0.0022424914331787946;0.0005039306591413022;0.11205437226812198;0.4843224942520023;0.07559564415472851;0.09449455519341064;0.23353293413173654
Rosa;Linguagens, Códigos e suas Tecnologias;6;0.0024944567627494456;0.000478734126184237;0.09567854435178165;0.11973717462724286;0.47022997220116247;0.2182966894111701;0.09605761940864291
Rosa;Linguagens, Códigos e suas Tecnologias;7;0.0017133642410804273;0.0006299133239266277;0.09874984215178684;0.11420633918424043;0.304432377825483;0.2199520141431999;0.2626594266952898
Rosa;Linguagens, Códigos e suas Tecnologias;8;0.0007810925216690184;0.000478734126184237;0.7074524446238458;0.05413996669862253;0.08083152530400121;0.09672536454916998;0.060850698824360464
Rosa;Linguagens, Códigos e suas Tecnologias;9;0.0017385607740374924;0.0006551098568836928;0.4125981865481272;0.058419417573813553;0.2944459879271588;0.07074482863132373;0.1637915793195767
Rosa;Linguagens, Códigos e suas Tecnologias;10;0.0010330578512396695;0.0008818786534972788;0.028198525699283047;0.02410885590225184;0.037210946177925884;0.01630818943754418;0.894173482782995
Rosa;Linguagens, Códigos e suas Tecnologias;11;0.001385809312638581;0.0002519653295706511;0.08252782474825228;0.10733664790651894;0.665825404436817;0.061403730156727156;0.08290639275168463
Rosa;Linguagens, Códigos e suas Tecnologias;12;0.00236847409796412;0.0002519653295706511;0.1608730800323363;0.3491056992724333;0.1098676232821342;0.2503536782538399;0.12979991915925626
Rosa;Linguagens, Códigos e suas Tecnologias;13;0.0008818786534972788;0.0005039306591413022;0.022380339615976585;0.011076628062473191;0.040042388918325636;0.8848686700476875;0.041631973355537054
Rosa;Linguagens, Códigos e suas Tecnologias;14;0.0017385607740374924;0.00035275146139891153;0.17795732862012373;0.18628960989774018;0.2045701300340866;0.25375583890922865;0.17742709253882086
Rosa;Linguagens, Códigos e suas Tecnologias;15;0.002141705301350534;0.000478734126184237;0.20371867421180276;0.2608377122069523;0.054946443007275664;0.22665723524656428;0.253839935327405
Rosa;Linguagens, Códigos e suas Tecnologias;16;0.0015369885103809716;0.00037794799435597663;0.3609259820256488;0.08626173886701;0.05016156720185802;0.3809451681308694;0.12170554377461375
Rosa;Linguagens, Códigos e suas Tecnologias;17;0.0007810925216690184;0.00035275146139891153;0.8118709482127993;0.01846479832505108;0.10980500971167671;0.030648538203465935;0.029210705547007037
Rosa;Linguagens, Códigos e suas Tecnologias;18;0.0013606127796815157;0.0005039306591413022;0.4937900742161862;0.09559751602968647;0.16042308274852324;0.20290806280607865;0.04728126419952542
Rosa;Linguagens, Códigos e suas Tecnologias;19;0.0012094335819391251;0.0003275549284418464;0.03073661897191309;0.09099856158679688;0.20695485401367755;0.349357761122467;0.3219522043051455
Rosa;Linguagens, Códigos e suas Tecnologias;20;0.001612578109252167;0.00022676879661358596;0.07994446548024738;0.021077874542471287;0.7412091379527956;0.028978922125457527;0.12878959989902813
Rosa;Linguagens, Códigos e suas Tecnologias;21;0.0013606127796815157;0.00040314452731304173;0.3205361199454793;0.2726790852642738;0.07173506991771417;0.1343328789943965;0.2007168458781362
Rosa;Linguagens, Códigos e suas Tecnologias;22;0.0017385607740374924;0.0004535375932271719;0.10643670614378425;0.18497007651321937;0.10418928814928916;0.37696017777328855;0.22744375142041867
Rosa;Linguagens, Códigos e suas Tecnologias;23;0.0028724047571054225;0.0006299133239266277;0.17264659030569673;0.1561859971174998;0.08141798781258691;0.2820046018862677;0.30774482287794885
Rosa;Linguagens, Códigos e suas Tecnologias;24;0.002066115702479339;0.0007306994557548882;0.03762286176314526;0.2028198195921874;0.3611188316446421;0.0880056598529449;0.31043282714708037
Rosa;Linguagens, Códigos e suas Tecnologias;25;0.002343277565007055;0.0002771618625277162;0.21382376717865803;0.05663904607922393;0.08884902991107518;0.5823059822150364;0.05838217461600647
Rosa;Linguagens, Códigos e suas Tecnologias;26;0.0010834509171537996;0.00042834106027010683;0.07348339557888361;0.11804784495811042;0.5614716866861815;0.12529019884929848;0.121706873927526
Rosa;Linguagens, Códigos e suas Tecnologias;27;0.0021920983672646644;0.0003275549284418464;0.18889562493684955;0.13332322926139234;0.21188238860260686;0.3205264221481257;0.14537233505102556
Rosa;Linguagens, Códigos e suas Tecnologias;28;0.0019401330376940134;0.0006551098568836928;0.10675761020588607;0.1953770367563471;0.15270935960591134;0.06494884425918909;0.48020714917266644
Rosa;Linguagens, Códigos e suas Tecnologias;29;0.0012094335819391251;0.0006803063898407579;0.31078181405094285;0.1500517506879055;0.1004215787746447;0.3583419584479842;0.08040289803852271
Rosa;Linguagens, Códigos e suas Tecnologias;30;0.001637774642209232;0.0009070751864543439;0.09470280647687372;0.07780331927147802;0.11160229368226943;0.06618334301664688;0.649708237552732
Rosa;Linguagens, Códigos e suas Tecnologias;31;0.002116508768393469;0.00035275146139891153;0.05880272796160647;0.689441778226825;0.08219247284667845;0.10300580954786562;0.0665572114170245
Rosa;Linguagens, Códigos e suas Tecnologias;32;0.003527514613989115;0.0006299133239266277;0.32176201199301674;0.1112010727930572;0.1503175366242441;0.1867267160893657;0.22999266250031628
Rosa;Linguagens, Códigos e suas Tecnologias;33;0.00118423704898206;0.000957468252368474;0.07537307779713658;0.13913087392369264;0.13069716940635812;0.051915258945029415;0.6028836199277833
Rosa;Linguagens, Códigos e suas Tecnologias;34;0.0012094335819391251;0.0003275549284418464;0.1271355389002448;0.1257728316551846;0.39705251469957353;0.08436167259696671;0.2656774421480304
Rosa;Linguagens, Códigos e suas Tecnologias;35;0.0021920983672646644;0.00035275146139891153;0.07825801399449314;0.24103872483391012;0.32828959001692476;0.08659408391643722;0.2658195872382348
Rosa;Linguagens, Códigos e suas Tecnologias;36;0.0015369885103809716;0.0008062890546260835;0.2670034095214042;0.03856547543881803;0.054476575325167316;0.5217072862735194;0.11824725344109105
Rosa;Linguagens, Códigos e suas Tecnologias;37;0.0022676879661358597;0.0007810925216690184;0.22177572219273636;0.3687163545378725;0.11054666767761014;0.1633179164455228;0.13564333914625826
Rosa;Linguagens, Códigos e suas Tecnologias;38;0.002771618625277162;0.0009070751864543439;0.1994840928632846;0.2511759647969248;0.24687673865762985;0.08970208891811239;0.21276111476404835
Rosa;Linguagens, Códigos e suas Tecnologias;39;0.0017889538399516226;0.0003275549284418464;0.09077365922634077;0.1055953944046056;0.4802545197454803;0.14834360165639834;0.17503282496717504
Rosa;Linguagens, Códigos e suas Tecnologias;40;0.0027212255593630314;0.00017637573069945577;0.1286483208248048;0.1368862608344073;0.5772117352740505;0.04548555833522856;0.11176812473150886
Rosa;Ciências Humanas e suas Tecnologias;1;0.0013606127796815157;0.00040314452731304173;0.3375485890251906;0.07827250239789994;0.1789590590135797;0.051643192488262914;0.3535766570750669
Rosa;Ciências Humanas e suas Tecnologias;2;0.0015621850433380367;0.00037794799435597663;0.1439499129029815;0.13632576809472116;0.0706621897957638;0.032819166393173616;0.6162429628133599
Rosa;Ciências Humanas e suas Tecnologias;3;0.003275549284418464;0.0002771618625277162;0.26396439679368855;0.29347358838849974;0.18077224568235264;0.17341391255973904;0.08837585657572003
Rosa;Ciências Humanas e suas Tecnologias;4;0.001864543438822818;0.0002519653295706511;0.03744571255428745;0.0405009594990405;0.7333855166144834;0.11526613473386527;0.0734016765983234
Rosa;Ciências Humanas e suas Tecnologias;5;0.0021669018343075993;0.0007055029227978231;0.211300348713802;0.12520847020771214;0.31035528377217364;0.08293323899529995;0.27020265831101226
Rosa;Ciências Humanas e suas Tecnologias;6;0.001864543438822818;0.0006803063898407579;0.10513552428827645;0.23032813802510926;0.06747164473185642;0.07752545027407988;0.519539242680678
Rosa;Ciências Humanas e suas Tecnologias;7;0.001914936504736948;0.0006299133239266277;0.15166595094349156;0.08232500568368403;0.04117513325081466;0.6119180539065855;0.11291585621542426
Rosa;Ciências Humanas e suas Tecnologias;8;0.00231808103204999;0.0005039306591413022;0.11423590054578532;0.5315089953507176;0.07140691328077622;0.19797351930462906;0.08487467151809178
Rosa;Ciências Humanas e suas Tecnologias;9;0.0036283007458173754;0.0006047167909695626;0.5773279352226721;0.16002024291497977;0.1466346153846154;0.05754048582995951;0.05847672064777328
Rosa;Ciências Humanas e suas Tecnologias;10;0.001612578109252167;0.00042834106027010683;0.10154770621354811;0.17514580755926984;0.1802206680637261;0.5192768954982705;0.023808922665185448
Rosa;Ciências Humanas e suas Tecnologias;11;0.00236847409796412;0.0007055029227978231;0.19655765050801194;0.555401101956225;0.07193044533185058;0.06892281251579639;0.10718798968811606
Rosa;Ciências Humanas e suas Tecnologias;12;0.0017385607740374924;0.0008314855875831486;0.20279896933259234;0.14449552872227556;0.06974688021017532;0.2419794876976709;0.3409791340372859
Rosa;Ciências Humanas e suas Tecnologias;13;0.0028472082241483574;0.0006047167909695626;0.5857753280574448;0.06245101261662158;0.1355212257591464;0.15739172208035196;0.058860711486435235
Rosa;Ciências Humanas e suas Tecnologias;14;0.002040919169522274;0.000478734126184237;0.20243508133777913;0.6500959886834394;0.0568859250277862;0.03460644639789835;0.0559765585530969
Rosa;Ciências Humanas e suas Tecnologias;15;0.0025196532957065107;0.000957468252368474;0.6485208596713021;0.037471554993678886;0.19719342604298357;0.07873577749683944;0.03807838179519595
Rosa;Ciências Humanas e suas Tecnologias;16;0.002066115702479339;0.0005039306591413022;0.2062850502702976;0.374652654979033;0.2023190016672561;0.06327994745617137;0.15346334562724195
Rosa;Ciências Humanas e suas Tecnologias;17;0.002141705301350534;0.0006047167909695626;0.06652517749311504;0.12061952045276536;0.3671391394426337;0.1614745193157988;0.28424164329568713
Rosa;Ciências Humanas e suas Tecnologias;18;0.002595242894577706;0.0005543237250554324;0.13178980360437784;0.3051588605515254;0.2945176048327983;0.10914238050703941;0.15939135050425904
Rosa;Ciências Humanas e suas Tecnologias;19;0.0022676879661358597;0.0008314855875831486;0.6063945406293442;0.07582459244281561;0.06781246050802477;0.18523947933779855;0.06472892708201694
Rosa;Ciências Humanas e suas Tecnologias;20;0.0036786938117315056;0.0006299133239266277;0.16084216919300554;0.31492775261279954;0.08573525318217476;0.18842523470911254;0.2500695903029076
Rosa;Ciências Humanas e suas Tecnologias;21;0.0022172949002217295;0.0006299133239266277;0.0883133291219204;0.14013897662665825;0.5731396083385976;0.06557169930511687;0.13283638660770689
Rosa;Ciências Humanas e suas Tecnologias;22;0.003048780487804878;0.0007810925216690184;0.30018211250505866;0.06672399838122217;0.1613719142047754;0.13987252124645894;0.3318494536624848
Rosa;Ciências Humanas e suas Tecnologias;23;0.0030991735537190084;0.0007810925216690184;0.19519906915566348;0.25603278190924267;0.05248646734456417;0.12027621793898922;0.3760054636515405
Rosa;Ciências Humanas e suas Tecnologias;24;0.0028472082241483574;0.0007055029227978231;0.5759476066452576;0.1643108200369181;0.108453232862164;0.11502768857309024;0.036260651882570105
Rosa;Ciências Humanas e suas Tecnologias;25;0.0026960290264059663;0.0003275549284418464;0.14660837040032348;0.22781035179943387;0.3507632430246664;0.03886979377274565;0.23594824100283057
Rosa;Ciências Humanas e suas Tecnologias;26;0.002620439427534771;0.0006803063898407579;0.20764972065626816;0.05885178350228784;0.2273175417751599;0.3609474934904062;0.14523346057587785
Rosa;Ciências Humanas e suas Tecnologias;27;0.0028472082241483574;0.0006299133239266277;0.07747155499367889;0.668621997471555;0.038356510745891276;0.09853350189633375;0.11701643489254109
Rosa;Ciências Humanas e suas Tecnologias;28;0.003577907679903245;0.0009070751864543439;0.09873449759554544;0.31273095418881297;0.1375094912680334;0.10230321437610732;0.3487218425715009
Rosa;Ciências Humanas e suas Tecnologias;29;0.0029227978230195527;0.0014613989115097763;0.22189603684769954;0.06941843397276914;0.22159234701624742;0.09558637444956218;0.3915068077137217
Rosa;Ciências Humanas e suas Tecnologias;30;0.004182624470872808;0.0005039306591413022;0.16351070831856615;0.3548174775960711;0.16910536175383525;0.08181864209407119;0.23074781023745633
Rosa;Ciências Humanas e suas Tecnologias;31;0.0030991735537190084;0.0004535375932271719;0.20881482792626496;0.1295673502414848;0.5256277340885529;0.08860343388879055;0.04738665385490682
Rosa;Ciências Humanas e suas Tecnologias;32;0.0037038903446885707;0.00035275146139891153;0.38019581551850634;0.07222910921648494;0.25129658208313305;0.17863738710248692;0.11764110607938877
Rosa;Ciências Humanas e suas Tecnologias;33;0.003527514613989115;0.0010582543841967345;0.0898597681364856;0.09236571660001013;0.5635599655748494;0.13215714068749052;0.12205740900116438
Rosa;Ciências Humanas e suas Tecnologias;34;0.004283410602701068;0.0007810925216690184;0.3882290374047155;0.29860460404690153;0.06814901106693343;0.06670549801200396;0.17831184946944564
Rosa;Ciências Humanas e suas Tecnologias;35;0.004107034872001612;0.001889739971779883;0.04187579214195184;0.23756653992395438;0.472446134347275;0.09665399239543726;0.1514575411913815
Rosa;Ciências Humanas e suas Tecnologias;36;0.003779479943559766;0.0006551098568836928;0.1678983599919012;0.36922960113383274;0.2476715934399676;0.12512654383478436;0.09007390159951408
Rosa;Ciências Humanas e suas Tecnologias;37;0.00463616206409998;0.0008818786534972788;0.3619042793078112;0.17639159846968508;0.10180141376776711;0.19030124908155768;0.16960145937317894
Rosa;Ciências Humanas e suas Tecnologias;38;0.004359000201572263;0.0012346301148961902;0.37847767698778695;0.10279734454973902;0.13918309430902548;0.08359093903613236;0.2959509451173162
Rosa;Ciências Humanas e suas Tecnologias;39;0.004484982866357589;0.0008818786534972788;0.11295756808106397;0.10029132362254592;0.21309689677010765;0.42330588980367323;0.15034832172260926
Rosa;Ciências Humanas e suas Tecnologias;40;0.0052156823221124774;0.0008314855875831486;0.09965017237882783;0.31874873250861896;0.13541877915230177;0.22097444737375785;0.2252078685864936
Rosa;Ciências Humanas e suas Tecnologias;41;0.0056440233823825845;0.0007810925216690184;0.29612253696142826;0.26835391677021786;0.18687393807217306;0.1758172089366774;0.07283239925950347
Rosa;Ciências Humanas e suas Tecnologias;42;0.004888127393670631;0.0010078613182826044;0.33388249607137427;0.5050438485324682;0.05203528159375475;0.048790997110559134;0.060247376691843664
Rosa;Ciências Humanas e suas Tecnologias;43;0.006021971376738561;0.0010078613182826044;0.21451952599659976;0.10682838945418559;0.1668654368291507;0.39569641452460097;0.11609023319546297
Rosa;Ciências Humanas e suas Tecnologias;44;0.0047117516629711755;0.0005291271920983673;0.0797112462006079;0.1433130699088146;0.5562563323201621;0.11957953394123606;0.10113981762917933
Rosa;Ciências Humanas e suas Tecnologias;45;0.004888127393670631;0.00020157226365652087;0.18707896469634808;0.388466798358912;0.05282885073190498;0.1244744972901788;0.24715088892265613
Rosa;Matemática e suas Tecnologias;1;0.0013102197137673855;0.0003023583954847813;0.46931152836664647;0.08701796890773268;0.22852311730264485;0.11530890369473047;0.09983848172824551
Rosa;Matemática e suas Tecnologias;2;0.0008062890546260835;0.0005039306591413022;0.4075335553537188;0.3054041780199818;0.09001917448783933;0.08411545060046423;0.11292764153799577
Rosa;Matemática e suas Tecnologias;3;0.00236847409796412;0.00040314452731304173;0.17919045934610137;0.2512001617059983;0.2781090504825913;0.16102380110162212;0.1304765273636869
Rosa;Matemática e suas Tecnologias;4;0.0013102197137673855;0.0007055029227978231;0.2551504746515855;0.33513431629973744;0.1267673197333872;0.2539133508382145;0.02903453847707534
Rosa;Matemática e suas Tecnologias;5;0.003023583954847813;0.0006047167909695626;0.09877604693505967;0.23146368602063525;0.3310489581225976;0.21252275945781915;0.12618854946388833
Rosa;Matemática e suas Tecnologias;6;0.0012598266478532553;0.0005795202580124975;0.1303041777104632;0.3333080903698094;0.25750347090748454;0.1466868610374858;0.13219739997475705
Rosa;Matemática e suas Tecnologias;7;0.000478734126184237;0.0015117919774239065;0.09815950920245399;0.09649322123759752;0.0676866368754576;0.12186624252063925;0.6157943901638516
Rosa;Matemática e suas Tecnologias;8;0.0019653295706510785;0.0007306994557548882;0.17003107551603042;0.17275965741138424;0.3690912306409641;0.11892069427250448;0.16919734215911675
Rosa;Matemática e suas Tecnologias;9;0.0011086474501108647;0.0008314855875831486;0.16157128070485471;0.341773749715988;0.1334225341445558;0.14379843982732068;0.2194339956072808
Rosa;Matemática e suas Tecnologias;10;0.0012094335819391251;0.0006299133239266277;0.10965543354789853;0.2646724725482772;0.22362741385838697;0.2316799192225167;0.17036476082292062
Rosa;Matemática e suas Tecnologias;11;0.00118423704898206;0.0005291271920983673;0.3486875315497224;0.2163301362948006;0.0825593134780414;0.0983846542150429;0.25403836446239275
Rosa;Matemática e suas Tecnologias;12;0.00118423704898206;0.0005543237250554324;0.2262803200484616;0.18112521769857898;0.2415507710946768;0.2079052979630985;0.14313839319518412
Rosa;Matemática e suas Tecnologias;13;0.0009826647853255393;0.0009070751864543439;0.10933279478958928;0.07606088910206245;0.12445409335319213;0.5386615505010981;0.15149067225405802
Rosa;Matemática e suas Tecnologias;14;0.0031999596855472687;0.0008566821205402137;0.08750980342550661;0.2039112505376072;0.21349963316214232;0.2793280542414046;0.21575125863333924
Rosa;Matemática e suas Tecnologias;15;0.0015117919774239065;0.0006047167909695626;0.14763660236339762;0.26126148873851124;0.2894657105342895;0.14677810322189677;0.15485809514190485
Rosa;Matemática e suas Tecnologias;16;0.0007810925216690184;0.0006299133239266277;0.0552079127977392;0.4496618893823173;0.4151190956802584;0.04758780783205491;0.0324232943076302
Rosa;Matemática e suas Tecnologias;17;0.0006047167909695626;0.0007306994557548882;0.6529834742020941;0.209007190614356;0.05568310836381986;0.04490980194272739;0.03741642487700265
Rosa;Matemática e suas Tecnologias;18;0.0022424914331787946;0.0006803063898407579;0.06365612048923482;0.37983928029920144;0.1525573637925806;0.19627514404124127;0.20767209137774184
Rosa;Matemática e suas Tecnologias;19;0.0012850231808103204;0.0007055029227978231;0.14898129213057637;0.09977530359261784;0.5601757176399303;0.10742508015854982;0.08364260647832564
Rosa;Matemática e suas Tecnologias;20;0.0015369885103809716;0.000478734126184237;0.15850333266006866;0.3496010906887497;0.23659361745102;0.15438800242375278;0.10091395677640881
Rosa;Matemática e suas Tecnologias;21;0.0019401330376940134;0.0007810925216690184;0.25323395654370895;0.28542193026781204;0.2702374936836786;0.14608388074785245;0.045022738756947955
Rosa;Matemática e suas Tecnologias;22;0.0009826647853255393;0.0006299133239266277;0.07992630728851201;0.1309055118110236;0.1230819705229154;0.6029426610135271;0.0631435493640218
Rosa;Matemática e suas Tecnologias;23;0.0013354162467244506;0.0011338439830679298;0.12851730234907804;0.2237181106339985;0.12167213942914877;0.16324829502399596;0.3628441525637787
Rosa;Matemática e suas Tecnologias;24;0.0016881677081233622;0.0004535375932271719;0.34242355377117895;0.27927177234047923;0.1404439057647148;0.16554301441809963;0.07231775370552736
Rosa;Matemática e suas Tecnologias;25;0.00118423704898206;0.0007306994557548882;0.14657174593557507;0.15939614258305565;0.4054074522871857;0.13445420579622336;0.1541704533979602
Rosa;Matemática e suas Tecnologias;26;0.0012346301148961902;0.000932271719411409;0.10004545224988637;0.12706428968233927;0.18953588202616029;0.21776677945558306;0.365587596586031
Rosa;Matemática e suas Tecnologias;27;0.0024188671638782503;0.0006803063898407579;0.20169341589788956;0.23338809553898648;0.3083786174649311;0.17396688992796663;0.08257298117022621
Rosa;Matemática e suas Tecnologias;28;0.0019401330376940134;0.0010834509171537996;0.14822583906186818;0.1704154872624343;0.22763344116457743;0.16048321876263646;0.29324201374848363
Rosa;Matemática e suas Tecnologias;29;0.002040919169522274;0.0009826647853255393;0.2666043267286696;0.22624342903356248;0.19662353416902548;0.25689951475940154;0.053629195309340884
Rosa;Matemática e suas Tecnologias;30;0.0019905261036081436;0.0009826647853255393;0.1807935304523629;0.16767753348496336;0.1533737680060652;0.2926459438968916;0.20550922415971695
Rosa;Matemática e suas Tecnologias;31;0.0017889538399516226;0.0004535375932271719;0.1478825222859163;0.2697542867244122;0.22972802343493523;0.15886764817293367;0.19376751938180256
Rosa;Matemática e suas Tecnologias;32;0.0014613989115097763;0.00118423704898206;0.3348154510774828;0.16918879316878457;0.10123032615011494;0.16547507768486472;0.229290351918753
Rosa;Matemática e suas Tecnologias;33;0.002595242894577706;0.0008566821205402137;0.1804505575080276;0.12917498925438042;0.29968900912745566;0.2640894035549038;0.1265960405552325
Rosa;Matemática e suas Tecnologias;34;0.0015117919774239065;0.0018393469058657528;0.0893945139678928;0.05908229048160789;0.19345215522689926;0.2905068891417014;0.3675641511818986
Rosa;Matemática e suas Tecnologias;35;0.0025196532957065107;0.0007055029227978231;0.21183013144590496;0.23167340748230536;0.24375631951466128;0.14716885743174923;0.16557128412537916
Rosa;Matemática e suas Tecnologias;36;0.001612578109252167;0.0010834509171537996;0.2842778100603825;0.34989009878477045;0.2754351835476618;0.05469796114297264;0.03569894646421263
Rosa;Matemática e suas Tecnologias;37;0.0017385607740374924;0.000932271719411409;0.268152190389571;0.23073619321914002;0.25089687231569907;0.1440301146986004;0.10618462937698954
Rosa;Matemática e suas Tecnologias;38;0.0017133642410804273;0.0007558959887119533;0.13791361454912857;0.26175801970194496;0.23824198029805507;0.2697145743874716;0.09237181106339985
Rosa;Matemática e suas Tecnologias;39;0.0015621850433380367;0.0017385607740374924;0.11755188715018834;0.1110043734358015;0.17137295548196274;0.10766741663928002;0.4924033672927674
Rosa;Matemática e suas Tecnologias;40;0.0021669018343075993;0.0006551098568836928;0.19628057408530422;0.3387153830604407;0.23701233070547806;0.16237113402061856;0.06562057812815848
Rosa;Matemática e suas Tecnologias;41;0.002570046361620641;0.0007810925216690184;0.24368600682593858;0.11889773732777145;0.14759196056124385;0.1782075590949311;0.31161673619011504
Rosa;Matemática e suas Tecnologias;42;0.00231808103204999;0.000932271719411409;0.11443666422305923;0.26034530700978287;0.16620743699284612;0.2850678733031674;0.17394271847114437
Rosa;Matemática e suas Tecnologias;43;0.001914936504736948;0.0011338439830679298;0.06161700406904744;0.19531427704905605;0.4000303283038896;0.2408825536431875;0.10215583693481942
Rosa;Matemática e suas Tecnologias;44;0.0015621850433380367;0.001159040516024995;0.08398180899444163;0.2447700859019707;0.11702880242546741;0.11563921172309247;0.4385800909550278
Rosa;Matemática e suas Tecnologias;45;0.001914936504736948;0.0003275549284418464;0.27359276749412864;0.26192580620722744;0.2107881512159398;0.09752771534634713;0.15616555973635698
Rosa;Ciências Naturais e suas Tecnologias;1;0.00118423704898206;0.00017637573069945577;0.15072917192309634;0.14712115860120098;0.06486854720694353;0.4445425644648534;0.19273855780390572
Rosa;Ciências Naturais e suas Tecnologias;2;0.0007306994557548882;0.0006299133239266277;0.05043649391936216;0.045920169551395267;0.04226169450471817;0.33660493515668366;0.5247767068678407
Rosa;Ciências Naturais e suas Tecnologias;3;0.0010330578512396695;0.0007306994557548882;0.24890201423595334;0.022363572113685698;0.2981977888838407;0.35440961179261954;0.07612701297390075
Rosa;Ciências Naturais e suas Tecnologias;4;0.000932271719411409;0.0007306994557548882;0.1580687496845187;0.14630760688506386;0.13288072283075059;0.481702084700419;0.08104083589924789
Rosa;Ciências Naturais e suas Tecnologias;5;0.0007055029227978231;0.000957468252368474;0.239387209126243;0.29258997526626623;0.15741254858411993;0.18999545706930493;0.12061480995406593
Rosa;Ciências Naturais e suas Tecnologias;6;0.0010582543841967345;0.0006299133239266277;0.12622094343908533;0.38845561697079833;0.17818833446909468;0.2123621311930542;0.09477297392796749
Rosa;Ciências Naturais e suas Tecnologias;7;0.0015873815762951018;0.0008566821205402137;0.34512894344674294;0.08658533505089541;0.3191129297062464;0.16900305625015785;0.08016973554595741
Rosa;Ciências Naturais e suas Tecnologias;8;0.0006299133239266277;0.0005291271920983673;0.18258412794510873;0.10002018061651784;0.17282175470460623;0.16669189243731397;0.3778820442964533
Rosa;Ciências Naturais e suas Tecnologias;9;0.000478734126184237;0.0010582543841967345;0.06977565801095213;0.015242132889191714;0.066116536704772;0.26845332727685667;0.5804123451182275
Rosa;Ciências Naturais e suas Tecnologias;10;0.0019401330376940134;0.00042834106027010683;0.1475476082234682;0.24501187048542708;0.32724655250795576;0.16126180734454715;0.1189321614386018
Rosa;Ciências Naturais e suas Tecnologias;11;0.0012346301148961902;0.0007306994557548882;0.27225448119161827;0.27967684928048475;0.062257005806614495;0.13668265589497602;0.24912900782630648
Rosa;Ciências Naturais e suas Tecnologias;12;0.0009070751864543439;0.00035275146139891153;0.1662041475351935;0.10462182753923004;0.43592007669408145;0.1088854129875372;0.18436853524395783
Rosa;Ciências Naturais e suas Tecnologias;13;0.002796815158234227;0.0006047167909695626;0.13134275529036987;0.3568629433924102;0.2737592597274543;0.15538644350618158;0.08264859808358405
Rosa;Ciências Naturais e suas Tecnologias;14;0.0006803063898407579;0.00118423704898206;0.2328217296915232;0.046170545766648155;0.15196647649820771;0.318624728631292;0.25041651941232895
Rosa;Ciências Naturais e suas Tecnologias;15;0.001914936504736948;0.0003023583954847813;0.16103535353535353;0.26345959595959595;0.24391414141414142;0.21843434343434343;0.11315656565656565
Rosa;Ciências Naturais e suas Tecnologias;16;0.0005039306591413022;0.0003023583954847813;0.09305023199515836;0.236508977203954;0.3749747831349607;0.22548920718176316;0.06997680048416381
Rosa;Ciências Naturais e suas Tecnologias;17;0.0017385607740374924;0.00037794799435597663;0.22416927583072416;0.2775982224017776;0.21252903747096252;0.16432683567316433;0.12137662862337138
Rosa;Ciências Naturais e suas Tecnologias;18;0.0010330578512396695;0.0005039306591413022;0.13594266535443006;0.24008882832412246;0.36997501703384056;0.11936306053953112;0.13463042874807582
Rosa;Ciências Naturais e suas Tecnologias;19;0.0009070751864543439;0.000478734126184237;0.09090909090909091;0.5669517826054046;0.09464335276158757;0.18454318371054423;0.0629525900133727
Rosa;Ciências Naturais e suas Tecnologias;20;0.0012094335819391251;0.0008566821205402137;0.17017623592384992;0.41145281018027574;0.18429025905165883;0.1367469575316871;0.09733373731252841
Rosa;Ciências Naturais e suas Tecnologias;21;0.0006803063898407579;0.0007055029227978231;0.13483713067393333;0.29356849090404463;0.17053970176368177;0.1550727928746247;0.24598188378371558
Rosa;Ciências Naturais e suas Tecnologias;22;0.0009826647853255393;0.0007055029227978231;0.34570051235455945;0.1736705282552182;0.24027662098382171;0.09815501880315994;0.1421973196032407
Rosa;Ciências Naturais e suas Tecnologias;23;0.0009070751864543439;0.0006047167909695626;0.14454426163318865;0.2999899061269809;0.26897648127586554;0.1846926415665691;0.10179670939739578
Rosa;Ciências Naturais e suas Tecnologias;24;0.0007306994557548882;0.0007306994557548882;0.27562452687358063;0.09631592228110018;0.11521574564723694;0.18801413070905879;0.32482967448902345
Rosa;Ciências Naturais e suas Tecnologias;25;0.002040919169522274;0.00042834106027010683;0.27277090174286434;0.21086132861833795;0.20687042182369286;0.2120232381914625;0.09747410962364234
Rosa;Ciências Naturais e suas Tecnologias;26;0.0008566821205402137;0.0010330578512396695;0.09113169918965996;0.12725620377148916;0.03334763840153485;0.3972180849721051;0.3510463736652109
Rosa;Ciências Naturais e suas Tecnologias;27;0.0007558959887119533;0.0005543237250554324;0.5081743869209809;0.12105156928045212;0.102129377333737;0.1549349076597033;0.11370975880512665
Rosa;Ciências Naturais e suas Tecnologias;28;0.0008062890546260835;0.0006047167909695626;0.18863544610415825;0.401014331853048;0.0955036334275333;0.1921174808235769;0.12272910779168349
Rosa;Ciências Naturais e suas Tecnologias;29;0.0015873815762951018;0.0005795202580124975;0.13928589465178526;0.21307004696732487;0.33574061916064846;0.18703600828241;0.12486743093783143
Rosa;Ciências Naturais e suas Tecnologias;30;0.001159040516024995;0.0005291271920983673;0.07985664167991721;0.09888695388808964;0.09820549708487923;0.2118573483758613;0.5111935589712526
Rosa;Ciências Naturais e suas Tecnologias;31;0.00040314452731304173;0.0002519653295706511;0.06303262568705562;0.2225808078261308;0.1175180273309465;0.5335081438152388;0.0633603953406283
Rosa;Ciências Naturais e suas Tecnologias;32;0.0010330578512396695;0.0002519653295706511;0.13275474935035447;0.3460907737719807;0.10485152761308877;0.1982491106794157;0.21805383858516034
Rosa;Ciências Naturais e suas Tecnologias;33;0.0015873815762951018;0.000478734126184237;0.2789223854971469;0.21138211382113822;0.2822552138564864;0.12869262232995002;0.0987476644952785
Rosa;Ciências Naturais e suas Tecnologias;34;0.0008818786534972788;0.0007810925216690184;0.23953864014941195;0.31318459441724295;0.11261420422997324;0.2110443692897885;0.12361819191358336
Rosa;Ciências Naturais e suas Tecnologias;35;0.0008566821205402137;0.0007306994557548882;0.3353186119873817;0.2690977917981073;0.13370347003154573;0.15177287066246056;0.11010725552050474
Rosa;Ciências Naturais e suas Tecnologias;36;0.0007306994557548882;0.00035275146139891153;0.1708664396519107;0.22365998234329676;0.20219447597427165;0.33434228780426284;0.06893681422625804
Rosa;Ciências Naturais e suas Tecnologias;37;0.0008566821205402137;0.00037794799435597663;0.21234138096319283;0.30217714876762786;0.28989126870001763;0.12066399253260678;0.0749262090365549
Rosa;Ciências Naturais e suas Tecnologias;38;0.002998387421890748;0.0005543237250554324;0.22188788024376058;0.29916302121526284;0.18701797860773256;0.16934280729258858;0.12258831264065542
Rosa;Ciências Naturais e suas Tecnologias;39;0.0005543237250554324;0.0004535375932271719;0.14192393058918482;0.3187298224374496;0.11655064568200162;0.09362389023405973;0.32917171105730425
Rosa;Ciências Naturais e suas Tecnologias;40;0.0010330578512396695;0.0009826647853255393;0.08142294485962431;0.21111896586548173;0.11964754595031307;0.08260957382347;0.5052009695011109
Rosa;Ciências Naturais e suas Tecnologias;41;0.0008818786534972788;0.000957468252368474;0.062249148049981065;0.1277293954310236;0.4120156506373848;0.282519247759687;0.11548655812192352
Rosa;Ciências Naturais e suas Tecnologias;42;0.0024440636968353154;0.0008062890546260835;0.17758285093152001;0.21489420865037034;0.22192168659470665;0.23830228266639703;0.147298971157006
Rosa;Ciências Naturais e suas Tecnologias;43;0.0008314855875831486;0.0006047167909695626;0.06325856021801116;0.10807196386667003;0.48704297141126895;0.10453937574121269;0.23708712876283716
Rosa;Ciências Naturais e suas Tecnologias;44;0.001612578109252167;0.0005291271920983673;0.1767795369037699;0.2520516122515971;0.20256041208999317;0.2785900058076408;0.09001843294699896
Rosa;Ciências Naturais e suas Tecnologias;45;0.0010582543841967345;0.00037794799435597663;0.16085892356993262;0.2993616108601852;0.231636849940703;0.18079281370644193;0.12734980192273726
Rosa;Inglês;1;0.0014110058455956461;0.00020157226365652087;0.7659659008813755;0.022865192891200693;0.06007079901748302;0.13990030342436063;0.01119780378558012
Rosa;Inglês;2;0.0016629711751662971;0.0005039306591413022;0.015653242715638782;0.17439086110910273;0.016014749475815198;0.6075121104764659;0.18642903622297738
Rosa;Inglês;3;0.0015873815762951018;0.0002519653295706511;0.036169828364950314;0.785546522131888;0.07233965672990063;0.08892502258355917;0.017018970189701898
Rosa;Inglês;4;0.0020157226365652087;0.0008062890546260835;0.11322188449848024;0.6643146620350268;0.1281661600810537;0.07700101317122594;0.017296280214213346
Rosa;Inglês;5;0.0024188671638782503;0.00042834106027010683;0.12046318074905012;0.03846571376877148;0.13732585489415597;0.06242084313370726;0.6413244074543152
Rosa;Espanhol;1;0.00118423704898206;0.00020157226365652087;0.1488430795119899;0.13235170382835507;0.06259991586032815;0.41102229701304166;0.24518300378628524
Rosa;Espanhol;2;0.0012598266478532553;0.00015117919774239064;0.32312352743184114;0.07160888589700437;0.25075732076741836;0.1587007741501178;0.1958094917536183
Rosa;Espanhol;3;0.0012598266478532553;0.0005543237250554324;0.43714189416919447;0.27957532861476236;0.054600606673407485;0.12301988540613414;0.10566228513650151
Rosa;Espanhol;4;0.0011338439830679298;0.0003023583954847813;0.08844567870066482;0.501220230581503;0.2275519649920054;0.06269460573929142;0.12008751998653538
Rosa;Espanhol;5;0.0012346301148961902;0.00012598266478532554;0.2601379774524651;0.15379437994278983;0.3069156991418476;0.1558135621739862;0.12333838128891132
