cor;area;questao;pct_branco;pct_dupla;pct_A;pct_B;pct_C;pct_D;pct_E
Azul;Linguagens, Códigos e suas Tecnologias;1;0.0033410176739834953;0.0003675119441381845;0.07340710932260228;0.06887994634473507;0.0425888665325285;0.2552649228705567;0.5598591549295775
Azul;Linguagens, Códigos e suas Tecnologias;2;0.00350806855768267;0.0003341017673983495;0.08207002951435471;0.11721894284947679;0.5562449691440837;0.156057150523209;0.08840890796887577
Azul;Linguagens, Códigos e suas Tecnologias;3;0.00364170926464201;0.00046774247435768935;0.29495437466451957;0.19021739130434784;0.09997316156736447;0.37828770799785294;0.03656736446591519
Azul;Linguagens, Códigos e suas Tecnologias;4;0.003741939794861515;0.0007684340650162039;0.21590146328366225;0.11172640622902404;0.3791112901060545;0.10511478050745067;0.18814605987380856
Azul;Linguagens, Códigos e suas Tecnologias;5;0.0034746583809428353;0.0005345628278373592;0.2992854986414411;0.11928482774814665;0.09234846197712254;0.04240045620744021;0.4466807554258495
Azul;Linguagens, Códigos e suas Tecnologias;6;0.004276502622698874;0.0003675119441381845;0.1765574650912997;0.41903866809881846;0.1081498388829216;0.23382116004296455;0.062432867883995706
Azul;Linguagens, Códigos e suas Tecnologias;7;0.0015702783067722428;0.0006013831813170291;0.027757316011518113;0.09110694435143642;0.6864327328735016;0.17812897609321637;0.016574030670327464
Azul;Linguagens, Códigos e suas Tecnologias;8;0.0026059937857071266;0.000701613711536534;0.084271922767498;0.24420085813891124;0.10290962724591043;0.13451997854652722;0.43409761330115315
Azul;Linguagens, Códigos e suas Tecnologias;9;0.0015034579532925728;0.0006347933580568641;0.11521076773696722;0.13138246224930525;0.5904509994308099;0.046439213848059734;0.11651655673485788
Azul;Linguagens, Códigos e suas Tecnologias;10;0.002672814139186796;0.0008018442417560389;0.5059509840077782;0.052804505984510676;0.22975827270593757;0.17789251349448487;0.0335937238072887
Azul;Linguagens, Códigos e suas Tecnologias;11;0.0035414787344225053;0.0002672814139186796;0.06613676761578965;0.09903746185062212;0.09769594526612335;0.20535265117215012;0.5317771740953148
Azul;Linguagens, Códigos e suas Tecnologias;12;0.0026394039624469613;0.00016705088369917476;0.06007303916641538;0.2900459007605454;0.35065500720340403;0.09565450464033236;0.2035715482293028
Azul;Linguagens, Códigos e suas Tecnologias;13;0.002104841134609602;0.0007684340650162039;0.8247277600938181;0.03085944044228514;0.10226168537443459;0.022214776344446307;0.019936337745015915
Azul;Linguagens, Códigos e suas Tecnologias;14;0.0016705088369917476;0.0006013831813170291;0.012691290225362488;0.12061748652178281;0.017881659578742926;0.012590831463684157;0.8362187322104276
Azul;Linguagens, Códigos e suas Tecnologias;15;0.002906685376365641;0.00040092212087801946;0.09677527487262;0.5682488602842585;0.05953338696701529;0.15801823545186378;0.11742424242424243
Azul;Linguagens, Códigos e suas Tecnologias;16;0.0023721225485282818;0.00030069159065851457;0.0771833439415765;0.12642792536263442;0.4938863019664333;0.2478643931526582;0.0546380355766976
Azul;Linguagens, Códigos e suas Tecnologias;17;0.0018375597206909224;0.00040092212087801946;0.08830029466916689;0.7264934369140101;0.1473010983123493;0.028060541119742835;0.009844628984730779
Azul;Linguagens, Códigos e suas Tecnologias;18;0.003808760148341185;0.0003675119441381845;0.17875595517681003;0.1644970811246058;0.40226799973159766;0.07025431121250755;0.18422465275447897
Azul;Linguagens, Códigos e suas Tecnologias;19;0.0019043800741705924;0.0001336407069593398;0.04941412788751255;0.5882156009373953;0.07612989621694008;0.18188818212253097;0.10435219283562103
Azul;Linguagens, Códigos e suas Tecnologias;20;0.00701613711536534;0.0005345628278373592;0.2550412388486787;0.13489311563709813;0.08877293384952029;0.06137013970712001;0.4599225719575829
Azul;Linguagens, Códigos e suas Tecnologias;21;0.001436637599812903;0.0004343322976178544;0.025405857740585774;0.9196987447698745;0.011146443514644352;0.019782426778242677;0.02396652719665272
Azul;Linguagens, Códigos e suas Tecnologias;22;0.0018375597206909224;0.0006013831813170291;0.7919150646392926;0.0484292316966977;0.02773126130350325;0.11568088954384084;0.01624355281666555
Azul;Linguagens, Códigos e suas Tecnologias;23;0.0027730446694063013;0.0006347933580568641;0.1688960407656978;0.5412182775151698;0.1273592812363807;0.0316470548794797;0.130879345603272
Azul;Linguagens, Códigos e suas Tecnologias;24;0.004109451738999699;0.0002672814139186796;0.4061744966442953;0.13748322147651007;0.12110738255033557;0.061610738255033555;0.2736241610738255
Azul;Linguagens, Códigos e suas Tecnologias;25;0.004243092445959039;0.00030069159065851457;0.26001006880349053;0.23131397885551266;0.22862896459137438;0.24343010572243665;0.03661688202718577
Azul;Linguagens, Códigos e suas Tecnologias;26;0.0020046106043900974;0.00020046106043900973;0.0881299179641721;0.030303030303030304;0.3019253306546124;0.5589151180311401;0.020726603047045038
Azul;Linguagens, Códigos e suas Tecnologias;27;0.008586415422137584;0.0005345628278373592;0.20186796142693372;0.1425247825207364;0.3906197316069863;0.12192325848000539;0.1430642659653382
Azul;Linguagens, Códigos e suas Tecnologias;28;0.002138251311349437;0.00040092212087801946;0.08085747780941216;0.7005526712443477;0.09298274995813097;0.11006531569251382;0.015541785295595377
Azul;Linguagens, Códigos e suas Tecnologias;29;0.0024389429020079518;0.0006347933580568641;0.2202486678507993;0.09742283588592111;0.42658936291430677;0.2154562820469855;0.04028285130198733
Azul;Linguagens, Códigos e suas Tecnologias;30;0.002973505729845311;0.0006347933580568641;0.2303926499681454;0.050464406665996046;0.10947926097307448;0.12091338899507093;0.4887502933977132
Azul;Linguagens, Códigos e suas Tecnologias;31;0.0027730446694063013;0.00040092212087801946;0.15742726907092103;0.14019975868078832;0.10500737364257944;0.4353465612012334;0.16201903740447782
Azul;Linguagens, Códigos e suas Tecnologias;32;0.004677424743576893;0.0002672814139186796;0.5244266863647047;0.1638518618003559;0.07134942752576974;0.20132290232683075;0.03904912198233892
Azul;Linguagens, Códigos e suas Tecnologias;33;0.004243092445959039;0.0002672814139186796;0.24026714995301382;0.42072761444489193;0.15267149953013828;0.1016243791112901;0.08470935696066587
Azul;Linguagens, Códigos e suas Tecnologias;34;0.0035414787344225053;0.00030069159065851457;0.040079152133082906;0.19902066004829622;0.6912731419372149;0.03182854843037295;0.037798497451033
Azul;Linguagens, Códigos e suas Tecnologias;35;0.008920517189535933;0.000701613711536534;0.38562223796511824;0.1385487298856391;0.15507877070471948;0.0913200418311237;0.22943021961339946
Azul;Linguagens, Códigos e suas Tecnologias;36;0.00364170926464201;0.0004343322976178544;0.18913750880606528;0.4398336072998088;0.02730718910396189;0.19621590794726426;0.1475057868428998
Azul;Linguagens, Códigos e suas Tecnologias;37;0.003608299087902175;0.0006347933580568641;0.5138572003757885;0.08582740571735338;0.1178029794658435;0.07441954100120789;0.20809287343980673
Azul;Linguagens, Códigos e suas Tecnologias;38;0.005044936687715078;0.0005345628278373592;0.05641042870581911;0.17675715629619676;0.06229001478295928;0.45205617524526276;0.25248622496976214
Azul;Linguagens, Códigos e suas Tecnologias;39;0.004009221208780195;0.00040092212087801946;0.07476760965133059;0.04047115675022652;0.173663545756569;0.5797509983556495;0.13134668948622438
Azul;Linguagens, Códigos e suas Tecnologias;40;0.0033076074972436605;0.00030069159065851457;0.1497501928042115;0.09576501358012272;0.6350803071454917;0.07749052744526037;0.041913959024913655
Azul;Ciências Humanas e suas Tecnologias;1;0.003975811032040359;0.0003341017673983495;0.0665727132407221;0.3209851687806187;0.03204482920609355;0.16878061875041944;0.4116166700221462
Azul;Ciências Humanas e suas Tecnologias;2;0.0032741973205038253;0.00046774247435768935;0.3085616553204333;0.10436299003990744;0.04909621382340119;0.4367349676380831;0.101244173178175
Azul;Ciências Humanas e suas Tecnologias;3;0.006748855701446661;0.0004343322976178544;0.24263023287118052;0.09560506124646655;0.2037959348499125;0.16334634540314982;0.29462242562929064
Azul;Ciências Humanas e suas Tecnologias;4;0.00390899067856069;0.00040092212087801946;0.09744312462250855;0.06650560365076169;0.5166431783101805;0.22948124286960606;0.08992685054694316
Azul;Ciências Humanas e suas Tecnologias;5;0.005379038455113428;0.0005345628278373592;0.23996773543053035;0.16512065604624587;0.09097936411911003;0.3521543321906298;0.1517779122134839
Azul;Ciências Humanas e suas Tecnologias;6;0.004777655273796398;0.0006013831813170291;0.07282499160228417;0.10473631172321128;0.06526704736311723;0.5832717500839771;0.17389989922741014
Azul;Ciências Humanas e suas Tecnologias;7;0.004644014566837058;0.0004343322976178544;0.32717686960609826;0.08929111118573492;0.2976930051378488;0.05191577957621142;0.2339232344941066
Azul;Ciências Humanas e suas Tecnologias;8;0.005111757041194748;0.0006347933580568641;0.23320676097987164;0.2116670587049296;0.13434591216102693;0.08263046473335797;0.33814980342081385
Azul;Ciências Humanas e suas Tecnologias;9;0.005145167217934583;0.0008018442417560389;0.14139750613383525;0.06933754579370148;0.12066010150236951;0.07357241286592948;0.5950324337041643
Azul;Ciências Humanas e suas Tecnologias;10;0.00721659817580435;0.00030069159065851457;0.18255571265064297;0.2702820978926816;0.08725509997980206;0.35528176126035144;0.10462532821652192
Azul;Ciências Humanas e suas Tecnologias;11;0.0046106043900972235;0.0006013831813170291;0.08695214105793451;0.06989084802686818;0.6465155331654072;0.12026868178001679;0.0763727959697733
Azul;Ciências Humanas e suas Tecnologias;12;0.006114062343389797;0.0005679730045771942;0.605798661329925;0.0977430964313343;0.043052705929837544;0.11567051225993072;0.13773502404897245
Azul;Ciências Humanas e suas Tecnologias;13;0.005546089338812603;0.00046774247435768935;0.154482202278915;0.1744143054014991;0.0790561661792881;0.4592114550771403;0.13283587106315753
Azul;Ciências Humanas e suas Tecnologias;14;0.004844475627276068;0.000668203534796699;0.1085130686017604;0.21380098098501646;0.12987972854935162;0.15188470066518847;0.39592152119868307
Azul;Ciências Humanas e suas Tecnologias;15;0.004978116334235408;0.000735023888276369;0.07170698924731182;0.2245967741935484;0.19428763440860214;0.3448588709677419;0.1645497311827957
Azul;Ciências Humanas e suas Tecnologias;16;0.0057131402225117775;0.0004343322976178544;0.16105825797559417;0.0897905671160117;0.1351060611154066;0.04228997882139375;0.5717551349715938
Azul;Ciências Humanas e suas Tecnologias;17;0.005779960575991447;0.0005345628278373592;0.054367561024813396;0.524275435411203;0.06865711788043843;0.05473740837872369;0.29796247730482145
Azul;Ciências Humanas e suas Tecnologias;18;0.005512679162072767;0.0006013831813170291;0.19517278472502353;0.5298171305633992;0.06642463358881269;0.10303213661422617;0.10555331450853839
Azul;Ciências Humanas e suas Tecnologias;19;0.006448164110788146;0.000701613711536534;0.2054716155735774;0.190833529629505;0.20809637581182489;0.11229262711579231;0.2833058518693004
Azul;Ciências Humanas e suas Tecnologias;20;0.007250008352544185;0.0005011526510975244;0.09744435839590558;0.08175359439711775;0.5740260614835516;0.08966631873127041;0.15710966699215462
Azul;Ciências Humanas e suas Tecnologias;21;0.006648625171227156;0.0005345628278373592;0.1620339211199354;0.3345335846008884;0.15765917350922062;0.18175393727284964;0.16401938349710593
Azul;Ciências Humanas e suas Tecnologias;22;0.00801844241756039;0.0005011526510975244;0.33811834479040304;0.1650155007413398;0.12633104191939615;0.27075751448982344;0.0997775980590376
Azul;Ciências Humanas e suas Tecnologias;23;0.005546089338812603;0.0010357154789348835;0.07671352660254255;0.13186924059998656;0.18382995896952983;0.08683661801304904;0.520750655814892
Azul;Ciências Humanas e suas Tecnologias;24;0.007183187999064515;0.0005345628278373592;0.08057239057239057;0.30397306397306395;0.3751515151515151;0.18195286195286195;0.058350168350168354
Azul;Ciências Humanas e suas Tecnologias;25;0.0076509304734222044;0.0006347933580568641;0.16827813900212243;0.24832395647340227;0.048748441869083316;0.2669204595222855;0.2677290031331065
Azul;Ciências Humanas e suas Tecnologias;26;0.006314523403828806;0.0005011526510975244;0.6295287112725805;0.148282705957547;0.07918727083123087;0.050829212500420495;0.09217209943822115
Azul;Ciências Humanas e suas Tecnologias;27;0.00714977782232468;0.0008018442417560389;0.2071868790624053;0.08368975852894622;0.17408143333445594;0.29229111238339;0.24275081669080253
Azul;Ciências Humanas e suas Tecnologias;28;0.0066820353479669905;0.0008352544184958738;0.6439776476132768;0.07375614354002559;0.08324917525079109;0.15205682353733252;0.04696021005857402
Azul;Ciências Humanas e suas Tecnologias;29;0.008553005245397748;0.0007684340650162039;0.2242681775259679;0.2033926885201673;0.14707271010387157;0.14467826790772967;0.2805881559422636
Azul;Ciências Humanas e suas Tecnologias;30;0.007183187999064515;0.0002672814139186796;0.09024505183788878;0.474148377541403;0.2113908711458193;0.16201023293388986;0.06220546654099906
Azul;Ciências Humanas e suas Tecnologias;31;0.00781798135712138;0.00040092212087801946;0.16664982314300153;0.2675425298972545;0.2445005895233283;0.042681488967492;0.2786255684689237
Azul;Ciências Humanas e suas Tecnologias;32;0.006381343757308476;0.0005345628278373592;0.6366908895168887;0.07350962185439376;0.07781590633831248;0.13726281792490916;0.07472076436549589
Azul;Ciências Humanas e suas Tecnologias;33;0.00728341852928402;0.000701613711536534;0.37171628721541156;0.3981543850195339;0.1253199515020881;0.04364812070591405;0.0611612555570524
Azul;Ciências Humanas e suas Tecnologias;34;0.009421669840633458;0.0005679730045771942;0.2056897948164147;0.2972462203023758;0.28276862850971923;0.1525040496760259;0.061791306695464364
Azul;Ciências Humanas e suas Tecnologias;35;0.0075172897664628644;0.0012027663626340583;0.1381867205931918;0.0918773171553758;0.4284462419952814;0.13498483316481294;0.20650488709133805
Azul;Ciências Humanas e suas Tecnologias;36;0.008653235775617253;0.0008018442417560389;0.17110766324878576;0.14270777118186725;0.23168510523475444;0.11292498650836481;0.34157447382622774
Azul;Ciências Humanas e suas Tecnologias;37;0.009254618956934283;0.0009688951254552137;0.09552742616033755;0.09272573839662447;0.14862447257383965;0.1717805907172996;0.4913417721518987
Azul;Ciências Humanas e suas Tecnologias;38;0.011626741505462564;0.0005011526510975244;0.20586444805194806;0.2694805194805195;0.1540516774891775;0.30299648268398266;0.06760687229437229
Azul;Ciências Humanas e suas Tecnologias;39;0.00985600213825131;0.0009688951254552137;0.13925760799810855;0.13645421690816362;0.10001013273887932;0.5740196575134259;0.050258384841422636
Azul;Ciências Humanas e suas Tecnologias;40;0.010357154789348835;0.0005679730045771942;0.18061748412376705;0.5318875827590867;0.10403999459532495;0.08069855424942575;0.10275638427239563
Azul;Ciências Humanas e suas Tecnologias;41;0.010557615849787845;0.0008352544184958738;0.12071645826292667;0.15177424805677595;0.4478202095302467;0.08587360594795539;0.1938154782020953
Azul;Ciências Humanas e suas Tecnologias;42;0.009822591961511477;0.00046774247435768935;0.22209094284846234;0.396651250717348;0.21145731357391218;0.10856429126016946;0.06123620160010802
Azul;Ciências Humanas e suas Tecnologias;43;0.009722361431291971;0.0006013831813170291;0.10043211126865167;0.13574370400378097;0.5373033556140706;0.11292282762811424;0.11359800148538249
Azul;Ciências Humanas e suas Tecnologias;44;0.01052420567304801;0.0005679730045771942;0.08858407378627656;0.2328457042467651;0.08594884962329809;0.1597689111118619;0.4328524612317984
Azul;Ciências Humanas e suas Tecnologias;45;0.010023053021950485;0.00023387123717884468;0.3012084796111261;0.1426208479611126;0.230353767215771;0.24307993518768567;0.08273697002430462
Azul;Matemática e suas Tecnologias;1;0.0015368681300324078;0.00020046106043900973;0.10537795895015376;0.15922906386326252;0.530680111564042;0.1549023814632053;0.04981048415933634
Azul;Matemática e suas Tecnologias;2;0.0007684340650162039;0.0004343322976178544;0.33557286827246086;0.20359516832249303;0.21617468372525195;0.20942034164820242;0.03523693803159174
Azul;Matemática e suas Tecnologias;3;0.001436637599812903;0.000735023888276369;0.10288698887418166;0.1833792437305477;0.14341931098629843;0.22523521625585805;0.34507924015311414
Azul;Matemática e suas Tecnologias;4;0.0017707393672112526;0.0003675119441381845;0.09333190241110395;0.16162266580811332;0.4033769764613293;0.27155326607998853;0.07011518923946483
Azul;Matemática e suas Tecnologias;5;0.0015368681300324078;0.0007684340650162039;0.427063580092311;0.16701849797846077;0.22029410712368958;0.09642563240187485;0.08919818240366381
Azul;Matemática e suas Tecnologias;6;0.0013029968928535633;0.0009354849487153787;0.10124861364530786;0.09928088440485135;0.40055811956638404;0.1929805731458624;0.20593180923759435
Azul;Matemática e suas Tecnologias;7;0.0010357154789348835;0.0005011526510975244;0.15937365937365938;0.14618189618189617;0.4748319748319748;0.16026741026741026;0.05934505934505935
Azul;Matemática e suas Tecnologias;8;0.0006013831813170291;0.0008352544184958738;0.5710098302055406;0.03424486148346738;0.05708668453976765;0.13830205540661306;0.19935656836461127
Azul;Matemática e suas Tecnologias;9;0.0030737362600648157;0.000668203534796699;0.11201892066222317;0.23084641295778685;0.2969970615638214;0.21450584103776965;0.1456317637783989
Azul;Matemática e suas Tecnologias;10;0.001403227423073068;0.0003341017673983495;0.03733104484016306;0.062254165772724024;0.07534148609025244;0.7075734820853894;0.11749982121147107
Azul;Matemática e suas Tecnologias;11;0.0010023053021950487;0.0008686645952357088;0.2518775481009942;0.6125455975967384;0.057077462270223873;0.04320148773335241;0.035297904298691084
Azul;Matemática e suas Tecnologias;12;0.0008686645952357088;0.0005679730045771942;0.06280607685433423;0.07345844504021448;0.2747095621090259;0.09540661304736371;0.49361930294906164
Azul;Matemática e suas Tecnologias;13;0.0012027663626340583;0.000668203534796699;0.32122165796438024;0.05257134682783778;0.43938201845361563;0.07857091767398612;0.10825405908018025
Azul;Matemática e suas Tecnologias;14;0.0015368681300324078;0.0007684340650162039;0.04837382375040252;0.2902429425024151;0.27310458334824145;0.22337114029124477;0.16490751010769616
Azul;Matemática e suas Tecnologias;15;0.001336407069593398;0.0004343322976178544;0.049061326658322905;0.1649919542284999;0.27545145717861613;0.4380118004648668;0.07248346146969425
Azul;Matemática e suas Tecnologias;16;0.0009354849487153787;0.00046774247435768935;0.0790320274521018;0.069595367457821;0.06605661995996569;0.7227623677437803;0.06255361738633114
Azul;Matemática e suas Tecnologias;17;0.0012695867161137283;0.0006013831813170291;0.10374794363779415;0.07131106501680852;0.45236392246620416;0.2725126958014448;0.10006437307774838
Azul;Matemática e suas Tecnologias;18;0.004209682269219204;0.0005679730045771942;0.21847533632286995;0.3109237668161435;0.10991928251121076;0.24190134529147983;0.11878026905829596
Azul;Matemática e suas Tecnologias;19;0.0010023053021950487;0.0009354849487153787;0.2619098712446352;0.04116595135908441;0.4474964234620887;0.09738912732474964;0.15203862660944206
Azul;Matemática e suas Tecnologias;20;0.0018041495439510874;0.000701613711536534;0.26421644061124433;0.2998246430232974;0.14035715563826362;0.17907883906523994;0.11652292166195469
Azul;Matemática e suas Tecnologias;21;0.0011693561858942233;0.0005345628278373592;0.21250044695534023;0.15689920263167303;0.15729252333106877;0.14102334894697321;0.33228447813494477
Azul;Matemática e suas Tecnologias;22;0.0012027663626340583;0.00040092212087801946;0.1778691455130497;0.08895244905255631;0.4787272077225599;0.12334644261708974;0.13110475509474437
Azul;Matemática e suas Tecnologias;23;0.004309912799438709;0.0003341017673983495;0.1461673661178665;0.19799849348972345;0.3692026256321963;0.15969008931453782;0.12694142544567596
Azul;Matemática e suas Tecnologias;24;0.0015034579532925728;0.000735023888276369;0.04107187578261958;0.1568101320167436;0.18536009445100354;0.5180136667739974;0.09874423097563594
Azul;Matemática e suas Tecnologias;25;0.004644014566837058;0.00030069159065851457;0.22084678866164334;0.19113742375313958;0.2995335486185863;0.11772515249372084;0.17075708647290994
Azul;Matemática e suas Tecnologias;26;0.0018041495439510874;0.000668203534796699;0.39106784998568567;0.21482250214715146;0.13355281992556542;0.08721013455482393;0.17334669338677355
Azul;Matemática e suas Tecnologias;27;0.004243092445959039;0.0003675119441381845;0.16660688665710185;0.2708393113342898;0.22209469153515066;0.22073170731707317;0.1197274031563845
Azul;Matemática e suas Tecnologias;28;0.0016370986602519126;0.000668203534796699;0.10193566853912484;0.6846756592364664;0.10708791012200794;0.0545278900855129;0.051772872016887905
Azul;Matemática e suas Tecnologias;29;0.004209682269219204;0.0005345628278373592;0.3767757210503659;0.17158128856363897;0.18151815181518152;0.19080929832113647;0.07931554024967714
Azul;Matemática e suas Tecnologias;30;0.002271892018308777;0.00046774247435768935;0.08376288659793814;0.08659077892325315;0.31106815578465064;0.34432273768613975;0.17425544100801832
Azul;Matemática e suas Tecnologias;31;0.0018709698974307574;0.00040092212087801946;0.06304114490161002;0.1263685152057245;0.34815742397137744;0.1858676207513417;0.2765652951699463
Azul;Matemática e suas Tecnologias;32;0.0026394039624469613;0.0005011526510975244;0.162440911044263;0.20204841713221602;0.2168027503223034;0.3315785704053861;0.08712935109583154
Azul;Matemática e suas Tecnologias;33;0.0011359460091543885;0.002138251311349437;0.06755014326647564;0.15125358166189112;0.10902578796561604;0.057234957020057306;0.6149355300859599
Azul;Matemática e suas Tecnologias;34;0.0020046106043900974;0.0005345628278373592;0.1971941879607759;0.24686851334908025;0.19064490730799513;0.18445351084389092;0.1808388805382578
Azul;Matemática e suas Tecnologias;35;0.0027062243159266313;0.0008686645952357088;0.18354770520583283;0.3620794668768586;0.23363548421769195;0.14732542725090467;0.07341191644871198
Azul;Matemática e suas Tecnologias;36;0.0026394039624469613;0.0005679730045771942;0.23572809970632477;0.23239739273690996;0.1880595945849151;0.2067187164243249;0.13709619654752525
Azul;Matemática e suas Tecnologias;37;0.0034746583809428353;0.0006347933580568641;0.11597060405090517;0.23556192866105036;0.2656748521240366;0.2534145904283922;0.12937802473561572
Azul;Matemática e suas Tecnologias;38;0.002806454846146136;0.0012695867161137283;0.25666762259822196;0.17719386291941497;0.17056208775451678;0.10399340407226842;0.29158302265557784
Azul;Matemática e suas Tecnologias;39;0.0031405566135444857;0.0008686645952357088;0.14975983941501184;0.3538604917915263;0.2177933902071833;0.18273711377159654;0.09584916481468206
Azul;Matemática e suas Tecnologias;40;0.003675119441381845;0.0006347933580568641;0.2460826849295421;0.2372978593710782;0.15364480619599125;0.28480763024848504;0.07816701925490337
Azul;Matemática e suas Tecnologias;41;0.002138251311349437;0.000735023888276369;0.1202921380495489;0.14248890161821567;0.4712516110554203;0.19475869969926965;0.07120864957754547
Azul;Matemática e suas Tecnologias;42;0.0037753499716013496;0.0007684340650162039;0.1591349257585539;0.3228964923606628;0.2430959041675633;0.19037371781077397;0.08449895990244602
Azul;Matemática e suas Tecnologias;43;0.002940095553105476;0.0008018442417560389;0.254533075324303;0.1349888912778614;0.30857163334050025;0.1442700494517308;0.15763635060560452
Azul;Matemática e suas Tecnologias;44;0.0018375597206909224;0.000701613711536534;0.5101281225395462;0.12078591367833369;0.17919261327034572;0.10339274210865364;0.08650060840312075
Azul;Matemática e suas Tecnologias;45;0.002171661488089272;0.0003341017673983495;0.19099595605339442;0.119135382743442;0.23791289410585836;0.20022903768385641;0.2517267294134488
Azul;Ciências Naturais e suas Tecnologias;1;0.0008018442417560389;0.00023387123717884468;0.09189981062636224;0.047057562439704145;0.2793082502590488;0.360738914496016;0.22099546217886876
Azul;Ciências Naturais e suas Tecnologias;2;0.001369817246333233;0.0001336407069593398;0.06624244807492939;0.07446466235298324;0.16305008400958065;0.587173345726236;0.10906945983627069
Azul;Ciências Naturais e suas Tecnologias;3;0.000701613711536534;0.000735023888276369;0.03810545129579982;0.3244682752457551;0.3133869526362824;0.22605898123324397;0.09798033958891868
Azul;Ciências Naturais e suas Tecnologias;4;0.001971200427650262;0.000668203534796699;0.15494470095565338;0.3351229464189842;0.19911235190951715;0.22456064998747272;0.08625935072837253
Azul;Ciências Naturais e suas Tecnologias;5;0.00046774247435768935;0.0002672814139186796;0.07243891984569224;0.1548078296899557;0.566080868695528;0.10508644092013145;0.10158594084869267
Azul;Ciências Naturais e suas Tecnologias;6;0.0003675119441381845;0.0008018442417560389;0.04484865811385484;0.726869885287496;0.12196690848014866;0.04677840117214023;0.05953614694636029
Azul;Ciências Naturais e suas Tecnologias;7;0.0006347933580568641;0.0003675119441381845;0.059596970130055736;0.0921823638702301;0.2895526654280406;0.45308703730170075;0.10558096326997285
Azul;Ciências Naturais e suas Tecnologias;8;0.0005345628278373592;0.0008352544184958738;0.1194195231797548;0.04700289523537191;0.04353576151839011;0.7671658862637166;0.02287593380276656
Azul;Ciências Naturais e suas Tecnologias;9;0.000668203534796699;0.0002672814139186796;0.3073597713469096;0.03219006788138621;0.5559842801000358;0.021757770632368702;0.08270811003929975
Azul;Ciências Naturais e suas Tecnologias;10;0.0006347933580568641;0.0008018442417560389;0.03907059874888293;0.04679177837354781;0.12185880250223413;0.631385165326184;0.16089365504915104
Azul;Ciências Naturais e suas Tecnologias;11;0.0009020747719755437;0.000668203534796699;0.5412391405384148;0.21507990418647885;0.0794394193986629;0.06606842801472954;0.09817310786171392
Azul;Ciências Naturais e suas Tecnologias;12;0.0005011526510975244;0.001436637599812903;0.033941344778254647;0.007367668097281831;0.24309728183118742;0.15286123032904148;0.5627324749642346
Azul;Ciências Naturais e suas Tecnologias;13;0.0013029968928535633;0.00020046106043900973;0.32195331212240375;0.25592535659385834;0.1446394737782862;0.07006756515211096;0.20741429235334072
Azul;Ciências Naturais e suas Tecnologias;14;0.0006347933580568641;0.0010691256556747185;0.6622090320735152;0.041835019844817106;0.07533879214788858;0.07222798297994064;0.14838917295383847
Azul;Ciências Naturais e suas Tecnologias;15;0.001436637599812903;0.0006013831813170291;0.16689916657724363;0.1673283971813857;0.13345494867117358;0.22309260650284365;0.30922488106735346
Azul;Ciências Naturais e suas Tecnologias;16;0.0009354849487153787;0.00016705088369917476;0.4410219760586028;0.2139003037341433;0.17609433625156334;0.0891906378417009;0.07979274611398963
Azul;Ciências Naturais e suas Tecnologias;17;0.0005011526510975244;0.0005679730045771942;0.014578717930393769;0.01018366326020153;0.34838847995426286;0.12016722647037804;0.5066819123847638
Azul;Ciências Naturais e suas Tecnologias;18;0.0008018442417560389;0.0005679730045771942;0.11341459055652858;0.28426922114594133;0.09282625013403867;0.2102441291060514;0.29924580905744
Azul;Ciências Naturais e suas Tecnologias;19;0.0012361765393738933;0.0003675119441381845;0.17550947443689668;0.11884161601716124;0.16464068644976762;0.1957811941365749;0.34522702895959956
Azul;Ciências Naturais e suas Tecnologias;20;0.0016705088369917476;0.00046774247435768935;0.08707161765758031;0.10903627387851471;0.27294841525363095;0.23774772841096087;0.29319596479931315
Azul;Ciências Naturais e suas Tecnologias;21;0.0005011526510975244;0.000735023888276369;0.4572031021049998;0.18101568921768343;0.2391980272327651;0.05128480040027161;0.07129838104428005
Azul;Ciências Naturais e suas Tecnologias;22;0.000701613711536534;0.0005011526510975244;0.1772925452076335;0.08151668930026446;0.13844614394968194;0.1981988421127868;0.4045457794296333
Azul;Ciências Naturais e suas Tecnologias;23;0.002205071664829107;0.00020046106043900973;0.1547269734487941;0.1357618263794461;0.19290775066199098;0.13776569097545266;0.37883775853431617
Azul;Ciências Naturais e suas Tecnologias;24;0.0006013831813170291;0.0005345628278373592;0.13203973699256719;0.4848842195540309;0.029731275014293884;0.30167238421955406;0.05167238421955403
Azul;Ciências Naturais e suas Tecnologias;25;0.001403227423073068;0.00020046106043900973;0.2174830175187701;0.14837325706113694;0.34261708973900606;0.16742938863067572;0.12409724705041116
Azul;Ciências Naturais e suas Tecnologias;26;0.0006347933580568641;0.00040092212087801946;0.3197198699396148;0.1425661914460285;0.28656161789402224;0.1987351270232608;0.05241719369707364
Azul;Ciências Naturais e suas Tecnologias;27;0.0016036884835120778;0.0005011526510975244;0.20955106421033803;0.1478805222679306;0.21273475228045072;0.27808978715793237;0.15174387408334825
Azul;Ciências Naturais e suas Tecnologias;28;0.0026394039624469613;0.0004343322976178544;0.08902098402922008;0.19451407290696843;0.28314115877676715;0.3470242784501898;0.08629950583685454
Azul;Ciências Naturais e suas Tecnologias;29;0.0020046106043900974;0.0003675119441381845;0.14234085948402334;0.32683293376748845;0.23272623179589938;0.17926789995348338;0.11883207499910545
Azul;Ciências Naturais e suas Tecnologias;30;0.0031739667902843205;0.0003341017673983495;0.2444739010496901;0.29638519686167736;0.26217174793107156;0.1362447605058575;0.060724393651703505
Azul;Ciências Naturais e suas Tecnologias;31;0.000735023888276369;0.0005011526510975244;0.20664022014938707;0.1519245202101426;0.13230406347164148;0.2130374182480969;0.29609377792073194
Azul;Ciências Naturais e suas Tecnologias;32;0.0015368681300324078;0.0006013831813170291;0.07204693424912356;0.08217070902196466;0.3850969449810403;0.3022107748443872;0.1584746369034843
Azul;Ciências Naturais e suas Tecnologias;33;0.0010023053021950487;0.0006013831813170291;0.14111548087236325;0.2297104040042903;0.255917053986414;0.24022166607079012;0.1330353950661423
Azul;Ciências Naturais e suas Tecnologias;34;0.0023387123717884466;0.0008352544184958738;0.23930093471331876;0.22153780037961537;0.15431722952404828;0.17788203273287254;0.20696200265014505
Azul;Ciências Naturais e suas Tecnologias;35;0.002806454846146136;0.0004343322976178544;0.15844704702553633;0.2764585795637692;0.2428637942767093;0.21277891193008847;0.10945166720389671
Azul;Ciências Naturais e suas Tecnologias;36;0.0024723530787477866;0.0005345628278373592;0.11135777714122028;0.3059295330850759;0.15035090232025208;0.2336006874820968;0.1987610999713549
Azul;Ciências Naturais e suas Tecnologias;37;0.0016370986602519126;0.0006013831813170291;0.1592787377911345;0.18875889950270117;0.28539229365675645;0.19491252549103788;0.17165754355837
Azul;Ciências Naturais e suas Tecnologias;38;0.0016705088369917476;0.0008686645952357088;0.14426311645551498;0.12372056402548136;0.11488082456517071;0.08030921193901654;0.5368262830148164
Azul;Ciências Naturais e suas Tecnologias;39;0.0010357154789348835;0.0005011526510975244;0.501966251966252;0.05244530244530245;0.2977262977262977;0.08933933933933934;0.05852280852280852
Azul;Ciências Naturais e suas Tecnologias;40;0.0022384818415689418;0.0009688951254552137;0.16402836473032018;0.2093689563784829;0.2506983740419741;0.15253205357782393;0.2233722512713989
Azul;Ciências Naturais e suas Tecnologias;41;0.0026059937857071266;0.00046774247435768935;0.20776337463295852;0.19104060731934397;0.23143307312182196;0.25771682303229965;0.11204612189357588
Azul;Ciências Naturais e suas Tecnologias;42;0.002806454846146136;0.000735023888276369;0.09286328460877043;0.24287044998566926;0.29327887646890227;0.2488177128116939;0.12216967612496417
Azul;Ciências Naturais e suas Tecnologias;43;0.002038020781129932;0.0005679730045771942;0.20221904080171796;0.2620973514674302;0.30068002863278454;0.14413027916964924;0.09087329992841804
Azul;Ciências Naturais e suas Tecnologias;44;0.002138251311349437;0.000668203534796699;0.17852795875993413;0.34058853010668005;0.15260972291830743;0.17752559604782703;0.15074819216725138
Azul;Ciências Naturais e suas Tecnologias;45;0.002038020781129932;0.00030069159065851457;0.1790468012022327;0.22620581079146987;0.21661657363675396;0.2298196650923143;0.14831114927722913
Azul;Inglês;1;0.0020046106043900974;0.0002672814139186796;0.03286219081272085;0.07098056537102473;0.04545053003533569;0.7037985865724382;0.14690812720848057
Azul;Inglês;2;0.0027062243159266313;0.00030069159065851457;0.11344946502785393;0.046555840481032805;0.09850561499690512;0.691838358829251;0.04965072066495711
Azul;Inglês;3;0.0023721225485282818;0.0005011526510975244;0.029130934488550968;0.03439130050393422;0.239368756078154;0.6033949252939617;0.09371408363539917
Azul;Inglês;4;0.002739634492666466;0.0003341017673983495;0.11257516802263884;0.09559603820304209;0.0941368942341705;0.0970551821719137;0.6006367173682349
Azul;Inglês;5;0.001971200427650262;0.00046774247435768935;0.7919151756129887;0.05067373536558427;0.08067152639717252;0.04360503644797879;0.03313452617627568
Azul;Espanhol;1;0.0011693561858942233;0.0001336407069593398;0.05776726057906459;0.5682071269487751;0.05734966592427617;0.12611358574610246;0.19056236080178174
Azul;Espanhol;2;0.001403227423073068;0.00020046106043900973;0.2880836236933798;0.0981184668989547;0.09979094076655053;0.3705923344947735;0.14341463414634145
Azul;Espanhol;3;0.001403227423073068;0.00040092212087801946;0.2563816431859395;0.13321244246059422;0.09722415957595201;0.3936392802343423;0.11954247454317199
Azul;Espanhol;4;0.001403227423073068;0.00016705088369917476;0.13099219620958752;0.17809364548494983;0.38071348940914157;0.17405239687848384;0.13614827201783725
Azul;Espanhol;5;0.0012695867161137283;0.0001336407069593398;0.12226709371953767;0.1629299540453976;0.5613424314162373;0.08619969363598384;0.06726082718284361
Amarela;Linguagens, Códigos e suas Tecnologias;1;0.0029284055336766634;0.0005722171732471642;0.19547373754433373;0.11035298091538591;0.4522546867083263;0.08160783651410235;0.16031075831785171
Amarela;Linguagens, Códigos e suas Tecnologias;2;0.003332323538321721;0.00043757783836547847;0.2868871845119438;0.13166875021117005;0.08801567726458763;0.04270703111801872;0.45072135689427983
Amarela;Linguagens, Códigos e suas Tecnologias;3;0.0033659833720421422;0.00043757783836547847;0.0859237734829031;0.1098459251250169;0.5300716313015272;0.1697864576294094;0.1043722124611434
Amarela;Linguagens, Códigos e suas Tecnologias;4;0.0033659833720421422;0.000639536840688007;0.09094288611017236;0.056471781007096995;0.06299425481581615;0.13771544440689423;0.6518756336600203
Amarela;Linguagens, Códigos e suas Tecnologias;5;0.0031640243697196135;0.00026927866976337136;0.25338602357550577;0.2092748336542034;0.11068328435842875;0.3941297666092478;0.032526091802614246
Amarela;Linguagens, Códigos e suas Tecnologias;6;0.0019522703557844424;0.0005385573395267427;0.5135819132782183;0.05591361565716214;0.23414881052809178;0.17152016197064282;0.024835498565884934
Amarela;Linguagens, Códigos e suas Tecnologias;7;0.003736241542966778;0.0008414958430105356;0.062218915903019645;0.10279646975281506;0.09853582659858655;0.18929428870929565;0.5471544990362831
Amarela;Linguagens, Códigos e suas Tecnologias;8;0.001918610522064021;0.00043757783836547847;0.061169405175613215;0.2829717601808428;0.3570633287222916;0.09426768784371943;0.20452781807753298
Amarela;Linguagens, Códigos e suas Tecnologias;9;0.001447372849978121;0.0005385573395267427;0.8330860033726812;0.02448566610455312;0.09676222596964587;0.020876897133220912;0.02478920741989882
Amarela;Linguagens, Códigos e suas Tecnologias;10;0.001447372849978121;0.00043757783836547847;0.01305095605840893;0.12460796546723772;0.01122989242235187;0.013118402859744376;0.8379927831922571
Amarela;Linguagens, Códigos e suas Tecnologias;11;0.001918610522064021;0.00023561883604294995;0.09910608871647833;0.5799291617473435;0.055388767077078765;0.1494012481025468;0.11617473435655254
Amarela;Linguagens, Códigos e suas Tecnologias;12;0.0020532498569457067;0.00010097950116126426;0.07566200033732501;0.12167313206274245;0.4985663686962388;0.24719176926969136;0.05690672963400236
Amarela;Linguagens, Códigos e suas Tecnologias;13;0.0011107745127739068;0.0005385573395267427;0.05165205664194201;0.5987525286581254;0.0743762643290627;0.17811867835468645;0.09710047201618341
Amarela;Linguagens, Códigos e suas Tecnologias;14;0.0039045407115688847;0.00043757783836547847;0.2651115618661258;0.1354969574036511;0.08465179175118323;0.051048005409060175;0.4636916835699797
Amarela;Linguagens, Códigos e suas Tecnologias;15;0.004241139048773099;0.00026927866976337136;0.17129332206255282;0.42407438715131024;0.11675401521555367;0.21961115807269654;0.06826711749788673
Amarela;Linguagens, Códigos e suas Tecnologias;16;0.0018849506883435996;0.00037025817092463566;0.028473112475541462;0.09439309088455569;0.6882801430402807;0.16493488968355713;0.023918763916065042
Amarela;Linguagens, Códigos e suas Tecnologias;17;0.0023561883604294996;0.00023561883604294995;0.08743925485961124;0.2316414686825054;0.10515658747300216;0.14305480561555076;0.43270788336933047
Amarela;Linguagens, Códigos e suas Tecnologias;18;0.0013800531825372783;0.00026927866976337136;0.11443020903573836;0.13651382333108564;0.5974713418745785;0.03958192852326366;0.11200269723533378
Amarela;Linguagens, Códigos e suas Tecnologias;19;0.004544077552256892;0.00010097950116126426;0.2710425754962632;0.22238003449325353;0.22183896384971763;0.24950120050049035;0.03523722566027527
Amarela;Linguagens, Códigos e suas Tecnologias;20;0.0015483523511393854;0.0005048975058063213;0.08661629789530491;0.022868321640582837;0.2948596869940637;0.5780491095520777;0.017606583917970858
Amarela;Linguagens, Códigos e suas Tecnologias;21;0.006530007741761755;0.00040391800464505703;0.2034708334745619;0.14839168898078162;0.38280852794631054;0.11595430973121378;0.14937463986713215
Amarela;Linguagens, Códigos e suas Tecnologias;22;0.0015820121848598068;0.00040391800464505703;0.07281618887015177;0.7111973018549747;0.09163575042158516;0.10887015177065767;0.015480607082630691
Amarela;Linguagens, Códigos e suas Tecnologias;23;0.002086909690666128;0.0007405163418492713;0.21873417721518987;0.09893670886075949;0.43466666666666665;0.20951898734177216;0.03814345991561181
Amarela;Linguagens, Códigos e suas Tecnologias;24;0.0024571678615907637;0.0007741761755696927;0.22787289366156754;0.04930267112416844;0.11086347212372945;0.12295275723499814;0.4890082058555364
Amarela;Linguagens, Códigos e suas Tecnologias;25;0.0026591268639132924;0.00013463933488168568;0.15172483629244582;0.14747181529737394;0.09862958212381016;0.44194288800378045;0.1602308782825896
Amarela;Linguagens, Códigos e suas Tecnologias;26;0.0014137130162576996;0.00037025817092463566;0.02626787159428109;0.9173185864580523;0.011869436201780416;0.02100755327758295;0.02353655246830321
Amarela;Linguagens, Códigos e suas Tecnologias;27;0.0019522703557844424;0.00037025817092463566;0.7703103913630229;0.05482456140350877;0.0317476383265857;0.125944669365722;0.017172739541160595
Amarela;Linguagens, Códigos e suas Tecnologias;28;0.0030630448685583494;0.00040391800464505703;0.1772275890022293;0.5363439843275012;0.12757549145443492;0.03404715260420185;0.12480578261163278
Amarela;Linguagens, Códigos e suas Tecnologias;29;0.005587532397589956;0.0007405163418492713;0.38531892551065344;0.1452864062870499;0.12215033366078384;0.06517394397208767;0.2820703905694252
Amarela;Linguagens, Códigos e suas Tecnologias;30;0.002322528526709078;0.0001682991686021071;0.10355997975366965;0.6940442044879366;0.15721275518812217;0.03381137168888139;0.011371688881390249
Amarela;Linguagens, Códigos e suas Tecnologias;31;0.003433303039482985;0.00037025817092463566;0.17117177997026625;0.16559670225706177;0.4031625895391269;0.06984051898905258;0.1902284092444925
Amarela;Linguagens, Códigos e suas Tecnologias;32;0.004443098051095627;0.0003365983372042142;0.05262623871207765;0.15696553590151183;0.049447018635641084;0.48249737883451144;0.258463827916258
Amarela;Linguagens, Códigos e suas Tecnologias;33;0.003769901376687199;0.00026927866976337136;0.07134408057048228;0.036331068978336545;0.16245902193382675;0.5968772178850248;0.13298861063232958
Amarela;Linguagens, Códigos e suas Tecnologias;34;0.0026927866976337138;0.00023561883604294995;0.15025994193504827;0.10147863074741746;0.6306461413814057;0.07561947201404362;0.041995813922084936
Amarela;Linguagens, Códigos e suas Tecnologias;35;0.0032986637046012995;0.00037025817092463566;0.04226351351351351;0.20273648648648648;0.6911148648648648;0.028074324324324326;0.03581081081081081
Amarela;Linguagens, Códigos e suas Tecnologias;36;0.0067319667440842845;0.0004712376720858999;0.3876928292931005;0.137684353280217;0.14829632141040855;0.09004916087472453;0.23627733514154942
Amarela;Linguagens, Códigos e suas Tecnologias;37;0.004476757884816049;0.0004712376720858999;0.5209052161558758;0.15567282321899736;0.06917664569379608;0.21030376835126174;0.043941546580069005
Amarela;Linguagens, Códigos e suas Tecnologias;38;0.004847016055740685;0.00043757783836547847;0.24221710882512182;0.41185029778018406;0.151969409853817;0.10760693015701137;0.08635625338386572
Amarela;Linguagens, Códigos e suas Tecnologias;39;0.004106499713891413;0.0004712376720858999;0.19341967335069152;0.41906468738376224;0.03472762316978325;0.20197477428735672;0.15081324180840633
Amarela;Linguagens, Códigos e suas Tecnologias;40;0.004443098051095627;0.00037025817092463566;0.493911925860786;0.08225664614760198;0.1287627680443753;0.07491713454643847;0.22015152540079821
Amarela;Ciências Humanas e suas Tecnologias;1;0.004072839880170992;0.00010097950116126426;0.10501943552475917;0.0699678891330066;0.49765083657258746;0.2309278350515464;0.09643400371810039
Amarela;Ciências Humanas e suas Tecnologias;2;0.005116294725504056;0.00043757783836547847;0.24671676144056323;0.16507581911724886;0.0846872461413485;0.36000541565123206;0.14351475764960736
Amarela;Ciências Humanas e suas Tecnologias;3;0.004779696388299842;0.0007068565081288498;0.0709740743247817;0.10383808298923712;0.06830027753333785;0.5880999120016246;0.16878765315101876
Amarela;Ciências Humanas e suas Tecnologias;4;0.0039045407115688847;0.0005048975058063213;0.06629927648928258;0.30637636080870917;0.0381364527689499;0.1708702413956319;0.41831766853742647
Amarela;Ciências Humanas e suas Tecnologias;5;0.0035006227069238277;0.0008414958430105356;0.3114604462474645;0.10236646382691007;0.05385395537525355;0.427552400270453;0.10476673427991887
Amarela;Ciências Humanas e suas Tecnologias;6;0.0059241307347941705;0.0003365983372042142;0.24611319987806118;0.09562036378416827;0.20634759340175457;0.15476069505131593;0.2971581478847001
Amarela;Ciências Humanas e suas Tecnologias;7;0.004577737385977314;0.0006058770069675856;0.6381322957198443;0.08526476061580104;0.03921502283877516;0.10539671798342073;0.13199120284215868
Amarela;Ciências Humanas e suas Tecnologias;8;0.003736241542966778;0.0005048975058063213;0.15322989554811886;0.1712469999661968;0.07352195517695974;0.4652334110806882;0.13676773822803637
Amarela;Ciências Humanas e suas Tecnologias;9;0.003971860379009728;0.0005722171732471642;0.10164333536214243;0.2161696084398458;0.12808548048961926;0.14330154865760467;0.41080002705078783
Amarela;Ciências Humanas e suas Tecnologias;10;0.0043421185499343635;0.0003365983372042142;0.06956374704091985;0.22465336489685492;0.20185999323638823;0.35238417314846127;0.15153872167737573
Amarela;Ciências Humanas e suas Tecnologias;11;0.004645057053418156;0.000639536840688007;0.15515024363833244;0.08209258256632376;0.13511775852734165;0.04009880887926367;0.5875406063887385
Amarela;Ciências Humanas e suas Tecnologias;12;0.005284593894106163;0.00043757783836547847;0.3164629811435729;0.09597481295913876;0.2902941873455432;0.06076712143268222;0.23650089711906294
Amarela;Ciências Humanas e suas Tecnologias;13;0.00568851189875122;0.0007741761755696927;0.22837686756784226;0.22102517193481722;0.13236440017616966;0.0870345902361351;0.33119897008503574
Amarela;Ciências Humanas e suas Tecnologias;14;0.005755831566192063;0.001043454845333064;0.14464364388111295;0.07405022537025113;0.12586843799776323;0.07957433829260853;0.5758633544582641
Amarela;Ciências Humanas e suas Tecnologias;15;0.006597327409202599;0.00043757783836547847;0.17766101694915254;0.2717966101694915;0.09701694915254237;0.3498983050847458;0.1036271186440678
Amarela;Ciências Humanas e suas Tecnologias;16;0.0054192332289878485;0.00026927866976337136;0.0982396750169262;0.07254570074475288;0.6313473256601219;0.11861882193635748;0.07924847664184156
Amarela;Ciências Humanas e suas Tecnologias;17;0.007842741256858191;0.00037025817092463566;0.09838791786865773;0.09268623790938402;0.5662650602409639;0.0825046665535381;0.1601561174274563
Amarela;Ciências Humanas e suas Tecnologias;18;0.006563667575482177;0.0006731966744084284;0.16071065301417237;0.35390248864175766;0.148538685834407;0.18003661761714246;0.15681155489252052
Amarela;Ciências Humanas e suas Tecnologias;19;0.008078360092901141;0.0005048975058063213;0.34297548720038024;0.16333944455761526;0.12320907177293407;0.26699259862836966;0.10348339784070075
Amarela;Ciências Humanas e suas Tecnologias;20;0.005116294725504056;0.0010771146790534854;0.07895004233700254;0.13243014394580863;0.17910245554614734;0.08806096528365792;0.5214563928873835
Amarela;Ciências Humanas e suas Tecnologias;21;0.0061934094045575415;0.0005722171732471642;0.07753829469974244;0.2999525552392571;0.38240477158736613;0.18134065338213365;0.05876372509150061
Amarela;Ciências Humanas e suas Tecnologias;22;0.007371503584772291;0.00043757783836547847;0.11385147742307562;0.15144010584523526;0.45747531974081485;0.07843403331410931;0.19879906367676495
Amarela;Ciências Humanas e suas Tecnologias;23;0.0069675855801272345;0.0005385573395267427;0.2319744963711592;0.40955029505528046;0.20606389472970224;0.10150579936240928;0.050905514481448824
Amarela;Ciências Humanas e suas Tecnologias;24;0.006563667575482177;0.0005722171732471642;0.0911618130657355;0.13550530562430077;0.5483947520086788;0.11268942604332643;0.11224870325795844
Amarela;Ciências Humanas e suas Tecnologias;25;0.007270524083611027;0.0008078360092901141;0.075638806881808;0.24378160100444535;0.07268655196986663;0.15212596287624283;0.45576707726763716
Amarela;Ciências Humanas e suas Tecnologias;26;0.007741761755696927;0.00037025817092463566;0.2930297271616669;0.13896430025790688;0.23377901452422967;0.26055382109406816;0.0736731369621284
Amarela;Ciências Humanas e suas Tecnologias;27;0.006664647076643442;0.0007405163418492713;0.06120926447149785;0.5017464139170538;0.07379022686425447;0.06866967343755298;0.2945844213096409
Amarela;Ciências Humanas e suas Tecnologias;28;0.006328048739439227;0.000639536840688007;0.20042708968883466;0.5130160667073419;0.07189343095383365;0.10504372584909498;0.10961968680089486
Amarela;Ciências Humanas e suas Tecnologias;29;0.007876401090578612;0.0008751556767309569;0.21535536011409556;0.18924241909742268;0.19932765119358892;0.11660837379877076;0.2794661957961221
Amarela;Ciências Humanas e suas Tecnologias;30;0.008549597764987042;0.00026927866976337136;0.16178218494243896;0.2652222637280538;0.24413352803341598;0.04662614188202533;0.28223588141406597
Amarela;Ciências Humanas e suas Tecnologias;31;0.00639536840688007;0.0005048975058063213;0.6436076464208242;0.073617136659436;0.0740916485900217;0.1317448481561822;0.07693872017353579
Amarela;Ciências Humanas e suas Tecnologias;32;0.007607122420815241;0.0005385573395267427;0.367733396681033;0.4012284928903519;0.12424067601045237;0.04574608884514881;0.06105134557301388
Amarela;Ciências Humanas e suas Tecnologias;33;0.009828671446363055;0.0008414958430105356;0.20546407185628743;0.3052531301034295;0.27589139902014154;0.15439575394665214;0.05899564507348939
Amarela;Ciências Humanas e suas Tecnologias;34;0.007910060924299033;0.001043454845333064;0.13921815032435553;0.09625377848724655;0.4182997656488809;0.13412356077845328;0.21210474476106375
Amarela;Ciências Humanas e suas Tecnologias;35;0.009088155104513784;0.0009088155104513784;0.16829865361077112;0.13521691826465387;0.23521011831905345;0.11362709098327213;0.3476472188222494
Amarela;Ciências Humanas e suas Tecnologias;36;0.009525732942879263;0.0009088155104513784;0.09500323140242865;0.09231606517228477;0.1544950508520698;0.16633218816966563;0.49185346440355115
Amarela;Ciências Humanas e suas Tecnologias;37;0.011679962300986233;0.0006058770069675856;0.20767448200654307;0.26945883315158126;0.15454607415485277;0.2991412213740458;0.0691793893129771
Amarela;Ciências Humanas e suas Tecnologias;38;0.009795011612642634;0.0006058770069675856;0.1374829931972789;0.13479591836734695;0.10428571428571429;0.5729931972789115;0.0504421768707483
Amarela;Ciências Humanas e suas Tecnologias;39;0.01019892961728769;0.0011780941802147498;0.18851928773279766;0.5298764087024617;0.10489939055530965;0.07779782778931599;0.09890708522011508
Amarela;Ciências Humanas e suas Tecnologias;40;0.009828671446363055;0.0009761351778922212;0.16459098951953177;0.24931945011569348;0.0615557370355247;0.26058255070096636;0.26395127262828366
Amarela;Ciências Humanas e suas Tecnologias;41;0.009323773940556734;0.0007405163418492713;0.6045222713362802;0.1522951377082625;0.07953077184631079;0.060183611016661;0.10346820809248555
Amarela;Ciências Humanas e suas Tecnologias;42;0.010569187788212326;0.0011444343464943284;0.21153911651510507;0.08947242941316713;0.18211232587445933;0.2891250298014373;0.22775109839583121
Amarela;Ciências Humanas e suas Tecnologias;43;0.009155474771954627;0.0009761351778922212;0.6320389009793254;0.07565968443960827;0.08507889009793254;0.15444776931447227;0.05277475516866159
Amarela;Ciências Humanas e suas Tecnologias;44;0.011578982799824968;0.00043757783836547847;0.2198146633960207;0.20107658762605615;0.1476560370673208;0.14724720632324884;0.2842055055873535
Amarela;Ciências Humanas e suas Tecnologias;45;0.009054495270793363;0.00013463933488168568;0.10184807718440006;0.45186166598722655;0.21857589346378584;0.16653077863840196;0.061183584726185625
Amarela;Matemática e suas Tecnologias;1;0.0009761351778922212;0.00026927866976337136;0.10018493491713493;0.15196671171491571;0.409844227896721;0.2728501315883064;0.06515399388292197
Amarela;Matemática e suas Tecnologias;2;0.0020532498569457067;0.00037025817092463566;0.4093935833066268;0.17733148167930776;0.2292134031264466;0.10041662215575259;0.08364490973186625
Amarela;Matemática e suas Tecnologias;3;0.0012117540139351712;0.0007741761755696927;0.09663297266514806;0.09955153758542142;0.4058584851936219;0.19525911161731208;0.20269789293849658
Amarela;Matemática e suas Tecnologias;4;0.0009761351778922212;0.0008078360092901141;0.16144758380186464;0.1521599886129101;0.47245747633620383;0.15874314995373995;0.05519180129528147
Amarela;Matemática e suas Tecnologias;5;0.0006058770069675856;0.0011444343464943284;0.566843397502046;0.036579724584563926;0.059139593637689926;0.1338291285627869;0.2036081557129132
Amarela;Matemática e suas Tecnologias;6;0.002726446531354135;0.0007068565081288498;0.11004170676932948;0.23088439739065342;0.30420988842548036;0.21170641286136954;0.1431575945531672
Amarela;Matemática e suas Tecnologias;7;0.0011107745127739068;0.0006731966744084284;0.03718596541171447;0.058287666358266314;0.07846416625151235;0.706924774037435;0.11913742794107181
Amarela;Matemática e suas Tecnologias;8;0.0005048975058063213;0.0006731966744084284;0.2565789473684211;0.6069345661450924;0.05732574679943101;0.0422475106685633;0.03691322901849218
Amarela;Matemática e suas Tecnologias;9;0.0018849506883435996;0.000639536840688007;0.10648148148148148;0.16371082621082622;0.14042022792022793;0.2274928774928775;0.36189458689458687
Amarela;Matemática e suas Tecnologias;10;0.0007405163418492713;0.00026927866976337136;0.3442488888888889;0.1856;0.22147555555555556;0.2111288888888889;0.037546666666666666
Amarela;Matemática e suas Tecnologias;11;0.0017839711871823353;0.00040391800464505703;0.10170879316482734;0.16407974368102526;0.523816304734781;0.15671057315770737;0.05368458526165895
Amarela;Matemática e suas Tecnologias;12;0.004173819381332256;0.0005048975058063213;0.21145059965733867;0.3054683038263849;0.11236436322101656;0.25039263278126783;0.120324100513992
Amarela;Matemática e suas Tecnologias;13;0.0009761351778922212;0.0010771146790534854;0.2601623122374884;0.03894069908165444;0.4555421086352958;0.0928312095109276;0.15252367053463373
Amarela;Matemática e suas Tecnologias;14;0.0007068565081288498;0.0006731966744084284;0.06815109909653554;0.07971117592658462;0.28078537383509994;0.10140855089990752;0.4699438002418724
Amarela;Matemática e suas Tecnologias;15;0.0009761351778922212;0.0003029385034837928;0.312053206245332;0.05338407369207241;0.43888039264501905;0.08084077248639614;0.11484155493118042
Amarela;Matemática e suas Tecnologias;16;0.0011444343464943284;0.00023561883604294995;0.050615351782030304;0.27829551113324325;0.27199971544426266;0.2304545777904247;0.16863484385003913
Amarela;Matemática e suas Tecnologias;17;0.0013127335150964355;0.0006731966744084284;0.04723092255125285;0.16425825740318906;0.2828516514806378;0.43550683371298404;0.07015233485193621
Amarela;Matemática e suas Tecnologias;18;0.0017503113534619139;0.0012117540139351712;0.07699433498414508;0.07660241564827021;0.07150746428189689;0.7049916271778245;0.06990415790786332
Amarela;Matemática e suas Tecnologias;19;0.0009088155104513784;0.0005722171732471642;0.10700437551136566;0.07406353384795987;0.4468357582441037;0.27302479456440537;0.09907153783216534
Amarela;Matemática e suas Tecnologias;20;0.0011107745127739068;0.00043757783836547847;0.09918531431214202;0.7084563662883774;0.09697961506990643;0.044291863815859686;0.05108684051371447
Amarela;Matemática e suas Tecnologias;21;0.003837221044128042;0.0004712376720858999;0.3995432975345203;0.17051414707246584;0.17932707746101972;0.17600884861026866;0.07460662932172547
Amarela;Matemática e suas Tecnologias;22;0.0012117540139351712;0.00040391800464505703;0.08019354609172093;0.08738036787988757;0.31408545913829294;0.3467819404418828;0.17155868644821576
Amarela;Matemática e suas Tecnologias;23;0.0014137130162576996;0.0005722171732471642;0.055417141230068336;0.12015945330296128;0.35699031890660593;0.17461560364464693;0.2928174829157175
Amarela;Matemática e suas Tecnologias;24;0.004072839880170992;0.0005048975058063213;0.22613226738998538;0.18519576001998644;0.29976087654805667;0.11888361469003177;0.17002748135193976
Amarela;Matemática e suas Tecnologias;25;0.0010097950116126427;0.0007405163418492713;0.38832153150909154;0.21641817599544533;0.1343984627975661;0.09216097925488383;0.1687008504430132
Amarela;Matemática e suas Tecnologias;26;0.004039180046450571;0.0005385573395267427;0.1703486919590278;0.26467754024055107;0.2163174988400728;0.22752418002070024;0.1211320889396481
Amarela;Matemática e suas Tecnologias;27;0.0014810326836985426;0.0006731966744084284;0.2646043216688619;0.2908404827168844;0.14552703712932968;0.18148161332811222;0.11754654515681179
Amarela;Matemática e suas Tecnologias;28;0.001447372849978121;0.001043454845333064;0.2118514297923863;0.1604999821943663;0.15921797656778605;0.14864143014849898;0.3197891812969624
Amarela;Matemática e suas Tecnologias;29;0.0015483523511393854;0.0009424753441717998;0.17973006659307006;0.09625725579573377;0.4624479185214202;0.13058651757416045;0.13097824151561555
Amarela;Matemática e suas Tecnologias;30;0.003736241542966778;0.0003365983372042142;0.1503531426125419;0.19479917243347364;0.344010843975173;0.17457373189698225;0.1362631090818292
Amarela;Matemática e suas Tecnologias;31;0.001514692517418964;0.00043757783836547847;0.05000533864825426;0.15631562088479198;0.1939708865715201;0.4991280207851372;0.10058013311029647
Amarela;Matemática e suas Tecnologias;32;0.0021205695243865495;0.001279073681376014;0.2021815070934626;0.26609396164539817;0.18906394810009267;0.16183075497255292;0.1808298281884936
Amarela;Matemática e suas Tecnologias;33;0.003668921875525935;0.00037025817092463566;0.1568039950062422;0.3309434635277332;0.25321919029784196;0.1828072052791154;0.07622614588906723
Amarela;Matemática e suas Tecnologias;34;0.0023561883604294996;0.0007741761755696927;0.26512721830233055;0.12725393770935786;0.31280735514218516;0.13855035279025016;0.15626113605587627
Amarela;Matemática e suas Tecnologias;35;0.0017503113534619139;0.0009424753441717998;0.5215672306322351;0.11811219946571683;0.18382902938557436;0.096206589492431;0.08028495102404275
Amarela;Matemática e suas Tecnologias;36;0.001918610522064021;0.0009761351778922212;0.19102924934981652;0.12319640884962058;0.23752182122626386;0.20096904057857423;0.2472834799957248
Amarela;Matemática e suas Tecnologias;37;0.0033996432057625636;0.0005722171732471642;0.1617505439241003;0.21104255091486251;0.2118272283054535;0.3217890644505475;0.0935906124050362
Amarela;Matemática e suas Tecnologias;38;0.0016829916860210711;0.0022215490255478136;0.07332643817539855;0.15767324084311138;0.11498270266414637;0.06351867042333892;0.5904989478940048
Amarela;Matemática e suas Tecnologias;39;0.0029957252011175066;0.0008751556767309569;0.18206134094151213;0.36476462196861625;0.23473609129814552;0.15014265335235377;0.06829529243937232
Amarela;Matemática e suas Tecnologias;40;0.0029284055336766634;0.0006058770069675856;0.2377896613190731;0.23828877005347593;0.18684491978609627;0.2045276292335116;0.13254901960784313
Amarela;Matemática e suas Tecnologias;41;0.0039045407115688847;0.0005722171732471642;0.11487402754978232;0.23831275426450646;0.27200057097994434;0.24784098208550426;0.12697166512026264
Amarela;Matemática e suas Tecnologias;42;0.003534282540644249;0.0008751556767309569;0.24671709962888952;0.18020268341421639;0.1773836711390237;0.11318869540393948;0.2825078504139309
Amarela;Matemática e suas Tecnologias;43;0.003332323538321721;0.0008751556767309569;0.14966107741705315;0.3441312879058152;0.22343917231537638;0.1788797716732073;0.10388869068854799
Amarela;Matemática e suas Tecnologias;44;0.003601602208085092;0.00037025817092463566;0.2512751007597104;0.2368655704961301;0.14587866034169134;0.2888682811998431;0.0771123872026251
Amarela;Matemática e suas Tecnologias;45;0.0021878891918273922;0.0003365983372042142;0.12051282051282051;0.13073361823361823;0.46951566951566953;0.19821937321937322;0.08101851851851852
Amarela;Ciências Naturais e suas Tecnologias;1;0.0011444343464943284;0.00043757783836547847;0.07069161804468478;0.16052369432190125;0.5693041127081258;0.09808595417674683;0.10139462074854134
Amarela;Ciências Naturais e suas Tecnologias;2;0.00043757783836547847;0.0005048975058063213;0.03946386034770861;0.7347388630141857;0.1331460873893412;0.03718846659793081;0.05546272265083372
Amarela;Ciências Naturais e suas Tecnologias;3;0.0006058770069675856;0.00040391800464505703;0.060906666666666665;0.09294222222222222;0.2949688888888889;0.44981333333333334;0.10136888888888888
Amarela;Ciências Naturais e suas Tecnologias;4;0.0005385573395267427;0.0005385573395267427;0.11919069800519148;0.04185186502151264;0.03669594282260072;0.7835579418980906;0.01870355225260463
Amarela;Ciências Naturais e suas Tecnologias;5;0.0009088155104513784;0.00040391800464505703;0.28129890453834117;0.03378859012661829;0.5846137430644472;0.02098449281547873;0.07931426945511452
Amarela;Ciências Naturais e suas Tecnologias;6;0.0007068565081288498;0.0006731966744084284;0.03941096962367504;0.04570676531265561;0.11624101870953973;0.6400369922458562;0.15860425410827345
Amarela;Ciências Naturais e suas Tecnologias;7;0.0008414958430105356;0.0007741761755696927;0.547621588928025;0.2139324723378518;0.07862809976162521;0.062297648272672285;0.09752019069982566
Amarela;Ciências Naturais e suas Tecnologias;8;0.0008414958430105356;0.0008751556767309569;0.03198832906347851;0.00654711073156846;0.2428835752917734;0.15261172786791916;0.5659692570452605
Amarela;Ciências Naturais e suas Tecnologias;9;0.0011444343464943284;0.00026927866976337136;0.3207057233308434;0.2535126098246363;0.1515313200298794;0.07103475260555615;0.20321559420908478
Amarela;Ciências Naturais e suas Tecnologias;10;0.0010097950116126427;0.0007068565081288498;0.6674850555081128;0.044192997438087106;0.07073726159977227;0.07023911187019641;0.1473455735838315
Amarela;Ciências Naturais e suas Tecnologias;11;0.0022215490255478136;0.0006058770069675856;0.15727975490719961;0.2548181397171458;0.19443553845605785;0.2532150618075594;0.14025150511203732
Amarela;Ciências Naturais e suas Tecnologias;12;0.000639536840688007;0.0007741761755696927;0.016433678369437626;0.01241418560808167;0.3309145235300395;0.12069149503788283;0.5195461174545584
Amarela;Ciências Naturais e suas Tecnologias;13;0.0011107745127739068;0.0007405163418492713;0.1104626334519573;0.29039145907473307;0.0902135231316726;0.21398576512455517;0.2949466192170819
Amarela;Ciências Naturais e suas Tecnologias;14;0.0021878891918273922;0.000639536840688007;0.16276584375333975;0.1202664671725268;0.17787040005699833;0.13038366997969433;0.4087136190374408
Amarela;Ciências Naturais e suas Tecnologias;15;0.0007405163418492713;0.0011780941802147498;0.13367499466154176;0.47878852587372767;0.032066339241227135;0.30514627375613923;0.050323866467364226
Amarela;Ciências Naturais e suas Tecnologias;16;0.0008751556767309569;0.00020195900232252852;0.23582121395299221;0.14152117483909968;0.344877857981012;0.15677559293105287;0.12100416029584327
Amarela;Ciências Naturais e suas Tecnologias;17;0.0012454138476555925;0.00043757783836547847;0.17306529087351005;0.16669631738124888;0.12773527842020993;0.22629425369151396;0.3062088596335172
Amarela;Ciências Naturais e suas Tecnologias;18;0.001447372849978121;0.0004712376720858999;0.42180938145063707;0.2177379172894868;0.19350131681970248;0.09345860915367642;0.07349277528649725
Amarela;Ciências Naturais e suas Tecnologias;19;0.0013127335150964355;0.0003029385034837928;0.164869961219625;0.11089764115700715;0.17486747073682712;0.1835130038780375;0.3658519230085032
Amarela;Ciências Naturais e suas Tecnologias;20;0.0013800531825372783;0.00043757783836547847;0.08305754243621223;0.10661542293868545;0.26828226753496315;0.24180634141133767;0.3002384256788015
Amarela;Ciências Naturais e suas Tecnologias;21;0.0006731966744084284;0.0006058770069675856;0.44076537326172777;0.18867589003094212;0.24437173240388377;0.05064551694704272;0.0755414873564036
Amarela;Ciências Naturais e suas Tecnologias;22;0.0009761351778922212;0.0005722171732471642;0.1780568501191789;0.08708954427407592;0.13586395816286598;0.1942438364936497;0.4047458109502295
Amarela;Ciências Naturais e suas Tecnologias;23;0.0019522703557844424;0.0005385573395267427;0.18297069192692567;0.19411701862469286;0.24796125494106336;0.11602150920551263;0.2589295253018055
Amarela;Ciências Naturais e suas Tecnologias;24;0.0020195900232252853;0.00026927866976337136;0.22120553992950476;0.19055078862107025;0.23772563819560652;0.24865596183287642;0.10186207142094207
Amarela;Ciências Naturais e suas Tecnologias;25;0.002625467030192871;0.0003029385034837928;0.07823856348867037;0.23207923614080092;0.31088784380789514;0.26674504774119995;0.11204930882143366
Amarela;Ciências Naturais e suas Tecnologias;26;0.001514692517418964;0.0004712376720858999;0.20906890660592256;0.2439493166287016;0.3194404897494305;0.13532175398633256;0.09221953302961276
Amarela;Ciências Naturais e suas Tecnologias;27;0.0013463933488168569;0.0008414958430105356;0.17016731933072268;0.3523317906728373;0.15532217871128515;0.17497330010679957;0.14720541117835528
Amarela;Ciências Naturais e suas Tecnologias;28;0.0028274260325153993;0.0003365983372042142;0.2493852678094152;0.2997042158155447;0.2585082498841809;0.13524108192865542;0.05716118456220377
Amarela;Ciências Naturais e suas Tecnologias;29;0.0016493318523006497;0.0009088155104513784;0.19957975711385734;0.14252644324940347;0.13137932262544963;0.22564906157626696;0.3008654154350226
Amarela;Ciências Naturais e suas Tecnologias;30;0.0015483523511393854;0.0005385573395267427;0.06585270352044993;0.07767059409817392;0.3913074431353006;0.3007866728366497;0.16438258640942582
Amarela;Ciências Naturais e suas Tecnologias;31;0.0011107745127739068;0.00020195900232252852;0.14856309574619433;0.2274149950206288;0.24896855882771377;0.24181960449566084;0.13323374590980225
Amarela;Ciências Naturais e suas Tecnologias;32;0.001043454845333064;0.00043757783836547847;0.3185585713777525;0.15147095443064992;0.2788588097186155;0.19501262850841308;0.05609903596456903
Amarela;Ciências Naturais e suas Tecnologias;33;0.0015820121848598068;0.0005048975058063213;0.2121168974477628;0.15185277471256184;0.21240166589541878;0.26746876446089773;0.15615989748335884
Amarela;Ciências Naturais e suas Tecnologias;34;0.002793766198794978;0.0006058770069675856;0.08722463819776145;0.19669209381906325;0.269052541527055;0.35574249661367363;0.09128822984244671
Amarela;Ciências Naturais e suas Tecnologias;35;0.0021205695243865495;0.0005048975058063213;0.14189550165615986;0.3367525020479396;0.22206788474552125;0.18164333796345764;0.11764077358692168
Amarela;Ciências Naturais e suas Tecnologias;36;0.0021205695243865495;0.0004712376720858999;0.2323527316760453;0.2059619631027851;0.15492556449889594;0.18338200726547474;0.22337773345679893
Amarela;Ciências Naturais e suas Tecnologias;37;0.0026927866976337138;0.00020195900232252852;0.16238554989490184;0.2659873882218818;0.2468203356015533;0.21222701200612776;0.11257971427553529
Amarela;Ciências Naturais e suas Tecnologias;38;0.0021878891918273922;0.00040391800464505703;0.11158202151150366;0.2995227580311988;0.15058052567846714;0.23099935892869863;0.2073153358501318
Amarela;Ciências Naturais e suas Tecnologias;39;0.0015483523511393854;0.00040391800464505703;0.15813076129124107;0.192013382211624;0.2824144926504609;0.20635655052140797;0.16108481332526603
Amarela;Ciências Naturais e suas Tecnologias;40;0.0020532498569457067;0.0005385573395267427;0.14399173730322673;0.12151862668281217;0.12098440059833321;0.0792791509366764;0.5342260844789515
Amarela;Ciências Naturais e suas Tecnologias;41;0.0012117540139351712;0.0007068565081288498;0.5032386646736422;0.048829098156452415;0.3048615559826322;0.08694569008470354;0.05612499110256958
Amarela;Ciências Naturais e suas Tecnologias;42;0.0015483523511393854;0.0005722171732471642;0.08610992453367507;0.06500071194646162;0.25729745123166736;0.34205467748825286;0.24953723479994305
Amarela;Ciências Naturais e suas Tecnologias;43;0.002625467030192871;0.0004712376720858999;0.08441720414781029;0.09218543990307522;0.18116380999893097;0.5069308341944909;0.13530271175569256
Amarela;Ciências Naturais e suas Tecnologias;44;0.0013127335150964355;0.00037025817092463566;0.050169009073118664;0.30204589930617326;0.3086995196584238;0.2193915673367728;0.11969400462551147
Amarela;Ciências Naturais e suas Tecnologias;45;0.002154229358106971;0.00026927866976337136;0.15952711604885517;0.3383897731723819;0.19574119574119575;0.22016878538617668;0.08617312965139053
Amarela;Inglês;1;0.0014810326836985426;0.00013463933488168568;0.789180517802237;0.05106724299273651;0.08381979412682145;0.04215498418074061;0.03377746089746446
Amarela;Inglês;2;0.0019522703557844424;0.00043757783836547847;0.08595771255241325;0.08939245249353198;0.10888571683468641;0.11968061379248818;0.5960835043268802
Amarela;Inglês;3;0.0018512908546231782;0.00037025817092463566;0.11216161976541944;0.04245640636846096;0.09222673148106855;0.7023145877001293;0.05084065468492173
Amarela;Inglês;4;0.001918610522064021;0.00020195900232252852;0.023811647195219835;0.03281904931775618;0.2178275216266833;0.6357353072326763;0.08980647462766432
Amarela;Inglês;5;0.0021878891918273922;0.0001682991686021071;0.031178910745349925;0.06391899727909363;0.05062670056648379;0.6967304518488782;0.15754493956019447
Amarela;Espanhol;1;0.0017166515197414925;0.00013463933488168568;0.32254012561060713;0.13007676203768317;0.09867411025819958;0.34640614096301464;0.10230286113049547
Amarela;Espanhol;2;0.0013463933488168569;0.0003029385034837928;0.06400780923162738;0.5611490726537443;0.07655836006135824;0.11685957328127179;0.18142518477199832
Amarela;Espanhol;3;0.0017839711871823353;0.00037025817092463566;0.2670486305198435;0.09977641140301845;0.1126327557294578;0.36584684181106764;0.15469536053661262
Amarela;Espanhol;4;0.0015820121848598068;0.00043757783836547847;0.06396648044692738;0.1562849162011173;0.5800279329608938;0.1259776536312849;0.07374301675977654
Amarela;Espanhol;5;0.0015820121848598068;0.00023561883604294995;0.12489533910131174;0.16759698576611778;0.3745464694390176;0.1776444320401898;0.1553167736533631
Verde;Linguagens, Códigos e suas Tecnologias;1;0.003321144620752122;0.00033546915361132545;0.36474747474747476;0.15171717171717172;0.08441077441077441;0.043333333333333335;0.35579124579124577
Verde;Linguagens, Códigos e suas Tecnologias;2;0.003153410043946459;0.0004696568150558556;0.2920103700212114;0.205077270125585;0.09760614120736676;0.36887646880576413;0.036429749840072724
Verde;Linguagens, Códigos e suas Tecnologias;3;0.0029856754671407962;0.00020128149216679526;0.08941912903008682;0.10415965538130174;0.5377263242915797;0.16288618159789997;0.10580870969913173
Verde;Linguagens, Códigos e suas Tecnologias;4;0.002885034721057399;0.0005702975611392532;0.20901501380192553;0.11846091698646738;0.3765232612940147;0.10119167844879823;0.1948091294687942
Verde;Linguagens, Códigos e suas Tecnologias;5;0.003086316213224194;0.0006373913918615183;0.09663950434372685;0.06485285204390868;0.05832042561788672;0.1444878442992794;0.6356993736951984
Verde;Linguagens, Códigos e suas Tecnologias;6;0.001610251937334362;0.0005702975611392532;0.0514389456697149;0.5925564819795589;0.08193249058633674;0.18904653039268424;0.08502555137170521
Verde;Linguagens, Códigos e suas Tecnologias;7;0.003220503874668724;0.0005367506457781207;0.25255076270330334;0.140519244368118;0.07872849109337643;0.04976933697006432;0.4784321648651379
Verde;Linguagens, Códigos e suas Tecnologias;8;0.0049649434734476165;0.00026837532288906033;0.17482210906147777;0.425521869625333;0.1183691363437089;0.22284423161231579;0.05844265335716454
Verde;Linguagens, Códigos e suas Tecnologias;9;0.001543158106612097;0.0004696568150558556;0.029984201149618476;0.0867592187972705;0.685367575380685;0.17758580120340178;0.02030320346902417
Verde;Linguagens, Códigos e suas Tecnologias;10;0.0022140964138347478;0.00026837532288906033;0.08693458886833698;0.22602993105767613;0.10667563477383554;0.13704388767445772;0.44331595762569365
Verde;Linguagens, Códigos e suas Tecnologias;11;0.0014760642758898318;0.00016773457680566273;0.10698924731182796;0.13844086021505375;0.6007056451612903;0.04143145161290323;0.11243279569892473
Verde;Linguagens, Códigos e suas Tecnologias;12;0.0017108926834177598;0.0006709383072226509;0.8225166453695608;0.026632591297330015;0.10686663528145807;0.021487658887618534;0.02249646916403255
Verde;Linguagens, Códigos e suas Tecnologias;13;0.0015767050219732295;0.0005367506457781207;0.012304175351307739;0.1285887178107981;0.011564580111611645;0.014388489208633094;0.8331540375176494
Verde;Linguagens, Códigos e suas Tecnologias;14;0.002348284075279278;0.00026837532288906033;0.09286603208771989;0.5683629881268709;0.062291883892233696;0.15811778951262992;0.11836130638054555
Verde;Linguagens, Códigos e suas Tecnologias;15;0.0020463618370290854;0.0002348284075279278;0.07481254833394976;0.12010356074106453;0.5030093137419723;0.25382468645976936;0.04824989072324401
Verde;Linguagens, Códigos e suas Tecnologias;16;0.0017444395987788923;0.0006038444765003858;0.5021352432832308;0.052691751572009816;0.2385083560308013;0.17276976361007432;0.03389488550388379
Verde;Linguagens, Códigos e suas Tecnologias;17;0.003086316213224194;0.0003019222382501929;0.07102463982765585;0.10337282886764508;0.10401238723576141;0.21623805035680624;0.5053520937121314
Verde;Linguagens, Códigos e suas Tecnologias;18;0.002516018652084941;0.0004696568150558556;0.06066621803499327;0.2804172274562584;0.3396702557200538;0.09697173620457604;0.22227456258411843
Verde;Linguagens, Códigos e suas Tecnologias;19;0.0017108926834177598;0.0004361098996947231;0.2394351991931417;0.09900823667843335;0.41778450159690705;0.20924525130273997;0.034526811228777946
Verde;Linguagens, Códigos e suas Tecnologias;20;0.0026837532288906036;0.0006038444765003858;0.22456329305644374;0.05119316078220188;0.11127191949109758;0.123826192319343;0.4891454343509138
Verde;Linguagens, Códigos e suas Tecnologias;21;0.0025495655674460734;0.00033546915361132545;0.14904282878578878;0.15540154089425698;0.09753389630925546;0.43690071661676144;0.16112101739393736
Verde;Linguagens, Códigos e suas Tecnologias;22;0.0012747827837230367;0.0003019222382501929;0.021134332370136417;0.9199314562193401;0.009643169141858745;0.02224312882198777;0.02704791344667697
Verde;Linguagens, Códigos e suas Tecnologias;23;0.0016773457680566272;0.0004361098996947231;0.7730787332750622;0.05109930746991192;0.02931486586431789;0.12600013447186176;0.02050695891884623
Verde;Linguagens, Códigos e suas Tecnologias;24;0.002415377906001543;0.00033546915361132545;0.17371413193393212;0.5383994348572005;0.12698893262017694;0.031991119184579676;0.12890638140411073
Verde;Linguagens, Códigos e suas Tecnologias;25;0.0033546915361132544;0.00016773457680566273;0.3910247778077027;0.14994613520064637;0.1218691085375707;0.056793697818475625;0.28036628063560465
Verde;Linguagens, Códigos e suas Tecnologias;26;0.002717300144251736;0.0002348284075279278;0.2775142155378352;0.2278523602839743;0.22559806197638033;0.2353554725614885;0.03367988964032166
Verde;Linguagens, Códigos e suas Tecnologias;27;0.00211345566775135;0.0004696568150558556;0.08438719225077358;0.03198573927081932;0.2895533431992466;0.5742634198842997;0.019810305394860755
Verde;Linguagens, Códigos e suas Tecnologias;28;0.007548055956254822;0.0003019222382501929;0.20463229078613693;0.1476923076923077;0.3768385460693153;0.12270498732037194;0.14813186813186813
Verde;Linguagens, Códigos e suas Tecnologias;29;0.001912174175584555;0.0004361098996947231;0.07360704798412858;0.7063452032684354;0.09364807155586939;0.11103265072800027;0.015367026463566361
Verde;Linguagens, Códigos e suas Tecnologias;30;0.002180549498473615;0.0005367506457781207;0.11238562970936491;0.6955395586652314;0.15019510226049515;0.028928955866523144;0.012950753498385361
Verde;Linguagens, Códigos e suas Tecnologias;31;0.0037237076050857126;0.0004696568150558556;0.17248349279072903;0.15668373534564076;0.39600458159277724;0.0752930871850155;0.1995351030858375
Verde;Linguagens, Códigos e suas Tecnologias;32;0.002717300144251736;0.0004696568150558556;0.19081914249175472;0.43494648987009493;0.026553139934037826;0.196102847142761;0.15157838056135156
Verde;Linguagens, Códigos e suas Tecnologias;33;0.0029521285517796637;0.00036901606897245796;0.5220801077078425;0.07936721642544597;0.1122181083810165;0.07182766745203635;0.2145069000336587
Verde;Linguagens, Códigos e suas Tecnologias;34;0.003992082927974773;0.0004025629843335905;0.5212615405350765;0.15664802210391535;0.06803019071365995;0.20904373610081542;0.04501651054653279
Verde;Linguagens, Códigos e suas Tecnologias;35;0.0037237076050857126;0.00036901606897245796;0.23730925994543067;0.41570384343315253;0.15724054299861892;0.10253646377202143;0.08720988985077643
Verde;Linguagens, Códigos e suas Tecnologias;36;0.004528833573752894;0.0007044852225837835;0.055070313290392206;0.17131487539203452;0.05881361076450949;0.4559741004282872;0.2588271001247766
Verde;Linguagens, Códigos e suas Tecnologias;37;0.004730115065919689;0.00026837532288906033;0.07505057316250843;0.03819959541469993;0.16351989211058665;0.5851652056641942;0.13806473364801078
Verde;Linguagens, Códigos e suas Tecnologias;38;0.0030527692978630614;0.0006709383072226509;0.15196309515792308;0.10084854198935955;0.6270792645969425;0.0779177048959526;0.04219139335982221
Verde;Linguagens, Códigos e suas Tecnologias;39;0.0037908014358079773;0.0005032037304169882;0.04649439035072942;0.20686634547353525;0.6694181462888716;0.03436541895488696;0.04285569893197669
Verde;Linguagens, Códigos e suas Tecnologias;40;0.006441007749337448;0.0002348284075279278;0.38885511651469096;0.13238770685579196;0.14795677136102667;0.0895305639986491;0.24126984126984127
Verde;Ciências Humanas e suas Tecnologias;1;0.0033546915361132544;0.00016773457680566273;0.3617357931591705;0.07635335308375976;0.29612173444653916;0.047030702935631566;0.218758416374899
Verde;Ciências Humanas e suas Tecnologias;2;0.00436109899694723;0.0006373913918615183;0.24467296021577883;0.2121375590020229;0.12171274443695212;0.07899527983816589;0.34248145650708023
Verde;Ciências Humanas e suas Tecnologias;3;0.0038578952665302424;0.001174142037639639;0.13038200883374354;0.06416264877440238;0.11477123301527362;0.06541016217674231;0.6252739471998382
Verde;Ciências Humanas e suas Tecnologias;4;0.005635881780670268;0.00033546915361132545;0.17488441159596368;0.2685700786338632;0.08460733691066788;0.3710303398467821;0.10090783301272316
Verde;Ciências Humanas e suas Tecnologias;5;0.0038578952665302424;0.0005032037304169882;0.08261733885912598;0.06186192257151521;0.66899154284174;0.1118636072643957;0.07466558846322316
Verde;Ciências Humanas e suas Tecnologias;6;0.004696568150558556;0.0007715790533060485;0.6102678270255684;0.09411050394656952;0.03737435067125413;0.11600215880725899;0.142245159549349
Verde;Ciências Humanas e suas Tecnologias;7;0.0038578952665302424;0.0007715790533060485;0.1568197903676991;0.17046948198577735;0.07205689056654646;0.46756091806814737;0.13309291901182974
Verde;Ciências Humanas e suas Tecnologias;8;0.004025629843335906;0.0005702975611392532;0.1033297384739822;0.2145119978430844;0.12469668374224858;0.14249123753033163;0.4149703424103532
Verde;Ciências Humanas e suas Tecnologias;9;0.004763661981280821;0.0003019222382501929;0.06760401915166228;0.22486344325308516;0.1937082743273316;0.3663429765999056;0.14748128666801538
Verde;Ciências Humanas e suas Tecnologias;10;0.005333959542420074;0.0007380321379449159;0.15228837586067234;0.07914810314567301;0.137910085054678;0.03979343863912515;0.5908599972998515
Verde;Ciências Humanas e suas Tecnologias;11;0.005166224965614412;0.00033546915361132545;0.11178950919210659;0.07613425535503457;0.4682408500590319;0.2628436498566369;0.08099173553719008
Verde;Ciências Humanas e suas Tecnologias;12;0.006239726257170653;0.00036901606897245796;0.2429758206132649;0.15540996893151426;0.08695799000405241;0.3673848439821694;0.14727137646899904
Verde;Ciências Humanas e suas Tecnologias;13;0.005401053373142339;0.0006373913918615183;0.08518681021971716;0.1088460629788383;0.0739815721084073;0.5702858685747072;0.16169968611833002
Verde;Ciências Humanas e suas Tecnologias;14;0.004629474319836291;0.000805125968667181;0.07609538907815293;0.30137956622929807;0.042736195905150605;0.1816709953789591;0.3981178534084393
Verde;Ciências Humanas e suas Tecnologias;15;0.004495286658391761;0.0007715790533060485;0.31502090921354375;0.11092000539592607;0.05996222851746931;0.40361527047079454;0.11048158640226628
Verde;Ciências Humanas e suas Tecnologias;16;0.006944211479754436;0.0004025629843335905;0.255187563366002;0.09945927678269685;0.20483271375464684;0.1555931057789794;0.2849273403176749
Verde;Ciências Humanas e suas Tecnologias;17;0.0060048978496427255;0.0004361098996947231;0.1447141844211095;0.2749434446432792;0.24772934463314988;0.036127899517169194;0.2964851267852922
Verde;Ciências Humanas e suas Tecnologias;18;0.005032037304169882;0.0005367506457781207;0.6655534190196674;0.06892014978241069;0.06571534595014;0.1263030057686469;0.07350807947913504
Verde;Ciências Humanas e suas Tecnologias;19;0.005099131134892147;0.0007380321379449159;0.3670659692930656;0.41822169731736125;0.12022945841066307;0.038096844946853385;0.05638603003205669
Verde;Ciências Humanas e suas Tecnologias;20;0.007514509040893689;0.0003019222382501929;0.20381390316472817;0.3085948065999459;0.28732756288882877;0.142750879091155;0.05751284825534217
Verde;Ciências Humanas e suas Tecnologias;21;0.005602334865309135;0.0007715790533060485;0.14102434248286572;0.08585705121712414;0.4264154765522131;0.139066139977717;0.20763698977008002
Verde;Ciências Humanas e suas Tecnologias;22;0.006742929987587641;0.0006038444765003858;0.15812774586008788;0.2526191280838121;0.04748225751943224;0.25863467387630956;0.2831361946603582
Verde;Ciências Humanas e suas Tecnologias;23;0.005333959542420074;0.0004696568150558556;0.6469496558239979;0.13844648400593873;0.07220947496288298;0.04987177756782292;0.09252260763935753
Verde;Ciências Humanas e suas Tecnologias;24;0.007514509040893689;0.0007715790533060485;0.2009336310127867;0.07932480887626006;0.16960963398958123;0.2935863608686828;0.2565455652526893
Verde;Ciências Humanas e suas Tecnologias;25;0.005602334865309135;0.0005702975611392532;0.6605232067510548;0.07355274261603376;0.07652320675105485;0.14342616033755273;0.0459746835443038
Verde;Ciências Humanas e suas Tecnologias;26;0.008084806602032943;0.0006373913918615183;0.2179769196927138;0.20234187282141528;0.14663778808081493;0.14494568344106398;0.288097735963992
Verde;Ciências Humanas e suas Tecnologias;27;0.006407460833976316;0.0006373913918615183;0.09270583465657624;0.48954356566100204;0.2054123450116558;0.1575728909760465;0.05476536369471942
Verde;Ciências Humanas e suas Tecnologias;28;0.008420275755644269;0.000805125968667181;0.10709690526173224;0.1495903027019706;0.47040698855556307;0.08397101645561049;0.1889347870251236
Verde;Ciências Humanas e suas Tecnologias;29;0.007279680633365762;0.0007044852225837835;0.21798383551452435;0.41449392986371786;0.20509959081532583;0.10872138243549423;0.053701261370937746
Verde;Ciências Humanas e suas Tecnologias;30;0.007313227548726895;0.0003019222382501929;0.09350280576025961;0.13362855790683523;0.5423906429585559;0.11534040970860658;0.11513758366574268
Verde;Ciências Humanas e suas Tecnologias;31;0.007044852225837834;0.00036901606897245796;0.09385561714208462;0.2323577125861836;0.07813978639989184;0.14536298499391645;0.45028389887792347
Verde;Ciências Humanas e suas Tecnologias;32;0.007447415210171425;0.0007715790533060485;0.29390474901907726;0.14480449194966852;0.23785685292923825;0.25189419564335;0.07153971045866594
Verde;Ciências Humanas e suas Tecnologias;33;0.007212586802643497;0.0009057667147505787;0.17248959989177123;0.13146413230966955;0.22640105523049345;0.12033686204214157;0.3493083505259242
Verde;Ciências Humanas e suas Tecnologias;34;0.007447415210171425;0.0009057667147505787;0.09286197564276048;0.09550067658998647;0.1530784844384303;0.1716508795669824;0.4869079837618403
Verde;Ciências Humanas e suas Tecnologias;35;0.00976215237008957;0.0006038444765003858;0.20769491525423728;0.2683050847457627;0.15420338983050846;0.3016949152542373;0.06810169491525424
Verde;Ciências Humanas e suas Tecnologias;36;0.007984165855949545;0.0006038444765003858;0.13694041214089941;0.13213548539911346;0.09829797313301526;0.5811592731702365;0.05146685615673536
Verde;Ciências Humanas e suas Tecnologias;37;0.009225401724311449;0.0005367506457781207;0.18693678433498204;0.5396368317636696;0.0984822819974253;0.07253201436411681;0.10241208753980623
Verde;Ciências Humanas e suas Tecnologias;38;0.009661511624006172;0.0007044852225837835;0.10789830508474577;0.08772881355932204;0.5549152542372882;0.08393220338983051;0.16552542372881357
Verde;Ciências Humanas e suas Tecnologias;39;0.008151900432755209;0.0008386728840283136;0.1536508581293795;0.33912189837852474;0.16251988761382485;0.17947936765850853;0.16522798821976237
Verde;Ciências Humanas e suas Tecnologias;40;0.010567278338756751;0.0008386728840283136;0.32888798398316876;0.1588788218127524;0.13017068784146052;0.27289694254979807;0.10916556381282025
Verde;Ciências Humanas e suas Tecnologias;41;0.007816431279143882;0.0013083296990841692;0.08044148017740461;0.14148356298879372;0.1825845549649592;0.0905305210414057;0.5049598808274368
Verde;Ciências Humanas e suas Tecnologias;42;0.009996980777617497;0.0006373913918615183;0.08900718839007188;0.29604638546046386;0.3676251186762512;0.18489759934897598;0.06242370812423708
Verde;Ciências Humanas e suas Tecnologias;43;0.0085544634170888;0.0009057667147505787;0.06908930809089986;0.4817963220103634;0.08199275239611203;0.07830121583635317;0.28882040166627154
Verde;Ciências Humanas e suas Tecnologias;44;0.008621557247811064;0.0012076889530007716;0.21354519582599268;0.48997154085919503;0.07219812982788996;0.11204092695487193;0.11224420653205042
Verde;Ciências Humanas e suas Tecnologias;45;0.008856385655338991;0.0002348284075279278;0.20624280587717517;0.18186742501184913;0.20356828492111856;0.11764506737084433;0.2906764168190128
Verde;Matemática e suas Tecnologias;1;0.0006038444765003858;0.0005032037304169882;0.049375244740308286;0.2760670677441173;0.2849311167277776;0.22658502723292157;0.16304154355487524
Verde;Matemática e suas Tecnologias;2;0.0010399543761951088;0.0004025629843335905;0.045261920871763825;0.16171076528613654;0.2836437448808803;0.4444998397492967;0.06488372921192265
Verde;Matemática e suas Tecnologias;3;0.0013754235298064344;0.0009057667147505787;0.07502851439977189;0.06244653550042772;0.06180496150556031;0.7385229540918163;0.062197034502423726
Verde;Matemática e suas Tecnologias;4;0.0008386728840283136;0.0004361098996947231;0.10457167271950438;0.06430249946592609;0.4718721070996226;0.2665384889268675;0.09271523178807947
Verde;Matemática e suas Tecnologias;5;0.0014425173605286995;0.0005702975611392532;0.11915621436716077;0.1857896237172178;0.13886117445838084;0.20731185860889395;0.34888112884834666
Verde;Matemática e suas Tecnologias;6;0.0007044852225837835;0.0006038444765003858;0.3299626134947481;0.21014776571123375;0.2213637172868079;0.2011037920598184;0.03742211144739185
Verde;Matemática e suas Tecnologias;7;0.0016437988526954946;0.0005032037304169882;0.10673556664290805;0.16806842480399145;0.5179258731290093;0.149215965787598;0.05805416963649323
Verde;Matemática e suas Tecnologias;8;0.00033546915361132545;0.0009393136301117112;0.5669372641173538;0.034964039023000784;0.058854945524460585;0.1360108238980275;0.2032329274371573
Verde;Matemática e suas Tecnologias;9;0.0029856754671407962;0.0006038444765003858;0.11489452832209016;0.22532747974444087;0.29524931291715745;0.21240675304279544;0.1521219259735161
Verde;Matemática e suas Tecnologias;10;0.0009728605454728437;0.00036901606897245796;0.03696054693063666;0.0632744623273038;0.07449081327446233;0.7076983335707164;0.11757584389688079
Verde;Matemática e suas Tecnologias;11;0.0009057667147505787;0.0009728605454728437;0.26653128117429103;0.6036055294285307;0.05418982471141513;0.04246829129257518;0.03320507339318797
Verde;Matemática e suas Tecnologias;12;0.0015096111912509644;0.00026837532288906033;0.09892771899825442;0.15492857397313953;0.40169570018880696;0.2720245092800399;0.07242349755975919
Verde;Matemática e suas Tecnologias;13;0.001610251937334362;0.0009393136301117112;0.4505134055904164;0.16432544209925842;0.21309897318881918;0.08332144894466628;0.0887407301768397
Verde;Matemática e suas Tecnologias;14;0.0016437988526954946;0.0009057667147505787;0.09369652025099828;0.09890188248716486;0.40815744438106105;0.18931831146605818;0.20992584141471762
Verde;Matemática e suas Tecnologias;15;0.0007044852225837835;0.000805125968667181;0.1677410164179636;0.14284696748459702;0.4694967769507461;0.15930054489119982;0.06061469425549343
Verde;Matemática e suas Tecnologias;16;0.001912174175584555;0.00013418766144453016;0.21451733599401346;0.3089120906531732;0.11146349285536115;0.24387984178455618;0.12122723871289598
Verde;Matemática e suas Tecnologias;17;0.0008722197993894462;0.0006709383072226509;0.25849419474321533;0.038393047937887316;0.45291687442125506;0.09715791723057197;0.1530379656670703
Verde;Matemática e suas Tecnologias;18;0.0005367506457781207;0.0006709383072226509;0.06636285958416406;0.07202363998860724;0.29339931643406436;0.09840501281686129;0.46980917117630305
Verde;Matemática e suas Tecnologias;19;0.0012076889530007716;0.000805125968667181;0.3153149942987457;0.055444697833523376;0.4374287343215507;0.08038768529076397;0.11142388825541619
Verde;Matemática e suas Tecnologias;20;0.0010735012915562413;0.0007715790533060485;0.07524315080694004;0.08949374755067868;0.3144394171505932;0.3519541130784852;0.16886957141330294
Verde;Matemática e suas Tecnologias;21;0.0020463618370290854;0.00036901606897245796;0.050370740054185084;0.11934977898189078;0.3549836018822187;0.17606587765578213;0.29923000142592326
Verde;Matemática e suas Tecnologias;22;0.0015096111912509644;0.0005367506457781207;0.26903752271674447;0.30424402237822046;0.13405551794177387;0.1778142037558351;0.11484873320742615
Verde;Matemática e suas Tecnologias;23;0.0013418766144453018;0.00033546915361132545;0.20976704424022227;0.1569779867493054;0.1583671724727506;0.14793046947353422;0.3269573270641875
Verde;Matemática e suas Tecnologias;24;0.0015096111912509644;0.00033546915361132545;0.17806120631301436;0.08903060315650718;0.47914068901635254;0.12326766183333927;0.13049983968078663
Verde;Matemática e suas Tecnologias;25;0.004763661981280821;0.0003019222382501929;0.14882207843277445;0.19912058055982554;0.35877453258499264;0.16580273835484216;0.12748007006756515
Verde;Matemática e suas Tecnologias;26;0.0017779865141400249;0.0006709383072226509;0.044454743146411894;0.15913871163238388;0.18580442764963817;0.5151331503333214;0.09546896723824462
Verde;Matemática e suas Tecnologias;27;0.001543158106612097;0.0005032037304169882;0.10398032997184906;0.6911235434557959;0.10330328190143606;0.048391119980044896;0.05320172469087411
Verde;Matemática e suas Tecnologias;28;0.0033546915361132544;0.0006038444765003858;0.38406055845176035;0.1767478397486253;0.1771763193601371;0.18481753909876455;0.07719774334071271
Verde;Matemática e suas Tecnologias;29;0.00369016068972458;0.000805125968667181;0.20414433726330833;0.17152554483744195;0.3116470167917113;0.13740621650589496;0.17527688460164345
Verde;Matemática e suas Tecnologias;30;0.0019792680063068203;0.0007380321379449159;0.38016617337660025;0.21395713725350354;0.1399992868095425;0.09111008094711692;0.17476732161323683
Verde;Matemática e suas Tecnologias;31;0.0026837532288906036;0.00036901606897245796;0.1768629829129954;0.2666500196197339;0.2127492598009489;0.22305853815146434;0.12067919951485749
Verde;Matemática e suas Tecnologias;32;0.0027508470596128687;0.0012747827837230367;0.24725039280102842;0.18547350378517355;0.1710112841022711;0.11037708898728753;0.2858877303242394
Verde;Matemática e suas Tecnologias;33;0.0028514878056962664;0.0005702975611392532;0.14363714224537863;0.3626079508957248;0.22018414103204625;0.17900221254728427;0.09456855327956605
Verde;Matemática e suas Tecnologias;34;0.0031869569593075916;0.000805125968667181;0.2550973040528477;0.2468844849134083;0.14547402249598285;0.27905731119442956;0.07348687734333155
Verde;Matemática e suas Tecnologias;35;0.00211345566775135;0.0006709383072226509;0.11333404657465854;0.13562283798723299;0.49666559680467887;0.1884740201847295;0.06590349844870012
Verde;Matemática e suas Tecnologias;36;0.003086316213224194;0.0007380321379449159;0.15312388432702606;0.32424134237772223;0.24544805426633345;0.19750089253837916;0.0796858264905391
Verde;Matemática e suas Tecnologias;37;0.0026837532288906036;0.0013083296990841692;0.2594893768969827;0.1321192644170684;0.3090876629173362;0.1415104445634708;0.15779325120514193
Verde;Matemática e suas Tecnologias;38;0.0018786272602234224;0.0007044852225837835;0.5178807002531465;0.12571754554854353;0.17395799907298462;0.09869148215495419;0.08375227297037116
Verde;Matemática e suas Tecnologias;39;0.0024489248213626757;0.0011405951222785064;0.18528036549237964;0.12642324303101687;0.24292393903701323;0.2008423457186708;0.24453010672091943
Verde;Matemática e suas Tecnologias;40;0.0031869569593075916;0.00026837532288906033;0.1539559616002284;0.20602405338853003;0.21419649548552872;0.33053781092751866;0.09528567859819422
Verde;Matemática e suas Tecnologias;41;0.0015096111912509644;0.002012814921667953;0.07509190192369464;0.1602127128020272;0.1172418715871373;0.06306434919161998;0.5843891644955209
Verde;Matemática e suas Tecnologias;42;0.0034888791975577847;0.00036901606897245796;0.18515477168053127;0.3608482987611125;0.22985468956406868;0.15295083723089006;0.07119140276339748
Verde;Matemática e suas Tecnologias;43;0.002885034721057399;0.0008722197993894462;0.2279380265600457;0.23404255319148937;0.19752249036127373;0.20762530344138228;0.13287162644580894
Verde;Matemática e suas Tecnologias;44;0.00382434835116911;0.0003019222382501929;0.11478161494232349;0.23527731152458842;0.27202599907146174;0.24938395057319382;0.12853112388843255
Verde;Matemática e suas Tecnologias;45;0.0018115334295011574;0.0005367506457781207;0.19868824410066302;0.24057175447351536;0.19722677693020604;0.17152634205460895;0.19198688244100662
Verde;Ciências Naturais e suas Tecnologias;1;0.001543158106612097;0.00020128149216679526;0.17480051296665716;0.1133513821601596;0.15100455970361926;0.19182815616984897;0.36901538899971503
Verde;Ciências Naturais e suas Tecnologias;2;0.0019457210909456875;0.0004696568150558556;0.08213318123484957;0.11332525310138314;0.2820119777555968;0.23267503208327392;0.2898545558248966
Verde;Ciências Naturais e suas Tecnologias;3;0.0006373913918615183;0.0006038444765003858;0.47409833730907536;0.19165450208281412;0.22490832057535515;0.04642717271335493;0.06291166731940044
Verde;Ciências Naturais e suas Tecnologias;4;0.001174142037639639;0.0005032037304169882;0.18522476312602407;0.08092897342737052;0.1316876825532521;0.18892925838854457;0.4132293225048087
Verde;Ciências Naturais e suas Tecnologias;5;0.000805125968667181;0.0008386728840283136;0.01396260017809439;0.008085485307212823;0.34949243098842386;0.12552092609082813;0.5029385574354408
Verde;Ciências Naturais e suas Tecnologias;6;0.0011405951222785064;0.0005702975611392532;0.10682862536957219;0.3000035621415595;0.0898372101307306;0.21102126598511026;0.2923093363730275
Verde;Ciências Naturais e suas Tecnologias;7;0.001174142037639639;0.0002348284075279278;0.08653229826935403;0.04935545901289082;0.2607008047859839;0.37483085250338294;0.2285805854283883
Verde;Ciências Naturais e suas Tecnologias;8;0.0012412358683619041;0.0002348284075279278;0.07321937321937322;0.07795584045584046;0.15687321937321938;0.5873219373219373;0.10462962962962963
Verde;Ciências Naturais e suas Tecnologias;9;0.0012076889530007716;0.0004025629843335905;0.03885881179655221;0.3204872488958541;0.3217338652229662;0.2215415301324975;0.09737854395212993
Verde;Ciências Naturais e suas Tecnologias;10;0.0026166593981683385;0.0004361098996947231;0.15431812506688547;0.32397531480754826;0.19680376698890592;0.2373631077658474;0.08753968537081297
Verde;Ciências Naturais e suas Tecnologias;11;0.0010399543761951088;0.0004025629843335905;0.0774188953384851;0.15715252305829563;0.5608418503614544;0.10704746981945087;0.09753926142231402
Verde;Ciências Naturais e suas Tecnologias;12;0.0005702975611392532;0.0003019222382501929;0.05028827674567585;0.7068118727311552;0.13371058438323014;0.04907822620827105;0.060111039931667734
Verde;Ciências Naturais e suas Tecnologias;13;0.0010399543761951088;0.00036901606897245796;0.05644184887116302;0.09055622818887543;0.2840609643187807;0.4641763407164732;0.10476461790470765
Verde;Ciências Naturais e suas Tecnologias;14;0.000805125968667181;0.0004025629843335905;0.11763030475647963;0.0485616633437767;0.046781543719737965;0.7620336086585019;0.024992879521503846
Verde;Ciências Naturais e suas Tecnologias;15;0.0023818309906404106;0.0007380321379449159;0.17773179693910313;0.17673290285755056;0.12735899539795226;0.20077771039206593;0.31739859441332813
Verde;Ciências Naturais e suas Tecnologias;16;0.001543158106612097;0.00016773457680566273;0.4560253624479037;0.20578491789263706;0.17728778541659246;0.08602571866205963;0.07487621558080718
Verde;Ciências Naturais e suas Tecnologias;17;0.0006038444765003858;0.00036901606897245796;0.31026873109094144;0.03502402562733582;0.5469656522512902;0.022530699412706887;0.08521089161772558
Verde;Ciências Naturais e suas Tecnologias;18;0.0006038444765003858;0.0004025629843335905;0.03986616359364989;0.04972592012529366;0.12095109276001993;0.6335516480387271;0.1559051754823094
Verde;Ciências Naturais e suas Tecnologias;19;0.0007380321379449159;0.0005367506457781207;0.532400484227017;0.21035391298155665;0.08196254361603646;0.07295449690237128;0.10232856227301859
Verde;Ciências Naturais e suas Tecnologias;20;0.0007044852225837835;0.0009728605454728437;0.03430220132506946;0.008192633753651065;0.24364180380423167;0.14739616727220917;0.5664671938448387
Verde;Ciências Naturais e suas Tecnologias;21;0.0012747827837230367;0.00036901606897245796;0.3103472840605521;0.2679964381121995;0.14999109528049867;0.07373107747105966;0.19793410507569012
Verde;Ciências Naturais e suas Tecnologias;22;0.000805125968667181;0.0004025629843335905;0.6562232982056394;0.04361293078894902;0.08295357448020507;0.07401737396753062;0.14319282255767588
Verde;Ciências Naturais e suas Tecnologias;23;0.0017779865141400249;0.00033546915361132545;0.15583906489433733;0.2484587149424468;0.21937920957913118;0.23976337265243577;0.1365596379316489
Verde;Ciências Naturais e suas Tecnologias;24;0.00211345566775135;0.00020128149216679526;0.15081090714667617;0.13248975227232224;0.19212261628943147;0.1479950098021743;0.3765817144893958
Verde;Ciências Naturais e suas Tecnologias;25;0.0006709383072226509;0.00033546915361132545;0.13017014309105146;0.4719513063287535;0.028618210294012958;0.3121307040649249;0.057129636221257205
Verde;Ciências Naturais e suas Tecnologias;26;0.0017108926834177598;0.00033546915361132545;0.21490931119267362;0.14328475216477213;0.34721875779496136;0.16673199586644336;0.12785518298114956
Verde;Ciências Naturais e suas Tecnologias;27;0.0009393136301117112;0.0004025629843335905;0.31701324597635666;0.14549209514314201;0.2822603617718274;0.20086170061244837;0.05437259649622561
Verde;Ciências Naturais e suas Tecnologias;28;0.0018115334295011574;0.0006709383072226509;0.20677361853832443;0.15486631016042782;0.21080213903743317;0.27215686274509804;0.15540106951871657
Verde;Ciências Naturais e suas Tecnologias;29;0.0022476433291958803;0.00033546915361132545;0.08475059721182301;0.19724034656112954;0.2817770171497843;0.3467037472813492;0.089528291795914
Verde;Ciências Naturais e suas Tecnologias;30;0.0027843939749740013;0.00026837532288906033;0.13962116077480113;0.3310384190061713;0.22377198302001214;0.17836121713694575;0.1272072200620697
Verde;Ciências Naturais e suas Tecnologias;31;0.0009728605454728437;0.00026837532288906033;0.15726136646847297;0.18912664221882008;0.2808060668636736;0.20308327696087158;0.1697226474881618
Verde;Ciências Naturais e suas Tecnologias;32;0.0012412358683619041;0.000805125968667181;0.1363004668068275;0.12521825891743577;0.10333891601040517;0.07333499625841856;0.5618073620069131
Verde;Ciências Naturais e suas Tecnologias;33;0.0009057667147505787;0.0006373913918615183;0.5037039675190541;0.05235415627893725;0.3031554954056557;0.08643778046869435;0.05434860032765867
Verde;Ciências Naturais e suas Tecnologias;34;0.001610251937334362;0.0004025629843335905;0.20232326111744584;0.25677023945267957;0.3153149942987457;0.13707953249714938;0.08851197263397947
Verde;Ciências Naturais e suas Tecnologias;35;0.0011070482069173739;0.0005702975611392532;0.16495689962242643;0.3486143762912303;0.15245422811141982;0.18355061622853885;0.15042387974638455
Verde;Ciências Naturais e suas Tecnologias;36;0.0021470025831124826;0.0004696568150558556;0.2328317763673964;0.21051130285958783;0.15606503601226557;0.18983099194180988;0.2107608928189403
Verde;Ciências Naturais e suas Tecnologias;37;0.00211345566775135;0.0004025629843335905;0.15080751541944454;0.270597882277443;0.2508823843987308;0.22007914720667404;0.10763307069770758
Verde;Ciências Naturais e suas Tecnologias;38;0.0018115334295011574;0.00036901606897245796;0.10805802059945116;0.29641113368259736;0.15189422288748708;0.24045760718486048;0.2031790156456039
Verde;Ciências Naturais e suas Tecnologias;39;0.002717300144251736;0.0004361098996947231;0.2381377095968605;0.2991437745272922;0.26860506600071354;0.13506956831965752;0.059043881555476276
Verde;Ciências Naturais e suas Tecnologias;40;0.0013754235298064344;0.0006709383072226509;0.20810319637957453;0.15112425613797528;0.1280689876349642;0.22043259808288493;0.2922709617646011
Verde;Ciências Naturais e suas Tecnologias;41;0.0012747827837230367;0.0006709383072226509;0.07179505451435901;0.08551272001710254;0.36855982327371195;0.30446091356089217;0.1696714886339343
Verde;Ciências Naturais e suas Tecnologias;42;0.0012076889530007716;0.0009057667147505787;0.15370086597056412;0.21471080859555966;0.24753216207547843;0.24546523644916432;0.13859092690923347
Verde;Ciências Naturais e suas Tecnologias;43;0.00211345566775135;0.0005032037304169882;0.18041788490337304;0.20876417314412038;0.24545389716893676;0.1336732510874991;0.23169079369607073
Verde;Ciências Naturais e suas Tecnologias;44;0.0021470025831124826;0.0005032037304169882;0.21800677482617223;0.18067391691923695;0.2329827063647709;0.2523801034052416;0.11595649848457835
Verde;Ciências Naturais e suas Tecnologias;45;0.0022140964138347478;0.00036901606897245796;0.09797839341106;0.2332869825649802;0.3004955966770064;0.24187970192890504;0.12635932541804828
Verde;Inglês;1;0.0024489248213626757;0.0002348284075279278;0.11413863495162865;0.03936274074731517;0.08511582497559243;0.7104375610189048;0.050945238306558976
Verde;Inglês;2;0.0017108926834177598;0.00033546915361132545;0.02642663947146721;0.03897485922050282;0.2237396355252073;0.6315346073693079;0.07932425841351483
Verde;Inglês;3;0.0015767050219732295;0.0012747827837230367;0.7769097607528075;0.0520662257534733;0.08517910249012384;0.0511784810688446;0.03466642993475077
Verde;Inglês;4;0.0016437988526954946;0.000805125968667181;0.029102524289073246;0.061354864469189474;0.049332327758307086;0.7050707599485382;0.15513952353489197
Verde;Inglês;5;0.0024824717367238082;0.00013418766144453016;0.094959176428825;0.08896876109336173;0.09895278665246716;0.09846467873624423;0.6186545970891019
Verde;Espanhol;1;0.0007715790533060485;0.00016773457680566273;0.0658574019813032;0.5544858378680061;0.058183340309753036;0.1508301939444677;0.17064322589646994
Verde;Espanhol;2;0.000805125968667181;0.00026837532288906033;0.2577132486388385;0.13025268742147145;0.09618874773139746;0.3963423146726232;0.11950300153566941
Verde;Espanhol;3;0.0009057667147505787;0.00026837532288906033;0.2951117318435754;0.09804469273743016;0.11187150837988827;0.29986033519553074;0.19511173184357541
Verde;Espanhol;4;0.000805125968667181;0.0002348284075279278;0.11711334450027917;0.17769402568397544;0.370463428252373;0.18606923506420994;0.14865996649916247
Verde;Espanhol;5;0.0007044852225837835;0.00010064074608339763;0.08618044903081858;0.17110584297866407;0.5664481941151862;0.0980337470366755;0.0782317668386557
Cinza;Linguagens, Códigos e suas Tecnologias;1;0.003672754228721612;0.0004717299009367208;0.07315175097276265;0.12826932837083405;0.5550668245643715;0.14528844527152765;0.09822365082050415
Cinza;Linguagens, Códigos e suas Tecnologias;2;0.0037738392074937663;0.0004717299009367208;0.09163508391987006;0.06371819166215485;0.06368435300487277;0.1911884136437466;0.5897739577693557
Cinza;Linguagens, Códigos e suas Tecnologias;3;0.004110789136734281;0.0004717299009367208;0.33454065398415817;0.15124229909958703;0.08652088551892222;0.04671315415340871;0.3809830072439239
Cinza;Linguagens, Códigos e suas Tecnologias;4;0.0037738392074937663;0.00033694992924051485;0.29293544457978077;0.19867370415482474;0.1011977263499797;0.3705169847069969;0.03667614020841792
Cinza;Linguagens, Códigos e suas Tecnologias;5;0.0034031942853292;0.0004717299009367208;0.21827960626458748;0.10367689341406487;0.37915637790481344;0.10655210905523797;0.19233501336129621
Cinza;Linguagens, Códigos e suas Tecnologias;6;0.0014151897028101624;0.00033694992924051485;0.8382839397826234;0.02450550192398569;0.10207250388172551;0.017450887733747384;0.017687166677918045
Cinza;Linguagens, Códigos e suas Tecnologias;7;0.0012804097311139564;0.0006738998584810297;0.009993247805536799;0.12781904118838622;0.007933828494260635;0.013909520594193113;0.8403443619176232
Cinza;Linguagens, Códigos e suas Tecnologias;8;0.0026619044410000673;0.0007075948514050812;0.10551761444316722;0.5813780512543106;0.054128068158766654;0.14399215633240922;0.11498410981134627
Cinza;Linguagens, Códigos e suas Tecnologias;9;0.001954309589594986;0.0005728148797088752;0.07546532446035875;0.12356855724082019;0.5061311353579029;0.24527919467621526;0.0495557882647029
Cinza;Linguagens, Códigos e suas Tecnologias;10;0.002426039490531707;0.0009097648089493901;0.5077926907603367;0.051962540991919944;0.23841238716657087;0.17086446465397748;0.03096791642719497
Cinza;Linguagens, Códigos e suas Tecnologias;11;0.0030325493631646336;0.0002358649504683604;0.06818565971400561;0.09925289882018863;0.1041208884080998;0.20249484466380446;0.5259457083939015
Cinza;Linguagens, Códigos e suas Tecnologias;12;0.002021699575443089;0.0005391198867848238;0.057766367137355584;0.28477805553678803;0.34612526180663467;0.08979123032227553;0.22153908519694615
Cinza;Linguagens, Códigos e suas Tecnologias;13;0.0053911988678482375;0.00033694992924051485;0.17049613664091093;0.42869730242646065;0.11678188965704216;0.2242103836247797;0.05981428765080656
Cinza;Linguagens, Códigos e suas Tecnologias;14;0.002291259518835501;0.00037064492216456633;0.028886111017264095;0.08983411601743302;0.6960370282779824;0.16507314436298523;0.02016960032433528
Cinza;Linguagens, Códigos e suas Tecnologias;15;0.0027292944268481703;0.0004717299009367208;0.08636717033431363;0.23848156035560963;0.10529696109251935;0.13768042456816415;0.43217388364939324
Cinza;Linguagens, Códigos e suas Tecnologias;16;0.0016847496462025742;0.0005054248938607723;0.11099854793502853;0.13190152973356295;0.5966636274609124;0.042278728936615675;0.1181575659338804
Cinza;Linguagens, Códigos e suas Tecnologias;17;0.0013477997169620594;0.0004717299009367208;0.054010261949770454;0.5944504455846611;0.0769308668647043;0.18221712125303807;0.09239130434782608
Cinza;Linguagens, Códigos e suas Tecnologias;18;0.006166183705101422;0.0006402048655569782;0.25729406975166236;0.13739991857782602;0.07887773103541865;0.0601167051160266;0.4663115755190664
Cinza;Linguagens, Códigos e suas Tecnologias;19;0.0018869196037468831;0.00030325493631646336;0.0945868368621889;0.7232296626481612;0.14807685813662919;0.027960692938911964;0.006145949414108669
Cinza;Linguagens, Códigos e suas Tecnologias;20;0.004582519037671002;0.0004380349080126693;0.18222764062447086;0.1622134173185682;0.3976768600358969;0.07216634494903315;0.18571573707203087
Cinza;Linguagens, Códigos e suas Tecnologias;21;0.001246714738189905;0.0004717299009367208;0.02676612549363756;0.9154487460762143;0.012454855368413946;0.021129375232051845;0.024200897829682384
Cinza;Linguagens, Códigos e suas Tecnologias;22;0.0016847496462025742;0.0005728148797088752;0.7959204349734896;0.047347269595758336;0.024247745770152984;0.11468710952011077;0.01779744014048833
Cinza;Linguagens, Códigos e suas Tecnologias;23;0.002426039490531707;0.0004043399150886178;0.1755423396634453;0.5389606001216463;0.12590389943907548;0.029161316483070892;0.13043184429276206
Cinza;Linguagens, Códigos e suas Tecnologias;24;0.004616214030595054;0.0004043399150886178;0.4112567306715432;0.13901588269159132;0.1185275491889329;0.0609570252971655;0.27024281215076706
Cinza;Linguagens, Códigos e suas Tecnologias;25;0.003201024327784891;0.0002021699575443089;0.2276769111133651;0.09426243364776685;0.4274267167055482;0.21432193934476113;0.03631199918855868
Cinza;Linguagens, Códigos e suas Tecnologias;26;0.0019880045825190376;0.0006065098726329267;0.23397858180466877;0.056112969156447416;0.11046924090402352;0.12344177561568866;0.47599743251917165
Cinza;Linguagens, Códigos e suas Tecnologias;27;0.002291259518835501;0.0002358649504683604;0.15508563321285004;0.14093166233152046;0.10316521974124244;0.4342803094280985;0.16653717528628856
Cinza;Linguagens, Códigos e suas Tecnologias;28;0.0037738392074937663;0.0004717299009367208;0.25690308608554413;0.22945993502977802;0.24421358960476447;0.235449377368706;0.033974011911207365
Cinza;Linguagens, Códigos e suas Tecnologias;29;0.002021699575443089;0.0004043399150886178;0.09697358643518206;0.027359319056947915;0.2854488954941566;0.566844558535432;0.02337364047828143
Cinza;Linguagens, Códigos e suas Tecnologias;30;0.006098793719253319;0.0004717299009367208;0.2042193806600414;0.1521554794288234;0.3778109418987213;0.12067971373333786;0.14513448427907608
Cinza;Linguagens, Códigos e suas Tecnologias;31;0.002089089561291192;0.00033694992924051485;0.07555900830912653;0.6994865905559684;0.09258258461122745;0.11281496993852598;0.01955684658515166
Cinza;Linguagens, Códigos e suas Tecnologias;32;0.002998854370240582;0.0005728148797088752;0.03601379683484377;0.1931895035844718;0.7087447585553902;0.02647774922223725;0.035574191803056945
Cinza;Linguagens, Códigos e suas Tecnologias;33;0.00862591818855718;0.0005391198867848238;0.3984560973950894;0.13112970142147862;0.15129565394817385;0.08678500986193294;0.23233353737332518
Cinza;Linguagens, Códigos e suas Tecnologias;34;0.0036390592357975603;0.00033694992924051485;0.19073071718538565;0.4415426251691475;0.02547361299052774;0.1976319350473613;0.14462110960757782
Cinza;Linguagens, Códigos e suas Tecnologias;35;0.003066244356088685;0.0005728148797088752;0.5180588434223875;0.07690226580994251;0.11352722353736895;0.0753804531619885;0.21613121406831248
Cinza;Linguagens, Códigos e suas Tecnologias;36;0.004649909023519105;0.0005054248938607723;0.05354784081287045;0.17314140558848434;0.05798475867908552;0.45412362404741746;0.26120237087214226
Cinza;Linguagens, Códigos e suas Tecnologias;37;0.004009704157962127;0.0004380349080126693;0.07527245650849523;0.04081770798077574;0.17132606782644014;0.5797062208082312;0.13287754687605768
Cinza;Linguagens, Códigos e suas Tecnologias;38;0.0028977693914684277;0.00033694992924051485;0.15695355283618417;0.09701845716990061;0.6259211682780069;0.07964302616455952;0.04046379555134879
Cinza;Linguagens, Códigos e suas Tecnologias;39;0.0055259788395444435;0.0005728148797088752;0.5272061565582941;0.16344034986608807;0.06661694409600977;0.19279926772214123;0.04993728175746686
Cinza;Linguagens, Códigos e suas Tecnologias;40;0.0053575038749241865;0.0002695599433924119;0.2511266985191962;0.40866117718816714;0.14896140422215445;0.0997932974145234;0.0914574226559588
Cinza;Ciências Humanas e suas Tecnologias;1;0.00407709414381023;0.00037064492216456633;0.6692614905570974;0.07679550531374806;0.029987138698977865;0.09337981452650104;0.13057605090367563
Cinza;Ciências Humanas e suas Tecnologias;2;0.004380349080126693;0.0004717299009367208;0.15456761698381527;0.17068463465835987;0.0709690526173224;0.47193065619286245;0.13184803954764002
Cinza;Ciências Humanas e suas Tecnologias;3;0.0037064492216456633;0.0007075948514050812;0.09774257961891224;0.2183978068839476;0.12552881849257116;0.1338206924560869;0.4245101025484821
Cinza;Ciências Humanas e suas Tecnologias;4;0.0037738392074937663;0.00037064492216456633;0.0633733716799188;0.22300795127727965;0.19536457452207748;0.3670444933175436;0.15120960920318052
Cinza;Ciências Humanas e suas Tecnologias;5;0.003976009165038075;0.000977154794797493;0.15140022349395552;0.07805357082388;0.1355863330059937;0.036876502658223564;0.5980833700179472
Cinza;Ciências Humanas e suas Tecnologias;6;0.004178179122582384;0.0006402048655569782;0.07103436600643305;0.30286101235821905;0.039072287116979854;0.18757406466903673;0.3994582698493313
Cinza;Ciências Humanas e suas Tecnologias;7;0.003537974257025406;0.0007075948514050812;0.3127707092582566;0.10828370330265295;0.056206009745533296;0.42274634542501355;0.09999323226854358
Cinza;Ciências Humanas e suas Tecnologias;8;0.006604218613114091;0.0006738998584810297;0.25286810128300863;0.09347634240716855;0.20667300251171;0.15786436766003667;0.28911818613807616
Cinza;Ciências Humanas e suas Tecnologias;9;0.004885773973987466;0.0005728148797088752;0.3134232280796856;0.08988345304241767;0.29990513619731674;0.05732484076433121;0.23946334191624882
Cinza;Ciências Humanas e suas Tecnologias;10;0.0052901138890760835;0.0004043399150886178;0.22582940797722728;0.21725575248229353;0.13148530956657292;0.08207665457995866;0.3433528753939476
Cinza;Ciências Humanas e suas Tecnologias;11;0.0052227239032279806;0.0009434598018734416;0.14029496524834717;0.07357179182912359;0.12547889472791998;0.07865739955924733;0.5819969486353619
Cinza;Ciências Humanas e suas Tecnologias;12;0.007278118471595121;0.0004380349080126693;0.1804135963869741;0.2629291317192434;0.09351760670990526;0.36058949370097454;0.10255017148290264
Cinza;Ciências Humanas e suas Tecnologias;13;0.005492283846620392;0.0005391198867848238;0.09030814603884878;0.07122275331367164;0.646225295772738;0.11820739686091054;0.07403640801383098
Cinza;Ciências Humanas e suas Tecnologias;14;0.005121638924455826;0.0008423748231012871;0.11931798922070438;0.0751499949154266;0.44784922544998473;0.2628385478458357;0.09484424256804853
Cinza;Ciências Humanas e suas Tecnologias;15;0.00613248871217737;0.0006065098726329267;0.24574258769251645;0.1579822240314811;0.08653911391546237;0.35819933509736074;0.15153673926317932
Cinza;Ciências Humanas e suas Tecnologias;16;0.005728148797088752;0.0004717299009367208;0.0884586695599105;0.1090052214009629;0.0715399742320472;0.5611649827083475;0.16983115209873195
Cinza;Ciências Humanas e suas Tecnologias;17;0.005492283846620392;0.0004717299009367208;0.1695196772990746;0.2596522151791465;0.04654079522728043;0.26036405545574726;0.26392325683875123
Cinza;Ciências Humanas e suas Tecnologias;18;0.004683604016443157;0.0007749848372531841;0.6525952026019786;0.13968694945114515;0.07175769074400325;0.047601300989293945;0.08835885621357907
Cinza;Ciências Humanas e suas Tecnologias;19;0.005964013747557113;0.0005391198867848238;0.20217059521790742;0.07393589960997117;0.17256231982363915;0.2873664575207733;0.263964727827709
Cinza;Ciências Humanas e suas Tecnologias;20;0.004683604016443157;0.0005728148797088752;0.6672312173971953;0.06883002506605243;0.07695955558566493;0.14375719802181425;0.043222003929273084
Cinza;Ciências Humanas e suas Tecnologias;21;0.0074465934362153785;0.0005728148797088752;0.22730978260869567;0.2078125;0.15146059782608695;0.14110054347826087;0.27231657608695653
Cinza;Ciências Humanas e suas Tecnologias;22;0.0055259788395444435;0.00037064492216456633;0.08714368030369793;0.4957800901603227;0.20147103684371082;0.1627292139782395;0.05287597871402908
Cinza;Ciências Humanas e suas Tecnologias;23;0.006199878698025473;0.0004717299009367208;0.14901628222523744;0.26580732700135684;0.2537652645861601;0.039043419267299866;0.29236770691994574
Cinza;Ciências Humanas e suas Tecnologias;24;0.005087943931531775;0.0005391198867848238;0.6541628545288197;0.0671613974450205;0.06994002236454204;0.1350682796245468;0.07366744603707093
Cinza;Ciências Humanas e suas Tecnologias;25;0.005627063818316598;0.0005728148797088752;0.3679731470807622;0.40991388078931307;0.12626296873940462;0.03838068759747745;0.05746931579304265
Cinza;Ciências Humanas e suas Tecnologias;26;0.0076150684008356355;0.0005728148797088752;0.2012909801257007;0.3039578732801087;0.285102768812638;0.15118056735179208;0.058467810429760486
Cinza;Ciências Humanas e suas Tecnologias;27;0.00657052362019004;0.001179324752341802;0.13247079597935343;0.09525264873675632;0.42780494430861177;0.13651181744091279;0.20795979353436567
Cinza;Ciências Humanas e suas Tecnologias;28;0.007075948514050812;0.0008423748231012871;0.05624426858676086;0.5058248140474816;0.07387154841558265;0.0660598444451992;0.29799952450497574
Cinza;Ciências Humanas e suas Tecnologias;29;0.007109643506974864;0.0004717299009367208;0.20042100974433844;0.5088785522697179;0.0675992258853088;0.10932672393304586;0.11377448816758905
Cinza;Ciências Humanas e suas Tecnologias;30;0.007817238358379944;0.00030325493631646336;0.20127730407310526;0.1852430614532731;0.20504806875700649;0.11499133743248292;0.2934402282841322
Cinza;Ciências Humanas e suas Tecnologias;31;0.0077498483725318415;0.00030325493631646336;0.10863140731682462;0.09072998403478379;0.5599714664220932;0.08913346241380482;0.15153367981249363
Cinza;Ciências Humanas e suas Tecnologias;32;0.00748028842913943;0.0007412898443291327;0.15743697764490044;0.33719508051912755;0.16008697424746893;0.1799279744513148;0.1653529931371883
Cinza;Ciências Humanas e suas Tecnologias;33;0.00997371790551924;0.0010782397735696475;0.32524701873935263;0.16221465076660987;0.13373083475298125;0.27560477001703576;0.10320272572402045
Cinza;Ciências Humanas e suas Tecnologias;34;0.006334658669721679;0.001246714738189905;0.07843004108240247;0.14185312192306387;0.17679014022340678;0.0922147149696126;0.5107119818015142
Cinza;Ciências Humanas e suas Tecnologias;35;0.007884628344228048;0.0006738998584810297;0.08860114192495921;0.29941544317563895;0.36674143556280586;0.18393148450244698;0.06131049483414899
Cinza;Ciências Humanas e suas Tecnologias;36;0.00839005323808882;0.0010108497877215445;0.11724888601653118;0.15289635701894622;0.45634205245076365;0.08340419742168101;0.19010850709207797
Cinza;Ciências Humanas e suas Tecnologias;37;0.008221578273468562;0.0007412898443291327;0.22681218550251597;0.4032707738338093;0.20882632938936488;0.10594315245478036;0.055147558819529444
Cinza;Ciências Humanas e suas Tecnologias;38;0.008760698160253386;0.0006402048655569782;0.09694207285962107;0.1401748358787714;0.5323310316677438;0.11758903364060003;0.11296302595326371
Cinza;Ciências Humanas e suas Tecnologias;39;0.008996563110721747;0.001179324752341802;0.08782679738562091;0.24506399782135077;0.07969090413943355;0.15219907407407407;0.4352192265795207
Cinza;Ciências Humanas e suas Tecnologias;40;0.009838937933823034;0.0008760698160253386;0.29805858310626704;0.14686648501362398;0.22908719346049047;0.2446525885558583;0.08133514986376021
Cinza;Ciências Humanas e suas Tecnologias;41;0.009232428061190108;0.0007412898443291327;0.1779320672520591;0.130590157239126;0.22738411272207473;0.11762303451092505;0.34647062827581515
Cinza;Ciências Humanas e suas Tecnologias;42;0.008929173124873643;0.0008086798301772356;0.09612440028582123;0.10129640341624417;0.15396917213923578;0.16962128687604205;0.4789887372826568
Cinza;Ciências Humanas e suas Tecnologias;43;0.010512837792304063;0.0006402048655569782;0.21722833679762837;0.2629911064163288;0.1514635226769346;0.2963164889085767;0.07200054520053158
Cinza;Ciências Humanas e suas Tecnologias;44;0.009131343082417953;0.0004043399150886178;0.14128253104269434;0.1363837387310767;0.09556046946759653;0.5767647559108692;0.05000850484776322
Cinza;Ciências Humanas e suas Tecnologias;45;0.009603072983354673;0.0002021699575443089;0.1934528873311328;0.5288052540238881;0.0943614523428727;0.07469289141457107;0.10868751488753531
Cinza;Matemática e suas Tecnologias;1;0.0005728148797088752;0.0007412898443291327;0.5634033463866145;0.03691705233179067;0.06326094695621218;0.136062655749377;0.2003559985760057
Cinza;Matemática e suas Tecnologias;2;0.003672754228721612;0.00033694992924051485;0.10485540878257765;0.2305605141021064;0.33423777222420564;0.20110674759014638;0.12923955730096395
Cinza;Matemática e suas Tecnologias;3;0.001179324752341802;0.0006738998584810297;0.036190069103084706;0.05816769965092256;0.07430362613093966;0.7192063831302985;0.11213222198475457
Cinza;Matemática e suas Tecnologias;4;0.0009097648089493901;0.0008086798301772356;0.27277583873495265;0.5981907543272312;0.05456229076145024;0.0429517771921077;0.03151933898425814
Cinza;Matemática e suas Tecnologias;5;0.0007749848372531841;0.0006738998584810297;0.3348999501531012;0.19166132592750837;0.23232215338602863;0.20508438367870113;0.03603218685466068
Cinza;Matemática e suas Tecnologias;6;0.0017858346249747287;0.0005054248938607723;0.10227718185381847;0.15819108371048787;0.5374006628416663;0.14906810163572218;0.053062969958305124
Cinza;Matemática e suas Tecnologias;7;0.0021901745400633465;0.0005391198867848238;0.10161152310325157;0.1688533941814033;0.1361594409583571;0.22283228750713063;0.3705433542498574
Cinza;Matemática e suas Tecnologias;8;0.0015499696745063683;0.0004380349080126693;0.09771998574991093;0.15920912005700036;0.400498753117207;0.2717491984324902;0.07082294264339152
Cinza;Matemática e suas Tecnologias;9;0.0017858346249747287;0.0005391198867848238;0.4432644333570919;0.16749821810406273;0.21461154668567356;0.08852459016393442;0.08610121168923734
Cinza;Matemática e suas Tecnologias;10;0.0018532246108228317;0.00037064492216456633;0.09663970352421337;0.09995367565834017;0.4035919181840858;0.19438406442646902;0.20543063820689164
Cinza;Matemática e suas Tecnologias;11;0.001314104724038008;0.0004043399150886178;0.1641142531519339;0.14951207350950924;0.4728256998361707;0.15716931405370754;0.05637865944867868
Cinza;Matemática e suas Tecnologias;12;0.0014825796886582653;0.0006402048655569782;0.05294662581058932;0.28393786075678756;0.2731775101546355;0.22226181144445237;0.16767619183353524
Cinza;Matemática e suas Tecnologias;13;0.002021699575443089;0.0010108497877215445;0.04839687578016334;0.16419986447448198;0.27632939833802916;0.4380327401119869;0.07304112129533863
Cinza;Matemática e suas Tecnologias;14;0.002021699575443089;0.0009434598018734416;0.07934809742876502;0.06882778788202988;0.07057522912877572;0.7112085874255555;0.07004029813487393
Cinza;Matemática e suas Tecnologias;15;0.0012130197452658534;0.0004717299009367208;0.10723316357420136;0.06609922005769436;0.45407599985754477;0.26938281277823284;0.10320880373232665
Cinza;Matemática e suas Tecnologias;16;0.0006738998584810297;0.0004717299009367208;0.07189891439757964;0.07382096458444563;0.28848549563979353;0.09190247374977754;0.47389215162840365
Cinza;Matemática e suas Tecnologias;17;0.001246714738189905;0.0005728148797088752;0.3155120213713268;0.05146927871772039;0.4333392698130009;0.08138913624220837;0.11829029385574355
Cinza;Matemática e suas Tecnologias;18;0.005256418896152032;0.0005728148797088752;0.2128344541422235;0.31216912290742593;0.11138932608384604;0.25357704964944916;0.11003004721705538
Cinza;Matemática e suas Tecnologias;19;0.001179324752341802;0.0008086798301772356;0.26469540434627714;0.04485215532597079;0.4403277520484503;0.0951193444959031;0.15500534378339864
Cinza;Matemática e suas Tecnologias;20;0.005121638924455826;0.0005054248938607723;0.20785351548530148;0.18993634217867106;0.305128388527287;0.12989056576782776;0.16719118804091268
Cinza;Matemática e suas Tecnologias;21;0.0015499696745063683;0.0006738998584810297;0.39379253821758187;0.21786694223710937;0.12938744966682109;0.08331254676976803;0.17564052310871967
Cinza;Matemática e suas Tecnologias;22;0.004245569108430487;0.0002695599433924119;0.1621360957313806;0.2733702446865512;0.21453831041257368;0.23093409537417395;0.1190212537953206
Cinza;Matemática e suas Tecnologias;23;0.0015499696745063683;0.00037064492216456633;0.08125534340267883;0.08884297520661157;0.3170775149615275;0.34789113707609004;0.16493302935309204
Cinza;Matemática e suas Tecnologias;24;0.0030999393490127366;0.0005728148797088752;0.055032119914346894;0.12034261241970022;0.35870806566738045;0.18108493932905068;0.2848322626695218
Cinza;Matemática e suas Tecnologias;25;0.0020553945683671406;0.0008086798301772356;0.2706461275139067;0.29781771501925547;0.1407787762088147;0.17911139637712167;0.11164598488090144
Cinza;Matemática e suas Tecnologias;26;0.0020553945683671406;0.0004717299009367208;0.21619020460540386;0.16051186996506736;0.15566407642403934;0.15224210451272546;0.31539174449276397
Cinza;Matemática e suas Tecnologias;27;0.0022575645259114495;0.0007749848372531841;0.179499982167695;0.0977923606405364;0.46353293626734193;0.12946253432718713;0.12971218659723957
Cinza;Matemática e suas Tecnologias;28;0.004818383988139363;0.0005728148797088752;0.15084557903393042;0.20218813686581572;0.34681254245772103;0.1717615931924631;0.12839214845006972
Cinza;Matemática e suas Tecnologias;29;0.0025271244693038613;0.0004043399150886178;0.04571713857784752;0.14674416946009558;0.19028599957207046;0.518115683617431;0.09913700877255545
Cinza;Matemática e suas Tecnologias;30;0.003133634341936788;0.0006738998584810297;0.10533266704740149;0.6820745288406624;0.10768846373500857;0.05118503712164477;0.053719303255282694
Cinza;Matemática e suas Tecnologias;31;0.0030999393490127366;0.0005054248938607723;0.3873742059810149;0.19127828135036756;0.17711084148169295;0.17293555063878382;0.07130112054814075
Cinza;Matemática e suas Tecnologias;32;0.0033021093065570455;0.0004717299009367208;0.16622050897669272;0.36349359317557195;0.2439233322625549;0.15312131919905772;0.07324124638612271
Cinza;Matemática e suas Tecnologias;33;0.003470584271177303;0.001044544780645596;0.2412573673870334;0.23332737988926594;0.1844615109841043;0.202893373816753;0.13806036792284337
Cinza;Matemática e suas Tecnologias;34;0.004582519037671002;0.0005054248938607723;0.10536850382443348;0.22971620559010653;0.2658159982843663;0.257559511044392;0.1415397812567017
Cinza;Matemática e suas Tecnologias;35;0.002628209448076016;0.001044544780645596;0.19771591720199858;0.25381870092790865;0.188401142041399;0.168807994289793;0.19125624553890078
Cinza;Matemática e suas Tecnologias;36;0.003908619179189972;0.001246714738189905;0.25361023734629684;0.17089648269945668;0.1696096654275093;0.10702030311695739;0.2988633114097798
Cinza;Matemática e suas Tecnologias;37;0.0038075342004178178;0.0006402048655569782;0.14283673250705434;0.35496660356466764;0.23138193377861913;0.17576883237489732;0.09504589777476158
Cinza;Matemática e suas Tecnologias;38;0.004009704157962127;0.0006402048655569782;0.25150941374013075;0.24432853417169806;0.14872637633525063;0.2778393054910507;0.07759637026186988
Cinza;Matemática e suas Tecnologias;39;0.002998854370240582;0.0008423748231012871;0.1153667678029627;0.13956808852400499;0.4808138497233625;0.19618061752632518;0.06807067642334463
Cinza;Matemática e suas Tecnologias;40;0.004683604016443157;0.0006402048655569782;0.15809230989238854;0.3300203782489006;0.24478924600479068;0.18737263594437095;0.07972542990954917
Cinza;Matemática e suas Tecnologias;41;0.0037064492216456633;0.0010782397735696475;0.25833422660520955;0.13624182656233252;0.3106442276771358;0.14045806981812983;0.15432164933719228
Cinza;Matemática e suas Tecnologias;42;0.0026955994339241188;0.0007749848372531841;0.5097766359808749;0.1282380646542496;0.17701420109897953;0.1018696924284593;0.08310140583743666
Cinza;Matemática e suas Tecnologias;43;0.0033694992924051485;0.0009097648089493901;0.19062924076851653;0.12777658738661524;0.24473251910577815;0.19659310049282194;0.2402685522462681
Cinza;Matemática e suas Tecnologias;44;0.003942314172114024;0.00033694992924051485;0.16366688093707593;0.19820012856224556;0.21662738375830298;0.3280122848367974;0.09349332190557817
Cinza;Matemática e suas Tecnologias;45;0.0023923444976076554;0.0005054248938607723;0.07891452412366723;0.15469101023428306;0.11485932318225582;0.061690974574760186;0.5898441678850337
Cinza;Ciências Naturais e suas Tecnologias;1;0.0008086798301772356;0.0004380349080126693;0.25640751815463475;0.03225117471166168;0.6068631638900754;0.020539655417912573;0.0839384878257155
Cinza;Ciências Naturais e suas Tecnologias;2;0.0008423748231012871;0.0004043399150886178;0.03378185960415777;0.04645450662110209;0.12608571835397978;0.6355190089705254;0.15815890645023495
Cinza;Ciências Naturais e suas Tecnologias;3;0.0010108497877215445;0.0006402048655569782;0.5371438746438747;0.21748575498575498;0.07841880341880342;0.06638176638176638;0.10056980056980057
Cinza;Ciências Naturais e suas Tecnologias;4;0.0006738998584810297;0.001179324752341802;0.023972358766118116;0.006447246562655838;0.2530811426943079;0.15719170762983545;0.5593075443470827
Cinza;Ciências Naturais e suas Tecnologias;5;0.0014488846957342138;0.0002021699575443089;0.3125;0.26663105413105415;0.15669515669515668;0.0686965811965812;0.19547720797720797
Cinza;Ciências Naturais e suas Tecnologias;6;0.0007075948514050812;0.00037064492216456633;0.6677937146314553;0.03957717905826245;0.07079047585151439;0.06812115172438339;0.15371747873438446
Cinza;Ciências Naturais e suas Tecnologias;7;0.0008760698160253386;0.00030325493631646336;0.06307396597138179;0.16530219975795543;0.5654232220402933;0.10596568662347833;0.10023492560689115
Cinza;Ciências Naturais e suas Tecnologias;8;0.0006402048655569782;0.0004717299009367208;0.043529328018223234;0.7419205580865603;0.1224373576309795;0.03794134396355353;0.05417141230068337
Cinza;Ciências Naturais e suas Tecnologias;9;0.0008086798301772356;0.00016847496462025742;0.053451957295373664;0.08604982206405694;0.29825622775800714;0.4593950177935943;0.10284697508896797
Cinza;Ciências Naturais e suas Tecnologias;10;0.0008423748231012871;0.00016847496462025742;0.12808284992348482;0.04341791522829994;0.04160290401793658;0.7636214811915015;0.02327484963877718
Cinza;Ciências Naturais e suas Tecnologias;11;0.0008760698160253386;0.0004043399150886178;0.015592182549571038;0.008899647573956072;0.34420276957032503;0.11615820013527464;0.5151472001708732
Cinza;Ciências Naturais e suas Tecnologias;12;0.0014825796886582653;0.0007075948514050812;0.11256413911060434;0.2765108323831243;0.08573261117445838;0.2064210376282782;0.31877137970353475
Cinza;Ciências Naturais e suas Tecnologias;13;0.0017521396320506772;0.0006065098726329267;0.1703909619017071;0.11675398267935422;0.16753982679354218;0.18193805908977512;0.3633771695356214
Cinza;Ciências Naturais e suas Tecnologias;14;0.0017521396320506772;0.0002021699575443089;0.08368066688041038;0.11043425599373019;0.2770831106836237;0.234120622706708;0.2946813437355278
Cinza;Ciências Naturais e suas Tecnologias;15;0.0012804097311139564;0.0006738998584810297;0.4612945744718749;0.18314274518186027;0.23625805991948987;0.04805671333404581;0.07124790709272916
Cinza;Ciências Naturais e suas Tecnologias;16;0.0011456297594177505;0.00033694992924051485;0.18547267224497063;0.0821790991632544;0.13231262239629696;0.19177496884457895;0.40826063735089907
Cinza;Ciências Naturais e suas Tecnologias;17;0.001111934766493699;0.0004380349080126693;0.1781504824983086;0.17085069258982302;0.1301855214898693;0.21237047324003847;0.3084428301819606
Cinza;Ciências Naturais e suas Tecnologias;18;0.0013477997169620594;0.0007075948514050812;0.4392902949978623;0.22181844092917202;0.18073963232150492;0.08971070257944991;0.06844092917201083
Cinza;Ciências Naturais e suas Tecnologias;19;0.0019880045825190376;0.0005054248938607723;0.15173765817144894;0.11755480306540723;0.19326323293530565;0.148101942612725;0.3893423632151132
Cinza;Ciências Naturais e suas Tecnologias;20;0.0006065098726329267;0.0004043399150886178;0.13178404925442186;0.48891419623474147;0.02783017189223816;0.29944126125484893;0.0520303213637496
Cinza;Ciências Naturais e suas Tecnologias;21;0.0015162746815823168;0.0002021699575443089;0.21436712016525394;0.14189044803760953;0.34610727259776336;0.16877982762305008;0.1288553315763231
Cinza;Ciências Naturais e suas Tecnologias;22;0.0031673293348608396;0.0002358649504683604;0.23112601684030257;0.2937062937062937;0.28846153846153844;0.13440131297274155;0.05230483801912374
Cinza;Ciências Naturais e suas Tecnologias;23;0.0014151897028101624;0.0004043399150886178;0.2054853072128228;0.1481032947462155;0.12933214603739981;0.2267141585040071;0.29036509349955475
Cinza;Ciências Naturais e suas Tecnologias;24;0.0013477997169620594;0.00037064492216456633;0.06321675333000926;0.07796139326162832;0.39571906830970865;0.3006624403447539;0.16244034475389985
Cinza;Ciências Naturais e suas Tecnologias;25;0.0013814947098861109;0.00016847496462025742;0.13470783036000428;0.2277890538760104;0.2527863832211658;0.2456646369689848;0.13905209557383472
Cinza;Ciências Naturais e suas Tecnologias;26;0.0019880045825190376;0.0005728148797088752;0.19224325384094393;0.1950949987523616;0.23238156346914768;0.11970199265675685;0.2605781912807899
Cinza;Ciências Naturais e suas Tecnologias;27;0.002426039490531707;0.0005054248938607723;0.23122459168390272;0.17769773910562728;0.2382141074103131;0.24677269809571356;0.10609086370444333
Cinza;Ciências Naturais e suas Tecnologias;28;0.002358649504683604;0.0004717299009367208;0.08229630950258512;0.23818862542342664;0.3078267070779105;0.2537350686396862;0.11795328935639152
Cinza;Ciências Naturais e suas Tecnologias;29;0.0028977693914684277;0.0005054248938607723;0.23908234622520336;0.21617668046239474;0.15077779363493649;0.1812116454973598;0.21275153418010562
Cinza;Ciências Naturais e suas Tecnologias;30;0.003133634341936788;0.00033694992924051485;0.15578391493613072;0.26664525797473776;0.23781488617712124;0.2266823663740812;0.11307357453792907
Cinza;Ciências Naturais e suas Tecnologias;31;0.0027966844126962732;0.00030325493631646336;0.11688126404394193;0.30602418233049183;0.15147840353818168;0.2285907907408068;0.19702535934657775
Cinza;Ciências Naturais e suas Tecnologias;32;0.0009097648089493901;0.00030325493631646336;0.31744562702452567;0.15281386822340084;0.27312853735806075;0.2008329477093938;0.055779019684618944
Cinza;Ciências Naturais e suas Tecnologias;33;0.0023923444976076554;0.00033694992924051485;0.2004777524244153;0.14072304620650314;0.22244010268111808;0.27445807187678267;0.16190102681118082
Cinza;Ciências Naturais e suas Tecnologias;34;0.002931464384392479;0.00033694992924051485;0.08932648401826485;0.19852311643835616;0.2634489155251142;0.3524186643835616;0.0962828196347032
Cinza;Ciências Naturais e suas Tecnologias;35;0.002560819462227913;0.00037064492216456633;0.145353398473718;0.32465587333285784;0.2231652521218173;0.1799800299550674;0.12684544611653947
Cinza;Ciências Naturais e suas Tecnologias;36;0.0016847496462025742;0.0006738998584810297;0.17131758081186071;0.23386435724722907;0.21098399800420542;0.23290209914822338;0.15093196478848142
Cinza;Ciências Naturais e suas Tecnologias;37;0.0015836646674304198;0.00037064492216456633;0.19675109543657154;0.2538206690178476;0.29973994513911156;0.14787503117095935;0.10181325923550996
Cinza;Ciências Naturais e suas Tecnologias;38;0.001954309589594986;0.00030325493631646336;0.1841992730382724;0.34534245599030716;0.15123654764450145;0.16317439954386714;0.1560473237830518
Cinza;Ciências Naturais e suas Tecnologias;39;0.001314104724038008;0.0005391198867848238;0.08488280971717603;0.06069673007052789;0.25618009546199333;0.3410629051791693;0.2571774595711334
Cinza;Ciências Naturais e suas Tecnologias;40;0.002223869532987398;0.00037064492216456633;0.09400399258519891;0.08480678739483816;0.18105660915442748;0.5016398117781263;0.1384927990874091
Cinza;Ciências Naturais e suas Tecnologias;41;0.001111934766493699;0.0007749848372531841;0.05418017312007979;0.29936237666084853;0.31243543618423397;0.2145121647134257;0.11950984932141204
Cinza;Ciências Naturais e suas Tecnologias;42;0.002560819462227913;0.0008760698160253386;0.16066650016055947;0.3409569343847005;0.19738109679951477;0.21532807649766297;0.08566739215756235
Cinza;Ciências Naturais e suas Tecnologias;43;0.001954309589594986;0.0006738998584810297;0.17072475134576306;0.1904031941820256;0.27913443371002816;0.1940750775373427;0.16566254322484048
Cinza;Ciências Naturais e suas Tecnologias;44;0.0018869196037468831;0.0008760698160253386;0.14882162085071488;0.12821335615217314;0.12200948408029379;0.08204085998502514;0.5189146789317931
Cinza;Ciências Naturais e suas Tecnologias;45;0.0015499696745063683;0.0004380349080126693;0.5056287851799074;0.049946562166013536;0.2986462415390096;0.08457427858924119;0.061204132525828285
Cinza;Inglês;1;0.002628209448076016;0.00037064492216456633;0.11227457824316463;0.08099521188526423;0.11026088512999507;0.11487000492236095;0.5815993198192151
Cinza;Inglês;2;0.0014825796886582653;0.0007075948514050812;0.7883867507040365;0.05229985248759555;0.08336685887979974;0.04376201332081713;0.032184524607751105
Cinza;Inglês;3;0.0019206145966709346;0.00037064492216456633;0.02780758226037196;0.06057761087267525;0.05257510729613734;0.7032367668097281;0.15580293276108725
Cinza;Inglês;4;0.0024597344834557584;0.00030325493631646336;0.11295517580746176;0.04656884673883869;0.094971817124452;0.6942381676657422;0.051265992663505414
Cinza;Inglês;5;0.002291259518835501;0.00010108497877215445;0.02646993069528281;0.03411580594679186;0.2326402861614129;0.6117594455622625;0.09501453163424994
Cinza;Espanhol;1;0.0014151897028101624;0.00016847496462025742;0.16775538568450313;0.17109103544127865;0.3752605976372481;0.15177206393328702;0.1341209173036831
Cinza;Espanhol;2;0.0010782397735696475;0.0002358649504683604;0.11550742746078023;0.16354296820769124;0.5894766069693184;0.07552408718589476;0.055948910176315425
Cinza;Espanhol;3;0.0011456297594177505;0.00033694992924051485;0.05459849958321756;0.5694637399277577;0.05668241178105029;0.1260072242289525;0.19324812447902195
Cinza;Espanhol;4;0.001111934766493699;0.00033694992924051485;0.2883733851923878;0.09487428809556883;0.09973607445478538;0.36366161966939853;0.15335463258785942
Cinza;Espanhol;5;0.0011456297594177505;0.0002021699575443089;0.2718689252985282;0.13565676201055263;0.08580949736184393;0.3755901138572619;0.13107470147181338
Laranja;Linguagens, Códigos e suas Tecnologias;1;0.0106951871657754;0.0017825311942959;0.09927797833935018;0.21299638989169675;0.44223826714801445;0.13898916967509026;0.10649819494584838
Laranja;Linguagens, Códigos e suas Tecnologias;2;0.008912655971479501;0.0017825311942959;0.12432432432432433;0.09009009009009009;0.1009009009009009;0.22702702702702704;0.45765765765765765
Laranja;Linguagens, Códigos e suas Tecnologias;3;0.008912655971479501;0.0;0.3327338129496403;0.1672661870503597;0.11330935251798561;0.07194244604316546;0.3147482014388489
Laranja;Linguagens, Códigos e suas Tecnologias;4;0.0106951871657754;0.0035650623885918;0.22965641952983726;0.27124773960216997;0.11211573236889692;0.3345388788426763;0.05244122965641953
Laranja;Linguagens, Códigos e suas Tecnologias;5;0.0106951871657754;0.0;0.2864864864864865;0.12072072072072072;0.3045045045045045;0.13333333333333333;0.15495495495495495
Laranja;Linguagens, Códigos e suas Tecnologias;6;0.0106951871657754;0.0;0.7261261261261261;0.05945945945945946;0.13693693693693693;0.043243243243243246;0.03423423423423423
Laranja;Linguagens, Códigos e suas Tecnologias;7;0.008912655971479501;0.0;0.01079136690647482;0.18345323741007194;0.017985611510791366;0.025179856115107913;0.762589928057554
Laranja;Linguagens, Códigos e suas Tecnologias;8;0.008912655971479501;0.0;0.11510791366906475;0.4766187050359712;0.0683453237410072;0.20323741007194246;0.1366906474820144
Laranja;Linguagens, Códigos e suas Tecnologias;9;0.008912655971479501;0.0;0.12050359712230216;0.15827338129496402;0.45143884892086333;0.2014388489208633;0.0683453237410072
Laranja;Linguagens, Códigos e suas Tecnologias;10;0.0106951871657754;0.0;0.47927927927927927;0.05405405405405406;0.21981981981981982;0.17477477477477477;0.07207207207207207
Laranja;Linguagens, Códigos e suas Tecnologias;11;0.008912655971479501;0.0;0.10431654676258993;0.10251798561151079;0.11690647482014388;0.1906474820143885;0.4856115107913669
Laranja;Linguagens, Códigos e suas Tecnologias;12;0.0106951871657754;0.0017825311942959;0.05776173285198556;0.33393501805054154;0.22021660649819494;0.09566787003610108;0.2924187725631769
Laranja;Linguagens, Códigos e suas Tecnologias;13;0.0142602495543672;0.0;0.18264014466546113;0.352622061482821;0.1518987341772152;0.2224231464737794;0.09041591320072333
Laranja;Linguagens, Códigos e suas Tecnologias;14;0.0106951871657754;0.0;0.04684684684684685;0.11351351351351352;0.6234234234234234;0.18198198198198198;0.03423423423423423
Laranja;Linguagens, Códigos e suas Tecnologias;15;0.0106951871657754;0.0;0.0972972972972973;0.23783783783783785;0.10270270270270271;0.23243243243243245;0.32972972972972975
Laranja;Linguagens, Códigos e suas Tecnologias;16;0.0106951871657754;0.0017825311942959;0.16967509025270758;0.13537906137184116;0.4566787003610108;0.0703971119133574;0.16787003610108303
Laranja;Linguagens, Códigos e suas Tecnologias;17;0.012477718360071301;0.0;0.06498194945848375;0.4891696750902527;0.07220216606498195;0.16425992779783394;0.20938628158844766
Laranja;Linguagens, Códigos e suas Tecnologias;18;0.0142602495543672;0.0017825311942959;0.2554347826086957;0.16666666666666666;0.10326086956521739;0.09239130434782608;0.3822463768115942
Laranja;Linguagens, Códigos e suas Tecnologias;19;0.012477718360071301;0.0;0.15703971119133575;0.6028880866425993;0.17689530685920576;0.048736462093862815;0.01444043321299639
Laranja;Linguagens, Códigos e suas Tecnologias;20;0.016042780748663103;0.0017825311942959;0.1724137931034483;0.15789473684210525;0.3793103448275862;0.0852994555353902;0.20508166969147004
Laranja;Linguagens, Códigos e suas Tecnologias;21;0.012477718360071301;0.0;0.04151624548736462;0.8285198555956679;0.02527075812274368;0.039711191335740074;0.06498194945848375
Laranja;Linguagens, Códigos e suas Tecnologias;22;0.012477718360071301;0.0;0.6299638989169675;0.08664259927797834;0.07220216606498195;0.16064981949458484;0.05054151624548736
Laranja;Linguagens, Códigos e suas Tecnologias;23;0.012477718360071301;0.0;0.2111913357400722;0.44765342960288806;0.11552346570397112;0.05776173285198556;0.16787003610108303
Laranja;Linguagens, Códigos e suas Tecnologias;24;0.016042780748663103;0.0;0.3532608695652174;0.14855072463768115;0.1503623188405797;0.09239130434782608;0.2554347826086957
Laranja;Linguagens, Códigos e suas Tecnologias;25;0.016042780748663103;0.0;0.30434782608695654;0.10326086956521739;0.2916666666666667;0.23007246376811594;0.07065217391304347
Laranja;Linguagens, Códigos e suas Tecnologias;26;0.0142602495543672;0.0;0.2115732368896926;0.0705244122965642;0.12477396021699819;0.11030741410488246;0.48282097649186256
Laranja;Linguagens, Códigos e suas Tecnologias;27;0.012477718360071301;0.0;0.14620938628158844;0.13357400722021662;0.1299638989169675;0.41155234657039713;0.17870036101083034
Laranja;Linguagens, Códigos e suas Tecnologias;28;0.012477718360071301;0.0;0.29422382671480146;0.24187725631768953;0.2148014440433213;0.17148014440433212;0.0776173285198556
Laranja;Linguagens, Códigos e suas Tecnologias;29;0.0142602495543672;0.0017825311942959;0.11231884057971014;0.06159420289855073;0.24456521739130435;0.5108695652173914;0.07065217391304347
Laranja;Linguagens, Códigos e suas Tecnologias;30;0.0196078431372549;0.0035650623885918;0.20985401459854014;0.1478102189781022;0.354014598540146;0.14233576642335766;0.145985401459854
Laranja;Linguagens, Códigos e suas Tecnologias;31;0.0196078431372549;0.0017825311942959;0.1493624772313297;0.5355191256830601;0.1621129326047359;0.11657559198542805;0.03642987249544627
Laranja;Linguagens, Códigos e suas Tecnologias;32;0.0142602495543672;0.0;0.07233273056057866;0.25316455696202533;0.5877034358047016;0.04701627486437613;0.039783001808318265
Laranja;Linguagens, Códigos e suas Tecnologias;33;0.0196078431372549;0.0017825311942959;0.29143897996357016;0.14207650273224043;0.1766848816029144;0.10746812386156648;0.28233151183970856
Laranja;Linguagens, Códigos e suas Tecnologias;34;0.016042780748663103;0.0017825311942959;0.22323049001814882;0.3702359346642468;0.045372050816696916;0.1869328493647913;0.17422867513611615
Laranja;Linguagens, Códigos e suas Tecnologias;35;0.0142602495543672;0.0;0.3670886075949367;0.13743218806509946;0.13924050632911392;0.11392405063291139;0.2423146473779385
Laranja;Linguagens, Códigos e suas Tecnologias;36;0.0142602495543672;0.0;0.08499095840867993;0.16636528028933092;0.081374321880651;0.38517179023508136;0.2820976491862568
Laranja;Linguagens, Códigos e suas Tecnologias;37;0.016042780748663103;0.0;0.09057971014492754;0.05253623188405797;0.23731884057971014;0.4746376811594203;0.14492753623188406
Laranja;Linguagens, Códigos e suas Tecnologias;38;0.016042780748663103;0.0;0.15942028985507245;0.1539855072463768;0.5181159420289855;0.12318840579710146;0.04528985507246377
Laranja;Linguagens, Códigos e suas Tecnologias;39;0.017825311942959002;0.0017825311942959;0.4218181818181818;0.16363636363636364;0.11454545454545455;0.21636363636363637;0.08363636363636363
Laranja;Linguagens, Códigos e suas Tecnologias;40;0.0142602495543672;0.0017825311942959;0.286231884057971;0.2916666666666667;0.15942028985507245;0.13768115942028986;0.125
Laranja;Ciências Humanas e suas Tecnologias;1;0.016042780748663103;0.0017825311942959;0.5771324863883848;0.10707803992740472;0.04900181488203267;0.12704174228675136;0.1397459165154265
Laranja;Ciências Humanas e suas Tecnologias;2;0.0196078431372549;0.0;0.15636363636363637;0.2018181818181818;0.08727272727272728;0.41818181818181815;0.13636363636363635
Laranja;Ciências Humanas e suas Tecnologias;3;0.016042780748663103;0.0;0.11956521739130435;0.1721014492753623;0.18115942028985507;0.18840579710144928;0.338768115942029
Laranja;Ciências Humanas e suas Tecnologias;4;0.017825311942959002;0.0;0.11433756805807622;0.21415607985480944;0.24863883847549909;0.26860254083484575;0.1542649727767695
Laranja;Ciências Humanas e suas Tecnologias;5;0.017825311942959002;0.0;0.18330308529945555;0.08348457350272233;0.12885662431941924;0.02722323049001815;0.5771324863883848
Laranja;Ciências Humanas e suas Tecnologias;6;0.017825311942959002;0.0;0.11070780399274047;0.3157894736842105;0.05989110707803993;0.18874773139745918;0.3248638838475499
Laranja;Ciências Humanas e suas Tecnologias;7;0.016042780748663103;0.0;0.34057971014492755;0.10869565217391304;0.08695652173913043;0.33695652173913043;0.12681159420289856
Laranja;Ciências Humanas e suas Tecnologias;8;0.024955436720142603;0.0017825311942959;0.24175824175824176;0.11355311355311355;0.2216117216117216;0.15018315018315018;0.27289377289377287
Laranja;Ciências Humanas e suas Tecnologias;9;0.024955436720142603;0.0;0.340036563071298;0.09872029250457039;0.23217550274223034;0.05301645338208409;0.2760511882998172
Laranja;Ciências Humanas e suas Tecnologias;10;0.017825311942959002;0.0017825311942959;0.23272727272727273;0.2309090909090909;0.12545454545454546;0.10363636363636364;0.30727272727272725
Laranja;Ciências Humanas e suas Tecnologias;11;0.016042780748663103;0.0017825311942959;0.15063520871143377;0.11978221415607986;0.147005444646098;0.09074410163339383;0.49183303085299457
Laranja;Ciências Humanas e suas Tecnologias;12;0.023172905525846704;0.0017825311942959;0.1846435100548446;0.27239488117001825;0.11151736745886655;0.31078610603290674;0.1206581352833638
Laranja;Ciências Humanas e suas Tecnologias;13;0.017825311942959002;0.0;0.08348457350272233;0.11070780399274047;0.5462794918330308;0.14519056261343014;0.11433756805807622
Laranja;Ciências Humanas e suas Tecnologias;14;0.017825311942959002;0.0017825311942959;0.1290909090909091;0.06545454545454546;0.41454545454545455;0.2927272727272727;0.09818181818181818
Laranja;Ciências Humanas e suas Tecnologias;15;0.023172905525846704;0.0017825311942959;0.2577696526508227;0.15173674588665448;0.10054844606946983;0.3235831809872029;0.1663619744058501
Laranja;Ciências Humanas e suas Tecnologias;16;0.0196078431372549;0.0;0.0890909090909091;0.16727272727272727;0.09272727272727273;0.4818181818181818;0.1690909090909091
Laranja;Ciências Humanas e suas Tecnologias;17;0.0196078431372549;0.0;0.19454545454545455;0.22363636363636363;0.07090909090909091;0.2309090909090909;0.28
Laranja;Ciências Humanas e suas Tecnologias;18;0.017825311942959002;0.0017825311942959;0.5490909090909091;0.18363636363636363;0.08181818181818182;0.06545454545454546;0.12
Laranja;Ciências Humanas e suas Tecnologias;19;0.0213903743315508;0.0035650623885918;0.21937842778793418;0.10786106032906764;0.16819012797074953;0.283363802559415;0.22120658135283364
Laranja;Ciências Humanas e suas Tecnologias;20;0.017825311942959002;0.0;0.6079854809437386;0.0780399274047187;0.08348457350272233;0.16696914700544466;0.06352087114337568
Laranja;Ciências Humanas e suas Tecnologias;21;0.0213903743315508;0.0017825311942959;0.20255474452554745;0.20802919708029197;0.15328467153284672;0.15875912408759124;0.2773722627737226
Laranja;Ciências Humanas e suas Tecnologias;22;0.017825311942959002;0.0017825311942959;0.10545454545454545;0.3836363636363636;0.2690909090909091;0.19090909090909092;0.05090909090909091
Laranja;Ciências Humanas e suas Tecnologias;23;0.0213903743315508;0.0;0.14025500910746813;0.2641165755919854;0.20765027322404372;0.07103825136612021;0.31693989071038253
Laranja;Ciências Humanas e suas Tecnologias;24;0.017825311942959002;0.0;0.542649727767695;0.07078039927404718;0.09074410163339383;0.15970961887477314;0.13611615245009073
Laranja;Ciências Humanas e suas Tecnologias;25;0.017825311942959002;0.0;0.3430127041742287;0.3738656987295826;0.1542649727767695;0.045372050816696916;0.08348457350272233
Laranja;Ciências Humanas e suas Tecnologias;26;0.017825311942959002;0.0;0.1851179673321234;0.3248638838475499;0.2849364791288566;0.13430127041742287;0.07078039927404718
Laranja;Ciências Humanas e suas Tecnologias;27;0.0196078431372549;0.0017825311942959;0.1493624772313297;0.09836065573770492;0.3570127504553734;0.10564663023679417;0.2896174863387978
Laranja;Ciências Humanas e suas Tecnologias;28;0.0196078431372549;0.0035650623885918;0.09306569343065693;0.4215328467153285;0.10401459854014598;0.07664233576642336;0.30474452554744524
Laranja;Ciências Humanas e suas Tecnologias;29;0.0213903743315508;0.0017825311942959;0.21715328467153286;0.4215328467153285;0.11861313868613138;0.11678832116788321;0.1259124087591241
Laranja;Ciências Humanas e suas Tecnologias;30;0.023172905525846704;0.0017825311942959;0.20658135283363802;0.19378427787934185;0.2340036563071298;0.12614259597806216;0.23948811700182815
Laranja;Ciências Humanas e suas Tecnologias;31;0.0213903743315508;0.0;0.10746812386156648;0.09107468123861566;0.47358834244080145;0.11475409836065574;0.21311475409836064
Laranja;Ciências Humanas e suas Tecnologias;32;0.0196078431372549;0.0;0.18181818181818182;0.2909090909090909;0.15454545454545454;0.1690909090909091;0.20363636363636364
Laranja;Ciências Humanas e suas Tecnologias;33;0.023172905525846704;0.0;0.2864963503649635;0.177007299270073;0.1386861313868613;0.2664233576642336;0.13138686131386862
Laranja;Ciências Humanas e suas Tecnologias;34;0.0196078431372549;0.0035650623885918;0.09671532846715329;0.14963503649635038;0.21532846715328466;0.11313868613138686;0.4251824817518248
Laranja;Ciências Humanas e suas Tecnologias;35;0.023172905525846704;0.0017825311942959;0.12979890310786105;0.3053016453382084;0.29250457038391225;0.19378427787934185;0.07861060329067641
Laranja;Ciências Humanas e suas Tecnologias;36;0.023172905525846704;0.0;0.11496350364963503;0.15875912408759124;0.4051094890510949;0.09854014598540146;0.22262773722627738
Laranja;Ciências Humanas e suas Tecnologias;37;0.024955436720142603;0.0;0.22120658135283364;0.360146252285192;0.22120658135283364;0.13893967093235832;0.05850091407678245
Laranja;Ciências Humanas e suas Tecnologias;38;0.024955436720142603;0.0017825311942959;0.11172161172161173;0.18315018315018314;0.4267399267399267;0.13736263736263737;0.14102564102564102
Laranja;Ciências Humanas e suas Tecnologias;39;0.024955436720142603;0.0;0.10603290676416818;0.27056672760511885;0.08592321755027423;0.19926873857404023;0.3382084095063985
Laranja;Ciências Humanas e suas Tecnologias;40;0.023172905525846704;0.0017825311942959;0.29981718464351004;0.13345521023765997;0.2413162705667276;0.20840950639853748;0.1170018281535649
Laranja;Ciências Humanas e suas Tecnologias;41;0.03208556149732621;0.0017825311942959;0.17896678966789667;0.0940959409594096;0.26383763837638374;0.13653136531365315;0.32656826568265684
Laranja;Ciências Humanas e suas Tecnologias;42;0.0285204991087344;0.0017825311942959;0.09926470588235294;0.11029411764705882;0.17095588235294118;0.16911764705882354;0.45036764705882354
Laranja;Ciências Humanas e suas Tecnologias;43;0.035650623885918005;0.0035650623885918;0.18923933209647495;0.2541743970315399;0.19109461966604824;0.2782931354359926;0.08719851576994433
Laranja;Ciências Humanas e suas Tecnologias;44;0.0338680926916221;0.0017825311942959;0.17744916820702403;0.14602587800369685;0.11275415896487985;0.5027726432532348;0.06099815157116451
Laranja;Ciências Humanas e suas Tecnologias;45;0.0338680926916221;0.0;0.2066420664206642;0.37453874538745385;0.11439114391143912;0.12546125461254612;0.17896678966789667
Laranja;Matemática e suas Tecnologias;1;0.008912655971479501;0.0;0.47619047619047616;0.04380952380952381;0.09333333333333334;0.11238095238095239;0.2742857142857143
Laranja;Matemática e suas Tecnologias;2;0.0106951871657754;0.0;0.09351145038167939;0.2099236641221374;0.34541984732824427;0.21755725190839695;0.13358778625954199
Laranja;Matemática e suas Tecnologias;3;0.0106951871657754;0.0035650623885918;0.0421455938697318;0.06896551724137931;0.10727969348659004;0.6379310344827587;0.14367816091954022
Laranja;Matemática e suas Tecnologias;4;0.012477718360071301;0.0;0.27915869980879543;0.4780114722753346;0.08986615678776291;0.08986615678776291;0.06309751434034416
Laranja;Matemática e suas Tecnologias;5;0.0106951871657754;0.0;0.3511450381679389;0.13740458015267176;0.2366412213740458;0.21564885496183206;0.05916030534351145
Laranja;Matemática e suas Tecnologias;6;0.012477718360071301;0.0017825311942959;0.13026819923371646;0.1685823754789272;0.44061302681992337;0.16283524904214558;0.09770114942528736
Laranja;Matemática e suas Tecnologias;7;0.008912655971479501;0.0;0.15047619047619049;0.07809523809523809;0.24952380952380954;0.07047619047619047;0.4514285714285714
Laranja;Matemática e suas Tecnologias;8;0.008912655971479501;0.0;0.14476190476190476;0.1657142857142857;0.31238095238095237;0.26095238095238094;0.11619047619047619
Laranja;Matemática e suas Tecnologias;9;0.0142602495543672;0.0;0.3946360153256705;0.16283524904214558;0.2567049808429119;0.09386973180076628;0.09195402298850575
Laranja;Matemática e suas Tecnologias;10;0.008912655971479501;0.0035650623885918;0.1089866156787763;0.15487571701720843;0.3135755258126195;0.22753346080305928;0.1950286806883365
Laranja;Matemática e suas Tecnologias;11;0.0106951871657754;0.0017825311942959;0.1950286806883365;0.16061185468451242;0.32504780114722753;0.1931166347992352;0.12619502868068833
Laranja;Matemática e suas Tecnologias;12;0.008912655971479501;0.0;0.06666666666666667;0.21714285714285714;0.2914285714285714;0.23238095238095238;0.19238095238095237
Laranja;Matemática e suas Tecnologias;13;0.0106951871657754;0.0;0.08015267175572519;0.17748091603053434;0.28435114503816794;0.3606870229007634;0.09732824427480916
Laranja;Matemática e suas Tecnologias;14;0.0106951871657754;0.0017825311942959;0.13193116634799235;0.08986615678776291;0.10516252390057361;0.5411089866156787;0.13193116634799235
Laranja;Matemática e suas Tecnologias;15;0.0142602495543672;0.0;0.16475095785440613;0.10919540229885058;0.3888888888888889;0.22030651340996169;0.11685823754789272
Laranja;Matemática e suas Tecnologias;16;0.0071301247771836;0.0;0.057034220532319393;0.11596958174904944;0.34220532319391633;0.11787072243346007;0.3669201520912547
Laranja;Matemática e suas Tecnologias;17;0.012477718360071301;0.0;0.33078393881453155;0.06692160611854685;0.33078393881453155;0.09751434034416825;0.1739961759082218
Laranja;Matemática e suas Tecnologias;18;0.016042780748663103;0.0;0.21689059500959693;0.2418426103646833;0.1401151631477927;0.28790786948176583;0.11324376199616124
Laranja;Matemática e suas Tecnologias;19;0.008912655971479501;0.0;0.2780952380952381;0.08952380952380952;0.3180952380952381;0.12571428571428572;0.18857142857142858
Laranja;Matemática e suas Tecnologias;20;0.0142602495543672;0.0;0.22796934865900384;0.20689655172413793;0.29310344827586204;0.13793103448275862;0.13409961685823754
Laranja;Matemática e suas Tecnologias;21;0.012477718360071301;0.0;0.30210325047801145;0.25047801147227533;0.17590822179732313;0.14531548757170173;0.12619502868068833
Laranja;Matemática e suas Tecnologias;22;0.016042780748663103;0.0035650623885918;0.15221579961464354;0.1907514450867052;0.21772639691714837;0.2813102119460501;0.1579961464354528
Laranja;Matemática e suas Tecnologias;23;0.0142602495543672;0.0035650623885918;0.08653846153846154;0.09615384615384616;0.24615384615384617;0.29615384615384616;0.275
Laranja;Matemática e suas Tecnologias;24;0.0142602495543672;0.0;0.07279693486590039;0.1475095785440613;0.3620689655172414;0.19157088122605365;0.2260536398467433
Laranja;Matemática e suas Tecnologias;25;0.016042780748663103;0.0017825311942959;0.33653846153846156;0.25769230769230766;0.1346153846153846;0.1519230769230769;0.11923076923076924
Laranja;Matemática e suas Tecnologias;26;0.0106951871657754;0.0017825311942959;0.1682600382409178;0.2045889101338432;0.19120458891013384;0.16634799235181644;0.2695984703632887
Laranja;Matemática e suas Tecnologias;27;0.0106951871657754;0.0;0.23473282442748092;0.08778625954198473;0.37404580152671757;0.13931297709923665;0.16412213740458015
Laranja;Matemática e suas Tecnologias;28;0.016042780748663103;0.0;0.1785028790786948;0.2072936660268714;0.29174664107485604;0.19193857965451055;0.13051823416506717
Laranja;Matemática e suas Tecnologias;29;0.0142602495543672;0.0035650623885918;0.06153846153846154;0.16153846153846155;0.2;0.4230769230769231;0.15384615384615385
Laranja;Matemática e suas Tecnologias;30;0.017825311942959002;0.0;0.14615384615384616;0.5;0.15576923076923077;0.10384615384615385;0.09423076923076923
Laranja;Matemática e suas Tecnologias;31;0.017825311942959002;0.0017825311942959;0.27360308285163776;0.08863198458574181;0.279383429672447;0.11175337186897881;0.2466281310211946
Laranja;Matemática e suas Tecnologias;32;0.023172905525846704;0.0017825311942959;0.24224806201550386;0.2926356589147287;0.25;0.13565891472868216;0.07945736434108527
Laranja;Matemática e suas Tecnologias;33;0.0196078431372549;0.0017825311942959;0.21814671814671815;0.2471042471042471;0.18725868725868725;0.19111969111969113;0.15637065637065636
Laranja;Matemática e suas Tecnologias;34;0.023172905525846704;0.0017825311942959;0.12596899224806202;0.20348837209302326;0.24806201550387597;0.23837209302325582;0.18410852713178294
Laranja;Matemática e suas Tecnologias;35;0.0196078431372549;0.0;0.1676300578034682;0.2909441233140655;0.24470134874759153;0.15606936416184972;0.14065510597302505
Laranja;Matemática e suas Tecnologias;36;0.0213903743315508;0.0035650623885918;0.2131782945736434;0.1686046511627907;0.16666666666666666;0.1298449612403101;0.32170542635658916
Laranja;Matemática e suas Tecnologias;37;0.0213903743315508;0.0;0.13127413127413126;0.33976833976833976;0.24517374517374518;0.14864864864864866;0.13513513513513514
Laranja;Matemática e suas Tecnologias;38;0.023172905525846704;0.0017825311942959;0.3236434108527132;0.22093023255813954;0.14534883720930233;0.23255813953488372;0.07751937984496124
Laranja;Matemática e suas Tecnologias;39;0.017825311942959002;0.0;0.15384615384615385;0.12884615384615383;0.36346153846153845;0.24807692307692308;0.10576923076923077
Laranja;Matemática e suas Tecnologias;40;0.0213903743315508;0.0;0.1525096525096525;0.28957528957528955;0.2413127413127413;0.20463320463320464;0.11196911196911197
Laranja;Matemática e suas Tecnologias;41;0.024955436720142603;0.0017825311942959;0.24854368932038834;0.20970873786407768;0.2174757281553398;0.16893203883495145;0.1553398058252427
Laranja;Matemática e suas Tecnologias;42;0.023172905525846704;0.0;0.3984526112185687;0.1528046421663443;0.22243713733075435;0.11992263056092843;0.10638297872340426
Laranja;Matemática e suas Tecnologias;43;0.023172905525846704;0.0017825311942959;0.19186046511627908;0.12015503875968993;0.3081395348837209;0.16472868217054262;0.21511627906976744
Laranja;Matemática e suas Tecnologias;44;0.023172905525846704;0.0;0.19729206963249515;0.17794970986460348;0.2127659574468085;0.2727272727272727;0.13926499032882012
Laranja;Matemática e suas Tecnologias;45;0.0196078431372549;0.0017825311942959;0.10810810810810811;0.24903474903474904;0.12162162162162163;0.09652509652509653;0.4247104247104247
Laranja;Ciências Naturais e suas Tecnologias;1;0.0071301247771836;0.0017825311942959;0.24571428571428572;0.049523809523809526;0.518095238095238;0.04;0.14666666666666667
Laranja;Ciências Naturais e suas Tecnologias;2;0.0071301247771836;0.0035650623885918;0.01717557251908397;0.05534351145038168;0.20610687022900764;0.5591603053435115;0.16221374045801526
Laranja;Ciências Naturais e suas Tecnologias;3;0.008912655971479501;0.0;0.540952380952381;0.22476190476190477;0.10476190476190476;0.05333333333333334;0.0761904761904762
Laranja;Ciências Naturais e suas Tecnologias;4;0.0106951871657754;0.0;0.02862595419847328;0.007633587786259542;0.20419847328244276;0.2862595419847328;0.4732824427480916
Laranja;Ciências Naturais e suas Tecnologias;5;0.008912655971479501;0.0;0.24;0.25333333333333335;0.19047619047619047;0.11047619047619048;0.2057142857142857
Laranja;Ciências Naturais e suas Tecnologias;6;0.012477718360071301;0.0;0.5812619502868069;0.06309751434034416;0.10133843212237094;0.09369024856596558;0.16061185468451242
Laranja;Ciências Naturais e suas Tecnologias;7;0.008912655971479501;0.0017825311942959;0.11259541984732824;0.17748091603053434;0.5229007633587787;0.10877862595419847;0.07824427480916031
Laranja;Ciências Naturais e suas Tecnologias;8;0.0106951871657754;0.0;0.08587786259541985;0.5877862595419847;0.16984732824427481;0.05152671755725191;0.1049618320610687
Laranja;Ciências Naturais e suas Tecnologias;9;0.008912655971479501;0.0017825311942959;0.09541984732824428;0.08396946564885496;0.29389312977099236;0.38549618320610685;0.14122137404580154
Laranja;Ciências Naturais e suas Tecnologias;10;0.008912655971479501;0.0;0.10476190476190476;0.07238095238095238;0.0761904761904762;0.6857142857142857;0.06095238095238095
Laranja;Ciências Naturais e suas Tecnologias;11;0.008912655971479501;0.0017825311942959;0.03625954198473282;0.009541984732824428;0.39122137404580154;0.13549618320610687;0.42748091603053434
Laranja;Ciências Naturais e suas Tecnologias;12;0.0106951871657754;0.0;0.11450381679389313;0.2958015267175573;0.12022900763358779;0.20610687022900764;0.2633587786259542
Laranja;Ciências Naturais e suas Tecnologias;13;0.012477718360071301;0.0;0.1931166347992352;0.13001912045889102;0.16443594646271512;0.2084130019120459;0.30401529636711283
Laranja;Ciências Naturais e suas Tecnologias;14;0.012477718360071301;0.0;0.14149139579349904;0.14340344168260039;0.2638623326959847;0.21223709369024857;0.2390057361376673
Laranja;Ciências Naturais e suas Tecnologias;15;0.012477718360071301;0.0;0.42065009560229444;0.17590822179732313;0.25047801147227533;0.06500956022944551;0.08795411089866156
Laranja;Ciências Naturais e suas Tecnologias;16;0.008912655971479501;0.0017825311942959;0.20038167938931298;0.08015267175572519;0.13740458015267176;0.18129770992366412;0.40076335877862596
Laranja;Ciências Naturais e suas Tecnologias;17;0.0106951871657754;0.0;0.1984732824427481;0.17938931297709923;0.13740458015267176;0.21183206106870228;0.2729007633587786
Laranja;Ciências Naturais e suas Tecnologias;18;0.008912655971479501;0.0;0.3580952380952381;0.21904761904761905;0.2038095238095238;0.13142857142857142;0.08761904761904762
Laranja;Ciências Naturais e suas Tecnologias;19;0.008912655971479501;0.0;0.1580952380952381;0.11047619047619048;0.20761904761904762;0.14666666666666667;0.37714285714285717
Laranja;Ciências Naturais e suas Tecnologias;20;0.008912655971479501;0.0;0.18285714285714286;0.4247619047619048;0.04;0.2742857142857143;0.07809523809523809
Laranja;Ciências Naturais e suas Tecnologias;21;0.008912655971479501;0.0017825311942959;0.20419847328244276;0.21564885496183206;0.15458015267175573;0.2385496183206107;0.18702290076335878
Laranja;Ciências Naturais e suas Tecnologias;22;0.0106951871657754;0.0;0.2919847328244275;0.32061068702290074;0.23473282442748092;0.1183206106870229;0.03435114503816794
Laranja;Ciências Naturais e suas Tecnologias;23;0.012477718360071301;0.0;0.23518164435946462;0.13575525812619502;0.10516252390057361;0.22179732313575526;0.30210325047801145
Laranja;Ciências Naturais e suas Tecnologias;24;0.008912655971479501;0.0;0.08;0.10666666666666667;0.3485714285714286;0.29523809523809524;0.16952380952380952
Laranja;Ciências Naturais e suas Tecnologias;25;0.0106951871657754;0.0;0.13931297709923665;0.1851145038167939;0.28435114503816794;0.2633587786259542;0.12786259541984732
Laranja;Ciências Naturais e suas Tecnologias;26;0.0106951871657754;0.0;0.22137404580152673;0.23091603053435114;0.1946564885496183;0.13740458015267176;0.21564885496183206
Laranja;Ciências Naturais e suas Tecnologias;27;0.012477718360071301;0.0;0.2294455066921606;0.18929254302103252;0.1950286806883365;0.26003824091778205;0.12619502868068833
Laranja;Ciências Naturais e suas Tecnologias;28;0.0106951871657754;0.0;0.09351145038167939;0.21946564885496184;0.3053435114503817;0.21755725190839695;0.16412213740458015
Laranja;Ciências Naturais e suas Tecnologias;29;0.0106951871657754;0.0071301247771836;0.2153846153846154;0.20192307692307693;0.19615384615384615;0.21153846153846154;0.175
Laranja;Ciências Naturais e suas Tecnologias;30;0.0142602495543672;0.0;0.13793103448275862;0.24904214559386972;0.27011494252873564;0.2049808429118774;0.13793103448275862
Laranja;Ciências Naturais e suas Tecnologias;31;0.012477718360071301;0.0;0.13193116634799235;0.2887189292543021;0.20076481835564053;0.21223709369024857;0.16634799235181644
Laranja;Ciências Naturais e suas Tecnologias;32;0.0106951871657754;0.0;0.3187022900763359;0.183206106870229;0.22519083969465647;0.21183206106870228;0.061068702290076333
Laranja;Ciências Naturais e suas Tecnologias;33;0.0106951871657754;0.0017825311942959;0.19694072657743786;0.14531548757170173;0.19694072657743786;0.24282982791587;0.2179732313575526
Laranja;Ciências Naturais e suas Tecnologias;34;0.012477718360071301;0.0;0.09751434034416825;0.2179732313575526;0.1950286806883365;0.367112810707457;0.12237093690248566
Laranja;Ciências Naturais e suas Tecnologias;35;0.012477718360071301;0.0017825311942959;0.22413793103448276;0.29118773946360155;0.20114942528735633;0.16283524904214558;0.1206896551724138
Laranja;Ciências Naturais e suas Tecnologias;36;0.0142602495543672;0.0;0.14367816091954022;0.20114942528735633;0.20881226053639848;0.2222222222222222;0.22413793103448276
Laranja;Ciências Naturais e suas Tecnologias;37;0.0142602495543672;0.0;0.19157088122605365;0.23754789272030652;0.28544061302681994;0.13984674329501914;0.14559386973180077
Laranja;Ciências Naturais e suas Tecnologias;38;0.0142602495543672;0.0017825311942959;0.18234165067178504;0.2648752399232246;0.1708253358925144;0.18809980806142035;0.19385796545105566
Laranja;Ciências Naturais e suas Tecnologias;39;0.012477718360071301;0.0;0.10133843212237094;0.05162523900573614;0.2695984703632887;0.31166347992351817;0.26577437858508607
Laranja;Ciências Naturais e suas Tecnologias;40;0.012477718360071301;0.0;0.12810707456978968;0.0994263862332696;0.2332695984703633;0.37858508604206503;0.16061185468451242
Laranja;Ciências Naturais e suas Tecnologias;41;0.012477718360071301;0.0017825311942959;0.06704980842911877;0.3065134099616858;0.27586206896551724;0.20881226053639848;0.1417624521072797
Laranja;Ciências Naturais e suas Tecnologias;42;0.0142602495543672;0.0;0.1896551724137931;0.31992337164750956;0.19540229885057472;0.1896551724137931;0.1053639846743295
Laranja;Ciências Naturais e suas Tecnologias;43;0.012477718360071301;0.0017825311942959;0.18007662835249041;0.16666666666666666;0.22413793103448276;0.22413793103448276;0.2049808429118774
Laranja;Ciências Naturais e suas Tecnologias;44;0.012477718360071301;0.0;0.17782026768642448;0.17208413001912046;0.13001912045889102;0.10707456978967496;0.4130019120458891
Laranja;Ciências Naturais e suas Tecnologias;45;0.0142602495543672;0.0;0.446360153256705;0.06321839080459771;0.26053639846743293;0.10344827586206896;0.12643678160919541
Laranja;Inglês;1;0.0053475935828877;0.0;0.12121212121212122;0.12396694214876033;0.1322314049586777;0.17079889807162535;0.45179063360881544
Laranja;Inglês;2;0.0053475935828877;0.0;0.6611570247933884;0.09090909090909091;0.1184573002754821;0.07162534435261708;0.05785123966942149
Laranja;Inglês;3;0.0053475935828877;0.0;0.05785123966942149;0.09917355371900827;0.07713498622589532;0.5619834710743802;0.20385674931129477
Laranja;Inglês;4;0.0053475935828877;0.0;0.09366391184573003;0.07162534435261708;0.14325068870523416;0.6225895316804407;0.06887052341597796
Laranja;Inglês;5;0.0053475935828877;0.0;0.04132231404958678;0.08264462809917356;0.2396694214876033;0.5151515151515151;0.12121212121212122
Laranja;Espanhol;1;0.0035650623885918;0.0;0.20207253886010362;0.16580310880829016;0.3316062176165803;0.09844559585492228;0.20207253886010362
Laranja;Espanhol;2;0.0035650623885918;0.0;0.08808290155440414;0.20725388601036268;0.5803108808290155;0.06735751295336788;0.05699481865284974
Laranja;Espanhol;3;0.0053475935828877;0.0;0.0625;0.4791666666666667;0.09895833333333333;0.13541666666666666;0.22395833333333334
Laranja;Espanhol;4;0.0035650623885918;0.0;0.24870466321243523;0.08808290155440414;0.13989637305699482;0.30569948186528495;0.21761658031088082
Laranja;Espanhol;5;0.0035650623885918;0.0;0.27979274611398963;0.11398963730569948;0.11917098445595854;0.32642487046632124;0.16062176165803108
Roxo;Linguagens, Códigos e suas Tecnologias;1;0.0;0.0;0.08695652173913043;0.391304347826087;0.21739130434782608;0.21739130434782608;0.08695652173913043
Roxo;Linguagens, Códigos e suas Tecnologias;2;0.0;0.0;0.08695652173913043;0.08695652173913043;0.17391304347826086;0.43478260869565216;0.21739130434782608
Roxo;Linguagens, Códigos e suas Tecnologias;3;0.0;0.0;0.30434782608695654;0.30434782608695654;0.13043478260869565;0.08695652173913043;0.17391304347826086
Roxo;Linguagens, Códigos e suas Tecnologias;4;0.0;0.0;0.391304347826087;0.17391304347826086;0.17391304347826086;0.17391304347826086;0.08695652173913043
Roxo;Linguagens, Códigos e suas Tecnologias;5;0.0;0.0;0.2608695652173913;0.08695652173913043;0.13043478260869565;0.34782608695652173;0.17391304347826086
Roxo;Linguagens, Códigos e suas Tecnologias;6;0.0;0.0;0.4782608695652174;0.21739130434782608;0.13043478260869565;0.08695652173913043;0.08695652173913043
Roxo;Linguagens, Códigos e suas Tecnologias;7;0.0;0.0;0.043478260869565216;0.5652173913043478;0.08695652173913043;0.043478260869565216;0.2608695652173913
Roxo;Linguagens, Códigos e suas Tecnologias;8;0.0;0.0;0.043478260869565216;0.34782608695652173;0.17391304347826086;0.21739130434782608;0.21739130434782608
Roxo;Linguagens, Códigos e suas Tecnologias;9;0.0;0.0;0.391304347826087;0.08695652173913043;0.34782608695652173;0.08695652173913043;0.08695652173913043
Roxo;Linguagens, Códigos e suas Tecnologias;10;0.0;0.0;0.30434782608695654;0.13043478260869565;0.21739130434782608;0.17391304347826086;0.17391304347826086
Roxo;Linguagens, Códigos e suas Tecnologias;11;0.0;0.0;0.2608695652173913;0.17391304347826086;0.043478260869565216;0.08695652173913043;0.43478260869565216
Roxo;Linguagens, Códigos e suas Tecnologias;12;0.0;0.0;0.21739130434782608;0.2608695652173913;0.17391304347826086;0.08695652173913043;0.2608695652173913
Roxo;Linguagens, Códigos e suas Tecnologias;13;0.0;0.0;0.17391304347826086;0.17391304347826086;0.21739130434782608;0.2608695652173913;0.17391304347826086
Roxo;Linguagens, Códigos e suas Tecnologias;14;0.0;0.0;0.13043478260869565;0.2608695652173913;0.13043478260869565;0.34782608695652173;0.13043478260869565
Roxo;Linguagens, Códigos e suas Tecnologias;15;0.0;0.0;0.08695652173913043;0.4782608695652174;0.17391304347826086;0.2608695652173913;
Roxo;Linguagens, Códigos e suas Tecnologias;16;0.0;0.0;0.30434782608695654;0.17391304347826086;0.21739130434782608;0.17391304347826086;0.13043478260869565
Roxo;Linguagens, Códigos e suas Tecnologias;17;0.0;0.0;0.13043478260869565;0.13043478260869565;0.21739130434782608;0.21739130434782608;0.30434782608695654
Roxo;Linguagens, Códigos e suas Tecnologias;18;0.0;0.0;0.2608695652173913;0.4782608695652174;0.13043478260869565;0.08695652173913043;0.043478260869565216
Roxo;Linguagens, Códigos e suas Tecnologias;19;0.0;0.0;0.13043478260869565;0.17391304347826086;0.4782608695652174;0.17391304347826086;0.043478260869565216
Roxo;Linguagens, Códigos e suas Tecnologias;20;0.0;0.0;0.30434782608695654;0.2608695652173913;0.13043478260869565;0.08695652173913043;0.21739130434782608
Roxo;Linguagens, Códigos e suas Tecnologias;21;0.0;0.0;0.08695652173913043;0.21739130434782608;0.13043478260869565;0.2608695652173913;0.30434782608695654
Roxo;Linguagens, Códigos e suas Tecnologias;22;0.0;0.0;0.2608695652173913;0.34782608695652173;0.17391304347826086;0.17391304347826086;0.043478260869565216
Roxo;Linguagens, Códigos e suas Tecnologias;23;0.0;0.0;0.17391304347826086;0.30434782608695654;0.08695652173913043;0.08695652173913043;0.34782608695652173
Roxo;Linguagens, Códigos e suas Tecnologias;24;0.0;0.0;0.21739130434782608;0.043478260869565216;0.30434782608695654;0.21739130434782608;0.21739130434782608
Roxo;Linguagens, Códigos e suas Tecnologias;25;0.0;0.0;0.43478260869565216;0.17391304347826086;0.17391304347826086;0.13043478260869565;0.08695652173913043
Roxo;Linguagens, Códigos e suas Tecnologias;26;0.0;0.0;0.17391304347826086;0.08695652173913043;0.2608695652173913;0.21739130434782608;0.2608695652173913
Roxo;Linguagens, Códigos e suas Tecnologias;27;0.0;0.0;0.13043478260869565;0.13043478260869565;0.17391304347826086;0.30434782608695654;0.2608695652173913
Roxo;Linguagens, Códigos e suas Tecnologias;28;0.0;0.0;0.17391304347826086;0.21739130434782608;0.34782608695652173;0.17391304347826086;0.08695652173913043
Roxo;Linguagens, Códigos e suas Tecnologias;29;0.0;0.0;0.21739130434782608;0.043478260869565216;0.21739130434782608;0.34782608695652173;0.17391304347826086
Roxo;Linguagens, Códigos e suas Tecnologias;30;0.0;0.0;0.30434782608695654;0.21739130434782608;0.13043478260869565;0.17391304347826086;0.17391304347826086
Roxo;Linguagens, Códigos e suas Tecnologias;31;0.0;0.0;0.08695652173913043;0.5217391304347826;0.13043478260869565;0.13043478260869565;0.13043478260869565
Roxo;Linguagens, Códigos e suas Tecnologias;32;0.0;0.0;0.21739130434782608;0.34782608695652173;0.21739130434782608;0.13043478260869565;0.08695652173913043
Roxo;Linguagens, Códigos e suas Tecnologias;33;0.0;0.0;0.43478260869565216;0.08695652173913043;0.21739130434782608;0.08695652173913043;0.17391304347826086
Roxo;Linguagens, Códigos e suas Tecnologias;34;0.0;0.0;0.30434782608695654;0.2608695652173913;0.13043478260869565;0.17391304347826086;0.13043478260869565
Roxo;Linguagens, Códigos e suas Tecnologias;35;0.0;0.0;0.34782608695652173;0.17391304347826086;0.21739130434782608;0.043478260869565216;0.21739130434782608
Roxo;Linguagens, Códigos e suas Tecnologias;36;0.0;0.0;0.13043478260869565;0.21739130434782608;0.08695652173913043;0.34782608695652173;0.21739130434782608
Roxo;Linguagens, Códigos e suas Tecnologias;37;0.0;0.0;0.13043478260869565;0.08695652173913043;0.391304347826087;0.21739130434782608;0.17391304347826086
Roxo;Linguagens, Códigos e suas Tecnologias;38;0.0;0.0;0.30434782608695654;;0.43478260869565216;0.2608695652173913;
Roxo;Linguagens, Códigos e suas Tecnologias;39;0.0;0.0;0.5217391304347826;0.21739130434782608;0.08695652173913043;0.08695652173913043;0.08695652173913043
Roxo;Linguagens, Códigos e suas Tecnologias;40;0.0;0.0;0.17391304347826086;0.17391304347826086;0.391304347826087;0.043478260869565216;0.21739130434782608
Roxo;Ciências Humanas e suas Tecnologias;1;0.0;0.0;0.6086956521739131;0.17391304347826086;0.08695652173913043;0.08695652173913043;0.043478260869565216
Roxo;Ciências Humanas e suas Tecnologias;2;0.0;0.0;0.2608695652173913;0.30434782608695654;0.13043478260869565;0.13043478260869565;0.17391304347826086
Roxo;Ciências Humanas e suas Tecnologias;3;0.0;0.0;0.43478260869565216;;0.17391304347826086;0.17391304347826086;0.21739130434782608
Roxo;Ciências Humanas e suas Tecnologias;4;0.0;0.0;0.043478260869565216;0.21739130434782608;0.30434782608695654;0.30434782608695654;0.13043478260869565
Roxo;Ciências Humanas e suas Tecnologias;5;0.0;0.0;0.17391304347826086;0.13043478260869565;0.13043478260869565;0.13043478260869565;0.43478260869565216
Roxo;Ciências Humanas e suas Tecnologias;6;0.0;0.0;0.043478260869565216;0.17391304347826086;0.21739130434782608;0.30434782608695654;0.2608695652173913
Roxo;Ciências Humanas e suas Tecnologias;7;0.0;0.0;0.43478260869565216;0.17391304347826086;0.13043478260869565;0.21739130434782608;0.043478260869565216
Roxo;Ciências Humanas e suas Tecnologias;8;0.0;0.0;0.34782608695652173;0.21739130434782608;0.21739130434782608;0.043478260869565216;0.17391304347826086
Roxo;Ciências Humanas e suas Tecnologias;9;0.0;0.0;0.2608695652173913;;0.17391304347826086;0.17391304347826086;0.391304347826087
Roxo;Ciências Humanas e suas Tecnologias;10;0.0;0.0;0.5217391304347826;0.08695652173913043;0.08695652173913043;0.13043478260869565;0.17391304347826086
Roxo;Ciências Humanas e suas Tecnologias;11;0.0;0.0;0.34782608695652173;0.13043478260869565;0.13043478260869565;0.13043478260869565;0.2608695652173913
Roxo;Ciências Humanas e suas Tecnologias;12;0.0;0.0;0.043478260869565216;0.17391304347826086;0.30434782608695654;0.391304347826087;0.08695652173913043
Roxo;Ciências Humanas e suas Tecnologias;13;0.0;0.0;0.21739130434782608;0.17391304347826086;0.21739130434782608;0.30434782608695654;0.08695652173913043
Roxo;Ciências Humanas e suas Tecnologias;14;0.0;0.0;0.17391304347826086;0.08695652173913043;0.30434782608695654;0.30434782608695654;0.13043478260869565
Roxo;Ciências Humanas e suas Tecnologias;15;0.0;0.0;0.391304347826087;0.17391304347826086;;0.34782608695652173;0.08695652173913043
Roxo;Ciências Humanas e suas Tecnologias;16;0.0;0.0;0.13043478260869565;0.13043478260869565;0.043478260869565216;0.391304347826087;0.30434782608695654
Roxo;Ciências Humanas e suas Tecnologias;17;0.0;0.0;0.17391304347826086;0.21739130434782608;0.08695652173913043;0.21739130434782608;0.30434782608695654
Roxo;Ciências Humanas e suas Tecnologias;18;0.0;0.0;0.30434782608695654;0.13043478260869565;0.2608695652173913;0.043478260869565216;0.2608695652173913
Roxo;Ciências Humanas e suas Tecnologias;19;0.0;0.0;0.2608695652173913;0.21739130434782608;0.08695652173913043;0.30434782608695654;0.13043478260869565
Roxo;Ciências Humanas e suas Tecnologias;20;0.0;0.0;0.17391304347826086;0.2608695652173913;0.13043478260869565;0.21739130434782608;0.21739130434782608
Roxo;Ciências Humanas e suas Tecnologias;21;0.0;0.0;0.30434782608695654;0.08695652173913043;0.21739130434782608;0.13043478260869565;0.2608695652173913
Roxo;Ciências Humanas e suas Tecnologias;22;0.0;0.0;0.08695652173913043;0.30434782608695654;0.21739130434782608;0.30434782608695654;0.08695652173913043
Roxo;Ciências Humanas e suas Tecnologias;23;0.0;0.0;0.21739130434782608;0.21739130434782608;0.21739130434782608;0.17391304347826086;0.17391304347826086
Roxo;Ciências Humanas e suas Tecnologias;24;0.0;0.0;0.21739130434782608;0.13043478260869565;0.043478260869565216;0.30434782608695654;0.30434782608695654
Roxo;Ciências Humanas e suas Tecnologias;25;0.0;0.0;0.30434782608695654;0.08695652173913043;0.4782608695652174;0.08695652173913043;0.043478260869565216
Roxo;Ciências Humanas e suas Tecnologias;26;0.0;0.0;0.13043478260869565;0.17391304347826086;0.391304347826087;0.21739130434782608;0.08695652173913043
Roxo;Ciências Humanas e suas Tecnologias;27;0.0;0.0;0.30434782608695654;0.17391304347826086;;0.17391304347826086;0.34782608695652173
Roxo;Ciências Humanas e suas Tecnologias;28;0.0;0.0;0.043478260869565216;0.4782608695652174;0.13043478260869565;0.21739130434782608;0.13043478260869565
Roxo;Ciências Humanas e suas Tecnologias;29;0.0;0.0;0.13043478260869565;0.34782608695652173;0.17391304347826086;0.21739130434782608;0.13043478260869565
Roxo;Ciências Humanas e suas Tecnologias;30;0.0;0.0;0.21739130434782608;0.13043478260869565;0.2608695652173913;0.08695652173913043;0.30434782608695654
Roxo;Ciências Humanas e suas Tecnologias;31;0.0;0.0;0.17391304347826086;0.08695652173913043;0.5217391304347826;0.08695652173913043;0.13043478260869565
Roxo;Ciências Humanas e suas Tecnologias;32;0.0;0.0;0.17391304347826086;0.2608695652173913;0.30434782608695654;0.13043478260869565;0.13043478260869565
Roxo;Ciências Humanas e suas Tecnologias;33;0.0;0.0;0.043478260869565216;0.21739130434782608;0.13043478260869565;0.30434782608695654;0.30434782608695654
Roxo;Ciências Humanas e suas Tecnologias;34;0.0;0.0;0.13043478260869565;0.2608695652173913;0.21739130434782608;0.08695652173913043;0.30434782608695654
Roxo;Ciências Humanas e suas Tecnologias;35;0.0;0.0;0.2608695652173913;0.13043478260869565;0.2608695652173913;0.30434782608695654;0.043478260869565216
Roxo;Ciências Humanas e suas Tecnologias;36;0.0;0.0;0.17391304347826086;0.13043478260869565;0.2608695652173913;0.17391304347826086;0.2608695652173913
Roxo;Ciências Humanas e suas Tecnologias;37;0.0;0.0;0.4782608695652174;0.21739130434782608;0.17391304347826086;0.043478260869565216;0.08695652173913043
Roxo;Ciências Humanas e suas Tecnologias;38;0.0;0.0;0.08695652173913043;0.34782608695652173;0.2608695652173913;0.21739130434782608;0.08695652173913043
Roxo;Ciências Humanas e suas Tecnologias;39;0.0;0.0;0.21739130434782608;0.30434782608695654;0.21739130434782608;0.13043478260869565;0.13043478260869565
Roxo;Ciências Humanas e suas Tecnologias;40;0.0;0.0;0.17391304347826086;0.17391304347826086;0.17391304347826086;0.30434782608695654;0.17391304347826086
Roxo;Ciências Humanas e suas Tecnologias;41;0.0;0.0;0.2608695652173913;0.13043478260869565;0.391304347826087;0.08695652173913043;0.13043478260869565
Roxo;Ciências Humanas e suas Tecnologias;42;0.0;0.0;0.17391304347826086;0.4782608695652174;0.08695652173913043;0.043478260869565216;0.21739130434782608
Roxo;Ciências Humanas e suas Tecnologias;43;0.0;0.0;0.17391304347826086;0.30434782608695654;0.17391304347826086;0.2608695652173913;0.08695652173913043
Roxo;Ciências Humanas e suas Tecnologias;44;0.0;0.0;0.34782608695652173;0.043478260869565216;0.21739130434782608;0.30434782608695654;0.08695652173913043
Roxo;Ciências Humanas e suas Tecnologias;45;0.0;0.0;0.21739130434782608;0.391304347826087;0.043478260869565216;0.21739130434782608;0.13043478260869565
Roxo;Matemática e suas Tecnologias;1;0.0;0.0;0.2727272727272727;0.13636363636363635;0.22727272727272727;0.13636363636363635;0.22727272727272727
Roxo;Matemática e suas Tecnologias;2;0.0;0.0;0.09090909090909091;0.13636363636363635;0.5;0.18181818181818182;0.09090909090909091
Roxo;Matemática e suas Tecnologias;3;0.0;0.0;;0.13636363636363635;0.09090909090909091;0.4090909090909091;0.36363636363636365
Roxo;Matemática e suas Tecnologias;4;0.0;0.0;0.13636363636363635;0.5454545454545454;0.09090909090909091;0.09090909090909091;0.13636363636363635
Roxo;Matemática e suas Tecnologias;5;0.0;0.043478260869565216;0.42857142857142855;0.09523809523809523;0.23809523809523808;0.14285714285714285;0.09523809523809523
Roxo;Matemática e suas Tecnologias;6;0.0;0.0;0.09090909090909091;0.22727272727272727;0.4090909090909091;0.18181818181818182;0.09090909090909091
Roxo;Matemática e suas Tecnologias;7;0.0;0.0;0.3181818181818182;0.13636363636363635;0.09090909090909091;0.22727272727272727;0.22727272727272727
Roxo;Matemática e suas Tecnologias;8;0.0;0.0;0.09090909090909091;0.18181818181818182;0.4090909090909091;0.18181818181818182;0.13636363636363635
Roxo;Matemática e suas Tecnologias;9;0.0;0.0;0.36363636363636365;0.18181818181818182;0.2727272727272727;0.045454545454545456;0.13636363636363635
Roxo;Matemática e suas Tecnologias;10;0.0;0.0;0.2727272727272727;0.18181818181818182;0.09090909090909091;0.4090909090909091;0.045454545454545456
Roxo;Matemática e suas Tecnologias;11;0.0;0.0;0.3181818181818182;0.18181818181818182;0.18181818181818182;0.22727272727272727;0.09090909090909091
Roxo;Matemática e suas Tecnologias;12;0.0;0.0;0.045454545454545456;0.3181818181818182;0.2727272727272727;0.18181818181818182;0.18181818181818182
Roxo;Matemática e suas Tecnologias;13;0.0;0.0;0.22727272727272727;0.18181818181818182;0.13636363636363635;0.3181818181818182;0.13636363636363635
Roxo;Matemática e suas Tecnologias;14;0.0;0.0;0.13636363636363635;0.13636363636363635;0.4090909090909091;0.18181818181818182;0.13636363636363635
Roxo;Matemática e suas Tecnologias;15;0.0;0.0;0.18181818181818182;0.22727272727272727;0.36363636363636365;0.13636363636363635;0.09090909090909091
Roxo;Matemática e suas Tecnologias;16;0.0;0.0;0.13636363636363635;0.13636363636363635;0.18181818181818182;0.2727272727272727;0.2727272727272727
Roxo;Matemática e suas Tecnologias;17;0.0;0.0;0.36363636363636365;0.045454545454545456;0.3181818181818182;0.22727272727272727;0.045454545454545456
Roxo;Matemática e suas Tecnologias;18;0.0;0.0;0.3181818181818182;0.2727272727272727;0.2727272727272727;0.09090909090909091;0.045454545454545456
Roxo;Matemática e suas Tecnologias;19;0.0;0.0;0.13636363636363635;0.2727272727272727;0.09090909090909091;0.18181818181818182;0.3181818181818182
Roxo;Matemática e suas Tecnologias;20;0.0;0.0;0.13636363636363635;0.13636363636363635;0.5;0.13636363636363635;0.09090909090909091
Roxo;Matemática e suas Tecnologias;21;0.0;0.0;0.22727272727272727;0.18181818181818182;0.18181818181818182;0.3181818181818182;0.09090909090909091
Roxo;Matemática e suas Tecnologias;22;0.0;0.0;0.18181818181818182;0.3181818181818182;0.09090909090909091;0.3181818181818182;0.09090909090909091
Roxo;Matemática e suas Tecnologias;23;0.0;0.0;0.045454545454545456;0.13636363636363635;0.22727272727272727;0.13636363636363635;0.45454545454545453
Roxo;Matemática e suas Tecnologias;24;0.0;0.0;0.13636363636363635;0.18181818181818182;0.18181818181818182;0.3181818181818182;0.18181818181818182
Roxo;Matemática e suas Tecnologias;25;0.0;0.0;0.2727272727272727;0.09090909090909091;0.13636363636363635;0.3181818181818182;0.18181818181818182
Roxo;Matemática e suas Tecnologias;26;0.0;0.0;0.13636363636363635;0.18181818181818182;0.5;0.18181818181818182;
Roxo;Matemática e suas Tecnologias;27;0.0;0.0;0.4090909090909091;0.045454545454545456;0.22727272727272727;0.22727272727272727;0.09090909090909091
Roxo;Matemática e suas Tecnologias;28;0.0;0.0;0.22727272727272727;0.18181818181818182;0.18181818181818182;0.2727272727272727;0.13636363636363635
Roxo;Matemática e suas Tecnologias;29;0.0;0.0;0.13636363636363635;0.045454545454545456;0.36363636363636365;0.2727272727272727;0.18181818181818182
Roxo;Matemática e suas Tecnologias;30;0.0;0.0;0.13636363636363635;0.36363636363636365;0.18181818181818182;0.09090909090909091;0.22727272727272727
Roxo;Matemática e suas Tecnologias;31;0.0;0.0;0.3181818181818182;0.3181818181818182;0.18181818181818182;0.045454545454545456;0.13636363636363635
Roxo;Matemática e suas Tecnologias;32;0.0;0.0;0.36363636363636365;0.4090909090909091;0.045454545454545456;0.09090909090909091;0.09090909090909091
Roxo;Matemática e suas Tecnologias;33;0.0;0.0;0.045454545454545456;0.18181818181818182;0.4090909090909091;0.2727272727272727;0.09090909090909091
Roxo;Matemática e suas Tecnologias;34;0.0;0.0;0.13636363636363635;0.2727272727272727;0.36363636363636365;0.13636363636363635;0.09090909090909091
Roxo;Matemática e suas Tecnologias;35;0.0;0.0;0.045454545454545456;0.22727272727272727;0.4090909090909091;0.18181818181818182;0.13636363636363635
Roxo;Matemática e suas Tecnologias;36;0.0;0.0;0.18181818181818182;0.2727272727272727;;0.22727272727272727;0.3181818181818182
Roxo;Matemática e suas Tecnologias;37;0.0;0.0;0.13636363636363635;0.4090909090909091;0.22727272727272727;0.13636363636363635;0.09090909090909091
Roxo;Matemática e suas Tecnologias;38;0.0;0.0;0.2727272727272727;0.2727272727272727;0.22727272727272727;0.13636363636363635;0.09090909090909091
Roxo;Matemática e suas Tecnologias;39;0.0;0.0;0.18181818181818182;0.22727272727272727;0.22727272727272727;0.36363636363636365;
Roxo;Matemática e suas Tecnologias;40;0.0;0.0;0.18181818181818182;0.22727272727272727;0.22727272727272727;0.22727272727272727;0.13636363636363635
Roxo;Matemática e suas Tecnologias;41;0.0;0.0;0.2727272727272727;0.2727272727272727;0.13636363636363635;0.13636363636363635;0.18181818181818182
Roxo;Matemática e suas Tecnologias;42;0.0;0.0;0.36363636363636365;0.09090909090909091;0.22727272727272727;0.18181818181818182;0.13636363636363635
Roxo;Matemática e suas Tecnologias;43;0.0;0.0;0.18181818181818182;0.13636363636363635;0.36363636363636365;0.045454545454545456;0.2727272727272727
Roxo;Matemática e suas Tecnologias;44;0.0;0.0;0.09090909090909091;0.18181818181818182;0.18181818181818182;0.3181818181818182;0.22727272727272727
Roxo;Matemática e suas Tecnologias;45;0.0;0.0;0.09090909090909091;0.18181818181818182;0.18181818181818182;0.3181818181818182;0.22727272727272727
Roxo;Ciências Naturais e suas Tecnologias;1;0.0;0.0;0.2727272727272727;0.22727272727272727;0.3181818181818182;0.045454545454545456;0.13636363636363635
Roxo;Ciências Naturais e suas Tecnologias;2;0.0;0.0;0.13636363636363635;;0.2727272727272727;0.2727272727272727;0.3181818181818182
Roxo;Ciências Naturais e suas Tecnologias;3;0.0;0.0;0.13636363636363635;0.5;0.09090909090909091;0.13636363636363635;0.13636363636363635
Roxo;Ciências Naturais e suas Tecnologias;4;0.0;0.0;;;0.13636363636363635;0.22727272727272727;0.6363636363636364
Roxo;Ciências Naturais e suas Tecnologias;5;0.0;0.0;0.45454545454545453;0.045454545454545456;0.13636363636363635;0.18181818181818182;0.18181818181818182
Roxo;Ciências Naturais e suas Tecnologias;6;0.0;0.0;0.36363636363636365;0.09090909090909091;0.22727272727272727;0.13636363636363635;0.18181818181818182
Roxo;Ciências Naturais e suas Tecnologias;7;0.0;0.0;0.18181818181818182;0.2727272727272727;0.36363636363636365;0.045454545454545456;0.13636363636363635
Roxo;Ciências Naturais e suas Tecnologias;8;0.0;0.0;0.22727272727272727;0.36363636363636365;0.13636363636363635;0.13636363636363635;0.13636363636363635
Roxo;Ciências Naturais e suas Tecnologias;9;0.0;0.0;0.2727272727272727;0.18181818181818182;0.22727272727272727;0.18181818181818182;0.13636363636363635
Roxo;Ciências Naturais e suas Tecnologias;10;0.0;0.043478260869565216;0.23809523809523808;0.23809523809523808;0.19047619047619047;0.19047619047619047;0.14285714285714285
Roxo;Ciências Naturais e suas Tecnologias;11;0.0;0.0;;;0.18181818181818182;0.2727272727272727;0.5454545454545454
Roxo;Ciências Naturais e suas Tecnologias;12;0.0;0.0;;0.18181818181818182;0.13636363636363635;0.4090909090909091;0.2727272727272727
Roxo;Ciências Naturais e suas Tecnologias;13;0.0;0.0;0.36363636363636365;0.2727272727272727;0.13636363636363635;0.13636363636363635;0.09090909090909091
Roxo;Ciências Naturais e suas Tecnologias;14;0.0;0.0;0.09090909090909091;0.3181818181818182;0.2727272727272727;0.18181818181818182;0.13636363636363635
Roxo;Ciências Naturais e suas Tecnologias;15;0.0;0.0;0.3181818181818182;0.2727272727272727;0.13636363636363635;0.18181818181818182;0.09090909090909091
Roxo;Ciências Naturais e suas Tecnologias;16;0.0;0.0;0.22727272727272727;0.18181818181818182;0.13636363636363635;0.09090909090909091;0.36363636363636365
Roxo;Ciências Naturais e suas Tecnologias;17;0.0;0.0;0.22727272727272727;0.09090909090909091;0.22727272727272727;0.22727272727272727;0.22727272727272727
Roxo;Ciências Naturais e suas Tecnologias;18;0.0;0.0;0.4090909090909091;0.18181818181818182;0.09090909090909091;0.18181818181818182;0.13636363636363635
Roxo;Ciências Naturais e suas Tecnologias;19;0.0;0.0;0.045454545454545456;0.09090909090909091;0.22727272727272727;0.18181818181818182;0.45454545454545453
Roxo;Ciências Naturais e suas Tecnologias;20;0.0;0.0;0.2727272727272727;0.09090909090909091;0.18181818181818182;0.22727272727272727;0.22727272727272727
Roxo;Ciências Naturais e suas Tecnologias;21;0.0;0.0;0.5454545454545454;0.18181818181818182;0.09090909090909091;0.13636363636363635;0.045454545454545456
Roxo;Ciências Naturais e suas Tecnologias;22;0.0;0.0;0.09090909090909091;0.4090909090909091;0.3181818181818182;0.09090909090909091;0.09090909090909091
Roxo;Ciências Naturais e suas Tecnologias;23;0.0;0.0;0.18181818181818182;0.18181818181818182;0.22727272727272727;0.09090909090909091;0.3181818181818182
Roxo;Ciências Naturais e suas Tecnologias;24;0.0;0.0;;0.22727272727272727;0.4090909090909091;0.13636363636363635;0.22727272727272727
Roxo;Ciências Naturais e suas Tecnologias;25;0.0;0.0;0.045454545454545456;0.2727272727272727;0.3181818181818182;0.36363636363636365;
Roxo;Ciências Naturais e suas Tecnologias;26;0.0;0.0;0.2727272727272727;0.45454545454545453;0.045454545454545456;0.13636363636363635;0.09090909090909091
Roxo;Ciências Naturais e suas Tecnologias;27;0.0;0.0;0.18181818181818182;0.2727272727272727;0.2727272727272727;0.13636363636363635;0.13636363636363635
Roxo;Ciências Naturais e suas Tecnologias;28;0.0;0.0;0.18181818181818182;0.09090909090909091;0.4090909090909091;0.2727272727272727;0.045454545454545456
Roxo;Ciências Naturais e suas Tecnologias;29;0.043478260869565216;0.0;0.23809523809523808;0.14285714285714285;0.3333333333333333;0.14285714285714285;0.14285714285714285
Roxo;Ciências Naturais e suas Tecnologias;30;0.043478260869565216;0.0;0.19047619047619047;0.14285714285714285;0.23809523809523808;0.23809523809523808;0.19047619047619047
Roxo;Ciências Naturais e suas Tecnologias;31;0.0;0.0;0.09090909090909091;0.45454545454545453;0.13636363636363635;0.13636363636363635;0.18181818181818182
Roxo;Ciências Naturais e suas Tecnologias;32;0.0;0.0;0.45454545454545453;0.09090909090909091;0.045454545454545456;0.09090909090909091;0.3181818181818182
Roxo;Ciências Naturais e suas Tecnologias;33;0.0;0.0;0.045454545454545456;0.22727272727272727;0.3181818181818182;0.2727272727272727;0.13636363636363635
Roxo;Ciências Naturais e suas Tecnologias;34;0.0;0.0;0.09090909090909091;0.18181818181818182;0.22727272727272727;0.36363636363636365;0.13636363636363635
Roxo;Ciências Naturais e suas Tecnologias;35;0.0;0.0;0.13636363636363635;0.4090909090909091;0.2727272727272727;0.09090909090909091;0.09090909090909091
Roxo;Ciências Naturais e suas Tecnologias;36;0.0;0.0;0.18181818181818182;0.045454545454545456;0.2727272727272727;0.22727272727272727;0.2727272727272727
Roxo;Ciências Naturais e suas Tecnologias;37;0.0;0.0;0.3181818181818182;0.13636363636363635;0.2727272727272727;0.18181818181818182;0.09090909090909091
Roxo;Ciências Naturais e suas Tecnologias;38;0.0;0.0;0.22727272727272727;0.22727272727272727;0.13636363636363635;0.2727272727272727;0.13636363636363635
Roxo;Ciências Naturais e suas Tecnologias;39;0.0;0.0;0.045454545454545456;0.2727272727272727;0.22727272727272727;0.2727272727272727;0.18181818181818182
Roxo;Ciências Naturais e suas Tecnologias;40;0.0;0.0;0.3181818181818182;0.18181818181818182;0.09090909090909091;0.3181818181818182;0.09090909090909091
Roxo;Ciências Naturais e suas Tecnologias;41;0.0;0.0;0.18181818181818182;0.45454545454545453;0.22727272727272727;0.045454545454545456;0.09090909090909091
Roxo;Ciências Naturais e suas Tecnologias;42;0.0;0.0;0.2727272727272727;0.22727272727272727;0.3181818181818182;0.09090909090909091;0.09090909090909091
Roxo;Ciências Naturais e suas Tecnologias;43;0.0;0.0;0.09090909090909091;0.2727272727272727;0.2727272727272727;0.18181818181818182;0.18181818181818182
Roxo;Ciências Naturais e suas Tecnologias;44;0.0;0.0;0.3181818181818182;0.09090909090909091;0.18181818181818182;0.18181818181818182;0.22727272727272727
Roxo;Ciências Naturais e suas Tecnologias;45;0.0;0.0;0.13636363636363635;0.13636363636363635;0.09090909090909091;0.13636363636363635;0.5
Roxo;Inglês;1;0.0;0.0;0.125;0.375;0.3125;0.0625;0.125
Roxo;Inglês;2;0.0;0.0;0.375;0.25;0.1875;0.1875;
Roxo;Inglês;3;0.0;0.0;0.125;0.125;0.0625;0.5;0.1875
Roxo;Inglês;4;0.0;0.0;0.0625;0.0625;0.25;0.5;0.125
Roxo;Inglês;5;0.0;0.0;0.0625;0.3125;0.25;0.3125;0.0625
Roxo;Espanhol;1;0.043478260869565216;0.0;0.6666666666666666;0.16666666666666666;;0.16666666666666666;
Roxo;Espanhol;2;0.043478260869565216;0.0;;0.5;0.16666666666666666;0.3333333333333333;
Roxo;Espanhol;3;0.043478260869565216;0.0;;0.3333333333333333;0.5;0.16666666666666666;
Roxo;Espanhol;4;0.043478260869565216;0.0;0.16666666666666666;0.16666666666666666;0.3333333333333333;0.16666666666666666;0.16666666666666666
Roxo;Espanhol;5;0.043478260869565216;0.043478260869565216;;0.4;0.4;0.2;
