cor;area;questao;pct_branco;pct_dupla;pct_A;pct_B;pct_C;pct_D;pct_E
Azul;Linguagens, Códigos e suas Tecnologias;1;0.002330844846806067;0.0007431679221700504;0.033444022770398485;0.09125101653564652;0.03293575494714015;0.04879371103280022;0.7935754947140147
Azul;Linguagens, Códigos e suas Tecnologias;2;0.001452555484241462;0.0003378036009863865;0.006734348561759729;0.016717428087986465;0.9134010152284264;0.04179357021996616;0.02135363790186125
Azul;Linguagens, Códigos e suas Tecnologias;3;0.003107793129074756;0.0007093875620714117;0.02360122075279756;0.8054255679891489;0.05801966768396066;0.0728382502543235;0.040115293319769416
Azul;Linguagens, Códigos e suas Tecnologias;4;0.0014863358443401007;0.0007093875620714117;0.012153835737016724;0.011002776085042996;0.011476741824091;0.040727198862482224;0.9246394474913671
Azul;Linguagens, Códigos e suas Tecnologias;5;0.0014863358443401007;0.0008107286423673277;0.061791095310648386;0.013069239884882343;0.7665820213306247;0.10556966311156256;0.05298798036228204
Azul;Linguagens, Códigos e suas Tecnologias;6;0.0040536432118366385;0.0007431679221700504;0.1888937917925393;0.09555004921760972;0.28179627303893284;0.14924815858253285;0.2845117273683853
Azul;Linguagens, Códigos e suas Tecnologias;7;0.0016890180049319325;0.0003378036009863865;0.024202010628575295;0.06908573943066039;0.09565717767322209;0.7641742544765258;0.04688081779101649
Azul;Linguagens, Códigos e suas Tecnologias;8;0.0016890180049319325;0.0005742661216768571;0.04519907908992416;0.025189599133261104;0.03507583965330444;0.8438177139761647;0.05071776814734561
Azul;Linguagens, Códigos e suas Tecnologias;9;0.0021619430463128736;0.0004729250413809411;0.3162066045723963;0.154614733276884;0.3189839119390347;0.11031329381879763;0.09988145639288738
Azul;Linguagens, Códigos e suas Tecnologias;10;0.002905110968482924;0.000675607201972773;0.19876597620096959;0.6127402786724073;0.04675051700172899;0.07960131538800556;0.062141912736888495
Azul;Linguagens, Códigos e suas Tecnologias;11;0.0028375502482856467;0.0004729250413809411;0.052296220979495;0.058837485172004746;0.19816980172852058;0.5796305710896458;0.11106592103033384
Azul;Linguagens, Códigos e suas Tecnologias;12;0.001452555484241462;0.0006418268418741344;0.04278798957381267;0.0308384956501134;0.03117700822585559;0.04332960969500017;0.8518668968552182
Azul;Linguagens, Códigos e suas Tecnologias;13;0.0022970644867074284;0.0006080464817754957;0.048277263949588374;0.256394620049463;0.2741132228885049;0.3904190805298641;0.030795812582579532
Azul;Linguagens, Códigos e suas Tecnologias;14;0.004391446812823024;0.0002702428807891092;0.08118106227727813;0.2652638723909723;0.04904123536399117;0.5512981503478703;0.053215679619888004
Azul;Linguagens, Códigos e suas Tecnologias;15;0.003479377090159781;0.0003378036009863865;0.17589013224821973;0.17087148185825704;0.5750084774499831;0.05249237029501526;0.025737538148524922
Azul;Linguagens, Códigos e suas Tecnologias;16;0.0040198628517379995;0.000776948282268689;0.19429075727232611;0.20752859712840704;0.1846169512236516;0.16628763449984726;0.24727605987576795
Azul;Linguagens, Códigos e suas Tecnologias;17;0.003884741411343445;0.0004729250413809411;0.2742756327610776;0.32655900115355907;0.19033724638664587;0.17337314243061683;0.0354549772681007
Azul;Linguagens, Códigos e suas Tecnologias;18;0.003175353849272033;0.0006418268418741344;0.10712105798575788;0.42244828755510344;0.09966090200067819;0.21820956256358087;0.15256018989487963
Azul;Linguagens, Códigos e suas Tecnologias;19;0.0040198628517379995;0.0004729250413809411;0.29131319986426873;0.09053274516457414;0.20665083135391923;0.2986087546657618;0.11289446895147608
Azul;Linguagens, Códigos e suas Tecnologias;20;0.0026348680876938147;0.0010134108029591596;0.03315816240040685;0.08631971520596711;0.37752161383285304;0.12714019325309375;0.37586031530767927
Azul;Linguagens, Códigos e suas Tecnologias;21;0.002330844846806067;0.0005067054014795798;0.03106473796537823;0.838781801551543;0.02439107015820319;0.04498797384735255;0.06077441647752295
Azul;Linguagens, Códigos e suas Tecnologias;22;0.0023646252069047056;0.0005404857615782184;0.04976793034522479;0.04709150658942304;0.45007961513703965;0.40339465392824475;0.04966629400006776
Azul;Linguagens, Códigos e suas Tecnologias;23;0.008073506063574638;0.000878289362564605;0.2952143977094553;0.14677210443793032;0.15038516599631876;0.10201786079487354;0.30561047106142203
Azul;Linguagens, Códigos e suas Tecnologias;24;0.0032766949295679492;0.0012498733236496302;0.3130408225592996;0.13051002748651125;0.10383793138552377;0.3584784010315925;0.09413281753707285
Azul;Linguagens, Códigos e suas Tecnologias;25;0.0053035165354862685;0.0005067054014795798;0.1294553362101186;0.19224627093880603;0.12381502497366723;0.3450783187795182;0.20940504909788998
Azul;Linguagens, Códigos e suas Tecnologias;26;0.007566800662095058;0.0005742661216768571;0.21286015938968736;0.2516177372113616;0.18602275049383557;0.24184319869218718;0.10765615421292828
Azul;Linguagens, Códigos e suas Tecnologias;27;0.004931932574401243;0.0008445090024659662;0.05728458820331612;0.4017396031530307;0.23725876596901332;0.14640527317205762;0.15731176950258222
Azul;Linguagens, Códigos e suas Tecnologias;28;0.0024321859271019828;0.000878289362564605;0.01260803253685816;0.02884256905609219;0.01792916454838163;0.8329096763260464;0.10771055753262158
Azul;Linguagens, Códigos e suas Tecnologias;29;0.005877782657163125;0.0009458500827618822;0.4094758681677494;0.28635080439440835;0.09108533723342743;0.15332811809122138;0.059759872113193425
Azul;Linguagens, Códigos e suas Tecnologias;30;0.005168395095091713;0.000776948282268689;0.04125463010160737;0.11404492472899039;0.07863526693172937;0.6291840826451898;0.1368810955924831
Azul;Linguagens, Códigos e suas Tecnologias;31;0.003479377090159781;0.000878289362564605;0.2738345660582208;0.16879283436248899;0.06924747234851056;0.34538915654475133;0.14273597068602836
Azul;Linguagens, Códigos e suas Tecnologias;32;0.005573759416275377;0.0005067054014795798;0.11762906569690379;0.12612581993678415;0.4895829793019067;0.14842130306223023;0.11824083200217517
Azul;Linguagens, Códigos e suas Tecnologias;33;0.0035469378103570584;0.0010471911630577982;0.13998710421827806;0.5898462687073676;0.09356229001934367;0.11962534360471036;0.05697899345030034
Azul;Linguagens, Códigos e suas Tecnologias;34;0.006249366618248151;0.0012160929635509914;0.1417534544959499;0.08930637805459124;0.06735416241236131;0.08882989585460487;0.6127561091824927
Azul;Linguagens, Códigos e suas Tecnologias;35;0.004594128973414857;0.0009458500827618822;0.0712999762220184;0.15584768504364957;0.23400930738136486;0.45388769998980943;0.08495533136315772
Azul;Linguagens, Códigos e suas Tecnologias;36;0.004087423571935277;0.0010471911630577982;0.7572578180706937;0.11368035041254966;0.030457369868595294;0.06437811958846898;0.03422634205969237
Azul;Linguagens, Códigos e suas Tecnologias;37;0.004459007533020302;0.0009120697226632436;0.07699361499796223;0.09034098627903818;0.09163157179731014;0.6891047412036408;0.051929085722048636
Azul;Linguagens, Códigos e suas Tecnologias;38;0.00452656825321758;0.0009796304428605208;0.062466032608695654;0.05332880434782609;0.20465353260869565;0.16358695652173913;0.5159646739130435
Azul;Linguagens, Códigos e suas Tecnologias;39;0.004594128973414857;0.0013849947640441848;0.04203765377557262;0.03129885135594372;0.046387548426561544;0.08234214640114185;0.7979338000407803
Azul;Linguagens, Códigos e suas Tecnologias;40;0.005810221936965848;0.0003715839610850252;0.19075458871515977;0.6443235893949694;0.061828687967369136;0.07243371855880354;0.030659415363698164
Azul;Ciências Humanas e suas Tecnologias;1;0.00476303077390805;0.0005742661216768571;0.28283239938869076;0.258889454915945;0.3183562574291051;0.09696043470877908;0.042961453557480045
Azul;Ciências Humanas e suas Tecnologias;2;0.004425227172921663;0.0008445090024659662;0.2137399395524162;0.055693279451217444;0.04907121268720074;0.08211362787380717;0.5993819404353584
Azul;Ciências Humanas e suas Tecnologias;3;0.004154984292132554;0.0005742661216768571;0.12598852798425145;0.12765163085904355;0.6310287479211214;0.06832298136645963;0.047008111869123986
Azul;Ciências Humanas e suas Tecnologias;4;0.005235955815288991;0.0006080464817754957;0.23370710159700986;0.41766904519198095;0.040231056744818215;0.045463812436289504;0.26292898402990145
Azul;Ciências Humanas e suas Tecnologias;5;0.00452656825321758;0.0005067054014795798;0.11879540979153935;0.6061315950295376;0.16069124736877843;0.04905955048550282;0.06532219732464181
Azul;Ciências Humanas e suas Tecnologias;6;0.005337296895584907;0.0011823126034523528;0.0462767766065964;0.13202992179530773;0.1976198571914315;0.12696361781706902;0.49710982658959535
Azul;Ciências Humanas e suas Tecnologias;7;0.00425632537242847;0.000776948282268689;0.2742242140286549;0.47932369117946627;0.17260813471854417;0.04800706185917023;0.02583689821416446
Azul;Ciências Humanas e suas Tecnologias;8;0.004999493294598521;0.0010809715231564368;0.05947727967916256;0.11657546817115862;0.4128063079903477;0.12598987186894606;0.28515107229038505
Azul;Ciências Humanas e suas Tecnologias;9;0.004796811134006688;0.0007431679221700504;0.26400353272869326;0.06742756207751623;0.08060735758687455;0.410917490403886;0.17704405720303
Azul;Ciências Humanas e suas Tecnologias;10;0.0055061986960781;0.0006418268418741344;0.08609496618061929;0.5026681621970701;0.18378029298800178;0.10733829577512662;0.12011828285918222
Azul;Ciências Humanas e suas Tecnologias;11;0.00601290409755768;0.0007093875620714117;0.28911032512583323;0.17973745068698135;0.3081213440348252;0.1872874438851857;0.035743436267174536
Azul;Ciências Humanas e suas Tecnologias;12;0.004492787893118941;0.0008445090024659662;0.12521650534895568;0.08167770419426049;0.05019527933435218;0.7163864832739005;0.02652402784853116
Azul;Ciências Humanas e suas Tecnologias;13;0.008343748944363747;0.0008445090024659662;0.10367870171490914;0.2461559442228359;0.09515529644403532;0.45658177355016877;0.09842828406805086
Azul;Ciências Humanas e suas Tecnologias;14;0.005810221936965848;0.0010809715231564368;0.1390523487193442;0.048096874043334806;0.09962923908976495;0.13207932242593284;0.5811422157216232
Azul;Ciências Humanas e suas Tecnologias;15;0.008107286423673277;0.0006418268418741344;0.15222873500545256;0.38004362050163576;0.09848691384950926;0.14115321701199562;0.22808751363140675
Azul;Ciências Humanas e suas Tecnologias;16;0.005641320136472654;0.0002702428807891092;0.09161342938697839;0.435877395677586;0.04121924697566943;0.3562593448416474;0.0750305831181188
Azul;Ciências Humanas e suas Tecnologias;17;0.010201668749788872;0.0006418268418741344;0.26586298750085374;0.29045147189399634;0.24315279010996516;0.1294310497916809;0.07110170070350386
Azul;Ciências Humanas e suas Tecnologias;18;0.005810221936965848;0.000776948282268689;0.13350108813928183;0.4889825897714907;0.08150843307943417;0.05420293797606093;0.2418049510337323
Azul;Ciências Humanas e suas Tecnologias;19;0.008242407864067831;0.000878289362564605;0.08679644086864624;0.12692189683973681;0.6450073296287457;0.05890976033818566;0.08236457232468551
Azul;Ciências Humanas e suas Tecnologias;20;0.007161436340911394;0.000776948282268689;0.07450286025606102;0.11968809588667938;0.18588259329882867;0.5240397711795152;0.09588667937891583
Azul;Ciências Humanas e suas Tecnologias;21;0.0065533898591358985;0.0005404857615782184;0.145953118089341;0.12594835505052224;0.49562821079848945;0.17163950600483108;0.06083081005681625
Azul;Ciências Humanas e suas Tecnologias;22;0.005742661216768571;0.0010134108029591596;0.6139849675203211;0.16307859742203176;0.05723905723905724;0.07053702003196953;0.09516035778662041
Azul;Ciências Humanas e suas Tecnologias;23;0.007465459581799142;0.0007431679221700504;0.10064713896457765;0.21754087193460492;0.06985694822888283;0.13528610354223433;0.4766689373297003
Azul;Ciências Humanas e suas Tecnologias;24;0.006418268418741344;0.0007431679221700504;0.05437038549215746;0.03569119798577796;0.7764281582797455;0.10380728794528937;0.0297029702970297
Azul;Ciências Humanas e suas Tecnologias;25;0.006722291659629092;0.0006080464817754957;0.08048050091880488;0.0746614033893691;0.22582181991424488;0.09436466344517798;0.5246716123324032
Azul;Ciências Humanas e suas Tecnologias;26;0.008715332905448772;0.0005742661216768571;0.08981178396072013;0.21781232951445717;0.17560010911074742;0.4063693398799782;0.11040643753409711
Azul;Ciências Humanas e suas Tecnologias;27;0.00800594534337736;0.000878289362564605;0.7738241308793457;0.07259713701431493;0.039740967961826856;0.06867757327880027;0.04516019086571234
Azul;Ciências Humanas e suas Tecnologias;28;0.0074316792217005035;0.000878289362564605;0.1331539326225432;0.22083319140239124;0.2651156453316075;0.28051231392853493;0.10038491671492318
Azul;Ciências Humanas e suas Tecnologias;29;0.008107286423673277;0.0012836536837482688;0.08221653878942882;0.32313725490196077;0.06032395566922421;0.17357203751065645;0.36075021312872974
Azul;Ciências Humanas e suas Tecnologias;30;0.008749113265547412;0.0009458500827618822;0.5275617410287897;0.15646745804338927;0.05222404147905581;0.06460635830263338;0.1991404011461318
Azul;Ciências Humanas e suas Tecnologias;31;0.008816673985744688;0.0020943823261155964;0.13439207650273224;0.09030054644808744;0.14757513661202185;0.1576844262295082;0.4700478142076503
Azul;Ciências Humanas e suas Tecnologias;32;0.005573759416275377;0.0009796304428605208;0.8229113536672448;0.02808664014417355;0.0492706314393553;0.06596620082287735;0.033765173926349076
Azul;Ciências Humanas e suas Tecnologias;33;0.007465459581799142;0.001925480525622403;0.13176470588235295;0.11331628303495311;0.20242114236999148;0.040954816709292415;0.5115430520034101
Azul;Ciências Humanas e suas Tecnologias;34;0.00702631490051684;0.0011823126034523528;0.04134877384196185;0.24846730245231607;0.16321525885558583;0.12925749318801089;0.41771117166212535
Azul;Ciências Humanas e suas Tecnologias;35;0.009661182988210655;0.0012160929635509914;0.7419145520986306;0.05945835183224617;0.0687476520610635;0.0894778183805198;0.040401625627540044
Azul;Ciências Humanas e suas Tecnologias;36;0.007465459581799142;0.0010134108029591596;0.05202371218315617;0.059689288634505316;0.16693922049604798;0.6158694467157264;0.1054783319705642
Azul;Ciências Humanas e suas Tecnologias;37;0.009694963348309294;0.0011147518832550754;0.14257418980295736;0.13632483010620497;0.1550729091964621;0.13632483010620497;0.4297032407881706
Azul;Ciências Humanas e suas Tecnologias;38;0.008715332905448772;0.0017227983650305713;0.14883593910015702;0.06328941080084659;0.1653239571243258;0.1464805079538472;0.4760701850208234
Azul;Ciências Humanas e suas Tecnologias;39;0.010607033070972537;0.0008445090024659662;0.21893794423182067;0.2684868780754511;0.07801394204483324;0.37458993985784583;0.05997129579004921
Azul;Ciências Humanas e suas Tecnologias;40;0.009931425868999763;0.0005404857615782184;0.43488205373297373;0.08073601201652272;0.2357559826579729;0.12689038336804015;0.1217355682244905
Azul;Ciências Humanas e suas Tecnologias;41;0.007195216701010033;0.001351214403945546;0.03700170357751278;0.15969335604770016;0.05434412265758092;0.6934241908006814;0.0555366269165247
Azul;Ciências Humanas e suas Tecnologias;42;0.008580211465054218;0.0013174340438469074;0.601194131695667;0.15728420334356874;0.06840668713749573;0.054998294097577616;0.1181166837256909
Azul;Ciências Humanas e suas Tecnologias;43;0.00851265074485694;0.0007431679221700504;0.08595587984588632;0.2701080841487947;0.37099798833918646;0.23045449896007364;0.042483548706058846
Azul;Ciências Humanas e suas Tecnologias;44;0.008749113265547412;0.0008107286423673277;0.07929740791268758;0.24334924965893587;0.24120054570259208;0.22227148703956343;0.21388130968622102
Azul;Ciências Humanas e suas Tecnologias;45;0.008816673985744688;0.0004391446812823025;0.23222748815165878;0.06672576630638617;0.39735415459101914;0.09205905417845818;0.21163353677247776
Azul;Matemática e suas Tecnologias;1;0.001452555484241462;0.0005067054014795798;0.1687707878831229;0.23461249597653874;0.1413039590858696;0.3223060691677694;0.13300668788669934
Azul;Matemática e suas Tecnologias;2;0.0015876769246360165;0.0011823126034523528;0.15441887103124888;0.33063678992017753;0.3307799692164513;0.10981852024197301;0.07434584959014927
Azul;Matemática e suas Tecnologias;3;0.0033442556497652264;0.0005404857615782184;0.1535980504587156;0.3620269495412844;0.2032683486238532;0.21441370412844038;0.06669294724770643
Azul;Matemática e suas Tecnologias;4;0.000878289362564605;0.0012498733236496302;0.6673343826012305;0.08821004435541566;0.0578408928315925;0.11092430962941766;0.07569037058234368
Azul;Matemática e suas Tecnologias;5;0.0010471911630577982;0.0010134108029591596;0.08165820158809643;0.37609986408183704;0.3592173975248587;0.08097861077330282;0.102045926031905
Azul;Matemática e suas Tecnologias;6;0.0016890180049319325;0.0006080464817754957;0.10071196021609245;0.2724410575650245;0.2805266358985367;0.1581338771421416;0.18818646917820472
Azul;Matemática e suas Tecnologias;7;0.0014187751241428233;0.0008107286423673277;0.2657675383679748;0.38235609773548457;0.1307909705577219;0.09891603763460094;0.12216935570421779
Azul;Matemática e suas Tecnologias;8;0.003107793129074756;0.0009120697226632436;0.09978494623655915;0.19913978494623655;0.38150537634408604;0.229247311827957;0.09032258064516129
Azul;Matemática e suas Tecnologias;9;0.0010471911630577982;0.001452555484241462;0.1482197173018429;0.10789049919484701;0.06165682590803364;0.43199141170155664;0.25024154589371983
Azul;Matemática e suas Tecnologias;10;0.000878289362564605;0.0009796304428605208;0.1516235159490774;0.22325132312973822;0.07731368902875126;0.49860534973537407;0.04920612215705908
Azul;Matemática e suas Tecnologias;11;0.0035469378103570584;0.0004391446812823025;0.11669832622486649;0.19160603562596323;0.3391634708433389;0.23902369090713593;0.1135084763986954
Azul;Matemática e suas Tecnologias;12;0.0014187751241428233;0.000776948282268689;0.14717035129140732;0.4869428346569364;0.12556342562781714;0.14588252128496818;0.094440867138871
Azul;Matemática e suas Tecnologias;13;0.0028375502482856467;0.0008107286423673277;0.21170864533696393;0.16574110565726774;0.2884884095876178;0.1826520010031887;0.15140983841496183
Azul;Matemática e suas Tecnologias;14;0.002128162686214235;0.000776948282268689;0.10346185515340278;0.20094511867683384;0.2130097017864175;0.2658862277592811;0.21669709662406472
Azul;Matemática e suas Tecnologias;15;0.0039860824916393605;0.0008107286423673277;0.2252035728378233;0.1749470889980988;0.25999928256268606;0.21867489328119954;0.12117516232019228
Azul;Matemática e suas Tecnologias;16;0.0015201162044387393;0.0005742661216768571;0.09171227241835676;0.3747540866330436;0.20041492291733734;0.22455914440032906;0.10855957363093321
Azul;Matemática e suas Tecnologias;17;0.0013849947640441848;0.0012160929635509914;0.42434328251377856;0.08900579772385656;0.09841815188604967;0.2461169565528595;0.14211581132345574
Azul;Matemática e suas Tecnologias;18;0.0015876769246360165;0.0008445090024659662;0.17347121336816115;0.17765770923533833;0.2095394854546105;0.35567323863026445;0.08365835331162558
Azul;Matemática e suas Tecnologias;19;0.0012160929635509914;0.0013174340438469074;0.13255081591754939;0.10589035213283711;0.5900372172917263;0.10274119667907243;0.06878041797881478
Azul;Matemática e suas Tecnologias;20;0.003918521771442083;0.000675607201972773;0.1052254061614604;0.21066599720259657;0.1809704838073378;0.2843309543449414;0.2188071584836639
Azul;Matemática e suas Tecnologias;21;0.0015876769246360165;0.000878289362564605;0.31031274601016245;0.4996421670364274;0.059292922063980534;0.05564302583553997;0.07510913905388965
Azul;Matemática e suas Tecnologias;22;0.0012836536837482688;0.0010809715231564368;0.08197073240545279;0.23278113707109377;0.43142867365558696;0.17009553114601597;0.08372392572185051
Azul;Matemática e suas Tecnologias;23;0.001925480525622403;0.0009458500827618822;0.12275363356483139;0.1330636500322188;0.4314455502255316;0.1270136750912866;0.1857234910861316
Azul;Matemática e suas Tecnologias;24;0.0029388913285815625;0.0007093875620714117;0.09071692164379636;0.2534842893482856;0.312672423059009;0.16115510013972986;0.1819712658091792
Azul;Matemática e suas Tecnologias;25;0.0029726716886802015;0.0008107286423673277;0.16769986025011646;0.24094313254738955;0.19156484036263302;0.27906976744186046;0.1207223993980005
Azul;Matemática e suas Tecnologias;26;0.0027699895280883695;0.0006418268418741344;0.18507772763091912;0.33157819328032095;0.25517587219714877;0.08252740167633785;0.1456408052152733
Azul;Matemática e suas Tecnologias;27;0.0025673073674965376;0.0009120697226632436;0.20174810144719874;0.24340879782203753;0.24537899412523284;0.18580742226680041;0.12365668433873048
Azul;Matemática e suas Tecnologias;28;0.003378036009863865;0.0009796304428605208;0.20369307995697383;0.21921835783434923;0.21197561850125493;0.24567945500179275;0.11943348870562925
Azul;Matemática e suas Tecnologias;29;0.002398405567003344;0.0012836536837482688;0.13314224292368326;0.22497312791114296;0.38323181655320676;0.17620924399856683;0.08244356861340021
Azul;Matemática e suas Tecnologias;30;0.003411816369962504;0.0006080464817754957;0.1410752688172043;0.2643010752688172;0.21444444444444444;0.280573476702509;0.09960573476702508
Azul;Matemática e suas Tecnologias;31;0.0020943823261155964;0.0006418268418741344;0.12108955544419786;0.16031927840217625;0.3053905075524375;0.18848879662108955;0.2247118619800988
Azul;Matemática e suas Tecnologias;32;0.0023646252069047056;0.001553896564537378;0.039924022506540514;0.10389563846181414;0.14973300361968248;0.4442533060961187;0.2621940293158442
Azul;Matemática e suas Tecnologias;33;0.0020268216059183193;0.0017903590852278485;0.40923098975130795;0.14018490647172652;0.12850283093241596;0.17150433598509282;0.15057693685945675
Azul;Matemática e suas Tecnologias;34;0.002398405567003344;0.0013174340438469074;0.11433587731556129;0.15539790031889356;0.34401089254362394;0.15740442151277365;0.2288509083091476
Azul;Matemática e suas Tecnologias;35;0.0040198628517379995;0.0010471911630577982;0.1561950554379418;0.22146470989271233;0.2693673974667193;0.2354587534536582;0.11751408374896839
Azul;Matemática e suas Tecnologias;36;0.003209134209370672;0.0010134108029591596;0.17853301785330178;0.32476518247651825;0.16899691689969168;0.16361941636194163;0.16408546640854665
Azul;Matemática e suas Tecnologias;37;0.003783400331047529;0.0005067054014795798;0.09902480998135667;0.1865050910655385;0.2876093503513552;0.32421482862469525;0.10264591997705436
Azul;Matemática e suas Tecnologias;38;0.00226328412660879;0.0017903590852278485;0.33420552707982365;0.11244130614000501;0.07842575002688268;0.10925122764256784;0.3656761891107208
Azul;Matemática e suas Tecnologias;39;0.0017903590852278485;0.0014187751241428233;0.04737859905457671;0.1650551496920212;0.26081506947428734;0.44220025784271594;0.08455092393639879
Azul;Matemática e suas Tecnologias;40;0.0048643718542039655;0.000675607201972773;0.17921378567582122;0.26566146113803624;0.261389337641357;0.2084006462035541;0.08533476934123138
Azul;Matemática e suas Tecnologias;41;0.0026348680876938147;0.0009458500827618822;0.16687564933901766;0.363164117078064;0.20399097194855445;0.15211550173754165;0.11385375989682227
Azul;Matemática e suas Tecnologias;42;0.0023646252069047056;0.001655237644833294;0.08817204301075268;0.15541218637992832;0.32591397849462367;0.3205017921146953;0.11
Azul;Matemática e suas Tecnologias;43;0.002398405567003344;0.002195723406411512;0.10884768496933615;0.10128035003407095;0.16924290786500734;0.15927267510669585;0.4613563820248897
Azul;Matemática e suas Tecnologias;44;0.004087423571935277;0.000776948282268689;0.08053811659192825;0.2365560538116592;0.36053811659192825;0.22629596412556055;0.09607174887892377
Azul;Matemática e suas Tecnologias;45;0.0028375502482856467;0.0004729250413809411;0.10443752014612658;0.2695104043551449;0.27674510225278465;0.18853192937215715;0.16077504387378674
Azul;Ciências Naturais e suas Tecnologias;1;0.0009120697226632436;0.000776948282268689;0.1553148128284887;0.4592584647288069;0.08373556437484357;0.15445671993993348;0.14723443812792736
Azul;Ciências Naturais e suas Tecnologias;2;0.0037496199709488903;0.0005067054014795798;0.1851360556412003;0.11945649446097588;0.3831068726920733;0.22744057648872476;0.08486000071702578
Azul;Ciências Naturais e suas Tecnologias;3;0.0010809715231564368;0.0013849947640441848;0.09607815071924426;0.3754741286767337;0.08452014599584914;0.11876476060974737;0.32516281399842556
Azul;Ciências Naturais e suas Tecnologias;4;0.0012836536837482688;0.0009458500827618822;0.400708331842736;0.1824133366722713;0.09526705541444568;0.21543304833112725;0.10617822773941973
Azul;Ciências Naturais e suas Tecnologias;5;0.0016214572847346553;0.0008107286423673277;0.08305005904032634;0.12305435288224138;0.19630013954986225;0.36511969084338214;0.23247575768418793
Azul;Ciências Naturais e suas Tecnologias;6;0.0012160929635509914;0.0007431679221700504;0.07939630199206037;0.1014269875898573;0.5063838918493616;0.12792818568720718;0.18486463288151353
Azul;Ciências Naturais e suas Tecnologias;7;0.003378036009863865;0.0003715839610850252;0.1926329367923176;0.26737852945392004;0.26487028808943675;0.21219721943528738;0.06292102622903827
Azul;Ciências Naturais e suas Tecnologias;8;0.0013174340438469074;0.0006080464817754957;0.08279093054860168;0.17734782919676703;0.21225234246477362;0.3485444531864674;0.17906444460339033
Azul;Ciências Naturais e suas Tecnologias;9;0.0012836536837482688;0.0006418268418741344;0.12094986052499822;0.2608540161647951;0.1281739503612045;0.37093197911451253;0.11909019383448967
Azul;Ciências Naturais e suas Tecnologias;10;0.0024321859271019828;0.0008107286423673277;0.10851269562726068;0.15460373169072092;0.32933424059019445;0.27923217419331736;0.12831715789850662
Azul;Ciências Naturais e suas Tecnologias;11;0.001452555484241462;0.0005742661216768571;0.3814514109946708;0.21728244930076182;0.21588754962623843;0.10908830787939483;0.07629028219893415
Azul;Ciências Naturais e suas Tecnologias;12;0.0014863358443401007;0.0007431679221700504;0.21604121203448645;0.2158981146925196;0.3370657890029693;0.09190426787822416;0.1390906163918005
Azul;Ciências Naturais e suas Tecnologias;13;0.0011485322433537142;0.0005404857615782184;0.12646143945082056;0.21909971754442417;0.3967606993457042;0.13657978476170046;0.12109835889735064
Azul;Ciências Naturais e suas Tecnologias;14;0.0009458500827618822;0.000878289362564605;0.09519041659216879;0.18662613981762918;0.1729304487752548;0.2660110852851779;0.27924190952976935
Azul;Ciências Naturais e suas Tecnologias;15;0.0021619430463128736;0.000878289362564605;0.1504887393032332;0.09427476816212539;0.1976798310000358;0.27369400981059117;0.2838626517240145
Azul;Ciências Naturais e suas Tecnologias;16;0.000878289362564605;0.0004391446812823025;0.11365260900643316;0.19035025017869908;0.09378127233738384;0.4083988563259471;0.19381701215153682
Azul;Ciências Naturais e suas Tecnologias;17;0.000878289362564605;0.0007093875620714117;0.10721435721435721;0.1611969111969112;0.14986414986414986;0.1350993850993851;0.4466251966251966
Azul;Ciências Naturais e suas Tecnologias;18;0.001553896564537378;0.0006080464817754957;0.18647826864603828;0.3231979967805402;0.11074941870863889;0.18969772849221964;0.18987658737256305
Azul;Ciências Naturais e suas Tecnologias;19;0.0012160929635509914;0.0004729250413809411;0.15574385927276627;0.3985483928635275;0.17669562730165542;0.17018842289677857;0.09882369766527227
Azul;Ciências Naturais e suas Tecnologias;20;0.0004729250413809411;0.0007431679221700504;0.09906014365864989;0.045277489904584925;0.054926205196011865;0.7430225494049959;0.05771361183575743
Azul;Ciências Naturais e suas Tecnologias;21;0.0010134108029591596;0.00040536432118366383;0.1976623655145298;0.16520713443185472;0.25224291382206815;0.2596775923079673;0.1252099939235801
Azul;Ciências Naturais e suas Tecnologias;22;0.0008107286423673277;0.0008107286423673277;0.24418147366915735;0.47209609953165776;0.1904830002502592;0.06342283078903149;0.029816595759894177
Azul;Ciências Naturais e suas Tecnologias;23;0.0018241394453264873;0.0004391446812823025;0.20492272467086434;0.24227246708643388;0.13462364052661704;0.08174728105323412;0.3364338866628506
Azul;Ciências Naturais e suas Tecnologias;24;0.0015876769246360165;0.0005067054014795798;0.11503380191007619;0.12075687663197053;0.572700933576564;0.08827842758522016;0.10322996029616911
Azul;Ciências Naturais e suas Tecnologias;25;0.0007431679221700504;0.0005742661216768571;0.06433166547533953;0.10954253037884203;0.09631879914224446;0.14867762687634023;0.5811293781272338
Azul;Ciências Naturais e suas Tecnologias;26;0.0013174340438469074;0.0007431679221700504;0.31754775019672365;0.09575076901065885;0.26557693683382216;0.19715287216539093;0.12397167179340439
Azul;Ciências Naturais e suas Tecnologias;27;0.0008445090024659662;0.0010134108029591596;0.20043627521098556;0.044593048204834784;0.07574023744814762;0.13571019882706337;0.5435202403089687
Azul;Ciências Naturais e suas Tecnologias;28;0.0017903590852278485;0.0007093875620714117;0.10982286634460547;0.3874038289497227;0.10341742708892468;0.30989443549830026;0.08946144211844695
Azul;Ciências Naturais e suas Tecnologias;29;0.003850961051244806;0.000675607201972773;0.1826071364532903;0.26103639949793794;0.2782499551730321;0.1641025641025641;0.11400394477317555
Azul;Ciências Naturais e suas Tecnologias;30;0.0009796304428605208;0.000776948282268689;0.3313190546000644;0.286087174169557;0.06157256766903851;0.23542031680194514;0.085600886759395
Azul;Ciências Naturais e suas Tecnologias;31;0.0008445090024659662;0.0006080464817754957;0.29275092936802977;0.20699885616242494;0.18587360594795538;0.22833857592221904;0.08603803259937089
Azul;Ciências Naturais e suas Tecnologias;32;0.0006418268418741344;0.0009120697226632436;0.3718228291566868;0.12798055267579453;0.24584420691380973;0.09956029027991277;0.15479212097379616
Azul;Ciências Naturais e suas Tecnologias;33;0.0014187751241428233;0.000776948282268689;0.3621664162552765;0.16952851112542033;0.10656793303283967;0.197467267654003;0.16426987193246048
Azul;Ciências Naturais e suas Tecnologias;34;0.001655237644833294;0.0005404857615782184;0.11239894111755026;0.12177148171996852;0.43568004578951136;0.2333118694998927;0.0968376618730772
Azul;Ciências Naturais e suas Tecnologias;35;0.0008107286423673277;0.0014863358443401007;0.13362670387463776;0.13974455296769348;0.20922328360344888;0.06940717684519337;0.44799828270902653
Azul;Ciências Naturais e suas Tecnologias;36;0.0009458500827618822;0.000675607201972773;0.4926531050016088;0.0904150727539237;0.17979335740588467;0.06653319509491974;0.17060526974366308
Azul;Ciências Naturais e suas Tecnologias;37;0.0011147518832550754;0.0010471911630577982;0.0975496333392953;0.08420676086567698;0.1248792702557682;0.26531926310141296;0.42804507243784656
Azul;Ciências Naturais e suas Tecnologias;38;0.0015876769246360165;0.001351214403945546;0.1389803809251038;0.12555491908921668;0.10052985822712301;0.1594944866103394;0.4754403551482171
Azul;Ciências Naturais e suas Tecnologias;39;0.0032766949295679492;0.0004729250413809411;0.10387702450910133;0.4219936935645693;0.25447900243657734;0.16905546796617457;0.05059481152357747
Azul;Ciências Naturais e suas Tecnologias;40;0.0012498733236496302;0.000675607201972773;0.0573278020170231;0.2817037407910736;0.27651813175023243;0.3046992346756312;0.07975109076603963
Azul;Ciências Naturais e suas Tecnologias;41;0.0020268216059183193;0.0006418268418741344;0.15712240515390122;0.3075161059413028;0.20243378668575518;0.25078740157480317;0.08214030064423765
Azul;Ciências Naturais e suas Tecnologias;42;0.0024659662872006213;0.0006418268418741344;0.1112185340351631;0.1719841014072403;0.36466501951516456;0.2741074945393347;0.07802485050309736
Azul;Ciências Naturais e suas Tecnologias;43;0.0037158396108502518;0.0007431679221700504;0.16825043927277944;0.18990927672392155;0.29870549001326785;0.24531143543586617;0.09782335855416502
Azul;Ciências Naturais e suas Tecnologias;44;0.0017903590852278485;0.0013174340438469074;0.11565868156264547;0.23078024850503098;0.18283381673649157;0.20159702080423963;0.26913023239159234
Azul;Ciências Naturais e suas Tecnologias;45;0.0023646252069047056;0.0004729250413809411;0.12199749418292465;0.2893502774297476;0.2164310005369608;0.21872203329156972;0.1534991945587972
Azul;Inglês;1;0.0017903590852278485;0.000675607201972773;0.17756251407974769;0.019689119170984457;0.6472628970488848;0.06771795449425547;0.08776751520612751
Azul;Inglês;2;0.0026348680876938147;0.00030402324088774785;0.6188629908480231;0.2513863216266174;0.03958342725756278;0.06523601280375096;0.024931247464045805
Azul;Inglês;3;0.001553896564537378;0.000878289362564605;0.9329608938547486;0.033789872049017844;0.012164353937646423;0.011623715984862138;0.009461164173724996
Azul;Inglês;4;0.0022970644867074284;0.0008107286423673277;0.6149891774891775;0.1324404761904762;0.042162698412698416;0.11846139971139971;0.09194624819624819
Azul;Inglês;5;0.0024659662872006213;0.0003715839610850252;0.06229715109989181;0.12459430219978362;0.2686620988099531;0.14505950234403173;0.3993869455463397
Azul;Espanhol;1;0.001553896564537378;6.75607201972773e-05;0.246191848497324;0.1166460820639495;0.3850693014958145;0.1398380677919583;0.11225470015095375
Azul;Espanhol;2;0.0011485322433537142;0.00020268216059183191;0.08142563399588759;0.17052775873886222;0.36682659355723096;0.31802604523646333;0.06319396847155587
Azul;Espanhol;3;0.0013174340438469074;0.0004391446812823025;0.1963476589317589;0.18852121378552794;0.05327474941644927;0.42633530138679115;0.13552107647947276
Azul;Espanhol;4;0.001553896564537378;0.00020268216059183191;0.21680626115611698;0.0530001373060552;0.12041741040779898;0.4675271179459014;0.1422490731841274
Azul;Espanhol;5;0.0014187751241428233;0.00016890180049319324;0.31009879253567507;0.1734357848518112;0.27675631174533477;0.12829308452250274;0.11141602634467618
Amarela;Linguagens, Códigos e suas Tecnologias;1;0.003340263812672552;0.0007498551416203688;0.05441664670248811;0.15715801362127382;0.22646223347821623;0.48981826893459735;0.07214483726342448
Amarela;Linguagens, Códigos e suas Tecnologias;2;0.0019087221786700296;0.0006476021677630458;0.7781574630945872;0.11673045379989065;0.023202569710224167;0.056998359759431384;0.024911153635866594
Amarela;Linguagens, Códigos e suas Tecnologias;3;0.0028630832680050446;0.0002385902723337537;0.07186816192560175;0.06260257111597374;0.0643804704595186;0.7700013676148797;0.03114742888402626
Amarela;Linguagens, Códigos e suas Tecnologias;4;0.003101673540338798;0.0007839394662394765;0.04153977758768178;0.08954662104362703;0.030624465355004276;0.049649272882805816;0.7886398631308811
Amarela;Linguagens, Códigos e suas Tecnologias;5;0.0019428065032891374;0.0005794335185248305;0.010387835298137707;0.015513411925508286;0.9107466256620537;0.03991115667179224;0.023440970442508115
Amarela;Linguagens, Códigos e suas Tecnologias;6;0.0026585773202903984;0.0006476021677630458;0.022912249504137883;0.7985431913001847;0.057109636823746666;0.07831201696190411;0.043122905410026675
Amarela;Linguagens, Códigos e suas Tecnologias;7;0.003101673540338798;0.0004771805446675074;0.05158377231990149;0.4171854689744818;0.2133816788670726;0.1523568447697886;0.16549223506875557
Amarela;Linguagens, Códigos e suas Tecnologias;8;0.001158867037049661;0.0006816864923821534;0.005326959194126686;0.02233225200614649;0.01328325081099539;0.8508792897387741;0.10817824824995731
Amarela;Linguagens, Códigos e suas Tecnologias;9;0.0026585773202903984;0.0007839394662394765;0.45923113756070866;0.27484780080716875;0.07025104316300705;0.1398180450099186;0.05585197345919694
Amarela;Linguagens, Códigos e suas Tecnologias;10;0.002419987047956645;0.0008180237908585841;0.04202571467651484;0.033442757488715634;0.1966899192996854;0.20346053891396526;0.5243810696211189
Amarela;Linguagens, Códigos e suas Tecnologias;11;0.0011929513616687685;0.00040901189542929205;0.025194592380172062;0.02178069097364468;0.033251399699576675;0.07319404615594702;0.8465792707906595
Amarela;Linguagens, Códigos e suas Tecnologias;12;0.00248815569719486;0.0003408432461910767;0.15254990429313645;0.7023858353841947;0.046452009844134536;0.07909488651900465;0.01951736395952967
Amarela;Linguagens, Códigos e suas Tecnologias;13;0.00248815569719486;0.0003749275708101844;0.029841052811485216;0.09909417193642113;0.06969748760895574;0.6578020851136558;0.14356520252948213
Amarela;Linguagens, Códigos e suas Tecnologias;14;0.002317734074099322;0.0005794335185248305;0.25500786217269433;0.17330963287071854;0.06939221986736857;0.3725302522731934;0.12976003281602516
Amarela;Linguagens, Códigos e suas Tecnologias;15;0.0039878659804355975;0.0007498551416203688;0.20339041095890412;0.22075342465753425;0.18691780821917808;0.14537671232876712;0.24356164383561643
Amarela;Linguagens, Códigos e suas Tecnologias;16;0.003817444357340059;0.0003749275708101844;0.2683461117196057;0.31568318729463307;0.20772864184008763;0.1744934282584885;0.033748630887185105
Amarela;Linguagens, Códigos e suas Tecnologias;17;0.0026585773202903984;0.0007498551416203688;0.10520195629125483;0.11710386812134478;0.5284722459728445;0.1423783303122542;0.10684359930230172
Amarela;Linguagens, Códigos e suas Tecnologias;18;0.002181396775622891;0.0007157708170012611;0.12118000957134067;0.624051411772749;0.08385178095303207;0.11489027141587475;0.056026526287003484
Amarela;Linguagens, Códigos e suas Tecnologias;19;0.0025563243464330754;0.0007839394662394765;0.1076912554290209;0.07284292602852159;0.052665777504189326;0.0791354604835676;0.6876645805547006
Amarela;Linguagens, Códigos e suas Tecnologias;20;0.002079143801765568;0.00030675892157196904;0.041853155215415626;0.08227134510915986;0.09935426560524788;0.7203525914790393;0.05616864259113738
Amarela;Linguagens, Códigos e suas Tecnologias;21;0.002249565424861106;0.0005112648692866151;0.06357235627862465;0.024711190101852486;0.042484106910930346;0.8096930753981817;0.05953927131041083
Amarela;Linguagens, Códigos e suas Tecnologias;22;0.0027608302941477215;0.0005112648692866151;0.3197004411312109;0.14731730670587834;0.3356700748897172;0.10316998939917245;0.09414218787402114
Amarela;Linguagens, Códigos e suas Tecnologias;23;0.003033504891100583;0.001124782712430553;0.33829619741931066;0.13060889208337612;0.10839579696751891;0.34151350241297873;0.08118561111681555
Amarela;Linguagens, Códigos e suas Tecnologias;24;0.004260540577388459;0.0007498551416203688;0.12383529734173747;0.19529323102219787;0.13250205535763224;0.3335502877500685;0.21481912852836393
Amarela;Linguagens, Códigos e suas Tecnologias;25;0.006271515729915812;0.0003749275708101844;0.2036439747460884;0.25181855613505355;0.20113917101290146;0.23723579467471864;0.106162503431238
Amarela;Linguagens, Códigos e suas Tecnologias;26;0.004021950305054705;0.0003749275708101844;0.2158507360492982;0.5637795275590551;0.058165011982197874;0.0889079082505991;0.07329681615884971
Amarela;Linguagens, Códigos e suas Tecnologias;27;0.004124203278912029;0.0006135178431439381;0.06681506849315068;0.07797945205479452;0.1963013698630137;0.5380479452054795;0.12085616438356164
Amarela;Linguagens, Códigos e suas Tecnologias;28;0.003203926514196121;0.0019428065032891374;0.05560504316842538;0.039365492668219815;0.04556667123475401;0.05413183500068521;0.8053309579279155
Amarela;Linguagens, Códigos e suas Tecnologias;29;0.0030675892157196907;0.0008521081154776918;0.03534765945797974;0.8153572406241445;0.02723788666849165;0.05180673419107583;0.07025047905830824
Amarela;Linguagens, Códigos e suas Tecnologias;30;0.003203926514196121;0.0008521081154776918;0.05188227241615332;0.049623545516769334;0.4476043805612594;0.3973648186173854;0.05352498288843258
Amarela;Linguagens, Códigos e suas Tecnologias;31;0.008827840076348887;0.0008521081154776918;0.297607984856307;0.15770091206332817;0.15976596110824298;0.0973326449836517;0.28759249698847017
Amarela;Linguagens, Códigos e suas Tecnologias;32;0.004090118954292921;0.0007157708170012611;0.11353517364203028;0.4236591547366258;0.10596616206589493;0.2113843413932461;0.14545516816220289
Amarela;Linguagens, Códigos e suas Tecnologias;33;0.004465046525103105;0.0010225297385732302;0.2793200356432929;0.10202892590307766;0.2064569195969566;0.2841867160189184;0.12800740283775447
Amarela;Linguagens, Códigos e suas Tecnologias;34;0.0030675892157196907;0.0013633729847643068;0.03577664418501147;0.09822315039884967;0.37776027936594886;0.1350268752781677;0.3532130507720223
Amarela;Linguagens, Códigos e suas Tecnologias;35;0.003885613006578275;0.00146562595862163;0.02864779658693715;0.028202316496470425;0.0277568364060037;0.05404016174354054;0.8613528887670482
Amarela;Linguagens, Códigos e suas Tecnologias;36;0.0031698421895770133;0.0010906983878114455;0.07414253440131444;0.0269733689327035;0.6747449852810297;0.14311631409598138;0.08102279728897104
Amarela;Linguagens, Códigos e suas Tecnologias;37;0.00586250383448652;0.0009884454139541224;0.20327407509094653;0.12324112842336468;0.25770471549179763;0.1821332967259249;0.23364678426796623
Amarela;Linguagens, Códigos e suas Tecnologias;38;0.00497631139438972;0.0007839394662394765;0.06626671237572848;0.2688378471031882;0.27757970517655123;0.34754885155982174;0.03976688378471032
Amarela;Linguagens, Códigos e suas Tecnologias;39;0.006237431405296704;0.0008180237908585841;0.11029108883701771;0.24862693944802966;0.07586159549636139;0.4981120417410408;0.06710833447755046
Amarela;Linguagens, Códigos e suas Tecnologias;40;0.005760250860629197;0.00020450594771464603;0.17405019887532575;0.18176518996022492;0.5164586476477849;0.07776711013578384;0.04995885338088054
Amarela;Ciências Humanas e suas Tecnologias;1;0.004499130849722212;0.0005112648692866151;0.21776514113455742;0.2844957522608934;0.053405042477391064;0.3997670594683475;0.04456700465881063
Amarela;Ciências Humanas e suas Tecnologias;2;0.004260540577388459;0.0006476021677630458;0.4413084432265799;0.06079808186333276;0.22935434149683165;0.12005480390477821;0.14848432950847748
Amarela;Ciências Humanas e suas Tecnologias;3;0.0024540713725757523;0.0012952043355260916;0.023025077833658352;0.15703582058914092;0.04964247836053235;0.7231858770399261;0.047110746176742276
Amarela;Ciências Humanas e suas Tecnologias;4;0.009305020621016395;0.0006135178431439381;0.2832553015698155;0.3037386394932525;0.2180528779950427;0.11739190305700908;0.0775612778848802
Amarela;Ciências Humanas e suas Tecnologias;5;0.003033504891100583;0.001124782712430553;0.12198377656843619;0.5078550159153917;0.06503063285073758;0.03658828764075709;0.2685422870246774
Amarela;Ciências Humanas e suas Tecnologias;6;0.004771805446675074;0.0005112648692866151;0.08144873903508772;0.11609100877192982;0.6861636513157895;0.0459155701754386;0.07038103070175439
Amarela;Ciências Humanas e suas Tecnologias;7;0.0036811070588636287;0.0006135178431439381;0.06623763393009961;0.1262451648238798;0.1832745695409578;0.5210351555814192;0.10320747612364359
Amarela;Ciências Humanas e suas Tecnologias;8;0.006032925457582058;0.0005112648692866151;0.25807115655127455;0.2655161766219508;0.31920952413627474;0.1045047517754829;0.052698390915016984
Amarela;Ciências Humanas e suas Tecnologias;9;0.004226456252769351;0.0010225297385732302;0.21397978413568614;0.061641254068871;0.04964879218776769;0.08144594826109303;0.5932842213465821
Amarela;Ciências Humanas e suas Tecnologias;10;0.0034766011111489825;0.0008521081154776918;0.13097357250445021;0.12025879775434753;0.6202930302615364;0.07746816376831439;0.0510064357113515
Amarela;Ciências Humanas e suas Tecnologias;11;0.004635468148198644;0.001158867037049661;0.2287017038636909;0.40652747780177584;0.04463642908567315;0.053001474167780865;0.2671329150810792
Amarela;Ciências Humanas e suas Tecnologias;12;0.0068509492484406425;0.0006816864923821534;0.09856446184490693;0.233772923964558;0.09361906724362937;0.4797376193419878;0.09430592760491792
Amarela;Ciências Humanas e suas Tecnologias;13;0.004601383823579536;0.0013292886601451992;0.1513457911880679;0.053385907766158064;0.11140065146579804;0.1347505571746957;0.5491170924052803
Amarela;Ciências Humanas e suas Tecnologias;14;0.006816864923821535;0.0007498551416203688;0.1542397911872789;0.37084864512140675;0.10351341140914243;0.14472644846653157;0.22667170381564034
Amarela;Ciências Humanas e suas Tecnologias;15;0.004567299498960428;0.0003749275708101844;0.09241624991436596;0.4254641364663972;0.0398712064122765;0.3643214359114887;0.07792697129547167
Amarela;Ciências Humanas e suas Tecnologias;16;0.004601383823579536;0.0004771805446675074;0.1380609797875985;0.5737238780404248;0.16985268927714972;0.05474477560808496;0.06361767728674203
Amarela;Ciências Humanas e suas Tecnologias;17;0.005078564368247043;0.0006816864923821534;0.053993829276654096;0.151319849160096;0.19489201234144668;0.12951662667123756;0.4702776825505656
Amarela;Ciências Humanas e suas Tecnologias;18;0.005146733017485259;0.001158867037049661;0.2699458050353296;0.4644645674693009;0.18182753653015024;0.05333744940659944;0.030424641558619743
Amarela;Ciências Humanas e suas Tecnologias;19;0.005010395719008828;0.0012270356862878762;0.065852654685142;0.12261627109342846;0.402695843051173;0.12923583481959117;0.2795993963506654
Amarela;Ciências Humanas e suas Tecnologias;20;0.005112648692866151;0.0008180237908585841;0.2656951825818618;0.07742156694668267;0.08527344419681125;0.3950968626778673;0.17651294359677697
Amarela;Ciências Humanas e suas Tecnologias;21;0.005453491939057227;0.0008180237908585841;0.1002229463213857;0.4722689075630252;0.19434059338020923;0.1099639855942377;0.12320356714114217
Amarela;Ciências Humanas e suas Tecnologias;22;0.006578274651487781;0.0007839394662394765;0.2900800054939395;0.17638979500738247;0.3123647975826666;0.17673316622600693;0.044432235690004464
Amarela;Ciências Humanas e suas Tecnologias;23;0.004567299498960428;0.0006135178431439381;0.1390345016616987;0.08647685613458046;0.055161544523246654;0.6858190290197691;0.03350806866070511
Amarela;Ciências Humanas e suas Tecnologias;24;0.0054194076144381195;0.0008861924400967994;0.6221101735610894;0.15222610962475133;0.0572134183988475;0.050559099951979145;0.11789119846333265
Amarela;Ciências Humanas e suas Tecnologias;25;0.005623913562152766;0.0006476021677630458;0.08163265306122448;0.26465443320185217;0.3761618933287601;0.24033613445378152;0.03721488595438175
Amarela;Ciências Humanas e suas Tecnologias;26;0.006067009782201166;0.0009202767647159072;0.07441477311731998;0.23505182947758632;0.2470996087046063;0.22008649687650167;0.22334729182398572
Amarela;Ciências Humanas e suas Tecnologias;27;0.006101094106820274;0.0010906983878114455;0.23599285910464157;0.06725487503433122;0.3924059324361439;0.09496017577588575;0.20938615764899754
Amarela;Ciências Humanas e suas Tecnologias;28;0.008418828180919595;0.0009884454139541224;0.7528816708529745;0.05598183257062244;0.06551285139180402;0.08278567250455907;0.042837972680039915
Amarela;Ciências Humanas e suas Tecnologias;29;0.005828419509867412;0.0009884454139541224;0.05158035622361783;0.060743333676516006;0.16740450942036447;0.603555372524795;0.11671642815470674
Amarela;Ciências Humanas e suas Tecnologias;30;0.00746446709158458;0.0006816864923821534;0.14484536082474228;0.12893470790378006;0.1484192439862543;0.13381443298969073;0.4439862542955326
Amarela;Ciências Humanas e suas Tecnologias;31;0.006646443300725996;0.0008180237908585841;0.1534684065934066;0.06195054945054945;0.16462912087912088;0.1319368131868132;0.4880151098901099
Amarela;Ciências Humanas e suas Tecnologias;32;0.007225876819250827;0.0011929513616687685;0.1538223566616252;0.11570191117833081;0.18933040010999588;0.039907878454557955;0.5012374535954902
Amarela;Ciências Humanas e suas Tecnologias;33;0.006714611949964211;0.0020109751525273526;0.053055049341539734;0.2330571124024344;0.1663858611560018;0.13365196162706736;0.4138500154729567
Amarela;Ciências Humanas e suas Tecnologias;34;0.005248985991342581;0.0013974573093834147;0.8193796321712874;0.028753774361789733;0.048826516607191874;0.0677669503156739;0.03527312654405709
Amarela;Ciências Humanas e suas Tecnologias;35;0.006816864923821535;0.0012270356862878762;0.13496890354946225;0.2096347455588771;0.26437137064907396;0.30020960038484007;0.09081537985774663
Amarela;Ciências Humanas e suas Tecnologias;36;0.007975731960871195;0.0016360475817171682;0.07939567057851808;0.3238118181505317;0.05850569570155212;0.17493203014764083;0.36335478542175725
Amarela;Ciências Humanas e suas Tecnologias;37;0.008589249804015134;0.0011929513616687685;0.5166942034971774;0.16890403414566985;0.0550392399834779;0.06887649731515902;0.19048602505851575
Amarela;Ciências Humanas e suas Tecnologias;38;0.008827840076348887;0.0020109751525273526;0.1213603941973054;0.09100306674477103;0.1520622997140002;0.1705661417594156;0.4650080975845078
Amarela;Ciências Humanas e suas Tecnologias;39;0.008452912505538703;0.0008180237908585841;0.13874840884852238;0.12075549592321189;0.49881308700588295;0.17666081810988407;0.06502219011249871
Amarela;Ciências Humanas e suas Tecnologias;40;0.007532635740822796;0.0010225297385732302;0.5893839383938394;0.17044829482948295;0.06439081408140813;0.08233635863586358;0.09344059405940594
Amarela;Ciências Humanas e suas Tecnologias;41;0.00950952656873104;0.0013633729847643068;0.10489317711922812;0.22560303239145416;0.08266712611991729;0.13494141971054446;0.45189524465885594
Amarela;Ciências Humanas e suas Tecnologias;42;0.007975731960871195;0.0012270356862878762;0.06498331555953077;0.04100588255529946;0.748598162991503;0.10908527985138808;0.03632735904227872
Amarela;Ciências Humanas e suas Tecnologias;43;0.008248406557824058;0.0008861924400967994;0.08572116542258608;0.08179973169137629;0.23308451721647003;0.10261084929998968;0.49678373636957796
Amarela;Ciências Humanas e suas Tecnologias;44;0.009714032516445687;0.0006476021677630458;0.08655071465472705;0.21842603754089893;0.18570690545892887;0.4019631479249182;0.10735319442052695
Amarela;Ciências Humanas e suas Tecnologias;45;0.007839394662394765;0.00040901189542929205;0.777365364126886;0.07017905626009555;0.0355363095851806;0.06866687287349212;0.04825239715434581
Amarela;Matemática e suas Tecnologias;1;0.0007498551416203688;0.0008521081154776918;0.07522578360191252;0.13398264565255888;0.3855144324420046;0.2983885248804675;0.10688861342305649
Amarela;Matemática e suas Tecnologias;2;0.0006816864923821534;0.0008180237908585841;0.09242864225511722;0.08679793186486295;0.18790282597917699;0.15287909908633757;0.47999150081450526
Amarela;Matemática e suas Tecnologias;3;0.0029653362418623676;0.0007498551416203688;0.062293685443509744;0.23469279097007772;0.4021935896070706;0.21257942001206828;0.08824051396727363
Amarela;Matemática e suas Tecnologias;4;0.002249565424861106;0.0005794335185248305;0.08741444732082698;0.31639419837582894;0.2819248909535799;0.1667789637930423;0.14748749955672186
Amarela;Matemática e suas Tecnologias;5;0.003647022734244521;0.0005794335185248305;0.1460686128276156;0.2827970736557994;0.21791320406278855;0.28467930961005755;0.0685417998437389
Amarela;Matemática e suas Tecnologias;6;0.00146562595862163;0.0008521081154776918;0.10668462465442688;0.14343942723470618;0.31576522293896647;0.1873183525909123;0.24679237258098816
Amarela;Matemática e suas Tecnologias;7;0.0010906983878114455;0.0007498551416203688;0.033441972509564974;0.09589769023664446;0.1557318974068301;0.44466487175853764;0.27026356808842283
Amarela;Matemática e suas Tecnologias;8;0.001567878932478953;0.0007839394662394765;0.21518448941977103;0.2604827561762308;0.24563144649629604;0.16988622266331124;0.10881508524439089
Amarela;Matemática e suas Tecnologias;9;0.002419987047956645;0.0008521081154776918;0.22596324416376926;0.22649542325977434;0.21627758461647625;0.2190094373093025;0.11225431065067765
Amarela;Matemática e suas Tecnologias;10;0.002181396775622891;0.0007498551416203688;0.1289189956022131;0.23180592991913745;0.4120442615973897;0.16126400907930202;0.06596680380195773
Amarela;Matemática e suas Tecnologias;11;0.0010566140631923379;0.0009543610893350148;0.43744463735251393;0.12075257768486695;0.12100060234560465;0.17315664528930305;0.14764553732771143
Amarela;Matemática e suas Tecnologias;12;0.0023518183987184292;0.0008861924400967994;0.1703622237201547;0.34973569375953456;0.16614041934224996;0.15783871997729448;0.1559229432007663
Amarela;Matemática e suas Tecnologias;13;0.00248815569719486;0.0008180237908585841;0.07904913961326947;0.16810360120631543;0.2875643072556324;0.3700549937910236;0.09522795813375909
Amarela;Matemática e suas Tecnologias;14;0.002181396775622891;0.0010225297385732302;0.11270753512132822;0.14601958280119198;0.34333759046402723;0.15109266354477083;0.2468426280686817
Amarela;Matemática e suas Tecnologias;15;0.0030675892157196907;0.0006135178431439381;0.1600056789948179;0.21019379569816143;0.2698232412862923;0.2384822886349116;0.1214949953858167
Amarela;Matemática e suas Tecnologias;16;0.0021473124510037835;0.0003408432461910767;0.1784182353149704;0.26317841823531496;0.23885993831755822;0.22950122301393172;0.09004218511822468
Amarela;Matemática e suas Tecnologias;17;0.0009543610893350148;0.0006476021677630458;0.16107667788206126;0.39149991145741103;0.19645829644058793;0.14301398972905968;0.10795112449088011
Amarela;Matemática e suas Tecnologias;18;0.0028630832680050446;0.0007839394662394765;0.18967169476486245;0.33614906832298136;0.26001774622892637;0.07293700088731145;0.14122448979591837
Amarela;Matemática e suas Tecnologias;19;0.0007498551416203688;0.001124782712430553;0.1113472916002409;0.11322492648882276;0.6058383816912885;0.10493499132036703;0.06465440889928083
Amarela;Matemática e suas Tecnologias;20;0.0035447697603871978;0.0009884454139541224;0.10419553092472202;0.20416355820810686;0.17627624427155494;0.2978436178905112;0.21752104870510497
Amarela;Matemática e suas Tecnologias;21;0.0017723848801935989;0.0008180237908585841;0.3175210948025243;0.4833368786782954;0.06498617315464794;0.05881727292065518;0.07533858044387719
Amarela;Matemática e suas Tecnologias;22;0.0026585773202903984;0.0009884454139541224;0.15130434782608695;0.2427329192546584;0.2022005323868678;0.2857497781721384;0.11801242236024845
Amarela;Matemática e suas Tecnologias;23;0.0028630832680050446;0.0008180237908585841;0.09001206786398808;0.26971676013345636;0.3151842123944062;0.15059984382764252;0.17448711578050685
Amarela;Matemática e suas Tecnologias;24;0.002317734074099322;0.0012270356862878762;0.12208105614309035;0.12857548442046987;0.41276882674426857;0.12907232592802895;0.20750230676414225
Amarela;Matemática e suas Tecnologias;25;0.0022154811002419988;0.0007498551416203688;0.0906543713424366;0.22915410533782585;0.4159602766447952;0.1751374357155524;0.08909381095938997
Amarela;Matemática e suas Tecnologias;26;0.0020450594771464605;0.00146562595862163;0.3464281912062174;0.10387167749032968;0.07420419461300969;0.10433301394655595;0.3711629227438873
Amarela;Matemática e suas Tecnologias;27;0.001976890827908245;0.0013974573093834147;0.04633999219387574;0.17067026221481035;0.25990845545186814;0.4415427740127027;0.08153851612674307
Amarela;Matemática e suas Tecnologias;28;0.004158287603531136;0.0007498551416203688;0.1618807306844836;0.24557537849171937;0.1765228516596773;0.2752150117279124;0.14080602743620727
Amarela;Matemática e suas Tecnologias;29;0.0021473124510037835;0.0016360475817171682;0.16399843811011325;0.3055269603492954;0.3434737850981506;0.11089418196017181;0.076106634482269
Amarela;Matemática e suas Tecnologias;30;0.0035447697603871978;0.00017042162309553835;0.15617790082703298;0.3167216838817307;0.1970326198842864;0.2392006531075853;0.09086714229936464
Amarela;Matemática e suas Tecnologias;31;0.0015337946078598454;0.0009884454139541224;0.6051829268292683;0.1074517867271696;0.07586500283607488;0.1187251843448667;0.09277509926262054
Amarela;Matemática e suas Tecnologias;32;0.0019428065032891374;0.0008180237908585841;0.09559944682812667;0.38466721038261054;0.32179709939363854;0.09733697386617496;0.10059926952944931
Amarela;Matemática e suas Tecnologias;33;0.0028630832680050446;0.0016019632570980606;0.11182551241518951;0.2751234414408014;0.2646442399914746;0.1682000639408902;0.18020674221164434
Amarela;Matemática e suas Tecnologias;34;0.0021132281263846757;0.0010906983878114455;0.2498226195544203;0.37501773804455796;0.1442457783453952;0.10947921101177806;0.12143465304384844
Amarela;Matemática e suas Tecnologias;35;0.004499130849722212;0.0010225297385732302;0.10412517780938833;0.20412517780938833;0.3427453769559033;0.24046941678520625;0.1085348506401138
Amarela;Matemática e suas Tecnologias;36;0.0017383005555744913;0.0013633729847643068;0.16501720407222162;0.11748430350111738;0.06750381327373985;0.4052357135255933;0.24475896562732788
Amarela;Matemática e suas Tecnologias;37;0.0023518183987184292;0.001158867037049661;0.15685439511693106;0.21519571311969907;0.08886049895312112;0.48053515028922245;0.0585542425210263
Amarela;Matemática e suas Tecnologias;38;0.006169262756058488;0.0007498551416203688;0.22572028918408776;0.190640692332348;0.2612628654866626;0.20339043413226968;0.11898571886463193
Amarela;Matemática e suas Tecnologias;39;0.0026926616449095063;0.0009543610893350148;0.09629103815439219;0.36546583850931674;0.20535936113575864;0.2231055900621118;0.10977817213842059
Amarela;Matemática e suas Tecnologias;40;0.0026926616449095063;0.0008521081154776918;0.3817872098800483;0.10621761658031088;0.11221520335013131;0.24685925189864433;0.1529207182908652
Amarela;Matemática e suas Tecnologias;41;0.00248815569719486;0.0013633729847643068;0.18868259434129717;0.18364159182079592;0.19869359934679967;0.3428946714473357;0.08608754304377152
Amarela;Matemática e suas Tecnologias;42;0.005078564368247043;0.0009543610893350148;0.11691869774061554;0.18156911581569116;0.3336772816224871;0.23977939868350828;0.12805550613769792
Amarela;Matemática e suas Tecnologias;43;0.0026585773202903984;0.001124782712430553;0.15814135103475205;0.4277448439884988;0.1438713570693266;0.15941926094210357;0.11082318696531894
Amarela;Matemática e suas Tecnologias;44;0.004328709226626674;0.0010225297385732302;0.21376;0.17717333333333332;0.28028444444444445;0.18286222222222223;0.14592
Amarela;Matemática e suas Tecnologias;45;0.003135757864957906;0.0007157708170012611;0.10103305051652525;0.19269409634704818;0.21857360928680464;0.26767013383506694;0.220029110014555
Amarela;Ciências Naturais e suas Tecnologias;1;0.0009543610893350148;0.0006816864923821534;0.05720053835800808;0.1147906779060707;0.09148544308280797;0.16575759722320607;0.5707657434299072
Amarela;Ciências Naturais e suas Tecnologias;2;0.001670131906336276;0.0008521081154776918;0.33912365286443563;0.08472773681225185;0.267229154849688;0.19951786727169596;0.10940158820192854
Amarela;Ciências Naturais e suas Tecnologias;3;0.0007157708170012611;0.00146562595862163;0.2124176057835424;0.032496987738323053;0.07077043022184422;0.13668580338790842;0.5476291728683819
Amarela;Ciências Naturais e suas Tecnologias;4;0.0017042162309553837;0.0005112648692866151;0.09799057305879434;0.4095049083885601;0.08913066591062126;0.32420172236594963;0.07917213027607471
Amarela;Ciências Naturais e suas Tecnologias;5;0.0007498551416203688;0.0006816864923821534;0.4011685552407932;0.11990084985835694;0.2390226628895184;0.09798158640226629;0.14192634560906517
Amarela;Ciências Naturais e suas Tecnologias;6;0.0018064692048127067;0.0006135178431439381;0.38105703449009254;0.1593350111658573;0.1181808514409273;0.18152493708128034;0.15990216582184255
Amarela;Ciências Naturais e suas Tecnologias;7;0.0012611200109069838;0.0004430962200483997;0.1062269764805894;0.10895437801076792;0.4669523944460187;0.23423774440351375;0.08362850665911023
Amarela;Ciências Naturais e suas Tecnologias;8;0.0008521081154776918;0.0007498551416203688;0.13830352399504162;0.1323180449796352;0.21441473348680715;0.061979812289711354;0.4529838852488047
Amarela;Ciências Naturais e suas Tecnologias;9;0.0010225297385732302;0.0009202767647159072;0.5043755535872454;0.08173604960141719;0.1649601417183348;0.050380868024800705;0.19854738706820194
Amarela;Ciências Naturais e suas Tecnologias;10;0.0014315416340025223;0.0008521081154776918;0.09523303207513734;0.07970937444621655;0.11355661881977672;0.2527379053694843;0.4587630692893851
Amarela;Ciências Naturais e suas Tecnologias;11;0.0017383005555744913;0.0007157708170012611;0.1315136476426799;0.1130095710740872;0.0924494859978731;0.15483870967741936;0.5081885856079404
Amarela;Ciências Naturais e suas Tecnologias;12;0.003851528681959167;0.0002385902723337537;0.0958028549108728;0.4207087564803636;0.25090547546339037;0.17974575669341666;0.05283715645195654
Amarela;Ciências Naturais e suas Tecnologias;13;0.001124782712430553;0.0007157708170012611;0.053315856596287375;0.2897831939917812;0.2835128241462378;0.28889754853337113;0.08449057673232252
Amarela;Ciências Naturais e suas Tecnologias;14;0.004294624902007567;0.0003749275708101844;0.18696038372712737;0.2608989163261681;0.26338603659619825;0.1704032687866406;0.11835139456386569
Amarela;Ciências Naturais e suas Tecnologias;15;0.0012952043355260916;0.0009202767647159072;0.3618386079313889;0.2769961370804834;0.05312400326044583;0.23088918028139066;0.07715207144629124
Amarela;Ciências Naturais e suas Tecnologias;16;0.0008521081154776918;0.0004771805446675074;0.2862656233402967;0.2064582374393655;0.18383316219948306;0.23864320362567715;0.08479977339517757
Amarela;Ciências Naturais e suas Tecnologias;17;0.0011929513616687685;0.0007157708170012611;0.11135123644866435;0.23046127683695883;0.18195989513214766;0.2126053992772621;0.26362219230496703
Amarela;Ciências Naturais e suas Tecnologias;18;0.002249565424861106;0.0004771805446675074;0.10630451741011276;0.2795546415147862;0.22310474434437275;0.2349478760371605;0.15608822069356784
Amarela;Ciências Naturais e suas Tecnologias;19;0.0013292886601451992;0.0008180237908585841;0.144016442822212;0.3188986144087317;0.20050320705907368;0.24919380559197704;0.0873879301180056
Amarela;Ciências Naturais e suas Tecnologias;20;0.002181396775622891;0.0005794335185248305;0.10758483741711287;0.16520690755646963;0.37537675968937273;0.26981312719407113;0.08201836814297365
Amarela;Ciências Naturais e suas Tecnologias;21;0.0036129384096254135;0.0007498551416203688;0.17134332599275415;0.18093343752219934;0.3054628116786247;0.2422391134474675;0.10002131135895433
Amarela;Ciências Naturais e suas Tecnologias;22;0.0013974573093834147;0.0006816864923821534;0.38949718294886787;0.1783778037631551;0.09638212678501824;0.21395414762056625;0.12178873888239254
Amarela;Ciências Naturais e suas Tecnologias;23;0.0017383005555744913;0.0005794335185248305;0.09357056780321826;0.12802154958531226;0.20245268306514497;0.3414616856879563;0.2344935138583682
Amarela;Ciências Naturais e suas Tecnologias;24;0.0013974573093834147;0.0005112648692866151;0.09275136399064692;0.10950896336710834;0.4667327995465174;0.13296251682845603;0.19804435626727132
Amarela;Ciências Naturais e suas Tecnologias;25;0.003135757864957906;0.0003749275708101844;0.19553568260051812;0.28453813123247806;0.23985946981794953;0.20710458142588453;0.07296213492316973
Amarela;Ciências Naturais e suas Tecnologias;26;0.0012611200109069838;0.0007498551416203688;0.08992665556461042;0.17510541048081352;0.20089997519753391;0.3575806965949757;0.1764872621620664
Amarela;Ciências Naturais e suas Tecnologias;27;0.0021132281263846757;0.0004771805446675074;0.12270438913706304;0.2617173650996242;0.1309295894490534;0.35995887399844007;0.12468978231581933
Amarela;Ciências Naturais e suas Tecnologias;28;0.0025563243464330754;0.0009884454139541224;0.11860316559017674;0.16615799559940378;0.30502519696216907;0.27042373482858967;0.13978990701966074
Amarela;Ciências Naturais e suas Tecnologias;29;0.001158867037049661;0.0018405535294318143;0.1603887351918848;0.4619777257572533;0.08888415975030148;0.14169681492516137;0.14705256437539901
Amarela;Ciências Naturais e suas Tecnologias;30;0.00248815569719486;0.0008180237908585841;0.21479510377860564;0.12520844420791202;0.32645023948908997;0.2134823487670747;0.12006386375731772
Amarela;Ciências Naturais e suas Tecnologias;31;0.0009202767647159072;0.0010906983878114455;0.12160294795025334;0.36324983169755165;0.07986394075753818;0.11979591113630726;0.31548736845834957
Amarela;Ciências Naturais e suas Tecnologias;32;0.0016360475817171682;0.0008861924400967994;0.2042328417470221;0.24975184344866705;0.1353516732841747;0.08104083947816222;0.3296228020419739
Amarela;Ciências Naturais e suas Tecnologias;33;0.0018405535294318143;0.0009202767647159072;0.1246055104428921;0.1325839509237261;0.5324633878231269;0.10145030318073828;0.10889684762951668
Amarela;Ciências Naturais e suas Tecnologias;34;0.0019087221786700296;0.0006476021677630458;0.33208068919062644;0.2229942921969724;0.21813734179459;0.13439926259439147;0.09238841422341972
Amarela;Ciências Naturais e suas Tecnologias;35;0.00146562595862163;0.0010906983878114455;0.20767894494274472;0.20973517212039564;0.32920906158045876;0.11124898074945935;0.14212784060694153
Amarela;Ciências Naturais e suas Tecnologias;36;0.0013974573093834147;0.0005794335185248305;0.11848072562358276;0.20588860544217688;0.40029761904761907;0.14774659863945577;0.12758645124716553
Amarela;Ciências Naturais e suas Tecnologias;37;0.001670131906336276;0.0011929513616687685;0.11135541527767927;0.1870345414568409;0.1705440102134903;0.2637421093694588;0.26732392368253066
Amarela;Ciências Naturais e suas Tecnologias;38;0.0016360475817171682;0.0007839394662394765;0.15423061926199;0.10673141682322498;0.19531388465492183;0.27705504944879655;0.2666690298110666
Amarela;Ciências Naturais e suas Tecnologias;39;0.0017383005555744913;0.0008521081154776918;0.1169963837481387;0.20173012834148762;0.10632489541232362;0.39356874423881444;0.18137984825923562
Amarela;Ciências Naturais e suas Tecnologias;40;0.0015337946078598454;0.0010566140631923379;0.11720910444586258;0.16801389775225128;0.15588881798198964;0.13897752251294052;0.419910657306956
Amarela;Ciências Naturais e suas Tecnologias;41;0.0021473124510037835;0.0008521081154776918;0.1969213307795985;0.31790451869192027;0.11183230474569057;0.19649570830673194;0.17684613747605873
Amarela;Ciências Naturais e suas Tecnologias;42;0.001976890827908245;0.0006476021677630458;0.1618152809785499;0.3772026236482893;0.1822726466938486;0.17635171068959404;0.10235773798971813
Amarela;Ciências Naturais e suas Tecnologias;43;0.0010225297385732302;0.0006816864923821534;0.10771465004250495;0.05316661943893454;0.054831396996316235;0.7226551431000283;0.061632190422215925
Amarela;Ciências Naturais e suas Tecnologias;44;0.001874637854050922;0.0006476021677630458;0.20469370391378333;0.1687110039705048;0.2603871242200794;0.25166619398752127;0.11454197390811117
Amarela;Ciências Naturais e suas Tecnologias;45;0.0013974573093834147;0.0005112648692866151;0.25703252320555514;0.4567065825834337;0.18380216821370368;0.06642811592149082;0.03603061007581662
Amarela;Inglês;1;0.0006816864923821534;0.00040901189542929205;0.9462999048352744;0.027960302714460507;0.00992432138487334;0.007703811120677935;0.008111659944713826
Amarela;Inglês;2;0.0020109751525273526;0.0003749275708101844;0.5715193608425257;0.2864406010259204;0.04593944346089246;0.07145126878206001;0.02464932588860139
Amarela;Inglês;3;0.00146562595862163;0.0008861924400967994;0.15474353154788925;0.0224239673172946;0.6497957330912392;0.0793463458919655;0.09369042215161144
Amarela;Inglês;4;0.0022154811002419988;0.0007839394662394765;0.06746626686656672;0.12566444050701922;0.23401935395938395;0.15687610740084504;0.4159738312661851
Amarela;Inglês;5;0.0025222400218139675;0.0004430962200483997;0.6373341813556243;0.11620934035980374;0.03820643285480647;0.1113029256769035;0.09694711975286208
Amarela;Espanhol;1;0.0008521081154776918;0.00040901189542929205;0.21310565042343468;0.1928363182007497;0.052478134110787174;0.42648896293211164;0.11509093433291684
Amarela;Espanhol;2;0.0011929513616687685;0.0004430962200483997;0.08481646273637375;0.1878476084538376;0.3388487208008899;0.31938264738598443;0.06910456062291435
Amarela;Espanhol;3;0.001158867037049661;0.0006135178431439381;0.23052309404563162;0.03575403450194769;0.12924318308291596;0.47704507512520866;0.12743461324429606
Amarela;Espanhol;4;0.0013292886601451992;0.0005112648692866151;0.3175619259671584;0.17868076816031173;0.2760924018925689;0.12468689117728918;0.10297801280267187
Amarela;Espanhol;5;0.0016360475817171682;0.00020450594771464603;0.1724185917060952;0.1586418035068188;0.39229056498747567;0.14862232118007238;0.128026718619538
Verde;Linguagens, Códigos e suas Tecnologias;1;0.0026808753057873396;0.0005696860024798097;0.09776761699838622;0.12974045185583646;0.521382463690156;0.15031603012372244;0.10079343733189887
Verde;Linguagens, Códigos e suas Tecnologias;2;0.0024462987165309474;0.0010053282396702524;0.11877059654314345;0.6246553231555585;0.08934696348106799;0.11103638442396933;0.05619073239626068
Verde;Linguagens, Códigos e suas Tecnologias;3;0.002613853423142656;0.0008042625917362018;0.08702377349608259;0.060963717677124316;0.054171290224957126;0.07814654157839873;0.7196946770234373
Verde;Linguagens, Códigos e suas Tecnologias;4;0.002513320599175631;0.00033510941322341744;0.05151902137384057;0.1578841242102433;0.23107944616211856;0.49294259981180266;0.0665748084419949
Verde;Linguagens, Códigos e suas Tecnologias;5;0.001306926711571328;0.0005696860024798097;0.785227463488333;0.11297633036763471;0.016283364109451064;0.05667282189021319;0.02884002014436797
Verde;Linguagens, Códigos e suas Tecnologias;6;0.0017760798900841124;0.00043564223719044266;0.06918555835432409;0.06874895046179681;0.07351805205709488;0.7524769101595298;0.036070528967254406
Verde;Linguagens, Códigos e suas Tecnologias;7;0.0021782111859522135;0.0008377735330585436;0.04164565896944641;0.03811636583644247;0.18251487344963194;0.20520318644751437;0.5325199152969649
Verde;Linguagens, Códigos e suas Tecnologias;8;0.0011393720049596193;0.0010388391809925941;0.023811123052122515;0.015616603976356797;0.031065287479849543;0.06794062332079527;0.8615663621708759
Verde;Linguagens, Códigos e suas Tecnologias;9;0.0020776783619851883;0.0009047954157032271;0.1479564399031998;0.7119857488572197;0.04729093842430761;0.07300349556332347;0.01976337725194945
Verde;Linguagens, Códigos e suas Tecnologias;10;0.0025803424818203143;0.0007037297677691766;0.036916249201492786;0.10378912685337727;0.07238678008270853;0.6324513330867767;0.15445651077564468
Verde;Linguagens, Códigos e suas Tecnologias;11;0.001977145538018163;0.00013404376528936698;0.2551883941164618;0.17338303445496675;0.06713009604405937;0.3697024649069783;0.13459601047753375
Verde;Linguagens, Códigos e suas Tecnologias;12;0.0031835394256224656;0.0005026641198351262;0.04486899196125257;0.4357404729070667;0.22733846826544685;0.1413675961118025;0.1506844707544314
Verde;Linguagens, Códigos e suas Tecnologias;13;0.0009383063570255688;0.0011058610636372776;0.0072867696440564135;0.024949630624580256;0.01229012760241773;0.842175957018133;0.11329751511081262
Verde;Linguagens, Códigos e suas Tecnologias;14;0.0024462987165309474;0.00016755470661170872;0.4523737526459026;0.2905957060780163;0.07287571817357122;0.13436145549843767;0.04979336760407217
Verde;Linguagens, Códigos e suas Tecnologias;15;0.001172882946281961;0.0005696860024798097;0.026452717446037128;0.8410487092550941;0.018866024371412268;0.050085602067877405;0.06354694685957904
Verde;Linguagens, Códigos e suas Tecnologias;16;0.001440970476860695;0.0004691531785127844;0.043076819769003495;0.03881278538812785;0.48875235025517055;0.37792103142626915;0.05143701316142896
Verde;Linguagens, Códigos e suas Tecnologias;17;0.007841560269427969;0.0004021312958681009;0.28734583544517656;0.14820070957932083;0.1619192431153911;0.09075857408346004;0.31177563777665146
Verde;Linguagens, Códigos e suas Tecnologias;18;0.0036862035454575917;0.0007707516504138601;0.19334859297159016;0.20600511646694494;0.18318298101521477;0.17560926349804767;0.24185404604820251
Verde;Linguagens, Códigos e suas Tecnologias;19;0.00365269260413525;0.00043564223719044266;0.25532487634173423;0.3258184999495272;0.2097647969312561;0.17406373027356237;0.03502809650392005
Verde;Linguagens, Códigos e suas Tecnologias;20;0.0037197144867799335;0.00033510941322341744;0.10037012113055181;0.4411843876177658;0.10114401076716016;0.20895020188425303;0.14835127860026917
Verde;Linguagens, Códigos e suas Tecnologias;21;0.004188867665292718;0.0006031969438021514;0.28301569129234294;0.09697622735537746;0.2073203582732844;0.2958785103373965;0.11680921274159876
Verde;Linguagens, Códigos e suas Tecnologias;22;0.0023122549512415804;0.0009718172983479105;0.03365497764179807;0.08580170124062805;0.38008943280771945;0.1253404162323908;0.3751134720774636
Verde;Linguagens, Códigos e suas Tecnologias;23;0.0073053852082705;0.0006031969438021514;0.20591116365478804;0.24151325789562575;0.18473230873163318;0.2616787704779598;0.10616449923999324
Verde;Linguagens, Códigos e suas Tecnologias;24;0.003418116014878858;0.0008377735330585436;0.31301743285993133;0.13932826277175742;0.11233761863094838;0.3461667900652891;0.08914989567207376
Verde;Linguagens, Códigos e suas Tecnologias;25;0.005663349083475755;0.0003015984719010757;0.12948791423659103;0.20001348481272965;0.12250952364899033;0.33981728078751305;0.20817179651417592
Verde;Linguagens, Códigos e suas Tecnologias;26;0.003250561308267149;0.0003015984719010757;0.06077013620312763;0.2671599125609551;0.27331427610559944;0.3605515385908862;0.038204136539431645
Verde;Linguagens, Códigos e suas Tecnologias;27;0.005227706846285312;0.0006031969438021514;0.08669565510499883;0.24788485522634576;0.07017898675295783;0.5299153942090539;0.06532510870664375
Verde;Linguagens, Códigos e suas Tecnologias;28;0.004356422371904427;0.0007707516504138601;0.15945836701697655;0.1777822689302075;0.551535974130962;0.07420506601994072;0.03701832390191323
Verde;Linguagens, Códigos e suas Tecnologias;29;0.00519419590496297;0.0010388391809925941;0.20998145338054292;0.5506997133704266;0.06288990052267746;0.0937784522003035;0.08265048052604956
Verde;Linguagens, Códigos e suas Tecnologias;30;0.0036862035454575917;0.0007707516504138601;0.07186616399622997;0.07752120640904807;0.18728961895785648;0.5367914366500606;0.1265315739868049
Verde;Linguagens, Códigos e suas Tecnologias;31;0.003116517542977782;0.0009718172983479105;0.0580773242706686;0.04209428311854369;0.04741074733335576;0.05700057202463071;0.7954170732528012
Verde;Linguagens, Códigos e suas Tecnologias;32;0.004088334841325693;0.0005361750611574679;0.051745614921051744;0.08726391273608726;0.11638555028111638;0.684981315018685;0.05962360704305962
Verde;Linguagens, Códigos e suas Tecnologias;33;0.0040213129586810096;0.0007707516504138601;0.07508923159808742;0.03414371338137248;0.05724291198060476;0.7631827059061216;0.07034143713381373
Verde;Linguagens, Códigos e suas Tecnologias;34;0.004356422371904427;0.0007037297677691766;0.2832940383967666;0.16743011114853487;0.3464466150218929;0.10407544627820815;0.09875378915459751
Verde;Linguagens, Códigos e suas Tecnologias;35;0.005495794376864046;0.001306926711571328;0.07325055671772725;0.12979958161819286;0.05202780214589379;0.06886429583642621;0.6760577636817598
Verde;Linguagens, Códigos e suas Tecnologias;36;0.004557488019838477;0.0006367078851244932;0.028363538368254396;0.0353365222663882;0.8264838644478879;0.05601967257293;0.053796402344539515
Verde;Linguagens, Códigos e suas Tecnologias;37;0.004691531785127844;0.0008712844743808853;0.04893007582139848;0.7312889637742207;0.0629486099410278;0.09732097725358045;0.05951137320977254
Verde;Linguagens, Códigos e suas Tecnologias;38;0.003920780134713984;0.00211118930330753;0.030174302956744548;0.030376588786622163;0.02751087286335592;0.05512288864165065;0.8568153467516267
Verde;Linguagens, Códigos e suas Tecnologias;39;0.0038537582520693004;0.0009718172983479105;0.07125298851735866;0.028656093208068154;0.662659527898441;0.14681617671818703;0.09061521365794525
Verde;Linguagens, Códigos e suas Tecnologias;40;0.006166013203310881;0.0005026641198351262;0.20332636124418055;0.12489035827542001;0.252344646110249;0.17910397409081708;0.24033466027933337
Verde;Ciências Humanas e suas Tecnologias;1;0.003150028484300124;0.00033510941322341744;0.6890742173050408;0.13592494199145846;0.043313044355516694;0.031879476746141173;0.09980831960184282
Verde;Ciências Humanas e suas Tecnologias;2;0.003384605073556516;0.0006031969438021514;0.0605275553462082;0.27871610255029944;0.4060292039566651;0.2312764955252002;0.023450642621627077
Verde;Ciências Humanas e suas Tecnologias;3;0.00442344425454911;0.0009383063570255688;0.05960041777568141;0.2295744752535292;0.26131195040598365;0.22189279336949563;0.22762036319531012
Verde;Ciências Humanas e suas Tecnologias;4;0.004356422371904427;0.0009047954157032271;0.25990432556259263;0.05201455329470422;0.3928042042851368;0.08162646543592508;0.2136504514216413
Verde;Ciências Humanas e suas Tecnologias;5;0.004892597433061895;0.001440970476860695;0.8311412383650344;0.035781734790233374;0.04367327667610954;0.06259274247942803;0.026811007689194657
Verde;Ciências Humanas e suas Tecnologias;6;0.0038202473107469587;0.0006702188264468349;0.040562830309354696;0.04759820917628842;0.1599622984481772;0.6399165179923924;0.11196014407378732
Verde;Ciências Humanas e suas Tecnologias;7;0.004859086491739553;0.0005026641198351262;0.13210471345305078;0.12445672315622788;0.1402243859708231;0.11549476095818874;0.4877194164617095
Verde;Ciências Humanas e suas Tecnologias;8;0.0036862035454575917;0.0008712844743808853;0.11671435785221343;0.05002524827470123;0.15004208045783538;0.14623800706951692;0.536980306345733
Verde;Ciências Humanas e suas Tecnologias;9;0.004121845782648035;0.0006702188264468349;0.11970503064179407;0.20893662872920735;0.27857094753855477;0.2938244999663277;0.0989628931241161
Verde;Ciências Humanas e suas Tecnologias;10;0.004088334841325693;0.0007372407090915184;0.0686264605852443;0.32339967000033676;0.0378489409704684;0.16648146277401757;0.403643465669933
Verde;Ciências Humanas e suas Tecnologias;11;0.00499313025702892;0.0009383063570255688;0.5664104638619202;0.1502831715210356;0.044734358144552316;0.054004854368932036;0.18456715210355987
Verde;Ciências Humanas e suas Tecnologias;12;0.005328239670252337;0.0006367078851244932;0.11964400094393689;0.08771870680645923;0.140781444897684;0.15355830495903988;0.49829754239288004
Verde;Ciências Humanas e suas Tecnologias;13;0.003920780134713984;0.0007372407090915184;0.04737054743788297;0.02801158171166925;0.7984310820820146;0.09807420375732274;0.02811258501111036
Verde;Ciências Humanas e suas Tecnologias;14;0.004322911430582085;0.0008377735330585436;0.0710075117054603;0.06437161046922896;0.21160777444672751;0.08582881395897195;0.5671842894196113
Verde;Ciências Humanas e suas Tecnologias;15;0.006166013203310881;0.0007037297677691766;0.07258064516129033;0.22226346335537858;0.15471048724524228;0.44479686867323526;0.10564853556485355
Verde;Ciências Humanas e suas Tecnologias;16;0.004825575550417211;0.0004691531785127844;0.8076676885759526;0.06512144998820873;0.03025300677155274;0.06016912037193006;0.03678873429235589
Verde;Ciências Humanas e suas Tecnologias;17;0.004892597433061895;0.0006031969438021514;0.2654244027361256;0.07281733328840516;0.08430771304377127;0.4071503184284126;0.17030023250328538
Verde;Ciências Humanas e suas Tecnologias;18;0.00576388190744278;0.0003686203545457592;0.08439544136489312;0.5003034594375885;0.19242700114640232;0.1086047609413986;0.11426933710971744
Verde;Ciências Humanas e suas Tecnologias;19;0.006568144499178982;0.0008712844743808853;0.28073196259157973;0.19112731692494683;0.30740403119619164;0.18255174043688174;0.03818494885040008
Verde;Ciências Humanas e suas Tecnologias;20;0.005261217787607654;0.0008042625917362018;0.150944032366824;0.08661496965610249;0.05660822656776804;0.6760957518543493;0.02973701955495617
Verde;Ciências Humanas e suas Tecnologias;21;0.006233035085955564;0.0005696860024798097;0.13189149065389028;0.5664687225858694;0.16583440178149672;0.05972062892232944;0.07608475605641406
Verde;Ciências Humanas e suas Tecnologias;22;0.006702188264468349;0.0007707516504138601;0.05911945438584645;0.14342629482071714;0.18985076642582213;0.12144641771895469;0.4861570666486596
Verde;Ciências Humanas e suas Tecnologias;23;0.005931436614054489;0.0008377735330585436;0.2787880832686663;0.4615877728668309;0.17578190897128784;0.052498397381827995;0.03134383751138702
Verde;Ciências Humanas e suas Tecnologias;24;0.006065480379343856;0.0005026641198351262;0.06749873503120256;0.13418789003204587;0.3931860347444763;0.11479170180468881;0.2903356383875864
Verde;Ciências Humanas e suas Tecnologias;25;0.008980932274387588;0.0002345765892563922;0.21186498004464588;0.26608266251775686;0.06855847933437056;0.3939998647094636;0.059494013393763104
Verde;Ciências Humanas e suas Tecnologias;26;0.008176669682651386;0.0007707516504138601;0.4357543788462839;0.07925880841279502;0.2324338946371813;0.13285318184892134;0.11969973625481842
Verde;Ciências Humanas e suas Tecnologias;27;0.005864414731409805;0.0015415033008277202;0.029777177582714382;0.15178933153274815;0.05476029709655638;0.7046590141796084;0.05901417960837272
Verde;Ciências Humanas e suas Tecnologias;28;0.01229851546529942;0.0009718172983479105;0.26072338257768723;0.29397181185260657;0.2325352351842418;0.1273221259976227;0.08544744438784174
Verde;Ciências Humanas e suas Tecnologias;29;0.006702188264468349;0.0009383063570255688;0.14827947185357782;0.4703677438962618;0.08209232431702293;0.053760172897038466;0.24550028703609902
Verde;Ciências Humanas e suas Tecnologias;30;0.00901444321570993;0.0006702188264468349;0.08848808879263671;0.12950054141851652;0.6341364374661613;0.06063887384948565;0.08723605847319979
Verde;Ciências Humanas e suas Tecnologias;31;0.007674005562816259;0.0007707516504138601;0.08922234614214741;0.1174422927439251;0.17976274967048567;0.505694683835209;0.1078779276082328
Verde;Ciências Humanas e suas Tecnologias;32;0.007037297677691766;0.0019101236553734793;0.04659498207885305;0.2300331372151214;0.1610198147021032;0.11425576519916142;0.4480963008047609
Verde;Ciências Humanas e suas Tecnologias;33;0.006098991320666197;0.0020106564793405048;0.8148923950133451;0.02895368086759688;0.05165715057941147;0.06824554883610932;0.03625122470353728
Verde;Ciências Humanas e suas Tecnologias;34;0.008176669682651386;0.0015415033008277202;0.1395553449967852;0.11312645934147744;0.19075496599099862;0.0438902236810937;0.512673005989645
Verde;Ciências Humanas e suas Tecnologias;35;0.007975604034717336;0.0008712844743808853;0.13385400818203333;0.12404909220002029;0.5061703350576462;0.17388511343273488;0.06204145112756534
Verde;Ciências Humanas e suas Tecnologias;36;0.0073053852082705;0.0011058610636372776;0.6033457249070632;0.16792835417370733;0.05914160189253126;0.07647854004731328;0.09310577897938492
Verde;Ciências Humanas e suas Tecnologias;37;0.008478268154552462;0.0020441674206628465;0.10055203711856944;0.2221695397432858;0.07366139465573882;0.13763673925559658;0.46598028922680934
Verde;Ciências Humanas e suas Tecnologias;38;0.01172882946281961;0.0008042625917362018;0.09946720059727832;0.24630943088879084;0.110598296399362;0.45875046662368074;0.08487460549088811
Verde;Ciências Humanas e suas Tecnologias;39;0.00901444321570993;0.0021447002446298717;0.15067100447336315;0.062017080113867425;0.11159685509014504;0.13918259455063034;0.536532465771994
Verde;Ciências Humanas e suas Tecnologias;40;0.011996916993398344;0.0009383063570255688;0.14934646070276694;0.35939568833814295;0.11414021388558819;0.15236801901205227;0.22474961806144966
Verde;Ciências Humanas e suas Tecnologias;41;0.009349552628933347;0.0010053282396702524;0.09853718000812678;0.41747934443992957;0.05387376405255316;0.34735202492211836;0.08275768657727212
Verde;Ciências Humanas e suas Tecnologias;42;0.010522435575215308;0.0010388391809925941;0.2485760781122864;0.25986574450772987;0.32851912123677784;0.10628559804719284;0.05675345809601302
Verde;Ciências Humanas e suas Tecnologias;43;0.010120304279347207;0.0019101236553734793;0.2133505189607218;0.07116206498880673;0.07414693711417136;0.09242927888202972;0.5489112000542704
Verde;Ciências Humanas e suas Tecnologias;44;0.009249019804966322;0.0008377735330585436;0.14157075152335816;0.12274881516587678;0.5801286391333784;0.09773188896411646;0.05781990521327014
Verde;Ciências Humanas e suas Tecnologias;45;0.00978519486612379;0.0005361750611574679;0.23194392713236042;0.3912910980936579;0.055734263366403684;0.06206616327498053;0.25896454813259745
Verde;Matemática e suas Tecnologias;1;0.0004021312958681009;0.0008377735330585436;0.11665670802432251;0.10453059646409617;0.6313662085691188;0.09113915152367227;0.056307335418790204
Verde;Matemática e suas Tecnologias;2;0.004725042726450186;0.0006367078851244932;0.08772239480372776;0.2250070601524993;0.190730019768427;0.28480655182151937;0.2117339734538266
Verde;Matemática e suas Tecnologias;3;0.0008377735330585436;0.0007372407090915184;0.3218592876481136;0.5094054358144932;0.05161562532962976;0.04039942336767343;0.07672022784009001
Verde;Matemática e suas Tecnologias;4;0.0033510941322341743;0.0004021312958681009;0.20429235974062587;0.17705102903862419;0.27776994643360586;0.23033549478432477;0.11055117000281929
Verde;Matemática e suas Tecnologias;5;0.0015079923595053785;0.0007037297677691766;0.07276053761170924;0.38881852086411933;0.1887622264443037;0.23787910773344592;0.11177960734642178
Verde;Matemática e suas Tecnologias;6;0.0007037297677691766;0.0011058610636372776;0.4646549905043258;0.06935359077161145;0.07768868256312865;0.24618414574101427;0.1421185904199198
Verde;Matemática e suas Tecnologias;7;0.0008712844743808853;0.0006702188264468349;0.1668307432669995;0.1725617045214823;0.20420504887138738;0.3751845861753744;0.08121791716475635
Verde;Matemática e suas Tecnologias;8;0.003753225428102275;0.0004691531785127844;0.10940695296523517;0.18898526197024187;0.3223326986813342;0.25791552076722374;0.12135956561596502
Verde;Matemática e suas Tecnologias;9;0.0012734157702489863;0.0009718172983479105;0.13029098202033706;0.509060201963337;0.11998170366982161;0.15411139650258612;0.08655571584391823
Verde;Matemática e suas Tecnologias;10;0.0033175831909118326;0.0007707516504138601;0.20799548755552422;0.1711556088274695;0.28661073115701896;0.18233095959952056;0.15190721286046677
Verde;Matemática e suas Tecnologias;11;0.002613853423142656;0.0005026641198351262;0.10410283500616306;0.19852086634970945;0.21524916358513824;0.2613840464870576;0.22074308857193167
Verde;Matemática e suas Tecnologias;12;0.0011393720049596193;0.0008042625917362018;0.26774533943017936;0.37238832219486456;0.13239535701723532;0.09817094618360886;0.12930003517411184
Verde;Matemática e suas Tecnologias;13;0.00365269260413525;0.0007037297677691766;0.10353339445659074;0.20530361802665914;0.3587347485718316;0.23178644474222443;0.10064179420269413
Verde;Matemática e suas Tecnologias;14;0.0009383063570255688;0.0012399048289266446;0.15230623086936637;0.1061816134820392;0.06357527354607184;0.42444499173204797;0.2534918903704746
Verde;Matemática e suas Tecnologias;15;0.0007037297677691766;0.0006367078851244932;0.15723425196850394;0.2154457255343082;0.07687710911136109;0.4981017997750281;0.05234111361079865
Verde;Matemática e suas Tecnologias;16;0.0006031969438021514;0.0003686203545457592;0.6482659264204645;0.09550581538353421;0.05316420113145227;0.11648336202958642;0.08658069503496257
Verde;Matemática e suas Tecnologias;17;0.0009047954157032271;0.0005696860024798097;0.09045844466319786;0.39509211081423146;0.3346224159752496;0.08325130080157503;0.09657572774574602
Verde;Matemática e suas Tecnologias;18;0.0016755470661170872;0.0008712844743808853;0.10273827960016894;0.2803392932563705;0.2706602843868788;0.15979163733633675;0.18647050542024496
Verde;Matemática e suas Tecnologias;19;0.0027143862471096813;0.0007707516504138601;0.15698985343855693;0.24002959413754227;0.17199830890642615;0.28889515219842166;0.14208709131905298
Verde;Matemática e suas Tecnologias;20;0.0018431017727287959;0.001172882946281961;0.15983519966194804;0.3151982533981266;0.32931896612437495;0.11796605394746108;0.0776815268680893
Verde;Matemática e suas Tecnologias;21;0.003015984719010757;0.0007707516504138601;0.15157709251101323;0.33804405286343614;0.19305726872246695;0.2398590308370044;0.0774625550660793
Verde;Matemática e suas Tecnologias;22;0.0020441674206628465;0.0007372407090915184;0.12223200140820278;0.13152613976412603;0.42760077451152967;0.13036437246963561;0.1882767118465059
Verde;Matemática e suas Tecnologias;23;0.0014744814181830367;0.0011393720049596193;0.08908834917282647;0.2293558606124604;0.4244632171770503;0.17423442449841606;0.08285814853924675
Verde;Matemática e suas Tecnologias;24;0.0030830066016554404;0.0013404376528936698;0.15622795880942306;0.2446395824516857;0.19787699252362817;0.2768726195514177;0.1243828466638454
Verde;Matemática e suas Tecnologias;25;0.0036191816628129083;0.0007372407090915184;0.102369701671486;0.26087876436984275;0.31116439805345936;0.15512377459623386;0.17046336130897807
Verde;Matemática e suas Tecnologias;26;0.001943634596695821;0.0012399048289266446;0.08452787658930018;0.14989610115169233;0.34846617123939;0.3076110308878949;0.1094988201317226
Verde;Matemática e suas Tecnologias;27;0.0012399048289266446;0.001440970476860695;0.10472402140242185;0.09483244156575613;0.16579836665727965;0.15763165305547733;0.47701351731906505
Verde;Matemática e suas Tecnologias;28;0.003954291076036326;0.0008377735330585436;0.08093138119597813;0.24014817428117835;0.36143940730287527;0.22409596048685834;0.09338507673310989
Verde;Matemática e suas Tecnologias;29;0.003116517542977782;0.0006367078851244932;0.09825204398082887;0.2806949534818156;0.27509162672681137;0.1819847758669298;0.16397659994361433
Verde;Matemática e suas Tecnologias;30;0.0038202473107469587;0.0009047954157032271;0.18460507284721486;0.2625321903552404;0.23462800296327654;0.22231629449324444;0.09591843934102375
Verde;Matemática e suas Tecnologias;31;0.001575014242150062;0.0008377735330585436;0.16462556306306306;0.3809473536036036;0.1942919481981982;0.14442567567567569;0.11570945945945946
Verde;Matemática e suas Tecnologias;32;0.001943634596695821;0.0016755470661170872;0.332522903453136;0.10916138125440451;0.07977448907681466;0.11617336152219873;0.36236786469344606
Verde;Matemática e suas Tecnologias;33;0.0012063938876043028;0.0013739485942160115;0.04360986941677519;0.1531449086621379;0.27095139206645313;0.4463060082362465;0.08598782161838725
Verde;Matemática e suas Tecnologias;34;0.0030494956603330987;0.0011393720049596193;0.18079892818108098;0.32856185875965166;0.17022176779607234;0.16398124316891724;0.15643620209427775
Verde;Matemática e suas Tecnologias;35;0.0029489628363660735;0.001172882946281961;0.0981138727304777;0.18663846289441213;0.28647981667548034;0.32709324872201656;0.10167459897761326
Verde;Matemática e suas Tecnologias;36;0.0024127877752086056;0.0012734157702489863;0.1229825921488477;0.16121643526675594;0.32500528578476284;0.16037070970470083;0.2304249770949327
Verde;Matemática e suas Tecnologias;37;0.004054823900003351;0.0008712844743808853;0.16029780177128541;0.21138985921456546;0.26484598285169897;0.2451219081895487;0.11834444797290145
Verde;Matemática e suas Tecnologias;38;0.002245233068596897;0.0017760798900841124;0.3961858432036097;0.14259024252679076;0.132860970107163;0.17195431472081218;0.15640862944162437
Verde;Matemática e suas Tecnologias;39;0.004054823900003351;0.0009383063570255688;0.13793711845866122;0.27562722749567736;0.2289071597445217;0.2752390698330922;0.08228942446804757
Verde;Matemática e suas Tecnologias;40;0.0029489628363660735;0.0012734157702489863;0.12259361116987519;0.16250617022776956;0.3073478598124251;0.1885974190818701;0.21895493970806007
Verde;Matemática e suas Tecnologias;41;0.002379276833886264;0.0015079923595053785;0.044480473706471166;0.10584378965176935;0.14785704215423656;0.4448752290991118;0.2569434653884111
Verde;Matemática e suas Tecnologias;42;0.0033175831909118326;0.0012399048289266446;0.20358352144469527;0.24287528216704288;0.2436512415349887;0.18298532731376976;0.12690462753950338
Verde;Matemática e suas Tecnologias;43;0.0038537582520693004;0.0010053282396702524;0.21447976572698726;0.22936880358465936;0.22238295169883215;0.2240059273894789;0.10976255160004234
Verde;Matemática e suas Tecnologias;44;0.003015984719010757;0.0009047954157032271;0.13154277254943428;0.23347784709738817;0.3773924077402982;0.17937330372563534;0.07821366888724401
Verde;Matemática e suas Tecnologias;45;0.002613853423142656;0.0005026641198351262;0.18580736045078358;0.3153019897869343;0.24965662968832542;0.08712801549568586;0.16210600457827082
Verde;Ciências Naturais e suas Tecnologias;1;0.0007372407090915184;0.0004021312958681009;0.10638223096928376;0.036515076966331626;0.053349265481127436;0.7512124833063892;0.052540943276867924
Verde;Ciências Naturais e suas Tecnologias;2;0.0013404376528936698;0.00043564223719044266;0.18797256901705645;0.15969755582908388;0.25866010198698786;0.26214172674520836;0.13152804642166344
Verde;Ciências Naturais e suas Tecnologias;3;0.0007707516504138601;0.0011393720049596193;0.248707396855545;0.4726882628117196;0.1935563293587985;0.059301466708874116;0.025746544265062784
Verde;Ciências Naturais e suas Tecnologias;4;0.0009047954157032271;0.0007372407090915184;0.1526073349977144;0.08913815535004747;0.2099581560533071;0.2697352227574809;0.2785611308414501
Verde;Ciências Naturais e suas Tecnologias;5;0.0009718172983479105;0.0008712844743808853;0.10811381141631203;0.17054127246509337;0.0884183870854289;0.43326416487883795;0.19966236415432773
Verde;Ciências Naturais e suas Tecnologias;6;0.0008712844743808853;0.0007037297677691766;0.09855490313280124;0.1523153194332126;0.1503814915087374;0.12910938433950986;0.4696389015857389
Verde;Ciências Naturais e suas Tecnologias;7;0.001172882946281961;0.0005696860024798097;0.1923969615979744;0.33056688704459136;0.10968490645660431;0.18233928822619216;0.1850119566746378
Verde;Ciências Naturais e suas Tecnologias;8;0.0010388391809925941;0.0006367078851244932;0.1532808214361066;0.40649834728180606;0.1787748786834517;0.16527181939658203;0.09617413320205359
Verde;Ciências Naturais e suas Tecnologias;9;0.0018095908314064541;0.0003015984719010757;0.40763412489006157;0.21364995602462622;0.2198768689533861;0.09857519788918206;0.06026385224274406
Verde;Ciências Naturais e suas Tecnologias;10;0.0010723501223149359;0.0005361750611574679;0.21744022503516175;0.21455696202531646;0.36213080168776374;0.08252461322081575;0.12334739803094233
Verde;Ciências Naturais e suas Tecnologias;11;0.0011058610636372776;0.0008042625917362018;0.12866237557595583;0.199113643558088;0.41032675600576834;0.13942527522774437;0.12247194963244346
Verde;Ciências Naturais e suas Tecnologias;12;0.0008377735330585436;0.0012399048289266446;0.09413916836698796;0.1838809540561458;0.17821712516710053;0.26102863575599805;0.2827341166537677
Verde;Ciências Naturais e suas Tecnologias;13;0.0016085251834724037;0.0010723501223149359;0.21032807659814137;0.24376936074345254;0.12098704590256266;0.0687482399324134;0.35616727682343
Verde;Ciências Naturais e suas Tecnologias;14;0.0013739485942160115;0.00043564223719044266;0.11254132376732082;0.1189069423929099;0.5830343954420764;0.08855595413941056;0.09696138425828234
Verde;Ciências Naturais e suas Tecnologias;15;0.0014744814181830367;0.0009383063570255688;0.14340512387387389;0.4662865990990991;0.08973817567567567;0.14868384009009009;0.15188626126126126
Verde;Ciências Naturais e suas Tecnologias;16;0.002747897188432023;0.00033510941322341744;0.2027750387378504;0.11515706437526411;0.3468446260036625;0.2321805888153261;0.10304268206789689
Verde;Ciências Naturais e suas Tecnologias;17;0.0009047954157032271;0.00043564223719044266;0.10274887514060742;0.36290776152980875;0.08218503937007875;0.1313273340832396;0.32083098987626546
Verde;Ciências Naturais e suas Tecnologias;18;0.0009718172983479105;0.0005361750611574679;0.08262138311711141;0.16840698941743135;0.21087789614316352;0.359807333966178;0.17828639735611573
Verde;Ciências Naturais e suas Tecnologias;19;0.0014074595355383533;0.0008042625917362018;0.11920343395960875;0.25772289071845755;0.12979382168742523;0.36820068960664276;0.12507916402786573
Verde;Ciências Naturais e suas Tecnologias;20;0.0017425689487617706;0.0006702188264468349;0.10838963963963964;0.1543848536036036;0.32808980855855857;0.2775900900900901;0.13154560810810811
Verde;Ciências Naturais e suas Tecnologias;21;0.0013404376528936698;0.0004691531785127844;0.40592248716325524;0.17711190827882112;0.1013575297179433;0.20777941900541605;0.10782865583456426
Verde;Ciências Naturais e suas Tecnologias;22;0.0010723501223149359;0.0007372407090915184;0.09509741858338609;0.12706618836604067;0.19814306815783922;0.339276921994795;0.24041640289793909
Verde;Ciências Naturais e suas Tecnologias;23;0.0009718172983479105;0.0006031969438021514;0.09148764108153722;0.11040399423367674;0.48215604233325127;0.13072676769452551;0.18522555465700924
Verde;Ciências Naturais e suas Tecnologias;24;0.002647364364464998;0.0006702188264468349;0.1926098136602205;0.2737327838247208;0.26288351121913417;0.20433970904223467;0.06643418225368981
Verde;Ciências Naturais e suas Tecnologias;25;0.001172882946281961;0.0005696860024798097;0.15192010128006753;0.3129132086088057;0.18993529329019554;0.24314249542833027;0.10208890139260093
Verde;Ciências Naturais e suas Tecnologias;26;0.0019101236553734793;0.0003686203545457592;0.1065798733286418;0.18004926108374383;0.3487332864180155;0.27730471498944403;0.08733286418015482
Verde;Ciências Naturais e suas Tecnologias;27;0.0041553567239703765;0.0005026641198351262;0.16963561324914458;0.18173480546051007;0.2955307065504956;0.24385339870894918;0.10924547603090055
Verde;Ciências Naturais e suas Tecnologias;28;0.0012734157702489863;0.0010723501223149359;0.11439932437187698;0.23175452178196917;0.1792877753536491;0.2044478851432191;0.27011049334928566
Verde;Ciências Naturais e suas Tecnologias;29;0.0020776783619851883;0.0007372407090915184;0.12100408393184059;0.28298831150542175;0.21222363047458104;0.22975637234192367;0.15402760174623292
Verde;Ciências Naturais e suas Tecnologias;30;0.003015984719010757;0.0007707516504138601;0.19481938325991188;0.2542026431718062;0.24866960352422907;0.16444052863436123;0.13786784140969163
Verde;Ciências Naturais e suas Tecnologias;31;0.0007707516504138601;0.0009047954157032271;0.344925803502356;0.28377523032562063;0.05988466136859132;0.22867290245446234;0.08274140234896969
Verde;Ciências Naturais e suas Tecnologias;32;0.0005361750611574679;0.0007372407090915184;0.2931810193321617;0.20987697715289982;0.18688927943760983;0.22442882249560633;0.08562390158172233
Verde;Ciências Naturais e suas Tecnologias;33;0.0018095908314064541;0.0021447002446298717;0.13672893902009164;0.10525202678886147;0.09302079661614382;0.14747973211138526;0.5175185054635179
Verde;Ciências Naturais e suas Tecnologias;34;0.0035856707214905665;0.0006031969438021514;0.1162782498325283;0.4225575573810951;0.2427810880372316;0.1605612946444311;0.057821810104713885
Verde;Ciências Naturais e suas Tecnologias;35;0.0011058610636372776;0.0008042625917362018;0.060849073194752204;0.2786043403327354;0.27360979212831066;0.29759769265942104;0.0893391016847807
Verde;Ciências Naturais e suas Tecnologias;36;0.0009047954157032271;0.0013404376528936698;0.1560465852714542;0.12606875197917033;0.20699482776819958;0.0704408711867985;0.4404489637943774
Verde;Ciências Naturais e suas Tecnologias;37;0.0010388391809925941;0.0008042625917362018;0.495269581120529;0.08894594309429184;0.17557063974958675;0.06854711075159146;0.17166672528400098
Verde;Ciências Naturais e suas Tecnologias;38;0.0014744814181830367;0.0008712844743808853;0.09863466816806249;0.07906960377225702;0.1267506509958477;0.25782954465479624;0.43771553240903655
Verde;Ciências Naturais e suas Tecnologias;39;0.0011058610636372776;0.0008712844743808853;0.374441591332794;0.12402828098068873;0.24496113123922755;0.10338035104998416;0.15318864539730556
Verde;Ciências Naturais e suas Tecnologias;40;0.0013404376528936698;0.0007707516504138601;0.36517150395778364;0.18001759014951627;0.11064204045734388;0.19324538258575197;0.15092348284960422
Verde;Ciências Naturais e suas Tecnologias;41;0.0015415033008277202;0.0009047954157032271;0.1163469998240366;0.13130388879113145;0.4248812247052613;0.23529825796234383;0.09216962871722682
Verde;Ciências Naturais e suas Tecnologias;42;0.0012399048289266446;0.001306926711571328;0.06990004223567507;0.12663663240884132;0.10699704350274532;0.13825144305223144;0.5582148388005068
Verde;Ciências Naturais e suas Tecnologias;43;0.001440970476860695;0.0007037297677691766;0.303475935828877;0.10023219814241487;0.2838094567970729;0.1970869687587954;0.11539544047283985
Verde;Ciências Naturais e suas Tecnologias;44;0.0010053282396702524;0.0018431017727287959;0.19814808294898426;0.0489032848642749;0.07872407844241805;0.137450269337746;0.5367742844065768
Verde;Ciências Naturais e suas Tecnologias;45;0.0021447002446298717;0.0005696860024798097;0.12039286091456332;0.3852571549266026;0.10532615200478755;0.29168866828598583;0.0973351638680607
Verde;Inglês;1;0.00211118930330753;0.00026808753057873397;0.6164438681986856;0.25188894353288327;0.04162382080743953;0.06549827871417714;0.024545088746814502
Verde;Inglês;2;0.0010388391809925941;0.0006031969438021514;0.9322881772298897;0.035017195944437;0.012908124525436599;0.011076868104872928;0.008709634195363795
Verde;Inglês;3;0.0012399048289266446;0.0011393720049596193;0.14789645459829212;0.024232127688111952;0.6457280815487102;0.08212992354808422;0.10001341261680154
Verde;Inglês;4;0.002613853423142656;0.0008377735330585436;0.06621893888515783;0.12303559435862996;0.2284307141258115;0.16212222968435192;0.4201925229460488
Verde;Inglês;5;0.002513320599175631;0.0004691531785127844;0.6350619714528615;0.11727594075797575;0.03955434247617343;0.1147254910734261;0.0933822542395633
Verde;Espanhol;1;0.0012063938876043028;0.00010053282396702523;0.2533948940793047;0.08215643671917436;0.10469853340575774;0.46713742531233027;0.09261271048343292
Verde;Espanhol;2;0.001306926711571328;0.0002345765892563922;0.39350278646187303;0.1651488378415115;0.26138371618866385;0.10602147614516787;0.07394318336278374
Verde;Espanhol;3;0.0011058610636372776;0.00016755470661170872;0.19266802443991854;0.14338085539714868;0.4089613034623218;0.14175152749490835;0.11323828920570264
Verde;Espanhol;4;0.0012063938876043028;0.00026808753057873397;0.07066177469764914;0.154097024052181;0.3462426960184808;0.34270960728359834;0.08628889794809078
Verde;Espanhol;5;0.0015079923595053785;0.00010053282396702523;0.15622025832766825;0.1850441876274643;0.06077498300475867;0.4382053025152957;0.15975526852481306
Cinza;Linguagens, Códigos e suas Tecnologias;1;0.002007417236569018;0.00047633629342315676;0.048843713759465175;0.26294426632103146;0.2853537076198922;0.37509379903131185;0.02776451326829934
Cinza;Linguagens, Códigos e suas Tecnologias;2;0.00418495457793202;0.0003402402095879691;0.0659306856244446;0.2513500581037665;0.042381570852416436;0.5812085583430173;0.05912912707635518
Cinza;Linguagens, Códigos e suas Tecnologias;3;0.003436426116838488;0.00040828825150556294;0.17419222624496208;0.16213539176173236;0.595703258419291;0.04703190108613976;0.020937222487874853
Cinza;Linguagens, Códigos e suas Tecnologias;4;0.003130209928209316;0.0009526725868463135;0.20586929042396912;0.6013460421577671;0.03775067472925421;0.09008916675207543;0.06494482593693417
Cinza;Linguagens, Códigos e suas Tecnologias;5;0.002994113844374128;0.0003402402095879691;0.04714436896186802;0.04946574266889701;0.19127436588946164;0.5995971733861332;0.11251834909364011
Cinza;Linguagens, Códigos e suas Tecnologias;6;0.0017012010479398455;0.00047633629342315676;0.03887202918812016;0.028506154737954786;0.02881303917891363;0.031881883588502066;0.8719268933065094
Cinza;Linguagens, Códigos e suas Tecnologias;7;0.002007417236569018;0.001156816712599095;0.01153662366031811;0.01611031469724896;0.010888115229708513;0.04266502832957881;0.9187999180831457
Cinza;Linguagens, Códigos e suas Tecnologias;8;0.0017012010479398455;0.0005443843353407506;0.06554134697357204;0.013878942881500426;0.7638874680306905;0.10168797953964194;0.05500426257459506
Cinza;Linguagens, Códigos e suas Tecnologias;9;0.003470450137797285;0.0009186485658875166;0.19380083384594354;0.10669127195680404;0.27653612193288224;0.15853325131569954;0.26443852094867065
Cinza;Linguagens, Códigos e suas Tecnologias;10;0.004014834473138036;0.0007145044401347351;0.19256802953644195;0.2178312594010666;0.19882401203336525;0.1498017229591139;0.2409749760700123
Cinza;Linguagens, Códigos e suas Tecnologias;11;0.003096185907250519;0.000374264230546766;0.27092082351736146;0.3249342756666325;0.19618286728806036;0.17296595991669228;0.03499607361125337
Cinza;Linguagens, Códigos e suas Tecnologias;12;0.0023476574461569867;0.00047633629342315676;0.10304353760065511;0.4308721168281698;0.0961171011327965;0.21652791046813158;0.15343933397024703
Cinza;Linguagens, Códigos e suas Tecnologias;13;0.003130209928209316;0.0005443843353407506;0.2889389748318137;0.09117918246081344;0.21060000682990132;0.3057405320493119;0.10354130382815968
Cinza;Linguagens, Códigos e suas Tecnologias;14;0.0024497295090333774;0.0006464563982171413;0.03051194539249147;0.09092150170648464;0.3707508532423208;0.1337542662116041;0.37406143344709897
Cinza;Linguagens, Códigos e suas Tecnologias;15;0.0026198496138273623;0.0006464563982171413;0.07025089605734768;0.16255333674688513;0.22857142857142856;0.46598395630653694;0.07264038231780168
Cinza;Linguagens, Códigos e suas Tecnologias;16;0.001939369194651424;0.0008506005239699228;0.7734825480227916;0.119894912825412;0.019686785628987683;0.05957214507489167;0.02736360844791702
Cinza;Linguagens, Códigos e suas Tecnologias;17;0.002687897655744956;0.00047633629342315676;0.06959519421120895;0.07928868864768926;0.0774114274011878;0.7285138917332241;0.045190798006689875
Cinza;Linguagens, Códigos e suas Tecnologias;18;0.0024837535299921743;0.0005443843353407506;0.05211248378950242;0.03951948672445567;0.1902600505084977;0.1760971947307351;0.542010784246809
Cinza;Linguagens, Códigos e suas Tecnologias;19;0.0017012010479398455;0.0007145044401347351;0.027899045020463847;0.021077762619372442;0.03990450204638472;0.08257162346521146;0.8285470668485675
Cinza;Linguagens, Códigos e suas Tecnologias;20;0.0025518015719097685;0.00020414412575278147;0.1552030023882634;0.6944728761514841;0.04957352439440464;0.07946093483452747;0.02128966223132037
Cinza;Linguagens, Códigos e suas Tecnologias;21;0.004048858494096833;0.0004423122724643598;0.10998325301616596;0.11569089852694897;0.5093475511808333;0.15728493796780477;0.10769335930824704
Cinza;Linguagens, Códigos e suas Tecnologias;22;0.002721921676703753;0.0009526725868463135;0.12894853669364478;0.6021923983198443;0.08872041798996004;0.12307482156882833;0.05706382542772257
Cinza;Linguagens, Códigos e suas Tecnologias;23;0.003096185907250519;0.0013269368173930796;0.12111684494719935;0.08266976521649978;0.06038754656368545;0.0874201155121151;0.6484057277605003
Cinza;Linguagens, Códigos e suas Tecnologias;24;0.006566636045047804;0.0009526725868463135;0.20877613986972918;0.23414466918066507;0.19276654096674667;0.2585875899897155;0.10572505999314365
Cinza;Linguagens, Códigos e suas Tecnologias;25;0.003402402095879691;0.0006464563982171413;0.32987154960371684;0.14074883848045913;0.11362394096747745;0.32819759497130363;0.0875580759770429
Cinza;Linguagens, Códigos e suas Tecnologias;26;0.0058181075839542715;0.0005784083562995475;0.1385474095127213;0.19621271787145156;0.13039756189432591;0.3307879327466356;0.2040543779748656
Cinza;Linguagens, Códigos e suas Tecnologias;27;0.0030621618862917217;0.0006464563982171413;0.032306536438767845;0.8162352298340277;0.028071853015504404;0.05238713202650092;0.07099924868519909
Cinza;Linguagens, Códigos e suas Tecnologias;28;0.0033343540539620973;0.0009186485658875166;0.05272329665823823;0.04520604113988929;0.46173033554295084;0.3851910066288526;0.055149320030069025
Cinza;Linguagens, Códigos e suas Tecnologias;29;0.010717566602021026;0.000748528461093532;0.29386659324017345;0.16214634817925241;0.15925518000963723;0.09823088042954499;0.2865009981413919
Cinza;Linguagens, Códigos e suas Tecnologias;30;0.00472933891327277;0.000782552482052329;0.061411611755448355;0.3986793937527798;0.22662424304628964;0.15494885216736803;0.1583358992781142
Cinza;Linguagens, Códigos e suas Tecnologias;31;0.0021775373413630023;0.0012248647545166887;0.012324604827421393;0.03181864736608515;0.01751391212317777;0.8312109521696084;0.10713188351370728
Cinza;Linguagens, Códigos e suas Tecnologias;32;0.005716035521077881;0.0005103603143819537;0.4082100794302931;0.2920090386195563;0.08401807723911257;0.15218433305943577;0.0635784716516023
Cinza;Linguagens, Códigos e suas Tecnologias;33;0.004865434997107958;0.0006124323772583443;0.04047211768730756;0.12032158741019501;0.08422853232979816;0.6037632569278139;0.1512145056448854
Cinza;Linguagens, Códigos e suas Tecnologias;34;0.0030621618862917217;0.0009526725868463135;0.268028558740136;0.17258224302258054;0.06999624227103474;0.3566768011478154;0.13271615481843338
Cinza;Linguagens, Códigos e suas Tecnologias;35;0.004797386955190364;0.0005103603143819537;0.055891910381392164;0.09368907131862493;0.12033521463998632;0.6644090986830854;0.06567470497691123
Cinza;Linguagens, Códigos e suas Tecnologias;36;0.0046953148923139735;0.0005784083562995475;0.0749760569161308;0.03345190860582843;0.05551375017102203;0.7640238062662471;0.07203447804077165
Cinza;Linguagens, Códigos e suas Tecnologias;37;0.00472933891327277;0.0008846245449287196;0.30202559364949016;0.16605077670567303;0.33073290905358244;0.10254567850544036;0.098645042085814
Cinza;Linguagens, Códigos e suas Tecnologias;38;0.00605627573066585;0.001497056922187064;0.07326271041173849;0.1326065343343961;0.05392711440227639;0.06716034145839761;0.6730432993931914
Cinza;Linguagens, Códigos e suas Tecnologias;39;0.00418495457793202;0.0006804804191759382;0.029266958424507657;0.03449808533916849;0.8269625273522976;0.06027762582056893;0.04899480306345733
Cinza;Linguagens, Códigos e suas Tecnologias;40;0.004933483039025552;0.00040828825150556294;0.05045494971608401;0.7251487993432305;0.06475336936443866;0.09341862215228842;0.0662242594239584
Cinza;Ciências Humanas e suas Tecnologias;1;0.003912762410261645;0.0003062161886291722;0.1451805788088974;0.12775480917073836;0.5121126183073086;0.16646735230806028;0.048484641404995386
Cinza;Ciências Humanas e suas Tecnologias;2;0.003130209928209316;0.0008165765030111259;0.6552006831767719;0.15808710503842868;0.04273270708795901;0.056396242527754055;0.08758326216908625
Cinza;Ciências Humanas e suas Tecnologias;3;0.004253002619849614;0.0008846245449287196;0.08700410396716826;0.21043091655266757;0.05157318741450068;0.1381326949384405;0.512859097127223
Cinza;Ciências Humanas e suas Tecnologias;4;0.003402402095879691;0.0013269368173930796;0.26534937782032;0.06659373718036374;0.08064405852591276;0.42762888007657596;0.15978394639682758
Cinza;Ciências Humanas e suas Tecnologias;5;0.004457146745602395;0.0006464563982171413;0.08789029102971854;0.5324373311446257;0.16767552409288328;0.09589275332580965;0.11610410040696283
Cinza;Ciências Humanas e suas Tecnologias;6;0.004661290871355177;0.0010207206287639074;0.2893854366274295;0.18258965234054203;0.3287024363536819;0.17143443744867232;0.02788803722967424
Cinza;Ciências Humanas e suas Tecnologias;7;0.0031982579701269097;0.0005443843353407506;0.12158054711246201;0.07725145999112053;0.04405587240872921;0.7320446706055121;0.025067449882176154
Cinza;Ciências Humanas e suas Tecnologias;8;0.0043890987036848015;0.0006464563982171413;0.12454262558561023;0.6013404917416134;0.1586704510481141;0.048627021851383234;0.06681940977327908
Cinza;Ciências Humanas e suas Tecnologias;9;0.004933483039025552;0.0006124323772583443;0.05046530723963323;0.132954700971671;0.19960312029560695;0.1241275489256877;0.4928493225674011
Cinza;Ciências Humanas e suas Tecnologias;10;0.004797386955190364;0.0007145044401347351;0.27732731191624754;0.47921584727496663;0.17181566252694241;0.045810667487769;0.025830510794074377
Cinza;Ciências Humanas e suas Tecnologias;11;0.0050015310809431454;0.000748528461093532;0.062179180069810415;0.13459037711313393;0.39165697077544315;0.11946478680446239;0.2921086852371501
Cinza;Ciências Humanas e suas Tecnologias;12;0.00418495457793202;0.0009186485658875166;0.04698881707191956;0.02318662152457166;0.803563489620738;0.1014329195307958;0.024828152251974968
Cinza;Ciências Humanas e suas Tecnologias;13;0.004661290871355177;0.0009866966078051105;0.06894781864841745;0.06446535500427716;0.19825491873396064;0.08667236954662104;0.5816595380667237
Cinza;Ciências Humanas e suas Tecnologias;14;0.005750059542036678;0.0003402402095879691;0.07472956319320827;0.22268245926331645;0.1616801314528276;0.4333493085033548;0.10755853758729289
Cinza;Ciências Humanas e suas Tecnologias;15;0.004491170766561192;0.0007145044401347351;0.8095286955332102;0.06193994117244682;0.03064505096107805;0.05893015938162665;0.038956152951638276
Cinza;Ciências Humanas e suas Tecnologias;16;0.0041169065360144265;0.00020414412575278147;0.1319710224166211;0.21217195188627666;0.26787178786221977;0.2876571897211591;0.10032804811372334
Cinza;Ciências Humanas e suas Tecnologias;17;0.005103603143819537;0.000748528461093532;0.07265820185495739;0.3131181765289709;0.046681953523392314;0.17122420342927547;0.39631746466340395
Cinza;Ciências Humanas e suas Tecnologias;18;0.006532612024089007;0.0012929127964342827;0.5580741401186516;0.15551592880902576;0.044237166077980866;0.055656527553924764;0.18651623744041698
Cinza;Ciências Humanas e suas Tecnologias;19;0.006328467898336226;0.0012248647545166887;0.11961328807981075;0.08800438822037095;0.13973739243717645;0.16222702183825294;0.4904179094243889
Cinza;Ciências Humanas e suas Tecnologias;20;0.00506957912286074;0.0010547446497227043;0.6261339906199719;0.15898120571017768;0.05799185238437575;0.04967306836465715;0.1072198829208175
Cinza;Ciências Humanas e suas Tecnologias;21;0.00506957912286074;0.0008506005239699228;0.07375842831228395;0.269158366704316;0.3821405346202553;0.24061334154772906;0.034329328815415686
Cinza;Ciências Humanas e suas Tecnologias;22;0.005920179646830662;0.0006804804191759382;0.07209644826523273;0.23810665479330068;0.24879268417988148;0.22426961674144605;0.21673459602013906
Cinza;Ciências Humanas e suas Tecnologias;23;0.005886155625871865;0.0005784083562995475;0.23410157186397726;0.0672237252148899;0.389712681072566;0.09225711448238073;0.21670490736618608
Cinza;Ciências Humanas e suas Tecnologias;24;0.008403933176822836;0.0008165765030111259;0.7735576923076923;0.051201923076923075;0.060679945054945054;0.07613324175824175;0.038427197802197804
Cinza;Ciências Humanas e suas Tecnologias;25;0.006294443877377429;0.0007145044401347351;0.047969847524413224;0.06133287647764262;0.16683227685454857;0.6139797841356861;0.10988521500770944
Cinza;Ciências Humanas e suas Tecnologias;26;0.008029668946276072;0.000782552482052329;0.14049842098036525;0.13634491281065494;0.14856515172319099;0.13088699711657284;0.44370451736921596
Cinza;Ciências Humanas e suas Tecnologias;27;0.006600660066006601;0.001122792691640298;0.14123577012755453;0.06161706213139487;0.15769441777533946;0.14243587985187217;0.497016870113839
Cinza;Ciências Humanas e suas Tecnologias;28;0.009935014119968697;0.0010207206287639074;0.09979703464171454;0.26185971309642575;0.10254910729643263;0.44476934191062645;0.09102480305480065
Cinza;Ciências Humanas e suas Tecnologias;29;0.007859548841482086;0.0013269368173930796;0.14896466467497682;0.06617217815322277;0.11603310325881666;0.13495415679406614;0.5338758971189176
Cinza;Ciências Humanas e suas Tecnologias;30;0.010377326392433057;0.00047633629342315676;0.15241469455145845;0.3739680792515135;0.10518712162905888;0.14264584479911943;0.22578425976884975
Cinza;Ciências Humanas e suas Tecnologias;31;0.007689428736688102;0.0008506005239699228;0.09265614275909403;0.4244337680164722;0.04687714481811942;0.3518188057652711;0.08421413864104324
Cinza;Ciências Humanas e suas Tecnologias;32;0.0066687081079241945;0.0013269368173930796;0.039271505007545615;0.24296885718205516;0.16607216353409246;0.12021539305803265;0.43147208121827413
Cinza;Ciências Humanas e suas Tecnologias;33;0.007757476778605696;0.0020754652784866117;0.15858016631159372;0.11061095457356883;0.19101779946395436;0.041852793622431446;0.49793828602845164
Cinza;Ciências Humanas e suas Tecnologias;34;0.005579939437242693;0.0011908407335578918;0.8263565360372704;0.0262058098109071;0.04819813647574678;0.06525760482323924;0.033981912852836395
Cinza;Ciências Humanas e suas Tecnologias;35;0.008301861113946447;0.000782552482052329;0.2300164812525752;0.26679027606098066;0.3359772009339376;0.11430435379755528;0.05291168795495124
Cinza;Ciências Humanas e suas Tecnologias;36;0.008199789051070055;0.0025858255928685654;0.20458141294627502;0.07216069340304052;0.0718855334663273;0.09726903762812135;0.5541033225562358
Cinza;Ciências Humanas e suas Tecnologias;37;0.008335885134905243;0.0008846245449287196;0.13677884615384617;0.12417582417582418;0.589010989010989;0.09203296703296704;0.05800137362637363
Cinza;Ciências Humanas e suas Tecnologias;38;0.009560749889421932;0.0015991289850634549;0.22420259436396794;0.399098510133159;0.05577538450951382;0.06561607542235832;0.25530743557100094
Cinza;Ciências Humanas e suas Tecnologias;39;0.013065224048178014;0.0008506005239699228;0.24256435028638465;0.300186322545028;0.23845835346076874;0.14167414257125113;0.07711683113656752
Cinza;Ciências Humanas e suas Tecnologias;40;0.008846245449287197;0.0013949848593106733;0.15252664145754555;0.4621519422481953;0.08728085252664146;0.06452389137160536;0.23351667239601237
Cinza;Ciências Humanas e suas Tecnologias;41;0.01177231125174373;0.0009866966078051105;0.09315550041356493;0.1382340777502068;0.619520264681555;0.063447752963882;0.08564240419079129
Cinza;Ciências Humanas e suas Tecnologias;42;0.009356605763669151;0.0010887686706815012;0.09042772658506396;0.11422087745839637;0.18797276853252648;0.5077362123504332;0.09964241507357997
Cinza;Ciências Humanas e suas Tecnologias;43;0.010955734748732605;0.0008846245449287196;0.220638363805392;0.26419447026822296;0.07933064766036567;0.37179354749853666;0.0640429707674827
Cinza;Ciências Humanas e suas Tecnologias;44;0.010309278350515464;0.0011908407335578918;0.44136577978177816;0.08030151791553368;0.23808212577014423;0.12387705228375727;0.1163735242487867
Cinza;Ciências Humanas e suas Tecnologias;45;0.007485284610935321;0.0010547446497227043;0.029993136582017844;0.15075497597803705;0.05065202470830474;0.7068634179821551;0.061736444749485246
Cinza;Matemática e suas Tecnologias;1;0.0023476574461569867;0.0005103603143819537;0.17285449093245753;0.27059831500785375;0.24992860202770242;0.2279380265600457;0.07868056547194059
Cinza;Matemática e suas Tecnologias;2;0.0013269368173930796;0.000748528461093532;0.1532370251471375;0.4086677367576244;0.20024968789013733;0.1400749063670412;0.09777064383805957
Cinza;Matemática e suas Tecnologias;3;0.0010547446497227043;0.0015310809431458609;0.07476802284082798;0.1390435403283369;0.37387580299785866;0.2953604568165596;0.11695217701641684
Cinza;Matemática e suas Tecnologias;4;0.0008846245449287196;0.001122792691640298;0.09548097157327817;0.08378214502264865;0.18675321896065913;0.1580411598958519;0.47594250454756215
Cinza;Matemática e suas Tecnologias;5;0.002994113844374128;0.0007145044401347351;0.06285060921141959;0.23660985457533856;0.4015078429270733;0.20966877478829457;0.08936291849787402
Cinza;Matemática e suas Tecnologias;6;0.0028920417814977373;0.0005103603143819537;0.0880125732247464;0.3025432204600657;0.2820760108586941;0.1713459065580797;0.15602228889841405
Cinza;Matemática e suas Tecnologias;7;0.0013269368173930796;0.0015991289850634549;0.3637272402713317;0.08811138878971796;0.0629418064976794;0.09410924669760799;0.391110317743663
Cinza;Matemática e suas Tecnologias;8;0.0008846245449287196;0.0008846245449287196;0.03958065896448438;0.16071173869633434;0.2793467408358294;0.4427328483811154;0.07762801312223648
Cinza;Matemática e suas Tecnologias;9;0.0028580177605389404;0.0008165765030111259;0.18429326854366157;0.3493282835500929;0.17260968986708589;0.14488352150921824;0.1488852365299414
Cinza;Matemática e suas Tecnologias;10;0.0025858255928685654;0.00047633629342315676;0.07598371777476255;0.172677283439263;0.29836463614939657;0.36170820538456044;0.09126615725201742
Cinza;Matemática e suas Tecnologias;11;0.0025177775509509716;0.00047633629342315676;0.16466723793201943;0.23811053984575836;0.15317052270779777;0.3075549842902028;0.13649671522422166
Cinza;Matemática e suas Tecnologias;12;0.002245585383280596;0.0012588887754754858;0.15743221519665632;0.31604329653842034;0.34112099453434785;0.11017039974279284;0.07523309398778266
Cinza;Matemática e suas Tecnologias;13;0.003368378074920894;0.0012929127964342827;0.15519153045530956;0.33903215422583066;0.2035122858471333;0.22422118101505775;0.07804284845666869
Cinza;Matemática e suas Tecnologias;14;0.001905345173692627;0.0008506005239699228;0.11379618061752632;0.15049080849544888;0.3338925575584508;0.1557023023380332;0.24611815099054077
Cinza;Matemática e suas Tecnologias;15;0.002687897655744956;0.0005103603143819537;0.16338118705806728;0.20148560817084493;0.266909506463824;0.2417684451110635;0.12645525319620027
Cinza;Matemática e suas Tecnologias;16;0.00275594569766255;0.0005103603143819537;0.15003571428571427;0.2900357142857143;0.21832142857142858;0.2682857142857143;0.07332142857142857
Cinza;Matemática e suas Tecnologias;17;0.0016671770269810486;0.0005784083562995475;0.1160542276132715;0.15511951480556546;0.3069211559043882;0.18904744916161256;0.23285765251516233
Cinza;Matemática e suas Tecnologias;18;0.0013949848593106733;0.0012588887754754858;0.03858233992433436;0.10407595117424513;0.16139624527089727;0.43336426582910986;0.26258119780141337
Cinza;Matemática e suas Tecnologias;19;0.0016671770269810486;0.0012929127964342827;0.21018244135813488;0.2548823592416723;0.2392802313542076;0.17583633831982576;0.11981862972615945
Cinza;Matemática e suas Tecnologias;20;0.002926065802456534;0.0009866966078051105;0.2200421714734999;0.220649726600193;0.2201493870840928;0.22450948858153746;0.11464922626067689
Cinza;Matemática e suas Tecnologias;21;0.0024837535299921743;0.0006464563982171413;0.13137408941579776;0.23210969861448363;0.3931224110841308;0.16929724325096415;0.07409655763462362
Cinza;Matemática e suas Tecnologias;22;0.0018032731108162362;0.0009186485658875166;0.1275342661336379;0.13263849229011992;0.4106225014277556;0.12539263278126786;0.20381210736721872
Cinza;Matemática e suas Tecnologias;23;0.0035725222006736754;0.000748528461093532;0.16904429904537166;0.2581786978440416;0.18506203296506846;0.274625478208016;0.11308949193750223
Cinza;Matemática e suas Tecnologias;24;0.0016331530060222517;0.001565104964104658;0.09138632954788943;0.22973359045782443;0.40829226483822584;0.1856295978858653;0.08495821727019498
Cinza;Matemática e suas Tecnologias;25;0.003096185907250519;0.000782552482052329;0.10438853548709885;0.2593810306625688;0.30759059395325566;0.15177614180544635;0.17686369809163033
Cinza;Matemática e suas Tecnologias;26;0.0013949848593106733;0.0009866966078051105;0.4201098979519018;0.12998644116177835;0.12377792050239064;0.1703061442945836;0.15581959608934562
Cinza;Matemática e suas Tecnologias;27;0.0025177775509509716;0.0007145044401347351;0.18502910610335346;0.33516660119281455;0.24406271204599836;0.08503267740437842;0.15070890325345523
Cinza;Matemática e suas Tecnologias;28;0.004321050661767208;0.0007145044401347351;0.11124230714183483;0.18087161872048088;0.3212752254186346;0.2614856161442679;0.12512523257478173
Cinza;Matemática e suas Tecnologias;29;0.0023476574461569867;0.001156816712599095;0.15564605437073553;0.44921944771907263;0.13674847283249383;0.15803950987746937;0.10034651520022862
Cinza;Matemática e suas Tecnologias;30;0.0036065462216324723;0.0008165765030111259;0.21780018594007008;0.17238789959236214;0.26900522062504467;0.19219766859758278;0.1486090252449403
Cinza;Matemática e suas Tecnologias;31;0.002926065802456534;0.00047633629342315676;0.10362194599228461;0.20142163166166596;0.20488641234462066;0.2731818831261609;0.2168881268752679
Cinza;Matemática e suas Tecnologias;32;0.002007417236569018;0.001122792691640298;0.12280388515926297;0.12123268104556492;0.5871661191258392;0.10344950721325524;0.0653478074560777
Cinza;Matemática e suas Tecnologias;33;0.004865434997107958;0.0016671770269810486;0.11414134174311927;0.2149870986238532;0.18384461009174313;0.28433199541284404;0.20269495412844038
Cinza;Matemática e suas Tecnologias;34;0.0020754652784866117;0.0017692490898574393;0.31147482400028587;0.4715005539077297;0.0766536825930029;0.06543258406889897;0.07493835543008255
Cinza;Matemática e suas Tecnologias;35;0.003844714368344051;0.0008846245449287196;0.2137568408627535;0.1824945451944057;0.257574131702257;0.2217691454734056;0.12440533676717816
Cinza;Matemática e suas Tecnologias;36;0.002653873634786159;0.0009526725868463135;0.09117541979278314;0.36266523758485175;0.2038227938549482;0.22997499106823865;0.11236155769917827
Cinza;Matemática e suas Tecnologias;37;0.0021775373413630023;0.001156816712599095;0.3994928209157797;0.10036431173655261;0.1050789342095864;0.24719622830202156;0.1478677048360597
Cinza;Matemática e suas Tecnologias;38;0.0020754652784866117;0.0010207206287639074;0.1831458668094983;0.18257454026066774;0.19735761471165864;0.3487234422424567;0.08819853597571863
Cinza;Matemática e suas Tecnologias;39;0.0024157054880745805;0.000782552482052329;0.5783872580529962;0.11545603885436755;0.07842296978787229;0.1302406970930648;0.09749303621169916
Cinza;Matemática e suas Tecnologias;40;0.0021094892994454086;0.0008506005239699228;0.10039630118890357;0.3767003463172552;0.32100396301188905;0.09900389160626942;0.10289549787568282
Cinza;Matemática e suas Tecnologias;41;0.0031982579701269097;0.0010547446497227043;0.11190161238425513;0.26702656322619855;0.2615208608916378;0.16613635551106504;0.1934146079868435
Cinza;Matemática e suas Tecnologias;42;0.0028580177605389404;0.000782552482052329;0.24781164028725572;0.3719318303619279;0.1454142698917432;0.10936439315445354;0.12547786630461968
Cinza;Matemática e suas Tecnologias;43;0.0049675070599843486;0.0012248647545166887;0.10589668266819517;0.20509421795514796;0.3435910295908863;0.23801676578061187;0.1074013040051587
Cinza;Matemática e suas Tecnologias;44;0.0021775373413630023;0.0017012010479398455;0.15824458580516046;0.11789721964119791;0.07104567221785434;0.40447430491029945;0.2483382174254878
Cinza;Matemática e suas Tecnologias;45;0.002007417236569018;0.0006804804191759382;0.1544062533461827;0.2090516472141914;0.08930292322518471;0.4819930756326516;0.06524610058178963
Cinza;Ciências Naturais e suas Tecnologias;1;0.0017012010479398455;0.0005443843353407506;0.15772386728505172;0.33442739921512665;0.19875133785230112;0.23257224402425972;0.07652515162326079
Cinza;Ciências Naturais e suas Tecnologias;2;0.0025177775509509716;0.0005443843353407506;0.09294436906377204;0.17628365350282083;0.3883096479325859;0.2771548953795615;0.06530743412125974
Cinza;Ciências Naturais e suas Tecnologias;3;0.003946786431220442;0.0010207206287639074;0.1647227191413238;0.18876565295169948;0.3241144901610018;0.23069767441860464;0.0916994633273703
Cinza;Ciências Naturais e suas Tecnologias;4;0.0010207206287639074;0.0014290088802694702;0.11689980017128176;0.252141021981159;0.155152726234656;0.20557379389095062;0.2702326577219526
Cinza;Ciências Naturais e suas Tecnologias;5;0.0017012010479398455;0.0007145044401347351;0.11429081177520072;0.2760035682426405;0.20895628902765387;0.2336485280999108;0.1671008028545941
Cinza;Ciências Naturais e suas Tecnologias;6;0.0037086182845088634;0.0005784083562995475;0.19967822667143367;0.25033964962459776;0.2530210940293171;0.16110117983553807;0.13585984983911334
Cinza;Ciências Naturais e suas Tecnologias;7;0.0009526725868463135;0.0008165765030111259;0.3645343032377692;0.2809513621452004;0.05195407217230067;0.2257523891028384;0.07680787334189132
Cinza;Ciências Naturais e suas Tecnologias;8;0.000782552482052329;0.0013269368173930796;0.2857601483912392;0.2032888635228651;0.1775344224869801;0.246022686737533;0.08739387886138261
Cinza;Ciências Naturais e suas Tecnologias;9;0.001565104964104658;0.0006464563982171413;0.12218615104705505;0.09239770254361243;0.07866290892226463;0.14630230815882417;0.5604509293282437
Cinza;Ciências Naturais e suas Tecnologias;10;0.003946786431220442;0.00047633629342315676;0.12111134949581635;0.4095330043624401;0.23288993778159192;0.17006364871629837;0.06640205964385325
Cinza;Ciências Naturais e suas Tecnologias;11;0.001463032901228267;0.0008846245449287196;0.056267170942305635;0.28600991900667216;0.27701858921754025;0.2921468583865558;0.08855746244692618
Cinza;Ciências Naturais e suas Tecnologias;12;0.0011908407335578918;0.0008846245449287196;0.15691100410201533;0.12177635098983414;0.21419654003923666;0.061565899768146956;0.44555020510076687
Cinza;Ciências Naturais e suas Tecnologias;13;0.0010547446497227043;0.0012929127964342827;0.490027473507689;0.0824562029471581;0.16277161308738003;0.057194847825311305;0.20754986263246156
Cinza;Ciências Naturais e suas Tecnologias;14;0.0021435133204042054;0.0009866966078051105;0.10209255820597057;0.06974003713755178;0.11673332381088417;0.26564062276817596;0.4457934580774175
Cinza;Ciências Naturais e suas Tecnologias;15;0.0007145044401347351;0.0013949848593106733;0.09948633801812086;0.04630092031105087;0.057323250338874226;0.7387814796318756;0.058108011700078475
Cinza;Ciências Naturais e suas Tecnologias;16;0.000782552482052329;0.0005103603143819537;0.1857580725639746;0.17160881032147693;0.24955449426188608;0.2694062299522418;0.12367239290042056
Cinza;Ciências Naturais e suas Tecnologias;17;0.0009526725868463135;0.0006124323772583443;0.2409625668449198;0.4790017825311943;0.1895187165775401;0.06149732620320856;0.029019607843137254
Cinza;Ciências Naturais e suas Tecnologias;18;0.0009526725868463135;0.0010207206287639074;0.05756473357586133;0.10999358014123689;0.10756830016406306;0.14776374919751764;0.5771096369213211
Cinza;Ciências Naturais e suas Tecnologias;19;0.0017352250688986424;0.0006464563982171413;0.322843074288161;0.09059444801255977;0.2691429386997788;0.20188396488974525;0.11553557410975522
Cinza;Ciências Naturais e suas Tecnologias;20;0.0008846245449287196;0.0018372971317750333;0.1902841233580811;0.03990576813249572;0.07310108509423187;0.13438749286122215;0.5623215305539692
Cinza;Ciências Naturais e suas Tecnologias;21;0.001973393215610221;0.0005443843353407506;0.11437442009849404;0.39119263435871815;0.09827992291770751;0.3045107415602027;0.0916422810648776
Cinza;Ciências Naturais e suas Tecnologias;22;0.000782552482052329;0.0009526725868463135;0.38135139953645925;0.12276698163665538;0.2514173649491888;0.09741486896059903;0.14704938491709751
Cinza;Ciências Naturais e suas Tecnologias;23;0.0015991289850634549;0.0005784083562995475;0.3724671803652968;0.17123287671232876;0.11854309360730593;0.1813998287671233;0.1563570205479452
Cinza;Ciências Naturais e suas Tecnologias;24;0.0017012010479398455;0.0003062161886291722;0.10849948282626529;0.11998430645218817;0.4507258265862967;0.23098049006669757;0.08980989406855228
Cinza;Ciências Naturais e suas Tecnologias;25;0.0018713211527338301;0.000374264230546766;0.3432037103103817;0.22393863717445595;0.2273635390652872;0.12465215840171245;0.08084195504816269
Cinza;Ciências Naturais e suas Tecnologias;26;0.0016331530060222517;0.0004423122724643598;0.2016051364365971;0.2155163188871054;0.3441055823078295;0.10429819868022115;0.13447476368824685
Cinza;Ciências Naturais e suas Tecnologias;27;0.0011908407335578918;0.0008846245449287196;0.12088460852505796;0.1947565543071161;0.40841804886748706;0.14292848225432495;0.1330123060460139
Cinza;Ciências Naturais e suas Tecnologias;28;0.0011908407335578918;0.0008846245449287196;0.10543962903513465;0.1856964508649902;0.17182093811307295;0.26723738184412343;0.2698056001426788
Cinza;Ciências Naturais e suas Tecnologias;29;0.0013269368173930796;0.000748528461093532;0.15534153736400927;0.10529695024077046;0.19108257535223827;0.2776172641341181;0.2706616729088639
Cinza;Ciências Naturais e suas Tecnologias;30;0.001497056922187064;0.0005784083562995475;0.11596219011949349;0.19104690565364724;0.10404851079008383;0.4098091671125379;0.17913322632423756
Cinza;Ciências Naturais e suas Tecnologias;31;0.0008846245449287196;0.0006804804191759382;0.11080213903743316;0.16502673796791445;0.15322638146167558;0.1360427807486631;0.4349019607843137
Cinza;Ciências Naturais e suas Tecnologias;32;0.0015310809431458609;0.0007145044401347351;0.19489832322511594;0.32072779165180165;0.11220121298608633;0.19197288619336425;0.1801997859436318
Cinza;Ciências Naturais e suas Tecnologias;33;0.0010207206287639074;0.0012588887754754858;0.16115451853437512;0.38717043062542367;0.18020621499161582;0.17235720146990616;0.09911163437867923
Cinza;Ciências Naturais e suas Tecnologias;34;0.0016331530060222517;0.0007145044401347351;0.203196917258358;0.2401255931780069;0.1369750597637992;0.08688050808149285;0.332821921718343
Cinza;Ciências Naturais e suas Tecnologias;35;0.0015991289850634549;0.0008165765030111259;0.12463871543264941;0.12538804638715434;0.5495093666369313;0.09826940231935771;0.10219446922390722
Cinza;Ciências Naturais e suas Tecnologias;36;0.000782552482052329;0.0009186485658875166;0.16048634386365257;0.45646437994722955;0.09217000641802753;0.14939741852670613;0.14148185124438423
Cinza;Ciências Naturais e suas Tecnologias;37;0.0035384981797148786;0.0003402402095879691;0.20359516832249303;0.12350796940890572;0.3256736473447216;0.24069044385676505;0.10653277106711458
Cinza;Ciências Naturais e suas Tecnologias;38;0.0012929127964342827;0.0008165765030111259;0.11792823000642078;0.3579581936220304;0.07861882000428051;0.13633445102375685;0.30916030534351147
Cinza;Ciências Naturais e suas Tecnologias;39;0.0013269368173930796;0.000782552482052329;0.09481344082185918;0.16504958264963973;0.2046443604194906;0.3698722979239495;0.165620318185061
Cinza;Ciências Naturais e suas Tecnologias;40;0.00231363342519819;0.00047633629342315676;0.13043478260869565;0.2595131005925609;0.14257157135717854;0.35278789176840153;0.11469265367316342
Cinza;Ciências Naturais e suas Tecnologias;41;0.00231363342519819;0.0009526725868463135;0.12907142857142856;0.16075;0.3172142857142857;0.26085714285714284;0.13210714285714287
Cinza;Ciências Naturais e suas Tecnologias;42;0.001463032901228267;0.000748528461093532;0.38154186436445364;0.17862366665477508;0.10991402375940923;0.20748457065391887;0.12243587456744319
Cinza;Ciências Naturais e suas Tecnologias;43;0.0017692490898574393;0.0013269368173930796;0.09955365113372612;0.13026245313336904;0.21514015354401;0.3273344045706124;0.22770933761828244
Cinza;Ciências Naturais e suas Tecnologias;44;0.001905345173692627;0.0007145044401347351;0.09500695956315358;0.11577857882151397;0.4594739284057247;0.14251043934473037;0.1872300938648774
Cinza;Ciências Naturais e suas Tecnologias;45;0.0023816814671157836;0.00047633629342315676;0.19034699414536627;0.2712765957446808;0.2516064543766957;0.2106597172640297;0.07611023846922747
Cinza;Inglês;1;0.0028920417814977373;0.00047633629342315676;0.0750375529154718;0.13904820428786016;0.2531407892940052;0.15731257681278166;0.3754608766898812
Cinza;Inglês;2;0.0028920417814977373;0.0005784083562995475;0.6126190720065554;0.12410802690429855;0.04110758305165762;0.13438492266721294;0.08778039537027553
Cinza;Inglês;3;0.0021775373413630023;0.0010547446497227043;0.8853427089022392;0.040346805024576736;0.039425177498634625;0.020685417804478426;0.014199890770071
Cinza;Inglês;4;0.003470450137797285;0.0009866966078051105;0.5303144224196856;0.26701982228298016;0.056117566643882434;0.11090225563909774;0.035645933014354064
Cinza;Inglês;5;0.004048858494096833;0.0005103603143819537;0.17889735789725536;0.028847797108384317;0.6166387531189117;0.08131387360289845;0.09430221827255016
Cinza;Espanhol;1;0.0010547446497227043;0.00020414412575278147;0.06727197688815519;0.16618516989957352;0.3737790617691567;0.3217774109230981;0.0709863805200165
Cinza;Espanhol;2;0.0012929127964342827;0.0003062161886291722;0.125086100013776;0.1994765119162419;0.06336961013913762;0.4758231161316986;0.13624466179914588
Cinza;Espanhol;3;0.0013609608383518765;0.0006124323772583443;0.21564569536423842;0.15135209713024284;0.4121136865342163;0.12858719646799116;0.09230132450331126
Cinza;Espanhol;4;0.0013949848593106733;0.0004423122724643598;0.2222835079977937;0.08190843905129619;0.12079426365140651;0.44387755102040816;0.13113623827909543
Cinza;Espanhol;5;0.0017352250688986424;0.0003062161886291722;0.3504002208114822;0.14642561413193486;0.25683135523047196;0.1293127242616616;0.11703008556444935
Laranja;Linguagens, Códigos e suas Tecnologias;1;0.0;0.0;0.12903225806451613;0.12903225806451613;0.3548387096774194;0.1935483870967742;0.1935483870967742
Laranja;Linguagens, Códigos e suas Tecnologias;2;0.0;0.0;0.1935483870967742;0.45161290322580644;0.03225806451612903;0.16129032258064516;0.16129032258064516
Laranja;Linguagens, Códigos e suas Tecnologias;3;0.0;0.0;0.06451612903225806;0.06451612903225806;;0.16129032258064516;0.7096774193548387
Laranja;Linguagens, Códigos e suas Tecnologias;4;0.0;0.0;0.06451612903225806;0.16129032258064516;0.22580645161290322;0.45161290322580644;0.0967741935483871
Laranja;Linguagens, Códigos e suas Tecnologias;5;0.0;0.0;0.6129032258064516;0.16129032258064516;0.06451612903225806;0.03225806451612903;0.12903225806451613
Laranja;Linguagens, Códigos e suas Tecnologias;6;0.0;0.0;0.03225806451612903;0.0967741935483871;0.06451612903225806;0.6774193548387096;0.12903225806451613
Laranja;Linguagens, Códigos e suas Tecnologias;7;0.0;0.0;0.1935483870967742;;0.22580645161290322;0.25806451612903225;0.3225806451612903
Laranja;Linguagens, Códigos e suas Tecnologias;8;0.0;0.0;0.0967741935483871;0.03225806451612903;0.06451612903225806;0.06451612903225806;0.7419354838709677
Laranja;Linguagens, Códigos e suas Tecnologias;9;0.03225806451612903;0.0;0.1;0.6333333333333333;0.1;0.1;0.06666666666666667
Laranja;Linguagens, Códigos e suas Tecnologias;10;0.0;0.0;0.12903225806451613;0.06451612903225806;0.06451612903225806;0.6129032258064516;0.12903225806451613
Laranja;Linguagens, Códigos e suas Tecnologias;11;0.0;0.0;0.16129032258064516;0.0967741935483871;0.03225806451612903;0.5483870967741935;0.16129032258064516
Laranja;Linguagens, Códigos e suas Tecnologias;12;0.0;0.0;0.03225806451612903;0.3548387096774194;0.2903225806451613;0.16129032258064516;0.16129032258064516
Laranja;Linguagens, Códigos e suas Tecnologias;13;0.0;0.0;;0.06451612903225806;0.06451612903225806;0.8064516129032258;0.06451612903225806
Laranja;Linguagens, Códigos e suas Tecnologias;14;0.0;0.0;0.2903225806451613;0.1935483870967742;0.22580645161290322;0.12903225806451613;0.16129032258064516
Laranja;Linguagens, Códigos e suas Tecnologias;15;0.0;0.0;;0.8387096774193549;0.03225806451612903;0.03225806451612903;0.0967741935483871
Laranja;Linguagens, Códigos e suas Tecnologias;16;0.0;0.0;0.1935483870967742;;0.25806451612903225;0.4838709677419355;0.06451612903225806
Laranja;Linguagens, Códigos e suas Tecnologias;17;0.0;0.0;0.41935483870967744;0.03225806451612903;0.12903225806451613;0.1935483870967742;0.22580645161290322
Laranja;Linguagens, Códigos e suas Tecnologias;18;0.03225806451612903;0.0;0.2;0.13333333333333333;0.2;0.2;0.26666666666666666
Laranja;Linguagens, Códigos e suas Tecnologias;19;0.03225806451612903;0.0;0.26666666666666666;0.3;0.23333333333333334;0.16666666666666666;0.03333333333333333
Laranja;Linguagens, Códigos e suas Tecnologias;20;0.03225806451612903;0.0;0.1;0.3;0.23333333333333334;0.06666666666666667;0.3
Laranja;Linguagens, Códigos e suas Tecnologias;21;0.03225806451612903;0.0;0.26666666666666666;0.1;0.16666666666666666;0.26666666666666666;0.2
Laranja;Linguagens, Códigos e suas Tecnologias;22;0.03225806451612903;0.0;0.1;0.16666666666666666;0.3;0.06666666666666667;0.36666666666666664
Laranja;Linguagens, Códigos e suas Tecnologias;23;0.03225806451612903;0.0;0.16666666666666666;0.3;0.2;0.23333333333333334;0.1
Laranja;Linguagens, Códigos e suas Tecnologias;24;0.03225806451612903;0.0;0.16666666666666666;0.16666666666666666;0.16666666666666666;0.3;0.2
Laranja;Linguagens, Códigos e suas Tecnologias;25;0.03225806451612903;0.0;0.16666666666666666;0.13333333333333333;0.2;0.26666666666666666;0.23333333333333334
Laranja;Linguagens, Códigos e suas Tecnologias;26;0.03225806451612903;0.0;0.2;0.3333333333333333;0.16666666666666666;0.3;
Laranja;Linguagens, Códigos e suas Tecnologias;27;0.03225806451612903;0.0;0.23333333333333334;0.13333333333333333;;0.5333333333333333;0.1
Laranja;Linguagens, Códigos e suas Tecnologias;28;0.03225806451612903;0.0;0.16666666666666666;0.23333333333333334;0.4666666666666667;0.1;0.03333333333333333
Laranja;Linguagens, Códigos e suas Tecnologias;29;0.03225806451612903;0.0;0.16666666666666666;0.36666666666666664;0.06666666666666667;0.16666666666666666;0.23333333333333334
Laranja;Linguagens, Códigos e suas Tecnologias;30;0.03225806451612903;0.0;0.3;0.06666666666666667;0.23333333333333334;0.16666666666666666;0.23333333333333334
Laranja;Linguagens, Códigos e suas Tecnologias;31;0.03225806451612903;0.0;0.03333333333333333;0.1;0.03333333333333333;0.06666666666666667;0.7666666666666667
Laranja;Linguagens, Códigos e suas Tecnologias;32;0.03225806451612903;0.0;0.06666666666666667;0.1;0.23333333333333334;0.5333333333333333;0.06666666666666667
Laranja;Linguagens, Códigos e suas Tecnologias;33;0.03225806451612903;0.0;0.13333333333333333;0.1;0.06666666666666667;0.6333333333333333;0.06666666666666667
Laranja;Linguagens, Códigos e suas Tecnologias;34;0.03225806451612903;0.0;0.3;0.06666666666666667;0.3333333333333333;0.1;0.2
Laranja;Linguagens, Códigos e suas Tecnologias;35;0.03225806451612903;0.0;0.13333333333333333;0.16666666666666666;0.03333333333333333;0.1;0.5666666666666667
Laranja;Linguagens, Códigos e suas Tecnologias;36;0.06451612903225806;0.0;0.06896551724137931;;0.7586206896551724;0.13793103448275862;0.034482758620689655
Laranja;Linguagens, Códigos e suas Tecnologias;37;0.06451612903225806;0.0;;0.7931034482758621;0.10344827586206896;0.06896551724137931;0.034482758620689655
Laranja;Linguagens, Códigos e suas Tecnologias;38;0.06451612903225806;0.0;0.06896551724137931;0.034482758620689655;0.06896551724137931;0.06896551724137931;0.7586206896551724
Laranja;Linguagens, Códigos e suas Tecnologias;39;0.06451612903225806;0.0;0.034482758620689655;0.034482758620689655;0.6206896551724138;0.10344827586206896;0.20689655172413793
Laranja;Linguagens, Códigos e suas Tecnologias;40;0.06451612903225806;0.0;0.13793103448275862;0.20689655172413793;0.3103448275862069;0.1724137931034483;0.1724137931034483
Laranja;Ciências Humanas e suas Tecnologias;1;0.0;0.0;0.5806451612903226;0.16129032258064516;0.03225806451612903;0.06451612903225806;0.16129032258064516
Laranja;Ciências Humanas e suas Tecnologias;2;0.0;0.0;0.12903225806451613;0.16129032258064516;0.41935483870967744;0.1935483870967742;0.0967741935483871
Laranja;Ciências Humanas e suas Tecnologias;3;0.06451612903225806;0.0;0.1724137931034483;0.20689655172413793;0.13793103448275862;0.20689655172413793;0.27586206896551724
Laranja;Ciências Humanas e suas Tecnologias;4;0.03225806451612903;0.0;0.4;0.06666666666666667;0.16666666666666666;0.06666666666666667;0.3
Laranja;Ciências Humanas e suas Tecnologias;5;0.03225806451612903;0.0;0.6666666666666666;;0.13333333333333333;0.13333333333333333;0.06666666666666667
Laranja;Ciências Humanas e suas Tecnologias;6;0.03225806451612903;0.0;0.16666666666666666;0.06666666666666667;0.1;0.5;0.16666666666666666
Laranja;Ciências Humanas e suas Tecnologias;7;0.03225806451612903;0.0;0.2;0.16666666666666666;0.16666666666666666;0.03333333333333333;0.43333333333333335
Laranja;Ciências Humanas e suas Tecnologias;8;0.03225806451612903;0.0;0.03333333333333333;0.1;0.16666666666666666;0.16666666666666666;0.5333333333333333
Laranja;Ciências Humanas e suas Tecnologias;9;0.03225806451612903;0.0;0.06666666666666667;0.3;0.3333333333333333;0.13333333333333333;0.16666666666666666
Laranja;Ciências Humanas e suas Tecnologias;10;0.03225806451612903;0.0;0.1;0.23333333333333334;0.06666666666666667;0.03333333333333333;0.5666666666666667
Laranja;Ciências Humanas e suas Tecnologias;11;0.03225806451612903;0.0;0.6;0.03333333333333333;0.06666666666666667;0.06666666666666667;0.23333333333333334
Laranja;Ciências Humanas e suas Tecnologias;12;0.03225806451612903;0.0;0.03333333333333333;0.26666666666666666;0.13333333333333333;0.16666666666666666;0.4
Laranja;Ciências Humanas e suas Tecnologias;13;0.03225806451612903;0.0;0.06666666666666667;0.03333333333333333;0.8;0.06666666666666667;0.03333333333333333
Laranja;Ciências Humanas e suas Tecnologias;14;0.03225806451612903;0.0;0.03333333333333333;0.16666666666666666;0.16666666666666666;0.03333333333333333;0.6
Laranja;Ciências Humanas e suas Tecnologias;15;0.06451612903225806;0.0;0.10344827586206896;0.20689655172413793;0.1724137931034483;0.3793103448275862;0.13793103448275862
Laranja;Ciências Humanas e suas Tecnologias;16;0.06451612903225806;0.0;0.6896551724137931;0.10344827586206896;0.034482758620689655;0.13793103448275862;0.034482758620689655
Laranja;Ciências Humanas e suas Tecnologias;17;0.03225806451612903;0.0;0.2;0.06666666666666667;0.16666666666666666;0.36666666666666664;0.2
Laranja;Ciências Humanas e suas Tecnologias;18;0.03225806451612903;0.0;0.13333333333333333;0.3333333333333333;0.23333333333333334;0.1;0.2
Laranja;Ciências Humanas e suas Tecnologias;19;0.03225806451612903;0.0;0.26666666666666666;0.16666666666666666;0.36666666666666664;0.13333333333333333;0.06666666666666667
Laranja;Ciências Humanas e suas Tecnologias;20;0.03225806451612903;0.0;0.23333333333333334;0.1;0.06666666666666667;0.5333333333333333;0.06666666666666667
Laranja;Ciências Humanas e suas Tecnologias;21;0.03225806451612903;0.0;0.16666666666666666;0.43333333333333335;0.1;0.06666666666666667;0.23333333333333334
Laranja;Ciências Humanas e suas Tecnologias;22;0.03225806451612903;0.0;0.06666666666666667;0.2;0.3333333333333333;0.16666666666666666;0.23333333333333334
Laranja;Ciências Humanas e suas Tecnologias;23;0.06451612903225806;0.0;0.3103448275862069;0.4827586206896552;0.10344827586206896;0.06896551724137931;0.034482758620689655
Laranja;Ciências Humanas e suas Tecnologias;24;0.06451612903225806;0.0;0.034482758620689655;0.20689655172413793;0.41379310344827586;0.06896551724137931;0.27586206896551724
Laranja;Ciências Humanas e suas Tecnologias;25;0.06451612903225806;0.0;0.3793103448275862;0.1724137931034483;0.10344827586206896;0.20689655172413793;0.13793103448275862
Laranja;Ciências Humanas e suas Tecnologias;26;0.12903225806451613;0.0;0.3333333333333333;0.2222222222222222;0.2222222222222222;0.14814814814814814;0.07407407407407407
Laranja;Ciências Humanas e suas Tecnologias;27;0.12903225806451613;0.0;0.1111111111111111;0.25925925925925924;;0.48148148148148145;0.14814814814814814
Laranja;Ciências Humanas e suas Tecnologias;28;0.12903225806451613;0.0;0.2222222222222222;0.3333333333333333;0.2222222222222222;0.18518518518518517;0.037037037037037035
Laranja;Ciências Humanas e suas Tecnologias;29;0.12903225806451613;0.0;0.1111111111111111;0.4074074074074074;0.18518518518518517;0.037037037037037035;0.25925925925925924
Laranja;Ciências Humanas e suas Tecnologias;30;0.12903225806451613;0.0;0.07407407407407407;0.07407407407407407;0.7407407407407407;0.07407407407407407;0.037037037037037035
Laranja;Ciências Humanas e suas Tecnologias;31;0.12903225806451613;0.0;0.07407407407407407;;0.14814814814814814;0.5555555555555556;0.2222222222222222
Laranja;Ciências Humanas e suas Tecnologias;32;0.12903225806451613;0.0;0.07407407407407407;0.2222222222222222;0.14814814814814814;0.14814814814814814;0.4074074074074074
Laranja;Ciências Humanas e suas Tecnologias;33;0.12903225806451613;0.0;0.6296296296296297;0.14814814814814814;0.1111111111111111;0.07407407407407407;0.037037037037037035
Laranja;Ciências Humanas e suas Tecnologias;34;0.12903225806451613;0.0;0.25925925925925924;0.14814814814814814;0.18518518518518517;0.07407407407407407;0.3333333333333333
Laranja;Ciências Humanas e suas Tecnologias;35;0.12903225806451613;0.0;0.2222222222222222;0.18518518518518517;0.4444444444444444;0.1111111111111111;0.037037037037037035
Laranja;Ciências Humanas e suas Tecnologias;36;0.16129032258064516;0.0;0.4230769230769231;0.15384615384615385;0.15384615384615385;0.07692307692307693;0.19230769230769232
Laranja;Ciências Humanas e suas Tecnologias;37;0.16129032258064516;0.0;0.11538461538461539;0.19230769230769232;0.23076923076923078;0.19230769230769232;0.2692307692307692
Laranja;Ciências Humanas e suas Tecnologias;38;0.16129032258064516;0.0;0.07692307692307693;0.11538461538461539;0.15384615384615385;0.5384615384615384;0.11538461538461539
Laranja;Ciências Humanas e suas Tecnologias;39;0.16129032258064516;0.0;0.23076923076923078;0.07692307692307693;0.038461538461538464;0.07692307692307693;0.5769230769230769
Laranja;Ciências Humanas e suas Tecnologias;40;0.16129032258064516;0.0;0.11538461538461539;0.2692307692307692;0.11538461538461539;0.15384615384615385;0.34615384615384615
Laranja;Ciências Humanas e suas Tecnologias;41;0.16129032258064516;0.0;0.07692307692307693;0.38461538461538464;0.15384615384615385;0.3076923076923077;0.07692307692307693
Laranja;Ciências Humanas e suas Tecnologias;42;0.16129032258064516;0.0;0.23076923076923078;0.4230769230769231;0.15384615384615385;0.15384615384615385;0.038461538461538464
Laranja;Ciências Humanas e suas Tecnologias;43;0.16129032258064516;0.0;0.11538461538461539;0.11538461538461539;0.15384615384615385;0.11538461538461539;0.5
Laranja;Ciências Humanas e suas Tecnologias;44;0.16129032258064516;0.0;0.15384615384615385;0.11538461538461539;0.6153846153846154;0.07692307692307693;0.038461538461538464
Laranja;Ciências Humanas e suas Tecnologias;45;0.16129032258064516;0.0;0.15384615384615385;0.3076923076923077;0.11538461538461539;0.07692307692307693;0.34615384615384615
Laranja;Matemática e suas Tecnologias;1;0.0;0.0;0.37037037037037035;0.14814814814814814;0.25925925925925924;0.2222222222222222;
Laranja;Matemática e suas Tecnologias;2;0.03225806451612903;0.0;0.11538461538461539;0.23076923076923078;0.23076923076923078;0.23076923076923078;0.19230769230769232
Laranja;Matemática e suas Tecnologias;3;0.0;0.0;0.14814814814814814;0.5185185185185185;0.1111111111111111;0.07407407407407407;0.14814814814814814
Laranja;Matemática e suas Tecnologias;4;0.0;0.0;0.2962962962962963;0.2222222222222222;0.18518518518518517;0.14814814814814814;0.14814814814814814
Laranja;Matemática e suas Tecnologias;5;0.0;0.0;0.25925925925925924;0.25925925925925924;0.18518518518518517;0.18518518518518517;0.1111111111111111
Laranja;Matemática e suas Tecnologias;6;0.0;0.0;0.2962962962962963;0.2222222222222222;0.2222222222222222;0.14814814814814814;0.1111111111111111
Laranja;Matemática e suas Tecnologias;7;0.0;0.0;0.2962962962962963;0.14814814814814814;0.1111111111111111;0.3333333333333333;0.1111111111111111
Laranja;Matemática e suas Tecnologias;8;0.0;0.0;0.25925925925925924;0.07407407407407407;0.2962962962962963;0.14814814814814814;0.2222222222222222
Laranja;Matemática e suas Tecnologias;9;0.0;0.0;0.18518518518518517;0.1111111111111111;0.18518518518518517;0.37037037037037035;0.14814814814814814
Laranja;Matemática e suas Tecnologias;10;0.0;0.0;0.037037037037037035;0.14814814814814814;0.3333333333333333;0.18518518518518517;0.2962962962962963
Laranja;Matemática e suas Tecnologias;11;0.0;0.0;0.14814814814814814;0.2222222222222222;0.2222222222222222;0.2222222222222222;0.18518518518518517
Laranja;Matemática e suas Tecnologias;12;0.0;0.0;0.18518518518518517;0.2962962962962963;0.1111111111111111;0.37037037037037035;0.037037037037037035
Laranja;Matemática e suas Tecnologias;13;0.0;0.0;0.2962962962962963;0.18518518518518517;0.25925925925925924;0.14814814814814814;0.1111111111111111
Laranja;Matemática e suas Tecnologias;14;0.0;0.0;0.18518518518518517;0.2222222222222222;0.2962962962962963;0.14814814814814814;0.14814814814814814
Laranja;Matemática e suas Tecnologias;15;0.0;0.0;0.14814814814814814;0.3333333333333333;0.14814814814814814;0.2222222222222222;0.14814814814814814
Laranja;Matemática e suas Tecnologias;16;0.0;0.0;0.5185185185185185;0.037037037037037035;0.07407407407407407;0.14814814814814814;0.2222222222222222
Laranja;Matemática e suas Tecnologias;17;0.0;0.0;0.2222222222222222;0.25925925925925924;0.18518518518518517;0.2222222222222222;0.1111111111111111
Laranja;Matemática e suas Tecnologias;18;0.0;0.0;0.07407407407407407;0.14814814814814814;0.48148148148148145;0.18518518518518517;0.1111111111111111
Laranja;Matemática e suas Tecnologias;19;0.0;0.0;0.037037037037037035;0.2222222222222222;0.25925925925925924;0.18518518518518517;0.2962962962962963
Laranja;Matemática e suas Tecnologias;20;0.0;0.0;0.2222222222222222;0.25925925925925924;0.2962962962962963;0.14814814814814814;0.07407407407407407
Laranja;Matemática e suas Tecnologias;21;0.0;0.0;0.18518518518518517;0.4444444444444444;0.14814814814814814;0.1111111111111111;0.1111111111111111
Laranja;Matemática e suas Tecnologias;22;0.0;0.0;0.14814814814814814;0.25925925925925924;0.3333333333333333;0.1111111111111111;0.14814814814814814
Laranja;Matemática e suas Tecnologias;23;0.0;0.0;0.14814814814814814;0.1111111111111111;0.3333333333333333;0.25925925925925924;0.14814814814814814
Laranja;Matemática e suas Tecnologias;24;0.0;0.0;0.3333333333333333;0.3333333333333333;0.07407407407407407;0.14814814814814814;0.1111111111111111
Laranja;Matemática e suas Tecnologias;25;0.0;0.0;0.2962962962962963;0.25925925925925924;0.2222222222222222;0.07407407407407407;0.14814814814814814
Laranja;Matemática e suas Tecnologias;26;0.0;0.0;0.037037037037037035;0.25925925925925924;0.2962962962962963;0.2962962962962963;0.1111111111111111
Laranja;Matemática e suas Tecnologias;27;0.0;0.0;0.25925925925925924;0.07407407407407407;0.14814814814814814;0.2222222222222222;0.2962962962962963
Laranja;Matemática e suas Tecnologias;28;0.0;0.0;0.14814814814814814;0.4074074074074074;0.18518518518518517;0.1111111111111111;0.14814814814814814
Laranja;Matemática e suas Tecnologias;29;0.0;0.0;0.18518518518518517;0.1111111111111111;0.3333333333333333;0.18518518518518517;0.18518518518518517
Laranja;Matemática e suas Tecnologias;30;0.0;0.0;0.14814814814814814;0.48148148148148145;0.14814814814814814;0.1111111111111111;0.1111111111111111
Laranja;Matemática e suas Tecnologias;31;0.0;0.0;0.2962962962962963;0.2962962962962963;0.1111111111111111;0.07407407407407407;0.2222222222222222
Laranja;Matemática e suas Tecnologias;32;0.0;0.0;0.25925925925925924;0.18518518518518517;0.2222222222222222;0.14814814814814814;0.18518518518518517
Laranja;Matemática e suas Tecnologias;33;0.03225806451612903;0.0;0.23076923076923078;0.11538461538461539;0.19230769230769232;0.4230769230769231;0.038461538461538464
Laranja;Matemática e suas Tecnologias;34;0.03225806451612903;0.0;0.19230769230769232;0.19230769230769232;0.23076923076923078;0.15384615384615385;0.23076923076923078
Laranja;Matemática e suas Tecnologias;35;0.03225806451612903;0.0;0.11538461538461539;0.15384615384615385;0.34615384615384615;0.19230769230769232;0.19230769230769232
Laranja;Matemática e suas Tecnologias;36;0.03225806451612903;0.0;0.15384615384615385;0.11538461538461539;0.34615384615384615;0.11538461538461539;0.2692307692307692
Laranja;Matemática e suas Tecnologias;37;0.03225806451612903;0.0;0.15384615384615385;0.15384615384615385;0.3076923076923077;0.2692307692307692;0.11538461538461539
Laranja;Matemática e suas Tecnologias;38;0.03225806451612903;0.0;0.3076923076923077;0.2692307692307692;0.15384615384615385;0.15384615384615385;0.11538461538461539
Laranja;Matemática e suas Tecnologias;39;0.03225806451612903;0.0;0.19230769230769232;0.15384615384615385;0.34615384615384615;0.19230769230769232;0.11538461538461539
Laranja;Matemática e suas Tecnologias;40;0.06451612903225806;0.0;0.16;0.36;0.04;0.24;0.2
Laranja;Matemática e suas Tecnologias;41;0.06451612903225806;0.0;0.12;0.12;0.12;0.52;0.12
Laranja;Matemática e suas Tecnologias;42;0.06451612903225806;0.0;0.16;0.2;0.32;0.2;0.12
Laranja;Matemática e suas Tecnologias;43;0.06451612903225806;0.03225806451612903;0.16666666666666666;0.041666666666666664;0.4583333333333333;0.2916666666666667;0.041666666666666664
Laranja;Matemática e suas Tecnologias;44;0.06451612903225806;0.0;0.2;0.28;0.12;0.2;0.2
Laranja;Matemática e suas Tecnologias;45;0.06451612903225806;0.0;0.2;0.32;0.2;0.16;0.12
Laranja;Ciências Naturais e suas Tecnologias;1;0.0;0.0;0.37037037037037035;0.037037037037037035;0.037037037037037035;0.37037037037037035;0.18518518518518517
Laranja;Ciências Naturais e suas Tecnologias;2;0.0;0.0;0.1111111111111111;0.14814814814814814;0.3333333333333333;0.25925925925925924;0.14814814814814814
Laranja;Ciências Naturais e suas Tecnologias;3;0.0;0.0;0.25925925925925924;0.37037037037037035;0.2962962962962963;0.037037037037037035;0.037037037037037035
Laranja;Ciências Naturais e suas Tecnologias;4;0.03225806451612903;0.0;0.15384615384615385;0.038461538461538464;0.2692307692307692;0.15384615384615385;0.38461538461538464
Laranja;Ciências Naturais e suas Tecnologias;5;0.0;0.0;0.037037037037037035;0.2222222222222222;0.14814814814814814;0.2962962962962963;0.2962962962962963
Laranja;Ciências Naturais e suas Tecnologias;6;0.0;0.0;0.18518518518518517;0.1111111111111111;0.25925925925925924;0.1111111111111111;0.3333333333333333
Laranja;Ciências Naturais e suas Tecnologias;7;0.0;0.0;0.4074074074074074;0.4074074074074074;0.1111111111111111;0.07407407407407407;
Laranja;Ciências Naturais e suas Tecnologias;8;0.0;0.0;0.2222222222222222;0.37037037037037035;0.2962962962962963;0.1111111111111111;
Laranja;Ciências Naturais e suas Tecnologias;9;0.0;0.0;0.6296296296296297;0.14814814814814814;;0.07407407407407407;0.14814814814814814
Laranja;Ciências Naturais e suas Tecnologias;10;0.0;0.0;0.1111111111111111;0.18518518518518517;0.37037037037037035;0.07407407407407407;0.25925925925925924
Laranja;Ciências Naturais e suas Tecnologias;11;0.03225806451612903;0.0;0.23076923076923078;0.15384615384615385;0.46153846153846156;0.11538461538461539;0.038461538461538464
Laranja;Ciências Naturais e suas Tecnologias;12;0.0;0.0;0.1111111111111111;0.07407407407407407;0.2222222222222222;0.18518518518518517;0.4074074074074074
Laranja;Ciências Naturais e suas Tecnologias;13;0.0;0.0;0.18518518518518517;0.18518518518518517;0.2962962962962963;0.1111111111111111;0.2222222222222222
Laranja;Ciências Naturais e suas Tecnologias;14;0.0;0.0;0.1111111111111111;0.2222222222222222;0.3333333333333333;0.18518518518518517;0.14814814814814814
Laranja;Ciências Naturais e suas Tecnologias;15;0.0;0.0;0.37037037037037035;0.37037037037037035;0.07407407407407407;0.14814814814814814;0.037037037037037035
Laranja;Ciências Naturais e suas Tecnologias;16;0.03225806451612903;0.0;0.23076923076923078;0.19230769230769232;0.3076923076923077;0.23076923076923078;0.038461538461538464
Laranja;Ciências Naturais e suas Tecnologias;17;0.0;0.0;0.07407407407407407;0.5185185185185185;0.14814814814814814;0.1111111111111111;0.14814814814814814
Laranja;Ciências Naturais e suas Tecnologias;18;0.0;0.0;0.07407407407407407;0.25925925925925924;0.14814814814814814;0.3333333333333333;0.18518518518518517
Laranja;Ciências Naturais e suas Tecnologias;19;0.0;0.0;0.14814814814814814;0.14814814814814814;0.14814814814814814;0.37037037037037035;0.18518518518518517
Laranja;Ciências Naturais e suas Tecnologias;20;0.0;0.0;0.07407407407407407;0.2222222222222222;0.25925925925925924;0.18518518518518517;0.25925925925925924
Laranja;Ciências Naturais e suas Tecnologias;21;0.03225806451612903;0.0;0.3076923076923077;0.07692307692307693;0.19230769230769232;0.19230769230769232;0.23076923076923078
Laranja;Ciências Naturais e suas Tecnologias;22;0.0;0.0;0.1111111111111111;0.1111111111111111;0.25925925925925924;0.25925925925925924;0.25925925925925924
Laranja;Ciências Naturais e suas Tecnologias;23;0.0;0.0;0.2962962962962963;0.1111111111111111;0.25925925925925924;0.1111111111111111;0.2222222222222222
Laranja;Ciências Naturais e suas Tecnologias;24;0.03225806451612903;0.0;0.19230769230769232;0.19230769230769232;0.23076923076923078;0.23076923076923078;0.15384615384615385
Laranja;Ciências Naturais e suas Tecnologias;25;0.0;0.0;;0.4444444444444444;0.1111111111111111;0.4074074074074074;0.037037037037037035
Laranja;Ciências Naturais e suas Tecnologias;26;0.0;0.0;0.2222222222222222;0.25925925925925924;0.25925925925925924;0.14814814814814814;0.1111111111111111
Laranja;Ciências Naturais e suas Tecnologias;27;0.0;0.0;0.2222222222222222;0.14814814814814814;0.2962962962962963;0.14814814814814814;0.18518518518518517
Laranja;Ciências Naturais e suas Tecnologias;28;0.0;0.0;0.14814814814814814;0.18518518518518517;0.2222222222222222;0.18518518518518517;0.25925925925925924
Laranja;Ciências Naturais e suas Tecnologias;29;0.0;0.0;0.18518518518518517;0.25925925925925924;0.3333333333333333;;0.2222222222222222
Laranja;Ciências Naturais e suas Tecnologias;30;0.0;0.0;0.4074074074074074;0.14814814814814814;0.07407407407407407;0.25925925925925924;0.1111111111111111
Laranja;Ciências Naturais e suas Tecnologias;31;0.03225806451612903;0.0;0.46153846153846156;0.3076923076923077;;0.19230769230769232;0.038461538461538464
Laranja;Ciências Naturais e suas Tecnologias;32;0.03225806451612903;0.0;0.46153846153846156;0.038461538461538464;0.3076923076923077;0.038461538461538464;0.15384615384615385
Laranja;Ciências Naturais e suas Tecnologias;33;0.03225806451612903;0.0;0.038461538461538464;0.07692307692307693;0.11538461538461539;0.15384615384615385;0.6153846153846154
Laranja;Ciências Naturais e suas Tecnologias;34;0.03225806451612903;0.0;0.3076923076923077;0.38461538461538464;0.11538461538461539;0.19230769230769232;
Laranja;Ciências Naturais e suas Tecnologias;35;0.03225806451612903;0.0;0.15384615384615385;0.19230769230769232;0.23076923076923078;0.34615384615384615;0.07692307692307693
Laranja;Ciências Naturais e suas Tecnologias;36;0.03225806451612903;0.0;0.11538461538461539;0.15384615384615385;0.07692307692307693;0.07692307692307693;0.5769230769230769
Laranja;Ciências Naturais e suas Tecnologias;37;0.03225806451612903;0.0;0.5769230769230769;0.15384615384615385;0.11538461538461539;0.11538461538461539;0.038461538461538464
Laranja;Ciências Naturais e suas Tecnologias;38;0.03225806451612903;0.0;0.15384615384615385;0.038461538461538464;0.15384615384615385;0.19230769230769232;0.46153846153846156
Laranja;Ciências Naturais e suas Tecnologias;39;0.03225806451612903;0.03225806451612903;0.36;0.08;0.24;0.16;0.16
Laranja;Ciências Naturais e suas Tecnologias;40;0.03225806451612903;0.0;0.38461538461538464;0.23076923076923078;0.038461538461538464;0.19230769230769232;0.15384615384615385
Laranja;Ciências Naturais e suas Tecnologias;41;0.03225806451612903;0.0;0.19230769230769232;0.15384615384615385;0.19230769230769232;0.11538461538461539;0.34615384615384615
Laranja;Ciências Naturais e suas Tecnologias;42;0.03225806451612903;0.0;0.038461538461538464;0.07692307692307693;0.2692307692307692;0.15384615384615385;0.46153846153846156
Laranja;Ciências Naturais e suas Tecnologias;43;0.03225806451612903;0.0;0.34615384615384615;0.11538461538461539;0.23076923076923078;0.19230769230769232;0.11538461538461539
Laranja;Ciências Naturais e suas Tecnologias;44;0.03225806451612903;0.0;0.11538461538461539;0.07692307692307693;0.11538461538461539;0.19230769230769232;0.5
Laranja;Ciências Naturais e suas Tecnologias;45;0.03225806451612903;0.0;0.2692307692307692;0.4230769230769231;0.07692307692307693;0.19230769230769232;0.038461538461538464
Laranja;Inglês;1;0.0;0.0;0.3888888888888889;0.3333333333333333;0.1111111111111111;0.1111111111111111;0.05555555555555555
Laranja;Inglês;2;0.0;0.0;0.7777777777777778;0.1111111111111111;0.1111111111111111;;
Laranja;Inglês;3;0.0;0.0;0.05555555555555555;0.05555555555555555;0.6111111111111112;0.1111111111111111;0.16666666666666666
Laranja;Inglês;4;0.0;0.0;0.1111111111111111;0.16666666666666666;0.4444444444444444;0.05555555555555555;0.2222222222222222
Laranja;Inglês;5;0.0;0.0;0.3333333333333333;0.1111111111111111;0.1111111111111111;0.2777777777777778;0.16666666666666666
Laranja;Espanhol;1;0.0;0.0;0.3076923076923077;0.15384615384615385;0.07692307692307693;0.23076923076923078;0.23076923076923078
Laranja;Espanhol;2;0.0;0.0;0.07692307692307693;0.23076923076923078;0.3076923076923077;0.23076923076923078;0.15384615384615385
Laranja;Espanhol;3;0.03225806451612903;0.0;0.08333333333333333;;0.4166666666666667;0.4166666666666667;0.08333333333333333
Laranja;Espanhol;4;0.03225806451612903;0.0;0.16666666666666666;0.3333333333333333;0.16666666666666666;0.25;0.08333333333333333
Laranja;Espanhol;5;0.03225806451612903;0.0;0.16666666666666666;0.4166666666666667;;0.3333333333333333;0.08333333333333333
Roxo;Linguagens, Códigos e suas Tecnologias;1;0.0;0.0;0.16129032258064516;0.12903225806451613;0.3225806451612903;0.2903225806451613;0.0967741935483871
Roxo;Linguagens, Códigos e suas Tecnologias;2;0.0;0.0;0.12903225806451613;0.22580645161290322;0.22580645161290322;0.16129032258064516;0.25806451612903225
Roxo;Linguagens, Códigos e suas Tecnologias;3;0.0;0.0;0.22580645161290322;0.12903225806451613;0.16129032258064516;0.22580645161290322;0.25806451612903225
Roxo;Linguagens, Códigos e suas Tecnologias;4;0.0;0.0;0.06451612903225806;0.12903225806451613;0.1935483870967742;0.3548387096774194;0.25806451612903225
Roxo;Linguagens, Códigos e suas Tecnologias;5;0.0;0.0;0.3225806451612903;0.3548387096774194;0.12903225806451613;0.1935483870967742;
Roxo;Linguagens, Códigos e suas Tecnologias;6;0.0;0.0;0.03225806451612903;0.1935483870967742;0.12903225806451613;0.3870967741935484;0.25806451612903225
Roxo;Linguagens, Códigos e suas Tecnologias;7;0.0;0.03225806451612903;0.2;0.3333333333333333;0.16666666666666666;0.16666666666666666;0.13333333333333333
Roxo;Linguagens, Códigos e suas Tecnologias;8;0.0;0.0;0.22580645161290322;0.0967741935483871;0.16129032258064516;0.12903225806451613;0.3870967741935484
Roxo;Linguagens, Códigos e suas Tecnologias;9;0.0;0.0;0.4838709677419355;0.22580645161290322;0.0967741935483871;0.12903225806451613;0.06451612903225806
Roxo;Linguagens, Códigos e suas Tecnologias;10;0.0;0.0;0.06451612903225806;0.0967741935483871;0.12903225806451613;0.6451612903225806;0.06451612903225806
Roxo;Linguagens, Códigos e suas Tecnologias;11;0.0;0.0;0.25806451612903225;0.0967741935483871;0.03225806451612903;0.3225806451612903;0.2903225806451613
Roxo;Linguagens, Códigos e suas Tecnologias;12;0.0;0.0;0.16129032258064516;0.1935483870967742;0.25806451612903225;0.0967741935483871;0.2903225806451613
Roxo;Linguagens, Códigos e suas Tecnologias;13;0.03225806451612903;0.0;0.06666666666666667;0.2;0.16666666666666666;0.3333333333333333;0.23333333333333334
Roxo;Linguagens, Códigos e suas Tecnologias;14;0.0;0.0;0.22580645161290322;0.22580645161290322;0.25806451612903225;0.16129032258064516;0.12903225806451613
Roxo;Linguagens, Códigos e suas Tecnologias;15;0.03225806451612903;0.0;0.16666666666666666;0.36666666666666664;0.1;0.16666666666666666;0.2
Roxo;Linguagens, Códigos e suas Tecnologias;16;0.0;0.0;0.1935483870967742;0.06451612903225806;0.3548387096774194;0.2903225806451613;0.0967741935483871
Roxo;Linguagens, Códigos e suas Tecnologias;17;0.0;0.0;0.22580645161290322;0.22580645161290322;0.12903225806451613;0.0967741935483871;0.3225806451612903
Roxo;Linguagens, Códigos e suas Tecnologias;18;0.0;0.0;0.1935483870967742;0.16129032258064516;0.16129032258064516;0.3870967741935484;0.0967741935483871
Roxo;Linguagens, Códigos e suas Tecnologias;19;0.0;0.0;0.2903225806451613;0.3225806451612903;0.1935483870967742;0.06451612903225806;0.12903225806451613
Roxo;Linguagens, Códigos e suas Tecnologias;20;0.0;0.0;0.0967741935483871;0.25806451612903225;0.16129032258064516;0.2903225806451613;0.1935483870967742
Roxo;Linguagens, Códigos e suas Tecnologias;21;0.0;0.0;0.22580645161290322;0.1935483870967742;0.3225806451612903;0.12903225806451613;0.12903225806451613
Roxo;Linguagens, Códigos e suas Tecnologias;22;0.0;0.0;0.16129032258064516;0.0967741935483871;0.1935483870967742;0.3225806451612903;0.22580645161290322
Roxo;Linguagens, Códigos e suas Tecnologias;23;0.0;0.0;0.25806451612903225;0.25806451612903225;0.1935483870967742;0.1935483870967742;0.0967741935483871
Roxo;Linguagens, Códigos e suas Tecnologias;24;0.0;0.03225806451612903;0.13333333333333333;0.13333333333333333;0.23333333333333334;0.23333333333333334;0.26666666666666666
Roxo;Linguagens, Códigos e suas Tecnologias;25;0.0;0.0;0.1935483870967742;0.0967741935483871;0.25806451612903225;0.22580645161290322;0.22580645161290322
Roxo;Linguagens, Códigos e suas Tecnologias;26;0.0;0.0;0.0967741935483871;0.1935483870967742;0.45161290322580644;0.25806451612903225;
Roxo;Linguagens, Códigos e suas Tecnologias;27;0.0;0.0;0.16129032258064516;0.03225806451612903;0.12903225806451613;0.3870967741935484;0.2903225806451613
Roxo;Linguagens, Códigos e suas Tecnologias;28;0.0;0.0;0.1935483870967742;0.3548387096774194;0.2903225806451613;0.12903225806451613;0.03225806451612903
Roxo;Linguagens, Códigos e suas Tecnologias;29;0.0;0.0;0.1935483870967742;0.2903225806451613;0.1935483870967742;0.1935483870967742;0.12903225806451613
Roxo;Linguagens, Códigos e suas Tecnologias;30;0.0;0.06451612903225806;0.13793103448275862;0.20689655172413793;0.13793103448275862;0.2413793103448276;0.27586206896551724
Roxo;Linguagens, Códigos e suas Tecnologias;31;0.0;0.0;0.0967741935483871;0.16129032258064516;0.25806451612903225;0.12903225806451613;0.3548387096774194
Roxo;Linguagens, Códigos e suas Tecnologias;32;0.0;0.03225806451612903;0.23333333333333334;0.1;0.16666666666666666;0.36666666666666664;0.13333333333333333
Roxo;Linguagens, Códigos e suas Tecnologias;33;0.0;0.0;0.25806451612903225;0.22580645161290322;0.06451612903225806;0.3548387096774194;0.0967741935483871
Roxo;Linguagens, Códigos e suas Tecnologias;34;0.0;0.0;0.25806451612903225;0.2903225806451613;0.1935483870967742;0.25806451612903225;
Roxo;Linguagens, Códigos e suas Tecnologias;35;0.0;0.0;0.0967741935483871;0.16129032258064516;0.12903225806451613;0.1935483870967742;0.41935483870967744
Roxo;Linguagens, Códigos e suas Tecnologias;36;0.0;0.0;0.0967741935483871;0.12903225806451613;0.4838709677419355;0.16129032258064516;0.12903225806451613
Roxo;Linguagens, Códigos e suas Tecnologias;37;0.0;0.0;0.16129032258064516;0.3225806451612903;0.3225806451612903;0.12903225806451613;0.06451612903225806
Roxo;Linguagens, Códigos e suas Tecnologias;38;0.0;0.0;0.0967741935483871;0.0967741935483871;0.0967741935483871;0.1935483870967742;0.5161290322580645
Roxo;Linguagens, Códigos e suas Tecnologias;39;0.0;0.0;0.16129032258064516;0.12903225806451613;0.12903225806451613;0.3225806451612903;0.25806451612903225
Roxo;Linguagens, Códigos e suas Tecnologias;40;0.0;0.0;0.2903225806451613;0.2903225806451613;0.12903225806451613;0.0967741935483871;0.1935483870967742
Roxo;Ciências Humanas e suas Tecnologias;1;0.0;0.0;0.2903225806451613;0.1935483870967742;0.0967741935483871;0.25806451612903225;0.16129032258064516
Roxo;Ciências Humanas e suas Tecnologias;2;0.0;0.0;0.1935483870967742;0.3225806451612903;0.25806451612903225;0.22580645161290322;
Roxo;Ciências Humanas e suas Tecnologias;3;0.0;0.0;0.0967741935483871;0.2903225806451613;0.1935483870967742;0.12903225806451613;0.2903225806451613
Roxo;Ciências Humanas e suas Tecnologias;4;0.0;0.0;0.25806451612903225;0.22580645161290322;0.41935483870967744;0.03225806451612903;0.06451612903225806
Roxo;Ciências Humanas e suas Tecnologias;5;0.0;0.0;0.3548387096774194;0.12903225806451613;0.06451612903225806;0.1935483870967742;0.25806451612903225
Roxo;Ciências Humanas e suas Tecnologias;6;0.0;0.0;0.0967741935483871;0.25806451612903225;0.1935483870967742;0.22580645161290322;0.22580645161290322
Roxo;Ciências Humanas e suas Tecnologias;7;0.03225806451612903;0.0;0.23333333333333334;0.23333333333333334;0.13333333333333333;0.16666666666666666;0.23333333333333334
Roxo;Ciências Humanas e suas Tecnologias;8;0.0;0.03225806451612903;0.23333333333333334;0.13333333333333333;0.3;0.13333333333333333;0.2
Roxo;Ciências Humanas e suas Tecnologias;9;0.0;0.03225806451612903;0.26666666666666666;0.2;0.2;0.13333333333333333;0.2
Roxo;Ciências Humanas e suas Tecnologias;10;0.0;0.0;0.0967741935483871;0.3548387096774194;0.03225806451612903;0.3225806451612903;0.1935483870967742
Roxo;Ciências Humanas e suas Tecnologias;11;0.0;0.0;0.41935483870967744;0.0967741935483871;0.22580645161290322;0.03225806451612903;0.22580645161290322
Roxo;Ciências Humanas e suas Tecnologias;12;0.0;0.0;0.22580645161290322;0.1935483870967742;0.16129032258064516;0.16129032258064516;0.25806451612903225
Roxo;Ciências Humanas e suas Tecnologias;13;0.0;0.0;0.22580645161290322;;0.6129032258064516;0.0967741935483871;0.06451612903225806
Roxo;Ciências Humanas e suas Tecnologias;14;0.0;0.03225806451612903;0.13333333333333333;0.26666666666666666;0.13333333333333333;0.2;0.26666666666666666
Roxo;Ciências Humanas e suas Tecnologias;15;0.0;0.0;0.06451612903225806;0.22580645161290322;0.1935483870967742;0.25806451612903225;0.25806451612903225
Roxo;Ciências Humanas e suas Tecnologias;16;0.0;0.0;0.45161290322580644;0.2903225806451613;0.0967741935483871;0.0967741935483871;0.06451612903225806
Roxo;Ciências Humanas e suas Tecnologias;17;0.0;0.0;0.22580645161290322;0.16129032258064516;0.16129032258064516;0.22580645161290322;0.22580645161290322
Roxo;Ciências Humanas e suas Tecnologias;18;0.0;0.03225806451612903;0.1;0.36666666666666664;0.26666666666666666;0.16666666666666666;0.1
Roxo;Ciências Humanas e suas Tecnologias;19;0.0;0.03225806451612903;0.43333333333333335;0.23333333333333334;0.2;0.06666666666666667;0.06666666666666667
Roxo;Ciências Humanas e suas Tecnologias;20;0.0;0.0;0.06451612903225806;0.22580645161290322;0.12903225806451613;0.3870967741935484;0.1935483870967742
Roxo;Ciências Humanas e suas Tecnologias;21;0.0;0.0;0.0967741935483871;0.3548387096774194;0.22580645161290322;0.06451612903225806;0.25806451612903225
Roxo;Ciências Humanas e suas Tecnologias;22;0.0;0.03225806451612903;0.23333333333333334;0.23333333333333334;0.3;0.1;0.13333333333333333
Roxo;Ciências Humanas e suas Tecnologias;23;0.0;0.0;0.3548387096774194;0.16129032258064516;0.3548387096774194;0.0967741935483871;0.03225806451612903
Roxo;Ciências Humanas e suas Tecnologias;24;0.0;0.0;0.0967741935483871;0.41935483870967744;0.2903225806451613;0.12903225806451613;0.06451612903225806
Roxo;Ciências Humanas e suas Tecnologias;25;0.0;0.0;0.1935483870967742;0.1935483870967742;0.12903225806451613;0.3548387096774194;0.12903225806451613
Roxo;Ciências Humanas e suas Tecnologias;26;0.0;0.0;0.25806451612903225;0.1935483870967742;0.2903225806451613;0.16129032258064516;0.0967741935483871
Roxo;Ciências Humanas e suas Tecnologias;27;0.0;0.0;0.16129032258064516;0.2903225806451613;0.12903225806451613;0.22580645161290322;0.1935483870967742
Roxo;Ciências Humanas e suas Tecnologias;28;0.0;0.0;0.2903225806451613;0.1935483870967742;0.2903225806451613;0.12903225806451613;0.0967741935483871
Roxo;Ciências Humanas e suas Tecnologias;29;0.0;0.0;0.12903225806451613;0.16129032258064516;0.0967741935483871;0.3548387096774194;0.25806451612903225
Roxo;Ciências Humanas e suas Tecnologias;30;0.0;0.0;0.12903225806451613;0.0967741935483871;0.4838709677419355;0.0967741935483871;0.1935483870967742
Roxo;Ciências Humanas e suas Tecnologias;31;0.0;0.0;0.16129032258064516;0.2903225806451613;0.3225806451612903;0.12903225806451613;0.0967741935483871
Roxo;Ciências Humanas e suas Tecnologias;32;0.0;0.0;0.0967741935483871;0.3225806451612903;0.12903225806451613;0.12903225806451613;0.3225806451612903
Roxo;Ciências Humanas e suas Tecnologias;33;0.0;0.0;0.5161290322580645;0.12903225806451613;0.03225806451612903;0.1935483870967742;0.12903225806451613
Roxo;Ciências Humanas e suas Tecnologias;34;0.0;0.0;0.12903225806451613;0.16129032258064516;0.12903225806451613;0.0967741935483871;0.4838709677419355
Roxo;Ciências Humanas e suas Tecnologias;35;0.0;0.0;0.12903225806451613;0.1935483870967742;0.25806451612903225;0.2903225806451613;0.12903225806451613
Roxo;Ciências Humanas e suas Tecnologias;36;0.0;0.0;0.22580645161290322;0.12903225806451613;0.25806451612903225;0.1935483870967742;0.1935483870967742
Roxo;Ciências Humanas e suas Tecnologias;37;0.0;0.0;0.0967741935483871;0.3225806451612903;0.1935483870967742;0.16129032258064516;0.22580645161290322
Roxo;Ciências Humanas e suas Tecnologias;38;0.0;0.0;0.1935483870967742;0.1935483870967742;0.16129032258064516;0.25806451612903225;0.1935483870967742
Roxo;Ciências Humanas e suas Tecnologias;39;0.0;0.0;0.0967741935483871;0.25806451612903225;0.0967741935483871;0.25806451612903225;0.2903225806451613
Roxo;Ciências Humanas e suas Tecnologias;40;0.0;0.03225806451612903;0.23333333333333334;0.2;0.13333333333333333;0.16666666666666666;0.26666666666666666
Roxo;Ciências Humanas e suas Tecnologias;41;0.0;0.03225806451612903;0.2;0.26666666666666666;0.13333333333333333;0.3;0.1
Roxo;Ciências Humanas e suas Tecnologias;42;0.0;0.03225806451612903;0.3333333333333333;0.26666666666666666;0.23333333333333334;0.06666666666666667;0.1
Roxo;Ciências Humanas e suas Tecnologias;43;0.03225806451612903;0.0;0.13333333333333333;0.06666666666666667;0.23333333333333334;0.1;0.4666666666666667
Roxo;Ciências Humanas e suas Tecnologias;44;0.0;0.0;0.22580645161290322;0.16129032258064516;0.22580645161290322;0.25806451612903225;0.12903225806451613
Roxo;Ciências Humanas e suas Tecnologias;45;0.0;0.0;0.22580645161290322;0.3225806451612903;0.16129032258064516;0.12903225806451613;0.16129032258064516
Roxo;Matemática e suas Tecnologias;1;0.0;0.0;0.25925925925925924;0.1111111111111111;0.25925925925925924;0.3333333333333333;0.037037037037037035
Roxo;Matemática e suas Tecnologias;2;0.0;0.0;0.037037037037037035;0.2222222222222222;0.2222222222222222;0.14814814814814814;0.37037037037037035
Roxo;Matemática e suas Tecnologias;3;0.0;0.0;0.18518518518518517;0.5185185185185185;0.14814814814814814;;0.14814814814814814
Roxo;Matemática e suas Tecnologias;4;0.0;0.0;0.14814814814814814;0.07407407407407407;0.2962962962962963;0.2962962962962963;0.18518518518518517
Roxo;Matemática e suas Tecnologias;5;0.0;0.0;0.1111111111111111;0.2962962962962963;0.2222222222222222;0.18518518518518517;0.18518518518518517
Roxo;Matemática e suas Tecnologias;6;0.0;0.0;0.07407407407407407;0.2222222222222222;0.18518518518518517;0.2962962962962963;0.2222222222222222
Roxo;Matemática e suas Tecnologias;7;0.0;0.0;0.25925925925925924;0.2222222222222222;0.3333333333333333;0.1111111111111111;0.07407407407407407
Roxo;Matemática e suas Tecnologias;8;0.0;0.0;0.037037037037037035;0.14814814814814814;0.25925925925925924;0.14814814814814814;0.4074074074074074
Roxo;Matemática e suas Tecnologias;9;0.0;0.0;0.3333333333333333;0.25925925925925924;0.037037037037037035;0.25925925925925924;0.1111111111111111
Roxo;Matemática e suas Tecnologias;10;0.0;0.0;0.1111111111111111;0.18518518518518517;0.2222222222222222;0.3333333333333333;0.14814814814814814
Roxo;Matemática e suas Tecnologias;11;0.0;0.03225806451612903;0.038461538461538464;0.19230769230769232;0.19230769230769232;0.23076923076923078;0.34615384615384615
Roxo;Matemática e suas Tecnologias;12;0.0;0.0;0.14814814814814814;0.18518518518518517;0.2962962962962963;0.14814814814814814;0.2222222222222222
Roxo;Matemática e suas Tecnologias;13;0.0;0.0;0.037037037037037035;0.2222222222222222;0.4444444444444444;0.2222222222222222;0.07407407407407407
Roxo;Matemática e suas Tecnologias;14;0.0;0.0;0.14814814814814814;0.1111111111111111;0.07407407407407407;0.4074074074074074;0.25925925925925924
Roxo;Matemática e suas Tecnologias;15;0.0;0.0;0.2222222222222222;0.1111111111111111;0.07407407407407407;0.2962962962962963;0.2962962962962963
Roxo;Matemática e suas Tecnologias;16;0.0;0.0;0.2222222222222222;0.2962962962962963;0.1111111111111111;0.3333333333333333;0.037037037037037035
Roxo;Matemática e suas Tecnologias;17;0.0;0.0;0.14814814814814814;0.2222222222222222;0.3333333333333333;0.14814814814814814;0.14814814814814814
Roxo;Matemática e suas Tecnologias;18;0.0;0.0;0.14814814814814814;0.1111111111111111;0.2962962962962963;0.1111111111111111;0.3333333333333333
Roxo;Matemática e suas Tecnologias;19;0.0;0.0;0.14814814814814814;0.37037037037037035;0.14814814814814814;0.18518518518518517;0.14814814814814814
Roxo;Matemática e suas Tecnologias;20;0.0;0.0;0.14814814814814814;0.18518518518518517;0.3333333333333333;0.07407407407407407;0.25925925925925924
Roxo;Matemática e suas Tecnologias;21;0.03225806451612903;0.0;0.19230769230769232;0.2692307692307692;0.15384615384615385;0.34615384615384615;0.038461538461538464
Roxo;Matemática e suas Tecnologias;22;0.0;0.0;0.2222222222222222;0.2222222222222222;0.18518518518518517;0.25925925925925924;0.1111111111111111
Roxo;Matemática e suas Tecnologias;23;0.0;0.03225806451612903;0.23076923076923078;0.19230769230769232;0.2692307692307692;0.19230769230769232;0.11538461538461539
Roxo;Matemática e suas Tecnologias;24;0.0;0.0;0.07407407407407407;0.14814814814814814;0.2222222222222222;0.37037037037037035;0.18518518518518517
Roxo;Matemática e suas Tecnologias;25;0.0;0.0;0.14814814814814814;0.37037037037037035;0.18518518518518517;0.25925925925925924;0.037037037037037035
Roxo;Matemática e suas Tecnologias;26;0.0;0.0;0.14814814814814814;0.07407407407407407;0.2222222222222222;0.2962962962962963;0.25925925925925924
Roxo;Matemática e suas Tecnologias;27;0.0;0.03225806451612903;0.2692307692307692;0.19230769230769232;;0.2692307692307692;0.2692307692307692
Roxo;Matemática e suas Tecnologias;28;0.0;0.0;;0.18518518518518517;0.25925925925925924;0.48148148148148145;0.07407407407407407
Roxo;Matemática e suas Tecnologias;29;0.0;0.0;0.037037037037037035;0.18518518518518517;0.25925925925925924;0.18518518518518517;0.3333333333333333
Roxo;Matemática e suas Tecnologias;30;0.0;0.0;0.3333333333333333;0.14814814814814814;0.2962962962962963;0.037037037037037035;0.18518518518518517
Roxo;Matemática e suas Tecnologias;31;0.0;0.0;0.2962962962962963;0.25925925925925924;0.18518518518518517;0.07407407407407407;0.18518518518518517
Roxo;Matemática e suas Tecnologias;32;0.0;0.0;0.037037037037037035;0.14814814814814814;0.25925925925925924;0.2222222222222222;0.3333333333333333
Roxo;Matemática e suas Tecnologias;33;0.0;0.0;;0.037037037037037035;0.14814814814814814;0.6296296296296297;0.18518518518518517
Roxo;Matemática e suas Tecnologias;34;0.0;0.0;0.14814814814814814;0.2962962962962963;0.18518518518518517;0.25925925925925924;0.1111111111111111
Roxo;Matemática e suas Tecnologias;35;0.03225806451612903;0.0;0.11538461538461539;0.34615384615384615;0.07692307692307693;0.15384615384615385;0.3076923076923077
Roxo;Matemática e suas Tecnologias;36;0.0;0.0;0.25925925925925924;0.14814814814814814;0.3333333333333333;0.14814814814814814;0.1111111111111111
Roxo;Matemática e suas Tecnologias;37;0.0;0.0;0.2962962962962963;0.3333333333333333;0.2962962962962963;0.07407407407407407;
Roxo;Matemática e suas Tecnologias;38;0.0;0.0;0.14814814814814814;0.18518518518518517;0.25925925925925924;0.18518518518518517;0.2222222222222222
Roxo;Matemática e suas Tecnologias;39;0.0;0.0;0.14814814814814814;0.25925925925925924;0.07407407407407407;0.48148148148148145;0.037037037037037035
Roxo;Matemática e suas Tecnologias;40;0.0;0.0;0.07407407407407407;0.2962962962962963;0.25925925925925924;0.18518518518518517;0.18518518518518517
Roxo;Matemática e suas Tecnologias;41;0.0;0.0;0.037037037037037035;0.3333333333333333;0.18518518518518517;0.25925925925925924;0.18518518518518517
Roxo;Matemática e suas Tecnologias;42;0.0;0.0;0.07407407407407407;0.2962962962962963;0.37037037037037035;0.1111111111111111;0.14814814814814814
Roxo;Matemática e suas Tecnologias;43;0.0;0.0;0.14814814814814814;0.4074074074074074;0.2222222222222222;0.18518518518518517;0.037037037037037035
Roxo;Matemática e suas Tecnologias;44;0.0;0.0;0.2222222222222222;0.07407407407407407;0.4074074074074074;0.14814814814814814;0.14814814814814814
Roxo;Matemática e suas Tecnologias;45;0.0;0.0;0.2222222222222222;0.4074074074074074;0.14814814814814814;0.037037037037037035;0.18518518518518517
Roxo;Ciências Naturais e suas Tecnologias;1;0.0;0.0;0.1111111111111111;0.14814814814814814;0.2222222222222222;0.4444444444444444;0.07407407407407407
Roxo;Ciências Naturais e suas Tecnologias;2;0.0;0.0;0.14814814814814814;0.07407407407407407;0.2222222222222222;0.2962962962962963;0.25925925925925924
Roxo;Ciências Naturais e suas Tecnologias;3;0.0;0.0;0.5185185185185185;0.2962962962962963;0.037037037037037035;0.037037037037037035;0.1111111111111111
Roxo;Ciências Naturais e suas Tecnologias;4;0.0;0.0;0.1111111111111111;0.1111111111111111;0.1111111111111111;0.3333333333333333;0.3333333333333333
Roxo;Ciências Naturais e suas Tecnologias;5;0.0;0.0;0.037037037037037035;0.14814814814814814;0.3333333333333333;0.14814814814814814;0.3333333333333333
Roxo;Ciências Naturais e suas Tecnologias;6;0.0;0.0;0.1111111111111111;0.18518518518518517;0.25925925925925924;0.2962962962962963;0.14814814814814814
Roxo;Ciências Naturais e suas Tecnologias;7;0.0;0.0;0.25925925925925924;0.2222222222222222;0.14814814814814814;0.1111111111111111;0.25925925925925924
Roxo;Ciências Naturais e suas Tecnologias;8;0.0;0.0;0.1111111111111111;0.14814814814814814;0.2962962962962963;0.2222222222222222;0.2222222222222222
Roxo;Ciências Naturais e suas Tecnologias;9;0.0;0.0;0.3333333333333333;0.18518518518518517;0.14814814814814814;0.18518518518518517;0.14814814814814814
Roxo;Ciências Naturais e suas Tecnologias;10;0.0;0.0;0.14814814814814814;0.18518518518518517;0.14814814814814814;0.37037037037037035;0.14814814814814814
Roxo;Ciências Naturais e suas Tecnologias;11;0.0;0.0;0.037037037037037035;0.4074074074074074;0.18518518518518517;0.18518518518518517;0.18518518518518517
Roxo;Ciências Naturais e suas Tecnologias;12;0.0;0.0;0.1111111111111111;0.25925925925925924;0.2222222222222222;0.1111111111111111;0.2962962962962963
Roxo;Ciências Naturais e suas Tecnologias;13;0.0;0.0;0.18518518518518517;0.2962962962962963;0.07407407407407407;0.2222222222222222;0.2222222222222222
Roxo;Ciências Naturais e suas Tecnologias;14;0.0;0.0;0.2222222222222222;0.1111111111111111;0.3333333333333333;0.14814814814814814;0.18518518518518517
Roxo;Ciências Naturais e suas Tecnologias;15;0.0;0.0;0.4444444444444444;0.2962962962962963;0.14814814814814814;0.07407407407407407;0.037037037037037035
Roxo;Ciências Naturais e suas Tecnologias;16;0.0;0.0;0.07407407407407407;0.18518518518518517;0.2962962962962963;0.25925925925925924;0.18518518518518517
Roxo;Ciências Naturais e suas Tecnologias;17;0.0;0.0;0.25925925925925924;0.2222222222222222;0.25925925925925924;0.1111111111111111;0.14814814814814814
Roxo;Ciências Naturais e suas Tecnologias;18;0.0;0.0;0.07407407407407407;0.18518518518518517;0.14814814814814814;0.4074074074074074;0.18518518518518517
Roxo;Ciências Naturais e suas Tecnologias;19;0.0;0.0;0.07407407407407407;0.3333333333333333;0.07407407407407407;0.2222222222222222;0.2962962962962963
Roxo;Ciências Naturais e suas Tecnologias;20;0.0;0.0;0.37037037037037035;0.1111111111111111;0.18518518518518517;0.2222222222222222;0.1111111111111111
Roxo;Ciências Naturais e suas Tecnologias;21;0.0;0.0;0.18518518518518517;0.1111111111111111;0.2962962962962963;0.3333333333333333;0.07407407407407407
Roxo;Ciências Naturais e suas Tecnologias;22;0.0;0.0;0.1111111111111111;0.2962962962962963;0.14814814814814814;0.25925925925925924;0.18518518518518517
Roxo;Ciências Naturais e suas Tecnologias;23;0.0;0.0;0.07407407407407407;0.1111111111111111;0.2222222222222222;0.18518518518518517;0.4074074074074074
Roxo;Ciências Naturais e suas Tecnologias;24;0.03225806451612903;0.0;0.11538461538461539;0.2692307692307692;0.2692307692307692;0.2692307692307692;0.07692307692307693
Roxo;Ciências Naturais e suas Tecnologias;25;0.0;0.0;0.037037037037037035;0.14814814814814814;0.37037037037037035;0.25925925925925924;0.18518518518518517
Roxo;Ciências Naturais e suas Tecnologias;26;0.0;0.0;0.07407407407407407;0.14814814814814814;0.25925925925925924;0.48148148148148145;0.037037037037037035
Roxo;Ciências Naturais e suas Tecnologias;27;0.0;0.0;0.14814814814814814;0.2962962962962963;0.2222222222222222;0.18518518518518517;0.14814814814814814
Roxo;Ciências Naturais e suas Tecnologias;28;0.0;0.0;0.037037037037037035;0.14814814814814814;0.1111111111111111;0.3333333333333333;0.37037037037037035
Roxo;Ciências Naturais e suas Tecnologias;29;0.0;0.0;0.1111111111111111;0.37037037037037035;0.4074074074074074;0.037037037037037035;0.07407407407407407
Roxo;Ciências Naturais e suas Tecnologias;30;0.0;0.0;0.4074074074074074;0.07407407407407407;0.07407407407407407;0.1111111111111111;0.3333333333333333
Roxo;Ciências Naturais e suas Tecnologias;31;0.0;0.0;0.4074074074074074;0.25925925925925924;0.037037037037037035;0.25925925925925924;0.037037037037037035
Roxo;Ciências Naturais e suas Tecnologias;32;0.0;0.0;0.1111111111111111;0.4074074074074074;0.2962962962962963;;0.18518518518518517
Roxo;Ciências Naturais e suas Tecnologias;33;0.0;0.0;0.25925925925925924;0.14814814814814814;0.07407407407407407;0.07407407407407407;0.4444444444444444
Roxo;Ciências Naturais e suas Tecnologias;34;0.0;0.0;0.14814814814814814;0.2962962962962963;0.25925925925925924;0.1111111111111111;0.18518518518518517
Roxo;Ciências Naturais e suas Tecnologias;35;0.0;0.0;0.18518518518518517;0.3333333333333333;0.25925925925925924;0.18518518518518517;0.037037037037037035
Roxo;Ciências Naturais e suas Tecnologias;36;0.0;0.0;0.1111111111111111;0.14814814814814814;0.18518518518518517;0.07407407407407407;0.48148148148148145
Roxo;Ciências Naturais e suas Tecnologias;37;0.0;0.0;0.37037037037037035;0.14814814814814814;0.18518518518518517;0.14814814814814814;0.14814814814814814
Roxo;Ciências Naturais e suas Tecnologias;38;0.0;0.0;0.1111111111111111;0.14814814814814814;0.14814814814814814;0.18518518518518517;0.4074074074074074
Roxo;Ciências Naturais e suas Tecnologias;39;0.0;0.0;0.2222222222222222;0.18518518518518517;0.2222222222222222;0.14814814814814814;0.2222222222222222
Roxo;Ciências Naturais e suas Tecnologias;40;0.0;0.03225806451612903;0.34615384615384615;0.23076923076923078;0.07692307692307693;0.23076923076923078;0.11538461538461539
Roxo;Ciências Naturais e suas Tecnologias;41;0.0;0.0;0.07407407407407407;0.4074074074074074;0.2962962962962963;0.14814814814814814;0.07407407407407407
Roxo;Ciências Naturais e suas Tecnologias;42;0.0;0.0;0.14814814814814814;0.18518518518518517;0.18518518518518517;0.14814814814814814;0.3333333333333333
Roxo;Ciências Naturais e suas Tecnologias;43;0.0;0.0;0.14814814814814814;0.07407407407407407;0.4444444444444444;0.2222222222222222;0.1111111111111111
Roxo;Ciências Naturais e suas Tecnologias;44;0.0;0.0;0.07407407407407407;0.18518518518518517;0.1111111111111111;0.4074074074074074;0.2222222222222222
Roxo;Ciências Naturais e suas Tecnologias;45;0.0;0.0;;0.48148148148148145;0.14814814814814814;0.2222222222222222;0.14814814814814814
Roxo;Inglês;1;0.0;0.0;0.4117647058823529;0.23529411764705882;0.23529411764705882;0.058823529411764705;0.058823529411764705
Roxo;Inglês;2;0.0;0.0;0.35294117647058826;0.23529411764705882;0.17647058823529413;0.058823529411764705;0.17647058823529413
Roxo;Inglês;3;0.0;0.03225806451612903;0.25;;0.375;0.3125;0.0625
Roxo;Inglês;4;0.0;0.0;0.058823529411764705;0.29411764705882354;0.11764705882352941;0.23529411764705882;0.29411764705882354
Roxo;Inglês;5;0.0;0.0;0.35294117647058826;;0.11764705882352941;0.17647058823529413;0.35294117647058826
Roxo;Espanhol;1;0.0;0.0;0.2857142857142857;0.21428571428571427;0.21428571428571427;0.14285714285714285;0.14285714285714285
Roxo;Espanhol;2;0.0;0.0;0.2857142857142857;;0.42857142857142855;0.07142857142857142;0.21428571428571427
Roxo;Espanhol;3;0.0;0.0;0.2857142857142857;;0.35714285714285715;0.14285714285714285;0.21428571428571427
Roxo;Espanhol;4;0.0;0.0;0.07142857142857142;0.21428571428571427;0.2857142857142857;0.2857142857142857;0.14285714285714285
Roxo;Espanhol;5;0.0;0.0;0.21428571428571427;0.07142857142857142;0.14285714285714285;0.35714285714285715;0.21428571428571427
