cor;area;questao;pct_branco;pct_dupla;pct_A;pct_B;pct_C;pct_D;pct_E
Azul;Linguagens, Códigos e suas Tecnologias;1;0.0028123593820308986;0.00022498875056247187;0.07785759957874148;0.06352728777221951;0.25990145559860084;0.5714823033813518;0.027231353669086397
Azul;Linguagens, Códigos e suas Tecnologias;2;0.005812209389530524;0.00037498125093745314;0.5541259480058861;0.10768592234841338;0.04731539825680112;0.02282760442214089;0.2680451269667585
Azul;Linguagens, Códigos e suas Tecnologias;3;0.003637318134093295;0.0004124793760311984;0.12383283132530121;0.09932228915662651;0.5897590361445784;0.13889307228915662;0.04819277108433735
Azul;Linguagens, Códigos e suas Tecnologias;4;0.004499775011249437;0.00044997750112494374;0.5684353331323485;0.02660536629484474;0.04280976786252638;0.046615917998191134;0.31553361471208924
Azul;Linguagens, Códigos e suas Tecnologias;5;0.0031498425078746064;0.000599970001499925;0.054388738331827766;0.10124962360734718;0.044715447154471545;0.10309394760614272;0.6965522433002108
Azul;Linguagens, Códigos e suas Tecnologias;6;0.0026998650067496625;0.00026248687565621717;0.04039264357441047;0.14460867275941178;0.0368197374854263;0.7427131520553613;0.0354657941253902
Azul;Linguagens, Códigos e suas Tecnologias;7;0.006224688765561722;0.0002999850007499625;0.09628595153619687;0.26364459877708163;0.4996980448403412;0.08371706801539971;0.056654336830980596
Azul;Linguagens, Códigos e suas Tecnologias;8;0.0047247637618119094;0.00022498875056247187;0.10853180584865843;0.08889810069339765;0.4990955682845945;0.1756104914078987;0.12786403376545072
Azul;Linguagens, Códigos e suas Tecnologias;9;0.003974801259937003;0.0004124793760311984;0.051862453391586;0.2791985235960981;0.13611540054988513;0.4303039433542993;0.10251967910813152
Azul;Linguagens, Códigos e suas Tecnologias;10;0.005062246887655617;7.499625018749062e-05;0.052052316158456145;0.722777128641966;0.04692623723191738;0.13580339979646452;0.04244091817119596
Azul;Linguagens, Códigos e suas Tecnologias;11;0.002849857507124644;0.00018749062546872657;0.5381577462669725;0.2628728325873547;0.08835144995674578;0.08718546658141196;0.02343250460751495
Azul;Linguagens, Códigos e suas Tecnologias;12;0.00423728813559322;0.00018749062546872657;0.06919020715630884;0.16583804143126177;0.0631638418079096;0.5926553672316384;0.10915254237288136
Azul;Linguagens, Códigos e suas Tecnologias;13;0.0048372581370931455;7.499625018749062e-05;0.1964050194068659;0.17794023438972;0.3235482533820703;0.18434638429362776;0.11776010852771603
Azul;Linguagens, Códigos e suas Tecnologias;14;0.0032998350082495873;0.00011249437528123593;0.13681002370470707;0.050231403092899876;0.04688264288670655;0.7283741581066335;0.03770177220905294
Azul;Linguagens, Códigos e suas Tecnologias;15;0.005174741262936853;0.00026248687565621717;0.0821551106586736;0.08196659503072805;0.3637597556837462;0.12012215812690873;0.3519963804999434
Azul;Linguagens, Códigos e suas Tecnologias;16;0.0030373481325933704;0.00014999250037498125;0.1898205620133168;0.1303840800511605;0.031862468494902756;0.6313057217018395;0.016627167738780424
Azul;Linguagens, Códigos e suas Tecnologias;17;0.003974801259937003;0.00026248687565621717;0.11666352852570137;0.04131048766710601;0.7055921672001506;0.0838260214648842;0.052607795142157784
Azul;Linguagens, Códigos e suas Tecnologias;18;0.005137243137843108;0.0004124793760311984;0.24653092006033184;0.4023001508295626;0.1770739064856712;0.11134992458521871;0.06274509803921569
Azul;Linguagens, Códigos e suas Tecnologias;19;0.002437378131093445;0.00119994000299985;0.06469459184825561;0.02841443679199127;0.02615633585487938;0.1284859433216665;0.7522486921832072
Azul;Linguagens, Códigos e suas Tecnologias;20;0.004574771261436929;0.00014999250037498125;0.09535830005274659;0.47434255142792553;0.14983799261547737;0.13977846432069926;0.14068269158315122
Azul;Linguagens, Códigos e suas Tecnologias;21;0.003937303134843258;0.0002999850007499625;0.1619280738090755;0.5678779890792695;0.101600451892299;0.12042929768405197;0.04816418753530408
Azul;Linguagens, Códigos e suas Tecnologias;22;0.006599670016499175;0.0005249737513124343;0.6596419669159302;0.06095626557897122;0.04709570209230304;0.08999924465594078;0.14230682075685475
Azul;Linguagens, Códigos e suas Tecnologias;23;0.0030748462576871156;0.00044997750112494374;0.03191089034394521;0.19398660344697824;0.6370136223376233;0.0967110709716264;0.0403778128998269
Azul;Linguagens, Códigos e suas Tecnologias;24;0.008137093145342732;0.00037498125093745314;0.14473733973752884;0.24208615407889264;0.2131916342044552;0.15226353012367158;0.24772134185545175
Azul;Linguagens, Códigos e suas Tecnologias;25;0.007124643767811609;0.0004124793760311984;0.5937204821097971;0.11508671175426002;0.07889069407186307;0.08629614236596517;0.12600596969811464
Azul;Linguagens, Códigos e suas Tecnologias;26;0.004574771261436929;7.499625018749062e-05;0.0969333936106088;0.1299352019288728;0.396210066305003;0.16158077154912598;0.2153405666063894
Azul;Linguagens, Códigos e suas Tecnologias;27;0.005137243137843108;0.0002999850007499625;0.28903216076612753;0.34860309919692345;0.19168269049504205;0.09753798589903102;0.073144063642876
Azul;Linguagens, Códigos e suas Tecnologias;28;0.004312284385780711;0.00018749062546872657;0.3618728341117975;0.4031942142534278;0.1052433328310984;0.04787554618050324;0.08181407262317313
Azul;Linguagens, Códigos e suas Tecnologias;29;0.003749812509374531;0.00037498125093745314;0.18167783718653513;0.302093531139393;0.24915279765042547;0.1350628812410573;0.13201295278258904
Azul;Linguagens, Códigos e suas Tecnologias;30;0.005287235638218089;0.00018749062546872657;0.753789306990423;0.0830254128647915;0.07635170801598673;0.05267325239423874;0.03416031973455999
Azul;Linguagens, Códigos e suas Tecnologias;31;0.004199790010499475;0.00037498125093745314;0.4193475476531304;0.04335869810894297;0.3376026520003014;0.05224892639192345;0.1474421758457018
Azul;Linguagens, Códigos e suas Tecnologias;32;0.004424778761061947;0.00022498875056247187;0.061520494273658834;0.0525919228450874;0.3893911995177818;0.31411995177817964;0.18237643158529235
Azul;Linguagens, Códigos e suas Tecnologias;33;0.004274786260686966;0.0005249737513124343;0.7779577995478523;0.1186887716654107;0.02513187641296157;0.03100979653353429;0.04721175584024115
Azul;Linguagens, Códigos e suas Tecnologias;34;0.004687265636718164;0.00037498125093745314;0.14623299287679495;0.19515320544227943;0.4045528210153394;0.1439716579354012;0.11008932273018505
Azul;Linguagens, Códigos e suas Tecnologias;35;0.005437228138593071;0.0002999850007499625;0.04103337733358477;0.5479162738072789;0.27501414293795967;0.056873467848387704;0.079162738072789
Azul;Linguagens, Códigos e suas Tecnologias;36;0.005137243137843108;0.0003374831258437078;0.041097956413543475;0.7295452831611492;0.08849257220420782;0.03604554709297941;0.10481864112812005
Azul;Linguagens, Códigos e suas Tecnologias;37;0.005362231888405579;0.0010124493775311235;0.0398898030040003;0.07566608800664201;0.05475884972450751;0.06558985583817646;0.7640954034266737
Azul;Linguagens, Códigos e suas Tecnologias;38;0.007799610019499025;0.00022498875056247187;0.4391396386179784;0.066039162319498;0.20167082482800333;0.1600136085280109;0.13313676570650942
Azul;Linguagens, Códigos e suas Tecnologias;39;0.0036748162591870408;0.0007874606269686516;0.9412030584956119;0.011149195826584805;0.023051715695506424;0.015932803495423555;0.00866322648687333
Azul;Linguagens, Códigos e suas Tecnologias;40;0.005024748762561872;0.00044997750112494374;0.04762084307367469;0.24666314757559762;0.03438654701757032;0.16341150742779578;0.5079179549053616
Azul;Ciências Humanas e suas Tecnologias;1;0.003824808759562022;3.749812509374531e-05;0.06233766233766234;0.08172407302842086;0.7108225108225108;0.1207227555053642;0.024392998306041785
Azul;Ciências Humanas e suas Tecnologias;2;0.004312284385780711;0.0002999850007499625;0.10367300809945376;0.04027123752119043;0.025880580146920323;0.5963458278395178;0.2338293463929177
Azul;Ciências Humanas e suas Tecnologias;3;0.006787160641967902;0.0003374831258437078;0.42491880051363395;0.2126671198731022;0.23275927184832693;0.06673464763199638;0.06292016013294055
Azul;Ciências Humanas e suas Tecnologias;4;0.004499775011249437;0.00044997750112494374;0.15296201386795297;0.04322429906542056;0.04899005125113054;0.19980403979499547;0.5550195960205004
Azul;Ciências Humanas e suas Tecnologias;5;0.0047247637618119094;0.0003374831258437078;0.20864583725926206;0.14845663890249877;0.24916142162589983;0.0720235178833905;0.32171258432894884
Azul;Ciências Humanas e suas Tecnologias;6;0.004612269386530673;0.00022498875056247187;0.3492972606352915;0.07961867440370775;0.4096612532499341;0.11360639059497343;0.0478164211160933
Azul;Ciências Humanas e suas Tecnologias;7;0.0052122393880305986;0.00037498125093745314;0.4193597043629096;0.1170481541536257;0.029601417851351862;0.24529582563445076;0.18869489799766206
Azul;Ciências Humanas e suas Tecnologias;8;0.005024748762561872;0.0002999850007499625;0.04840533815878761;0.48906733016662896;0.15192641182236297;0.17228379702932972;0.13831712282289074
Azul;Ciências Humanas e suas Tecnologias;9;0.006712164391780411;0.00044997750112494374;0.3385579937304075;0.18850322921781168;0.17992975034935982;0.22649847037051024;0.06651055633191072
Azul;Ciências Humanas e suas Tecnologias;10;0.006112194390280486;0.00037498125093745314;0.5901113417625967;0.05019815059445178;0.17093791281373844;0.08469522551424798;0.10405736931496509
Azul;Ciências Humanas e suas Tecnologias;11;0.004387280635968201;0.0004124793760311984;0.15437076111529766;0.11635267520723436;0.5312735493594575;0.05915599095704597;0.13884702336096458
Azul;Ciências Humanas e suas Tecnologias;12;0.0058497075146242685;0.00044997750112494374;0.11150943396226415;0.08433962264150943;0.05249056603773585;0.20543396226415095;0.5462264150943397
Azul;Ciências Humanas e suas Tecnologias;13;0.0076121193940302985;0.0004124793760311984;0.6849625765479701;0.08819082180388599;0.09926665154607998;0.07771981552884252;0.04986013457322144
Azul;Ciências Humanas e suas Tecnologias;14;0.006374681265936703;0.0013874306284685765;0.6779411208949019;0.10861267525792676;0.06598390083519141;0.07357998563924266;0.07388231737273723
Azul;Ciências Humanas e suas Tecnologias;15;0.006187190640467977;0.000712464376781161;0.09949403413381665;0.1010421386497508;0.04776468811357801;0.6711977042742788;0.08050143482857575
Azul;Ciências Humanas e suas Tecnologias;16;0.005287235638218089;0.0005624718764061797;0.04794055522027761;0.03224954737477369;0.06325437537718769;0.03624773687386844;0.8203077851538926
Azul;Ciências Humanas e suas Tecnologias;17;0.00592470376481176;0.00022498875056247187;0.13631904618170843;0.16710685179595533;0.6148883187443405;0.05301086628433444;0.028674916993661335
Azul;Ciências Humanas e suas Tecnologias;18;0.006712164391780411;0.0003374831258437078;0.23512084592145016;0.5056268882175227;0.101095166163142;0.04724320241691843;0.11091389728096676
Azul;Ciências Humanas e suas Tecnologias;19;0.005324733763311835;0.0002999850007499625;0.05784749981144883;0.07115921261030243;0.17139301606455992;0.6660004525228147;0.03359981899087412
Azul;Ciências Humanas e suas Tecnologias;20;0.005962201889905505;0.00026248687565621717;0.5932005131688175;0.14783789902648856;0.02879027997886952;0.15478077126254622;0.07539053656327824
Azul;Ciências Humanas e suas Tecnologias;21;0.0054747262636868155;0.0003374831258437078;0.8840191604118735;0.02112171387621167;0.028929204541168485;0.03956549617168936;0.026364424999057067
Azul;Ciências Humanas e suas Tecnologias;22;0.006187190640467977;0.00011249437528123593;0.03539622641509434;0.7210566037735849;0.06928301886792453;0.05784905660377358;0.11641509433962265
Azul;Ciências Humanas e suas Tecnologias;23;0.006112194390280486;0.00014999250037498125;0.06905399796234105;0.06082789328704577;0.7272178408361949;0.05403569676615977;0.08886457114825856
Azul;Ciências Humanas e suas Tecnologias;24;0.006074696265186741;0.00026248687565621717;0.0893241254386958;0.031133250311332503;0.10415487376882146;0.7114230725687761;0.06396467791237405
Azul;Ciências Humanas e suas Tecnologias;25;0.009224538773061347;0.00026248687565621717;0.07382169222032936;0.09611962899867499;0.5024796517130419;0.15430626537951922;0.1732727616884346
Azul;Ciências Humanas e suas Tecnologias;26;0.009374531273436328;0.00037498125093745314;0.3102468948803393;0.05259769766737352;0.1766131475310512;0.20308239927294758;0.2574598606482884
Azul;Ciências Humanas e suas Tecnologias;27;0.006037198140092995;0.0007499625018749063;0.05402650356778797;0.6537169177332276;0.03280854758938347;0.20062672254313438;0.05882130856646657
Azul;Ciências Humanas e suas Tecnologias;28;0.008137093145342732;0.000599970001499925;0.4703612634764517;0.13292982787970495;0.15074711556648382;0.04985814261395877;0.1961036504634008
Azul;Ciências Humanas e suas Tecnologias;29;0.008737063146842658;0.00022498875056247187;0.12157100155132619;0.16644594952514283;0.09920920201294033;0.5545045215482992;0.05826932536229142
Azul;Ciências Humanas e suas Tecnologias;30;0.007162141892905355;0.0004124793760311984;0.05127333182196025;0.08036726365903424;0.8091891483412681;0.03529056147510013;0.023879694702637348
Azul;Ciências Humanas e suas Tecnologias;31;0.007424628768561572;0.0004124793760311984;0.10877206243622208;0.1782758229713897;0.060735477531274805;0.5976416342265392;0.05457500283457425
Azul;Ciências Humanas e suas Tecnologias;32;0.01023698815059247;0.0010499475026248687;0.13111085826980695;0.11719194447604961;0.14093374293624605;0.12420829066636326;0.4865551636515341
Azul;Ciências Humanas e suas Tecnologias;33;0.00952452377381131;0.0007874606269686516;0.3081498882279392;0.16398287424695943;0.1918311673549805;0.048270374720569845;0.287765695449551
Azul;Ciências Humanas e suas Tecnologias;34;0.01319934003299835;0.0005624718764061797;0.2735637428234668;0.2427664347363218;0.1718185620318619;0.25462910155507396;0.05722215885327554
Azul;Ciências Humanas e suas Tecnologias;35;0.01001199940003;0.000712464376781161;0.4336289894625123;0.20006064741111365;0.08809036464255932;0.17094989007656736;0.10727010840724736
Azul;Ciências Humanas e suas Tecnologias;36;0.01207439628018599;0.0005249737513124343;0.2911286647425186;0.10409387817104664;0.15874221479568587;0.27586206896551724;0.17017317332523166
Azul;Ciências Humanas e suas Tecnologias;37;0.010611969401529923;0.00044997750112494374;0.1013536571493573;0.5927274106093353;0.12986766769044097;0.09650020854661964;0.07955105600424676
Azul;Ciências Humanas e suas Tecnologias;38;0.010986950652467376;0.000599970001499925;0.13934519518949884;0.08353882924238401;0.5411813801737547;0.06157289730262908;0.17436169809173338
Azul;Ciências Humanas e suas Tecnologias;39;0.0119994000299985;0.0006749662516874156;0.1877706038739081;0.09027725028484618;0.1180022787694645;0.35533611849601215;0.2486137485757691
Azul;Ciências Humanas e suas Tecnologias;40;0.011774411279436028;0.00048747562621868906;0.16024448578262024;0.2363615656201359;0.12645685433354847;0.33605406021031853;0.14088303405337688
Azul;Ciências Humanas e suas Tecnologias;41;0.011699415029248537;0.0007874606269686516;0.1188912094171255;0.1655971141067021;0.1933928232390355;0.08604518701348016;0.43607366622365673
Azul;Ciências Humanas e suas Tecnologias;42;0.011474426278686065;0.000599970001499925;0.26504972291809004;0.5144613983147347;0.08946329613603583;0.0668033098003492;0.06422227283079025
Azul;Ciências Humanas e suas Tecnologias;43;0.01136193190340483;0.0007499625018749063;0.2839248434237996;0.11019168722717783;0.1978743594609983;0.24251281078003417;0.16549629910799013
Azul;Ciências Humanas e suas Tecnologias;44;0.009712014399280036;0.000599970001499925;0.029288068806122836;0.02686318341984617;0.047095820861592086;0.8403743416815065;0.05637858523093244
Azul;Ciências Humanas e suas Tecnologias;45;0.011099445027748612;0.00018749062546872657;0.37618993438768156;0.368111654719915;0.08408237569689385;0.08575112830431979;0.08586490689118974
Azul;Matemática e suas Tecnologias;1;0.005812209389530524;0.0;0.16186104899768547;0.3156800439370758;0.344396061354988;0.1292613079125966;0.048801537797654074
Azul;Matemática e suas Tecnologias;2;0.004274786260686966;0.0;0.04637317875607081;0.0814663951120163;0.5145307848973837;0.25403415321948924;0.10359548801503995
Azul;Matemática e suas Tecnologias;3;0.009374531273436328;0.0;0.23239880296109625;0.2555520554418019;0.25063002047566546;0.15344936210426838;0.10796975901716806
Azul;Matemática e suas Tecnologias;4;0.004387280635968201;0.0;0.0744643346782091;0.08155431078381449;0.36828704610443025;0.3707939989815504;0.10490030945199577
Azul;Matemática e suas Tecnologias;5;0.0057372131393430325;0.0;0.18275605068057899;0.17149805829051112;0.20162397520888087;0.1969560271447064;0.24716588867532263
Azul;Matemática e suas Tecnologias;6;0.00487475626218689;3.749812509374531e-05;0.07407407407407407;0.27767979619831473;0.13384283754654125;0.12008622378992749;0.39431706839114244
Azul;Matemática e suas Tecnologias;7;0.006412179391030448;3.749812509374531e-05;0.2083300620240245;0.25739970165659104;0.24868493365784722;0.16958467457014995;0.1160006280913873
Azul;Matemática e suas Tecnologias;8;0.005062246887655617;0.0;0.14507467367018148;0.3560032926972678;0.19991376269060404;0.16718278389714242;0.1318254870448042
Azul;Matemática e suas Tecnologias;9;0.005024748762561872;0.0;0.2776340545625588;0.12209940420194418;0.29009877704609593;0.19273283160865476;0.11743493258074632
Azul;Matemática e suas Tecnologias;10;0.004949752512374382;0.0;0.26166026495257505;0.3403621541114682;0.21247158422826684;0.11734733871599906;0.06815865799169084
Azul;Matemática e suas Tecnologias;11;0.006337183140842958;0.0;0.09475212937159005;0.1354555088903717;0.22149389645562664;0.29665973230757153;0.2516387329748401
Azul;Matemática e suas Tecnologias;12;0.005249737513124344;0.0;0.05739825923312162;0.3545440288559555;0.1747431976789775;0.30757468830863327;0.10573982592331216
Azul;Matemática e suas Tecnologias;13;0.006487175641217939;3.749812509374531e-05;0.15672110552763818;0.178902324120603;0.3221969221105528;0.2346105527638191;0.10756909547738694
Azul;Matemática e suas Tecnologias;14;0.004949752512374382;0.0;0.14929058556086855;0.07352825899506153;0.1197381829583758;0.3436544642157247;0.3137885082699694
Azul;Matemática e suas Tecnologias;15;0.006187190640467977;3.749812509374531e-05;0.44925431711145997;0.07998430141287284;0.12810047095761382;0.26047880690737835;0.08218210361067504
Azul;Matemática e suas Tecnologias;16;0.004537273136343183;0.0;0.1816258570029383;0.5848383937316356;0.15561214495592557;0.04231145935357493;0.035612144955925566
Azul;Matemática e suas Tecnologias;17;0.008174591270436479;0.0;0.14661003618058832;0.2008415919458864;0.2852367468931886;0.23588170520685858;0.13142991977347807
Azul;Matemática e suas Tecnologias;18;0.005512224388780561;0.0;0.02400094121338092;0.10325895133142476;0.1346327306953214;0.06317894819404682;0.6749284285658261
Azul;Matemática e suas Tecnologias;19;0.004612269386530673;0.0;0.24197782392351996;0.2311248677663284;0.14261646358186733;0.18324648356384438;0.20103436116443993
Azul;Matemática e suas Tecnologias;20;0.005549722513874306;0.0;0.11769550552984548;0.1461291081653463;0.21684053651266766;0.39654090516903284;0.12279394462310769
Azul;Matemática e suas Tecnologias;21;0.005024748762561872;0.0;0.6711351520852932;0.14428504233301975;0.07670899968642207;0.0742395735340232;0.03363123236124177
Azul;Matemática e suas Tecnologias;22;0.005174741262936853;0.0;0.14642465108985417;0.4562490199153207;0.149482515289321;0.13830954994511527;0.1095342637603889
Azul;Matemática e suas Tecnologias;23;0.005962201889905505;0.0;0.10118884137011025;0.21909208616157258;0.3296582571507043;0.26036803076078;0.0896927845568329
Azul;Matemática e suas Tecnologias;24;0.005887205639718014;0.0;0.06904939385617326;0.13346933971517125;0.2022048726901801;0.4766369806583232;0.11863941308015222
Azul;Matemática e suas Tecnologias;25;0.006262186890655467;0.0;0.22179049413242277;0.11660583225401311;0.15954315318497586;0.22402763059774716;0.27803288983084107
Azul;Matemática e suas Tecnologias;26;0.008099595020248988;0.0;0.267558002359418;0.1490758946126622;0.20499410145497443;0.26712544239087693;0.11124655918206842
Azul;Matemática e suas Tecnologias;27;0.006262186890655467;3.749812509374531e-05;0.07912709003846456;0.06303477510008634;0.11519742522960986;0.5659784912473507;0.1766622183844886
Azul;Matemática e suas Tecnologias;28;0.005887205639718014;0.0;0.10227941464945663;0.1806661697202715;0.08427164659264781;0.5095923731805877;0.12319039585703637
Azul;Matemática e suas Tecnologias;29;0.005174741262936853;0.0;0.01278030421828446;0.015955778579269247;0.019209659714599342;0.7555668809785165;0.1964873765093304
Azul;Matemática e suas Tecnologias;30;0.006937153142342883;0.0;0.09669690899807548;0.32822748517340244;0.24009269078198028;0.11578492596520168;0.21919798908134008
Azul;Matemática e suas Tecnologias;31;0.004649767511624419;0.0;0.19845623383747354;0.13560849463208213;0.41485776976725963;0.14179923203510697;0.10927826972807773
Azul;Matemática e suas Tecnologias;32;0.005962201889905505;0.0;0.29736728528269313;0.2345509475418841;0.20210303291874288;0.11511751088790363;0.15086122336877625
Azul;Matemática e suas Tecnologias;33;0.006299685015749213;0.0;0.16575084386529554;0.21336054635371693;0.21795274354344926;0.3345239029751158;0.06841196326242248
Azul;Matemática e suas Tecnologias;34;0.005362231888405579;0.0;0.0682272673803082;0.13323922675763636;0.17284241069678077;0.5513469003646629;0.07434419480061169
Azul;Matemática e suas Tecnologias;35;0.006487175641217939;0.0;0.21430534291210301;0.3655635378636203;0.2440623405174106;0.11749695756290975;0.05857182114395634
Azul;Matemática e suas Tecnologias;36;0.006074696265186741;0.0;0.13612462721707738;0.3160021974572281;0.31792497253178464;0.12062470569769267;0.10932349709621723
Azul;Matemática e suas Tecnologias;37;0.006224688765561722;0.0;0.11805337519623234;0.2627551020408163;0.3520015698587127;0.1293956043956044;0.13779434850863423
Azul;Matemática e suas Tecnologias;38;0.006824658767061647;0.0;0.11977693999371662;0.301445177505498;0.34770656613257933;0.0845114671693371;0.146559849198869
Azul;Matemática e suas Tecnologias;39;0.004987250637468126;0.0;0.03488417669423431;0.04311527456590758;0.13988946811429467;0.06855328655979305;0.7135577940657704
Azul;Matemática e suas Tecnologias;40;0.0069746512674366285;0.0;0.13629222309505107;0.3000392772977219;0.17615868028279655;0.17498036135113904;0.21252945797329142
Azul;Matemática e suas Tecnologias;41;0.006412179391030448;0.0;0.07089303238469087;0.1981550539744848;0.17829244357212953;0.14759568204121687;0.40506378802747794
Azul;Matemática e suas Tecnologias;42;0.005774711264436778;3.749812509374531e-05;0.42332587972225494;0.13710721431093328;0.12043466321446786;0.1852810795967204;0.13385116315562356
Azul;Matemática e suas Tecnologias;43;0.006337183140842958;0.0;0.18624641833810887;0.25466106684460493;0.37202182360560504;0.07414530753228402;0.1129253836793971
Azul;Matemática e suas Tecnologias;44;0.004987250637468126;0.0;0.09689178066083957;0.11347156351663858;0.6149414024222946;0.10798416493552307;0.06671108846470426
Azul;Matemática e suas Tecnologias;45;0.006374681265936703;0.0;0.08902496467263307;0.09840634322499607;0.49493641073951955;0.2598916627414037;0.05774061862144764
Azul;Ciências Naturais e suas Tecnologias;1;0.0044622768861556925;0.0;0.05664590433658479;0.05989736357582168;0.04700904924197908;0.5448348807145376;0.2916128021310769
Azul;Ciências Naturais e suas Tecnologias;2;0.004049797510124494;0.0;0.008849557522123894;0.9348421959433002;0.020518443104393453;0.021928107134466284;0.013861696295716187
Azul;Ciências Naturais e suas Tecnologias;3;0.0044622768861556925;0.0;0.08199161671955185;0.018137658165863595;0.06436322325380969;0.29509930661652367;0.5404081952442512
Azul;Ciências Naturais e suas Tecnologias;4;0.00487475626218689;0.0;0.17240163034958458;0.28327324031979934;0.1281940743063176;0.08582849976485342;0.3303025552594451
Azul;Ciências Naturais e suas Tecnologias;5;0.0047997600119994;0.0;0.040089348695038794;0.31225017634610863;0.1876322595814719;0.19456853985422054;0.26545967552316013
Azul;Ciências Naturais e suas Tecnologias;6;0.005887205639718014;0.0;0.14472909882694496;0.2322962846718192;0.26219153360273056;0.29310683039742635;0.06767625250107889
Azul;Ciências Naturais e suas Tecnologias;7;0.0047247637618119094;3.749812509374531e-05;0.18061052549081077;0.18813433128257376;0.27113131392295936;0.07472863356714604;0.28539519573651007
Azul;Ciências Naturais e suas Tecnologias;8;0.00487475626218689;0.0;0.17138266185922557;0.2195485185765794;0.3288524847154726;0.11592726132622669;0.1642890735224957
Azul;Ciências Naturais e suas Tecnologias;9;0.004274786260686966;0.0;0.14405451981826728;0.22536424878583738;0.4600109666301112;0.11585461381795394;0.05471565094783017
Azul;Ciências Naturais e suas Tecnologias;10;0.0052122393880305986;0.0;0.1359234719880817;0.18355745481632493;0.29250793899713806;0.2867056102246442;0.10130552397381111
Azul;Ciências Naturais e suas Tecnologias;11;0.004987250637468126;0.0;0.18512131070434681;0.19805589307411908;0.3201505115039392;0.27182220828597187;0.024850076431623094
Azul;Ciências Naturais e suas Tecnologias;12;0.005549722513874306;0.0;0.12777472742960233;0.15526707977096244;0.3001411875441211;0.10698878343399482;0.3098282218213193
Azul;Ciências Naturais e suas Tecnologias;13;0.004687265636718164;0.0;0.07832765173778457;0.20876924885388504;0.19697504016300302;0.2135888092159398;0.30233925002938755
Azul;Ciências Naturais e suas Tecnologias;14;0.005812209389530524;0.0;0.07143697775685535;0.27237064061825744;0.05252834333686399;0.20972107802753914;0.3939429602604841
Azul;Ciências Naturais e suas Tecnologias;15;0.004987250637468126;0.0;0.17238270685532867;0.13926233684788147;0.1830831340885039;0.09747971622310195;0.407792105985184
Azul;Ciências Naturais e suas Tecnologias;16;0.0044622768861556925;0.0;0.26959689740275;0.10016844909311709;0.4032592940807772;0.07858346064950836;0.14839189877384729
Azul;Ciências Naturais e suas Tecnologias;17;0.0048372581370931455;3.749812509374531e-05;0.07375764226367769;0.19383915974290641;0.09460730522025396;0.2593274807963631;0.37846841197679887
Azul;Ciências Naturais e suas Tecnologias;18;0.004387280635968201;0.0;0.05292020839045791;0.5058169140976928;0.25371146539229894;0.11669082220220142;0.07086058991734889
Azul;Ciências Naturais e suas Tecnologias;19;0.005512224388780561;0.0;0.22691085924938234;0.4399388211302404;0.08321894976273579;0.21408682693438957;0.03584454292325189
Azul;Ciências Naturais e suas Tecnologias;20;0.006112194390280486;0.0;0.1466075422830907;0.2310952399638975;0.31840835066514933;0.17364517521484912;0.13024369187301338
Azul;Ciências Naturais e suas Tecnologias;21;0.00416229188540573;0.0;0.1567652242020756;0.07871548854513413;0.2358723320932054;0.23559819855100841;0.2930487566085765
Azul;Ciências Naturais e suas Tecnologias;22;0.004387280635968201;0.0;0.21708645070312194;0.0892318539699949;0.041364722472482275;0.13643307610952252;0.5158838967448783
Azul;Ciências Naturais e suas Tecnologias;23;0.004912254387280636;0.0;0.09990201842053693;0.11354105428179502;0.3706839114246522;0.3222026259063296;0.09367038996668627
Azul;Ciências Naturais e suas Tecnologias;24;0.006599670016499175;0.0;0.3929721240675304;0.20098154691794268;0.18590498625834315;0.1475461327051433;0.07259521005104044
Azul;Ciências Naturais e suas Tecnologias;25;0.005062246887655617;0.0;0.359766375289091;0.18960448434008859;0.09948649602132413;0.13880286935047625;0.21233977499902004
Azul;Ciências Naturais e suas Tecnologias;26;0.004312284385780711;0.0;0.10591046179154753;0.3928949120676824;0.2132309741099056;0.11777838705886962;0.17018526497199482
Azul;Ciências Naturais e suas Tecnologias;27;0.006899655017249137;0.0;0.1181368313565313;0.18502081533265258;0.3072814390071479;0.27527295577723665;0.11428795852643155
Azul;Ciências Naturais e suas Tecnologias;28;0.004762261886905655;0.0;0.10952623535404993;0.08848309103021278;0.28982326893687055;0.32219130843685095;0.18997609624201575
Azul;Ciências Naturais e suas Tecnologias;29;0.006149692515374231;0.0;0.17541794207676006;0.28655521544619733;0.29287340083195984;0.18515030217408368;0.06000313947099914
Azul;Ciências Naturais e suas Tecnologias;30;0.0047997600119994;0.0;0.3003762050317423;0.26067873657810176;0.11305744964338899;0.09667685555294302;0.22921075319382397
Azul;Ciências Naturais e suas Tecnologias;31;0.005324733763311835;0.0;0.2823086574654956;0.10825752823086575;0.16993412797992472;0.11174717691342534;0.3277525094102886
Azul;Ciências Naturais e suas Tecnologias;32;0.0052122393880305986;0.0;0.1464695965813306;0.13266946328458853;0.21060885247187047;0.18304779080252478;0.32720429685968555
Azul;Ciências Naturais e suas Tecnologias;33;0.0047247637618119094;0.0;0.1640282131661442;0.5631661442006269;0.0650078369905956;0.06128526645768025;0.14651253918495297
Azul;Ciências Naturais e suas Tecnologias;34;0.005512224388780561;0.0;0.24459782736577906;0.3719753715831993;0.2587552453037374;0.08741519275265697;0.03725636299462724
Azul;Ciências Naturais e suas Tecnologias;35;0.004687265636718164;0.0;0.07064770189255908;0.0894949257474237;0.23419928686180008;0.23365071901571255;0.3720073664825046
Azul;Ciências Naturais e suas Tecnologias;36;0.005362231888405579;0.0;0.13476845861271222;0.1406109085205662;0.306003215308003;0.20311335921264165;0.21550405834607694
Azul;Ciências Naturais e suas Tecnologias;37;0.00592470376481176;0.0;0.1471280602636535;0.16031073446327684;0.16560734463276836;0.3476930320150659;0.1792608286252354
Azul;Ciências Naturais e suas Tecnologias;38;0.004649767511624419;0.0;0.035028602774077267;0.05842018650575974;0.7624794295117937;0.07926494788809654;0.0648068333202727
Azul;Ciências Naturais e suas Tecnologias;39;0.005549722513874306;0.0;0.22590007059377207;0.3339869793709311;0.09287002902188407;0.21809553690485528;0.12914738410855753
Azul;Ciências Naturais e suas Tecnologias;40;0.004987250637468126;0.0;0.1433778857837181;0.14608238937012502;0.058244816368126055;0.501900991651315;0.1503939168267158
Azul;Ciências Naturais e suas Tecnologias;41;0.0048372581370931455;0.0;0.5386605008425756;0.048791002077046675;0.20253164556962025;0.16259748403025434;0.0474193674805032
Azul;Ciências Naturais e suas Tecnologias;42;0.0058497075146242685;0.0;0.15484503726951745;0.14119262455865045;0.20082385249117302;0.1201647704982346;0.38297371518242446
Azul;Ciências Naturais e suas Tecnologias;43;0.005437228138593071;0.0;0.15603309674130425;0.19214932747735383;0.31088976902866555;0.13191639543547312;0.20901141131720324
Azul;Ciências Naturais e suas Tecnologias;44;0.005287235638218089;0.0;0.40243089590276415;0.06316408547343658;0.11989805920407763;0.13366006665359734;0.2808468927661243
Azul;Ciências Naturais e suas Tecnologias;45;0.006224688765561722;0.0;0.2032182103610675;0.28414442700156983;0.23061224489795917;0.21189167974882261;0.07013343799058085
Azul;Inglês;1;0.0030373481325933704;0.00018749062546872657;0.03225806451612903;0.8771071800208117;0.048595213319458895;0.013995837669094693;0.028043704474505722
Azul;Inglês;2;0.002999850007499625;0.0002999850007499625;0.06103652825476116;0.27281715058799044;0.4374544697679259;0.06774898532625663;0.16094286606306588
Azul;Inglês;3;0.0032998350082495873;0.00037498125093745314;0.26187005414410663;0.09334652228238234;0.10740316534777176;0.40644523115368597;0.13093502707205332
Azul;Inglês;4;0.005024748762561872;0.0006749662516874156;0.697452229299363;0.14446068706275453;0.08442100866659706;0.055497546204448155;0.018168528766837215
Azul;Inglês;5;0.004387280635968201;0.00014999250037498125;0.04508730779254626;0.7962991920771436;0.048996611936408654;0.07782121449048736;0.03179567370341413
Azul;Espanhol;1;0.002062396880155992;3.749812509374531e-05;0.47262523952915414;0.19477142075006842;0.2328223378045442;0.02491103202846975;0.07486996988776348
Azul;Espanhol;2;0.0018749062546872656;0.00037498125093745314;0.25362914270063;0.25362914270063;0.2910161599561764;0.10147904683648315;0.10024650780608052
Azul;Espanhol;3;0.0016124193790310484;0.0005249737513124343;0.05174537987679671;0.03764544832306639;0.16687200547570158;0.1349760438056126;0.6087611225188228
Azul;Espanhol;4;0.002174891255437228;0.00011249437528123593;0.09820572524311738;0.39569921928502944;0.11066977126421038;0.16436104643199562;0.23106423777564716
Azul;Espanhol;5;0.002474876256187191;7.499625018749062e-05;0.6386070743076501;0.08993693446668495;0.16534137647381408;0.05209761447765286;0.05401700027419797
Amarela;Linguagens, Códigos e suas Tecnologias;1;0.00314488955447398;0.00014975664545114188;0.11933739012846518;0.037262414544361806;0.7212455863571482;0.07752986251972054;0.04462474645030426
Amarela;Linguagens, Códigos e suas Tecnologias;2;0.004530138524897042;0.00033695245226506926;0.23220466516177576;0.41918735891647857;0.19635063957863055;0.10586907449209933;0.0463882618510158
Amarela;Linguagens, Códigos e suas Tecnologias;3;0.0025458629726694123;0.0004492699363534257;0.07544123169357866;0.02737514081862561;0.029928651896357492;0.1336838152459632;0.733571160345475
Amarela;Linguagens, Códigos e suas Tecnologias;4;0.004080868588543616;0.00033695245226506926;0.5940508423586041;0.02365373044524669;0.04516395908543923;0.042682009626955474;0.29444945848375453
Amarela;Linguagens, Códigos e suas Tecnologias;5;0.0037813552976413327;0.00022463496817671285;0.05228733601473518;0.10378528737360448;0.04450625869262865;0.10149231289704169;0.69792880502199
Amarela;Linguagens, Códigos e suas Tecnologias;6;0.002620741295394983;0.0005241482590789966;0.04240216329903102;0.13362878389544056;0.039585367685720727;0.7478780139713063;0.036505671148501465
Amarela;Linguagens, Códigos e suas Tecnologias;7;0.0073380756271059526;0.0004118307749906402;0.15300154699467985;0.2590272799305739;0.22072972870995736;0.14488925781986944;0.22235218654491945
Amarela;Linguagens, Códigos e suas Tecnologias;8;0.006551853238487458;0.000711344065892924;0.6548876150248907;0.09684718660431438;0.06184944938904812;0.07335193845225524;0.11306381052949163
Amarela;Linguagens, Códigos e suas Tecnologias;9;0.003481842006739049;0.0006364657431673531;0.08947368421052632;0.11845864661654135;0.4361654135338346;0.14834586466165414;0.2075563909774436
Amarela;Linguagens, Códigos e suas Tecnologias;10;0.004417821040808686;0.00014975664545114188;0.09203400030088763;0.4875883857379269;0.14359861591695502;0.15115841733112684;0.12562058071310367
Amarela;Linguagens, Códigos e suas Tecnologias;11;0.0022837888431299137;0.00018719580681392738;0.14922684281639392;0.574238102387029;0.10212430565981084;0.12805885002251916;0.04635189911424711
Amarela;Linguagens, Códigos e suas Tecnologias;12;0.0049419692998876824;0.00018719580681392738;0.6787340533624355;0.05610958491702104;0.03432055093515975;0.09351597486170173;0.13731983592368194
Amarela;Linguagens, Códigos e suas Tecnologias;13;0.002208910520404343;0.00018719580681392738;0.029160099076784508;0.16681678300683028;0.6719957967424754;0.09566163776927118;0.036365683404638596
Amarela;Linguagens, Códigos e suas Tecnologias;14;0.004193186072631973;0.00033695245226506926;0.29670164353680095;0.33276919026665164;0.2024897514009553;0.09379818722027906;0.0742412275753131
Amarela;Linguagens, Códigos e suas Tecnologias;15;0.0037439161362785474;0.00029951329090228376;0.3777159612059244;0.406097285918352;0.09251184121494624;0.04849259454176378;0.0751823171190136
Amarela;Linguagens, Códigos e suas Tecnologias;16;0.0027330587794833394;0.00029951329090228376;0.16620977130196402;0.2962935145893575;0.26403545007322843;0.13999774681737956;0.13346351721807054
Amarela;Linguagens, Códigos e suas Tecnologias;17;0.0030325720703856234;0.0002620741295394983;0.7838254075576591;0.07238374276913831;0.06821425888363009;0.04436180602509203;0.031214784764480506
Amarela;Linguagens, Códigos e suas Tecnologias;18;0.002770497940846125;0.00037439161362785476;0.4284533914219184;0.033200630962217384;0.34011868098850745;0.0440922406670172;0.15413505596033952
Amarela;Linguagens, Códigos e suas Tecnologias;19;0.0032572070385623363;0.00018719580681392738;0.05312194755428657;0.045345255090540236;0.4020211886693215;0.32910060861071455;0.17041100007513713
Amarela;Linguagens, Códigos e suas Tecnologias;20;0.0024709846499438412;0.0002620741295394983;0.7886774036115178;0.12129744340578894;0.017569546120058566;0.028306490971205467;0.04414911589142922
Amarela;Linguagens, Códigos e suas Tecnologias;21;0.006888805690752527;0.00022463496817671285;0.42571644042232276;0.06602564102564103;0.20950226244343892;0.15177224736048264;0.14698340874811464
Amarela;Linguagens, Códigos e suas Tecnologias;22;0.0017596405840509173;0.0007487832272557095;0.9540592275644635;0.008144728446496266;0.01749052283901963;0.012986525541418008;0.0073189956086026344
Amarela;Linguagens, Códigos e suas Tecnologias;23;0.0029576937476600523;0.000711344065892924;0.033932060724485194;0.2413572824289794;0.03396963775740267;0.16282128363144446;0.5279197354576882
Amarela;Linguagens, Códigos e suas Tecnologias;24;0.003182328715836765;0.00037439161362785476;0.14465526958482058;0.1717828292316363;0.44350929926733046;0.14198760097689272;0.09806500093931993
Amarela;Linguagens, Códigos e suas Tecnologias;25;0.003631598652190191;0.00011231748408835643;0.03363397219090567;0.5776399849680571;0.26163096580233;0.05238632093198046;0.0747087561067268
Amarela;Linguagens, Códigos e suas Tecnologias;26;0.002920254586297267;0.00014975664545114188;0.035564067898452754;0.7552951780081117;0.0772119573381403;0.031057533423464023;0.10087126333183115
Amarela;Linguagens, Códigos e suas Tecnologias;27;0.003182328715836765;0.0005241482590789966;0.03430912028860246;0.07117357483747322;0.04351583931456916;0.059787306001277664;0.7912141595580775
Amarela;Linguagens, Códigos e suas Tecnologias;28;0.004492699363534257;0.00022463496817671285;0.07019259705085766;0.2511284983448691;0.14094944327414988;0.42593289196509176;0.1117965693650316
Amarela;Linguagens, Códigos e suas Tecnologias;29;0.003893672781729689;0.00018719580681392738;0.06356903875794143;0.6806511033419796;0.0639073719033119;0.1498439908274125;0.042028495169354536
Amarela;Linguagens, Códigos e suas Tecnologias;30;0.006813927368026956;0.00037439161362785476;0.10268496870050532;0.26563089222414965;0.4410966136209367;0.10494758277396485;0.08563994268044348
Amarela;Linguagens, Códigos e suas Tecnologias;31;0.004679895170348184;0.00033695245226506926;0.1237959060806743;0.10618603251053582;0.4431818181818182;0.18501655629139072;0.14181968693558097
Amarela;Linguagens, Códigos e suas Tecnologias;32;0.004567577686259827;0.00014975664545114188;0.5238865482997291;0.2594041528739091;0.08975323502858862;0.09280018055973518;0.03415588323803792
Amarela;Linguagens, Códigos e suas Tecnologias;33;0.005728191688506177;0.00022463496817671285;0.09219991714059735;0.1859063688749953;0.07800082859402659;0.5231064743324169;0.12078641105796392
Amarela;Linguagens, Códigos e suas Tecnologias;34;0.005728191688506177;0.00033695245226506926;0.20287780623775803;0.16498417959921652;0.31113454874190144;0.2078122645773693;0.11319120084375471
Amarela;Linguagens, Códigos e suas Tecnologias;35;0.004492699363534257;0.00029951329090228376;0.15961929124971785;0.06703784515837785;0.053081032277481004;0.6760589872846287;0.044202844029794595
Amarela;Linguagens, Códigos e suas Tecnologias;36;0.006476974915761887;0.0002620741295394983;0.10365623822088202;0.08266113833396155;0.3600452318130418;0.1256690539012439;0.3279683377308707
Amarela;Linguagens, Códigos e suas Tecnologias;37;0.005016847622613253;0.00014975664545114188;0.20581815444829143;0.13484118621104924;0.046966731898238745;0.5857669727532742;0.02660695468914647
Amarela;Linguagens, Códigos e suas Tecnologias;38;0.004867090977162112;0.00011231748408835643;0.08420814990405237;0.10320954208526169;0.2517966662904015;0.5175151446739662;0.043270497046318246
Amarela;Linguagens, Códigos e suas Tecnologias;39;0.005915387495320105;0.0006364657431673531;0.5273789334840776;0.12654983983418128;0.08245713208969285;0.036065573770491806;0.22754852082155644
Amarela;Linguagens, Códigos e suas Tecnologias;40;0.006065144140771247;0.00033695245226506926;0.13519725686725198;0.11718602810957458;0.5209314593616942;0.14680281849353782;0.07988243716794152
Amarela;Ciências Humanas e suas Tecnologias;1;0.0037813552976413327;0.00037439161362785476;0.0252641076732208;0.022933192977179592;0.04169329674047897;0.8556336704387383;0.054475732170382346
Amarela;Ciências Humanas e suas Tecnologias;2;0.00628977910894796;0.0002620741295394983;0.41594120972300735;0.3731298285283588;0.07676653476540418;0.06870171471641229;0.0654607122668174
Amarela;Ciências Humanas e suas Tecnologias;3;0.006926244852115313;0.0002620741295394983;0.7101591371898334;0.08002111773135229;0.09815974055358624;0.0609020288106192;0.050757975714608945
Amarela;Ciências Humanas e suas Tecnologias;4;0.0046050168476226136;0.0008236615499812804;0.6996423865989083;0.10423489553924337;0.06214944475814041;0.06531150009410878;0.0686617730095991
Amarela;Ciências Humanas e suas Tecnologias;5;0.003856233620366904;0.00014975664545114188;0.0985603127466827;0.09810923580047363;0.04210051497951359;0.6875540352591812;0.07367590121414878
Amarela;Ciências Humanas e suas Tecnologias;6;0.003931111943092475;0.0006364657431673531;0.04182337896795547;0.021851963291710547;0.05743192417632014;0.036181736121558596;0.8427109974424553
Amarela;Ciências Humanas e suas Tecnologias;7;0.00554099588169225;0.0005241482590789966;0.502938074431219;0.12991562452915473;0.13112098839837275;0.03770528853397619;0.1983200241072774
Amarela;Ciências Humanas e suas Tecnologias;8;0.0068513665293897415;0.00037439161362785476;0.10035071840705963;0.1773202096768111;0.09246898216238639;0.5841912735226459;0.04566881623109703
Amarela;Ciências Humanas e suas Tecnologias;9;0.004567577686259827;0.00033695245226506926;0.04864742842093382;0.07724143120508672;0.8328379547763272;0.026298957823845892;0.014974227773806388
Amarela;Ciências Humanas e suas Tecnologias;10;0.00471733433171097;0.0004118307749906402;0.09867158393858427;0.1823655590260791;0.05249689534489896;0.6177322846498325;0.048733677040605126
Amarela;Ciências Humanas e suas Tecnologias;11;0.007974541370273307;0.0004118307749906402;0.0679981877218153;0.08766895718492788;0.5011704296609529;0.15710186513629842;0.18606056029600543
Amarela;Ciências Humanas e suas Tecnologias;12;0.0061400224634968175;0.0004118307749906402;0.2978330506877709;0.04277369511965329;0.1677784058790277;0.2297719992462785;0.2618428490672696
Amarela;Ciências Humanas e suas Tecnologias;13;0.004455260202171471;0.00037439161362785476;0.053835446371468344;0.6821037583236146;0.02956999360445431;0.18058011361498816;0.053910688085474584
Amarela;Ciências Humanas e suas Tecnologias;14;0.010408086858854361;0.00018719580681392738;0.3167215347939607;0.0835130737503311;0.1269913346198963;0.27990312937526013;0.1928709274605517
Amarela;Ciências Humanas e suas Tecnologias;15;0.008236615499812805;7.487832272557094e-05;0.09290999697976442;0.6346647538508003;0.12688764723648444;0.07788432497734823;0.06765327695560254
Amarela;Ciências Humanas e suas Tecnologias;16;0.005690752527143392;0.00014975664545114188;0.146606914212548;0.07332228666114333;0.5511034119153423;0.05065150259847857;0.17831588461248776
Amarela;Ciências Humanas e suas Tecnologias;17;0.006888805690752527;0.00033695245226506926;0.18278839989440737;0.0764415280763284;0.09412829505600182;0.38337670173850735;0.26326507523475506
Amarela;Ciências Humanas e suas Tecnologias;18;0.007487832272557095;0.00033695245226506926;0.1591638051394287;0.23999094373797214;0.11629749820761481;0.3487415569223803;0.13580619599260405
Amarela;Ciências Humanas e suas Tecnologias;19;0.0068513665293897415;0.00048670909771621114;0.10858414422569208;0.1663649392773629;0.1960473712001207;0.07920343969223806;0.4498001056045863
Amarela;Ciências Humanas e suas Tecnologias;20;0.007675028079371022;0.0005615874204417821;0.2637599093997735;0.5488863722159305;0.07440543601359004;0.05583238958097395;0.057115892789731976
Amarela;Ciências Humanas e suas Tecnologias;21;0.008161737177087233;0.0004492699363534257;0.2908610271903323;0.10128398791540785;0.19520392749244714;0.24558157099697886;0.16706948640483385
Amarela;Ciências Humanas e suas Tecnologias;22;0.007899663047547734;0.0005990265818045675;0.13076313106521165;0.11543254163047993;0.15002076803987463;0.12083223199788544;0.4829513272665483
Amarela;Ciências Humanas e suas Tecnologias;23;0.0072257581430175966;0.0004118307749906402;0.29849845318041196;0.1633969667245152;0.19467290424809477;0.048781407983098164;0.2946502678638799
Amarela;Ciências Humanas e suas Tecnologias;24;0.011119430924747285;0.0004492699363534257;0.2630203401386311;0.24173326767925457;0.17162228703458202;0.2624521798416727;0.061171925305859624
Amarela;Ciências Humanas e suas Tecnologias;25;0.0075627105952826654;0.0004492699363534257;0.435612922705314;0.19670893719806765;0.0870697463768116;0.17508303140096618;0.10552536231884058
Amarela;Ciências Humanas e suas Tecnologias;26;0.008611007113440658;0.000786222388618495;0.21368910389659473;0.14743565516459428;0.23269964851279337;0.08450810688234626;0.32166748554367136
Amarela;Ciências Humanas e suas Tecnologias;27;0.008086858854361662;0.00029951329090228376;0.3222457147172091;0.09208638526013743;0.4106320320169146;0.11409801404515593;0.06093785396058295
Amarela;Ciências Humanas e suas Tecnologias;28;0.009210033695245227;0.0004118307749906402;0.3844176463917136;0.11915472725210752;0.04789626885419423;0.2549805315087136;0.1935508259932711
Amarela;Ciências Humanas e suas Tecnologias;29;0.008199176338450019;0.0008236615499812804;0.06037251123956326;0.485473572858816;0.13967282481393328;0.16634553628773283;0.14813555479995466
Amarela;Ciências Humanas e suas Tecnologias;30;0.009135155372519655;0.00018719580681392738;0.31329125883375536;0.1900154945013416;0.19062015796833076;0.2284494161218397;0.07762367257473263
Amarela;Ciências Humanas e suas Tecnologias;31;0.008648446274803444;0.00037439161362785476;0.5636027050511919;0.06218595337942499;0.184139937285126;0.08730968302542597;0.10276172125883108
Amarela;Ciências Humanas e suas Tecnologias;32;0.006888805690752527;0.000711344065892924;0.160108650545139;0.10816010865054514;0.5382729090428944;0.06179499754781756;0.13166333421360396
Amarela;Ciências Humanas e suas Tecnologias;33;0.012055409958816923;0.000786222388618495;0.11305798915310805;0.0924261387340236;0.06788789016573747;0.21174195016497896;0.514886031782152
Amarela;Ciências Humanas e suas Tecnologias;34;0.00711344065892924;0.0005241482590789966;0.05900550818682562;0.0761714328831208;0.72904248094771;0.10522145929223573;0.0305591186901079
Amarela;Ciências Humanas e suas Tecnologias;35;0.009397229502059155;0.0008611007113440659;0.11514601301255863;0.05791345135421395;0.04221516114389469;0.5542820396429112;0.23044333484642154
Amarela;Ciências Humanas e suas Tecnologias;36;0.011344065892923999;0.00037439161362785476;0.3992120316702656;0.21741106943970906;0.23256430654998675;0.0785695344167898;0.07224305792324885
Amarela;Ciências Humanas e suas Tecnologias;37;0.011194309247472856;0.0011231748408835642;0.16398165346271937;0.06959554224631363;0.06580493537015276;0.2018877222243281;0.49873014669648613
Amarela;Ciências Humanas e suas Tecnologias;38;0.010071134406589292;0.00033695245226506926;0.15288286924939468;0.1686970338983051;0.5749848668280871;0.06371065375302663;0.03972457627118644
Amarela;Ciências Humanas e suas Tecnologias;39;0.010707600149756646;0.00029951329090228376;0.24220169594185342;0.48050423985463353;0.10800272562083586;0.056215929739551786;0.11307540884312538
Amarela;Ciências Humanas e suas Tecnologias;40;0.009996256083863722;0.00037439161362785476;0.06132485907766807;0.07460371505315326;0.1756516475617599;0.6497938183331442;0.03862595997427458
Amarela;Ciências Humanas e suas Tecnologias;41;0.009809060277049794;0.0002620741295394983;0.555576566695662;0.17612798305661662;0.034907908172913275;0.16239930411103967;0.0709882379637684
Amarela;Ciências Humanas e suas Tecnologias;42;0.009472107824784725;0.00029951329090228376;0.8477069076335589;0.03194827781768687;0.038489167832432225;0.05036107225225907;0.03149457446406291
Amarela;Ciências Humanas e suas Tecnologias;43;0.01018345189067765;0.0005241482590789966;0.04787314562518922;0.6886542537087497;0.07712685437481077;0.07008779897063276;0.11625794732061762
Amarela;Ciências Humanas e suas Tecnologias;44;0.010370647697491577;0.00011231748408835643;0.07866061293984108;0.06908815739689747;0.6945138100643209;0.06382898221717745;0.09390843738176315
Amarela;Ciências Humanas e suas Tecnologias;45;0.011231748408835642;0.00014975664545114188;0.1022873589335757;0.030636976444747405;0.0968340528667727;0.692001817768689;0.07823979398621525
Amarela;Matemática e suas Tecnologias;1;0.004642456008985399;0.0;0.05328513046211883;0.35774913549198367;0.18382584093052498;0.304110342659541;0.1010295504558315
Amarela;Matemática e suas Tecnologias;2;0.007300636465743167;0.0;0.14162430547346022;0.18780785750876777;0.3338456082279229;0.23481893052764313;0.10190329826220594
Amarela;Matemática e suas Tecnologias;3;0.005466117558966679;0.0;0.14854872964681823;0.07016439864705419;0.11157869896955872;0.364705419649178;0.30500275308739083
Amarela;Matemática e suas Tecnologias;4;0.005166604268064395;0.0;0.197884721239286;0.128253518911693;0.45120704568687586;0.12518675788314854;0.09746795627899661
Amarela;Matemática e suas Tecnologias;5;0.006439535754399101;0.0;0.3309448818897638;0.20633858267716534;0.1880708661417323;0.11208661417322835;0.16255905511811022
Amarela;Matemática e suas Tecnologias;6;0.0053163609135155375;0.0;0.1195831694848604;0.3311443177349587;0.3397561934722768;0.10448289421942587;0.10503342508847817
Amarela;Matemática e suas Tecnologias;7;0.006926244852115313;0.0;0.10355693859061725;0.27462874699649426;0.37420727143813765;0.12486705794304172;0.12273998503170915
Amarela;Matemática e suas Tecnologias;8;0.0060277049794084615;0.0;0.09885482664987603;0.3154539372712605;0.36322852308055564;0.07126834835307544;0.1511943646452324
Amarela;Matemática e suas Tecnologias;9;0.004754773493073755;0.0;0.07903320888190214;0.0812340341913932;0.3672627235213205;0.36624091177048534;0.1062291216348988
Amarela;Matemática e suas Tecnologias;10;0.005615874204417821;0.0;0.18558728660215562;0.16792541892848714;0.1954999606639918;0.20104633781763825;0.24994099598772718
Amarela;Matemática e suas Tecnologias;11;0.006102583302134032;0.0;0.256523279153056;0.13569994883702624;0.2925734975795978;0.19878783108347436;0.1164154433468456
Amarela;Matemática e suas Tecnologias;12;0.005166604268064395;0.0;0.2622867028387198;0.3318785877172289;0.21227490760399464;0.12180545726193284;0.07175434457812377
Amarela;Matemática e suas Tecnologias;13;0.006252339947585174;0.0;0.10001968116512498;0.14390867939382013;0.22373548514072034;0.29738240503837826;0.2349537492619563
Amarela;Matemática e suas Tecnologias;14;0.00554099588169225;0.0;0.08071113908118313;0.27666771554436753;0.12924795468848332;0.12043738200125866;0.39293580868470734
Amarela;Matemática e suas Tecnologias;15;0.0067390490453013855;0.0;0.21112948960302458;0.2585066162570889;0.24287177063642093;0.16249212350346565;0.125
Amarela;Matemática e suas Tecnologias;16;0.005391239236241108;0.0;0.14959886739027844;0.34532798489853705;0.20721252162969955;0.16686330029888313;0.13099732578260187
Amarela;Matemática e suas Tecnologias;17;0.005466117558966679;0.0;0.06426492566664045;0.19676708880673327;0.16231416660111697;0.13018170376779675;0.44647211515771257
Amarela;Matemática e suas Tecnologias;18;0.005204043429427181;3.743916136278547e-05;0.4320934256055363;0.14021704938659957;0.1276344762503932;0.16951085246932998;0.13054419628814093
Amarela;Matemática e suas Tecnologias;19;0.005241482590789966;3.743916136278547e-05;0.14871613385238489;0.4404466989107782;0.15496834571979082;0.14490189139239512;0.11096693012465102
Amarela;Matemática e suas Tecnologias;20;0.006065144140771247;0.0;0.10118063754427391;0.21192443919716647;0.3268398268398268;0.2692247146792601;0.09083038173947265
Amarela;Matemática e suas Tecnologias;21;0.0060277049794084615;0.0;0.06989099209003975;0.12750383692101847;0.19885089134626738;0.4850261697689977;0.11872810987367675
Amarela;Matemática e suas Tecnologias;22;0.006327218270310745;0.0;0.22607566035507617;0.11349053261425816;0.1531708853285045;0.2270204306577963;0.2802424910443648
Amarela;Matemática e suas Tecnologias;23;0.00628977910894796;0.0;0.17497244528420722;0.2175247992442135;0.21945362934970872;0.32203589985829;0.06601322626358054
Amarela;Matemática e suas Tecnologias;24;0.00595282665668289;0.0;0.06417975052138669;0.12619525439735568;0.17329713138944636;0.5669145712824145;0.06941329240939677
Amarela;Matemática e suas Tecnologias;25;0.007001123174840884;3.743916136278547e-05;0.2160022061140876;0.35640560983296565;0.24913331232272298;0.12098172076898833;0.05747715096123542
Amarela;Matemática e suas Tecnologias;26;0.006252339947585174;0.0;0.4395985042314505;0.0787246604999016;0.12284983271009643;0.26750639637866563;0.09132060617988585
Amarela;Matemática e suas Tecnologias;27;0.005653313365780606;0.0;0.18626332559694742;0.568545690570788;0.15141025136698005;0.05149286023366508;0.042287872231619526
Amarela;Matemática e suas Tecnologias;28;0.008311493822538376;0.0;0.14335305719921104;0.1930966469428008;0.258974358974359;0.24019723865877712;0.16437869822485207
Amarela;Matemática e suas Tecnologias;29;0.008011980531636091;0.0;0.1640902279359571;0.2915845098193864;0.31512737597602336;0.15194415963404054;0.07725372663459264
Amarela;Matemática e suas Tecnologias;30;0.006476974915761887;0.0;0.05929367297925115;0.10083074136777039;0.5026969565730934;0.23012717036103783;0.10705145871884719
Amarela;Matemática e suas Tecnologias;31;0.006926244852115313;0.0;0.23716862961358176;0.26454484578721393;0.24055619017607438;0.15913656595895537;0.09859376846417457
Amarela;Matemática e suas Tecnologias;32;0.005690752527143392;0.0;0.17938630999213218;0.25310778914240756;0.3747049567269866;0.07187254130605822;0.12092840283241542
Amarela;Matemática e suas Tecnologias;33;0.006065144140771247;0.0;0.09189295552931917;0.10905155450609996;0.627508854781582;0.10476190476190476;0.06678473042109406
Amarela;Matemática e suas Tecnologias;34;0.005915387495320105;0.0;0.08507122058707799;0.10218777052018573;0.5028330841268592;0.2576139135909341;0.05229401117494294
Amarela;Matemática e suas Tecnologias;35;0.008648446274803444;0.0;0.269563158517817;0.14746852926088158;0.17809084092971864;0.2819541454559804;0.12292332583560238
Amarela;Matemática e suas Tecnologias;36;0.0060277049794084615;0.0;0.07823383574042737;0.06898587226004486;0.11447798197630947;0.5553500452559915;0.18295226476722679
Amarela;Matemática e suas Tecnologias;37;0.006065144140771247;0.0;0.10802833530106257;0.19689098780007872;0.08173947264856356;0.4951987406532861;0.11814246359700906
Amarela;Matemática e suas Tecnologias;38;0.007263197304380382;0.0;0.03436046969816376;0.09894396721569863;0.14055481125384192;0.06612026164394358;0.6600204901883521
Amarela;Matemática e suas Tecnologias;39;0.005466117558966679;3.743916136278547e-05;0.2415732546705998;0.23425762045231072;0.14517207472959687;0.183992133726647;0.19500491642084564
Amarela;Matemática e suas Tecnologias;40;0.006514414077124673;0.0;0.1324120009449563;0.1584376722576581;0.2119851956846996;0.3774706669816521;0.11969446413103393
Amarela;Matemática e suas Tecnologias;41;0.005840509172594534;0.0;0.6636764242996538;0.14553824362606232;0.07357570034623859;0.07947749449165879;0.03773213723638653
Amarela;Matemática e suas Tecnologias;42;0.004867090977162112;0.0;0.01690118701359956;0.0174514582186935;0.022679034667085922;0.7455388727301313;0.19742944737048973
Amarela;Matemática e suas Tecnologias;43;0.007188318981654811;0.0;0.09345941686367218;0.33494877856579985;0.24003152088258473;0.12994483845547675;0.20161544523246652
Amarela;Matemática e suas Tecnologias;44;0.005016847622613253;0.0;0.03321802028461357;0.040451293340671435;0.13920119506250492;0.06820504756663259;0.7189244437455775
Amarela;Matemática e suas Tecnologias;45;0.0074503931111943094;0.0;0.13605013203011074;0.30138336026484847;0.17991565837701493;0.1632049816734324;0.21944586765459345
Amarela;Ciências Naturais e suas Tecnologias;1;0.004380381879445901;0.0;0.1426045963464938;0.073305833824396;0.24765272048713416;0.2374779021803182;0.29895894716165783
Amarela;Ciências Naturais e suas Tecnologias;2;0.004642456008985399;0.0;0.19840458975165043;0.08986953788116944;0.03575919522162842;0.13631719585036153;0.5396494812951902
Amarela;Ciências Naturais e suas Tecnologias;3;0.0060277049794084615;0.0;0.09566723072685057;0.11384833339892172;0.3842823973869584;0.3202156546377553;0.08598638384951399
Amarela;Ciências Naturais e suas Tecnologias;4;0.004979408461250468;0.0;0.29387947639451234;0.1131333778843508;0.15602028381618774;0.09803844490742561;0.33892841699752346
Amarela;Ciências Naturais e suas Tecnologias;5;0.004679895170348184;3.743916136278547e-05;0.1479603867012497;0.1268175744714297;0.21244989389294977;0.16937829128350232;0.3433938536508685
Amarela;Ciências Naturais e suas Tecnologias;6;0.005091725945338825;0.0;0.1032395030665199;0.0849976411385438;0.308460449756251;0.3333857524768045;0.1699166535618808
Amarela;Ciências Naturais e suas Tecnologias;7;0.00636465743167353;0.0;0.16278245807416739;0.29096134162664355;0.3174159514998819;0.1747500196834895;0.05409022911581765
Amarela;Ciências Naturais e suas Tecnologias;8;0.004679895170348184;0.0;0.3314339607812316;0.26282076472668686;0.1115259166109954;0.08775101190710104;0.20646834597398514
Amarela;Ciências Naturais e suas Tecnologias;9;0.004567577686259827;0.0;0.2644007858546169;0.09842829076620825;0.4088015717092338;0.07402750491159135;0.1543418467583497
Amarela;Ciências Naturais e suas Tecnologias;10;0.005054286783976039;0.0;0.07151000511066556;0.20442662263631717;0.10842473562133899;0.24888941305971615;0.3667492235719621
Amarela;Ciências Naturais e suas Tecnologias;11;0.004417821040808686;0.0;0.05193682721772609;0.49917498232104973;0.25948770330792803;0.12060972735130039;0.06879075980199575
Amarela;Ciências Naturais e suas Tecnologias;12;0.005466117558966679;0.0;0.2189884370329584;0.44906788326909464;0.0829072602847479;0.21407220954928027;0.03496420986391882
Amarela;Ciências Naturais e suas Tecnologias;13;0.00471733433171097;0.0;0.19232885325787943;0.1588461840760827;0.2836202153580131;0.07553250019649453;0.2896722471115303
Amarela;Ciências Naturais e suas Tecnologias;14;0.005016847622613253;0.0;0.174424089944178;0.2232093718059596;0.3240427706580706;0.1213145687554053;0.1570091988363865
Amarela;Ciências Naturais e suas Tecnologias;15;0.005016847622613253;0.0;0.15083732997877192;0.23736142778520325;0.4336818932305999;0.12103938988914223;0.057079959116282726
Amarela;Ciências Naturais e suas Tecnologias;16;0.005016847622613253;0.0;0.13405141913672458;0.18503813192861074;0.28429908011636135;0.28901643210944256;0.10759493670886076
Amarela;Ciências Naturais e suas Tecnologias;17;0.004754773493073755;0.0;0.16117115346826488;0.20530556101395167;0.31636863823933975;0.2862644920416585;0.030890155236785222
Amarela;Ciências Naturais e suas Tecnologias;18;0.005091725945338825;0.0;0.12238559521937412;0.15348325208366095;0.31235257115898724;0.11837553074382764;0.29340305079415
Amarela;Ciências Naturais e suas Tecnologias;19;0.004567577686259827;0.0;0.08220039292730845;0.21795677799607072;0.20023575638506877;0.21889980353634578;0.2807072691552063
Amarela;Ciências Naturais e suas Tecnologias;20;0.0054286783976038935;0.0;0.07999370747630472;0.27490462893774337;0.05458764305659339;0.21339520981633697;0.3771188107130216
Amarela;Ciências Naturais e suas Tecnologias;21;0.0042306252339947585;0.0;0.17380886916218233;0.1418358930044385;0.18908833811225892;0.09957186063867395;0.3956950390824463
Amarela;Ciências Naturais e suas Tecnologias;22;0.005353800074878323;0.0;0.1656376577922844;0.19147430099492704;0.3082307601557277;0.1369302764560148;0.19772700460104606
Amarela;Ciências Naturais e suas Tecnologias;23;0.00471733433171097;0.0;0.39467892792580367;0.057140611491000554;0.11715004322879824;0.13518824176687888;0.2958421755875187
Amarela;Ciências Naturais e suas Tecnologias;24;0.006177461624859603;0.0;0.21269728814893532;0.2703192033691502;0.24052426496634785;0.2144684535757862;0.061990789939780376
Amarela;Ciências Naturais e suas Tecnologias;25;0.004492699363534257;0.0;0.03433914820053434;0.057323589501807326;0.7577400597202577;0.08227251296558227;0.06832468961181833
Amarela;Ciências Naturais e suas Tecnologias;26;0.005653313365780606;3.743916136278547e-05;0.23044846577498032;0.34177812745869396;0.08210070810385524;0.21837136113296618;0.12730133752950432
Amarela;Ciências Naturais e suas Tecnologias;27;0.004754773493073755;0.0;0.12430732953428965;0.14242483788563567;0.05364511691884457;0.5342503438789546;0.1453723717822755
Amarela;Ciências Naturais e suas Tecnologias;28;0.00471733433171097;0.0;0.5389452173229584;0.04527234142890828;0.19688752652676256;0.1716183290104535;0.04727658571091724
Amarela;Ciências Naturais e suas Tecnologias;29;0.0054286783976038935;0.0;0.14752035238132694;0.13819955165768671;0.18944429150116018;0.11593974908561765;0.40889605537420853
Amarela;Ciências Naturais e suas Tecnologias;30;0.005054286783976039;0.0;0.07151000511066556;0.08743169398907104;0.2229822699217675;0.23025514015017495;0.38782089082832094
Amarela;Ciências Naturais e suas Tecnologias;31;0.005054286783976039;0.0;0.1329952431497425;0.13904941620474112;0.3081338208122027;0.2051342532531352;0.21468726658017848
Amarela;Ciências Naturais e suas Tecnologias;32;0.005278921752152752;0.0;0.1445479926074476;0.16491683378553734;0.16562463135543234;0.34548385828319766;0.17942668396838504
Amarela;Ciências Naturais e suas Tecnologias;33;0.005278921752152752;0.0;0.06149974440643309;0.07813298729896583;0.05800007864417443;0.5109118792025481;0.2914553104478786
Amarela;Ciências Naturais e suas Tecnologias;34;0.004492699363534257;0.0;0.014026402640264026;0.9124626748389124;0.02820996385352821;0.026756247053276755;0.018544711614018546
Amarela;Ciências Naturais e suas Tecnologias;35;0.005054286783976039;0.0;0.08656681212407123;0.02877697841726619;0.07379014820930141;0.278609898966073;0.5322561622832881
Amarela;Ciências Naturais e suas Tecnologias;36;0.005503556720329464;0.0;0.18186823992133727;0.2573058013765978;0.14678466076696164;0.09773844641101279;0.3163028515240905
Amarela;Ciências Naturais e suas Tecnologias;37;0.00479221265443654;0.0;0.05541581512340827;0.29562961798459364;0.1877456374783839;0.19478069485929886;0.26642823455431536
Amarela;Ciências Naturais e suas Tecnologias;38;0.005915387495320105;0.0;0.15601636893051074;0.2294404658849453;0.25241992602502555;0.2864956323286378;0.07562760683088061
Amarela;Ciências Naturais e suas Tecnologias;39;0.0060277049794084615;0.0;0.15981267954822714;0.23954193065995041;0.30951162882216365;0.16799811105426785;0.12313564991539097
Amarela;Ciências Naturais e suas Tecnologias;40;0.006551853238487458;0.0;0.387289837382368;0.19171555695554593;0.18919557428042683;0.15328582115997952;0.07851321022167973
Amarela;Ciências Naturais e suas Tecnologias;41;0.00512916510670161;0.0;0.3451149990171024;0.19842736386868487;0.11067426774130136;0.14413210143503047;0.20165126793788088
Amarela;Ciências Naturais e suas Tecnologias;42;0.005278921752152752;0.0;0.1080570956706382;0.391254767803075;0.21064842121819827;0.11670795485824388;0.1733317604498447
Amarela;Ciências Naturais e suas Tecnologias;43;0.006926244852115313;0.0;0.12510339937763423;0.17839839287824477;0.3137432544215543;0.27762240516799935;0.1051325481545673
Amarela;Ciências Naturais e suas Tecnologias;44;0.005391239236241108;0.0;0.1682397357243983;0.5410571024067956;0.07008022652194432;0.07094541450369671;0.14967752084316502
Amarela;Ciências Naturais e suas Tecnologias;45;0.006065144140771247;0.0;0.2388823297914207;0.35934671389216843;0.25615899252262886;0.0970090515545061;0.048602912239275875
Amarela;Inglês;1;0.0020965930363159866;0.00022463496817671285;0.044908025896619054;0.7420100709074093;0.05826739286815332;0.11591819956838968;0.03889631075942863
Amarela;Inglês;2;0.0024709846499438412;0.00029951329090228376;0.060359897172236505;0.296401028277635;0.42982005141388174;0.06544987146529563;0.14796915167095115
Amarela;Inglês;3;0.0027330587794833394;0.00048670909771621114;0.030455808210721268;0.8658812635044758;0.0495935795863772;0.02315052988990637;0.030918818808519394
Amarela;Inglês;4;0.0026581804567577688;0.0005990265818045675;0.26521582548747236;0.08180274733755209;0.09857488295518856;0.4133868395328497;0.14101970468693728
Amarela;Inglês;5;0.0046050168476226136;0.00018719580681392738;0.6896782841823056;0.1403382140647556;0.09115281501340483;0.05707362342751083;0.0217570633120231
Amarela;Espanhol;1;0.0017970797454137028;0.00014975664545114188;0.26773198766470424;0.25301373703392205;0.28231006447995516;0.11634426689094478;0.08059994393047379
Amarela;Espanhol;2;0.0022837888431299137;0.0002620741295394983;0.07333520651868503;0.43031750491711157;0.13220005619556055;0.12377072211295308;0.2403765102556898
Amarela;Espanhol;3;0.002134032197678772;0.0004492699363534257;0.6192215821273008;0.12224251791485176;0.16383307573415765;0.04749192075312632;0.04721090347056344
Amarela;Espanhol;4;0.00157244477723699;0.00037439161362785476;0.06476030277544155;0.04275301373703392;0.19287917017101205;0.13260442949257079;0.5670030838239417
Amarela;Espanhol;5;0.002134032197678772;0.00014975664545114188;0.49347368421052634;0.1319298245614035;0.2471578947368421;0.04729824561403509;0.08014035087719298
Verde;Linguagens, Códigos e suas Tecnologias;1;0.0;0.0;0.3103448275862069;0.13793103448275862;0.2413793103448276;0.13793103448275862;0.1724137931034483
Verde;Linguagens, Códigos e suas Tecnologias;2;0.034482758620689655;0.0;0.8214285714285714;0.03571428571428571;0.10714285714285714;;0.03571428571428571
Verde;Linguagens, Códigos e suas Tecnologias;3;0.0;0.0;0.034482758620689655;0.27586206896551724;0.20689655172413793;0.2413793103448276;0.2413793103448276
Verde;Linguagens, Códigos e suas Tecnologias;4;0.0;0.0;0.27586206896551724;0.2413793103448276;0.20689655172413793;0.10344827586206896;0.1724137931034483
Verde;Linguagens, Códigos e suas Tecnologias;5;0.034482758620689655;0.0;0.07142857142857142;0.32142857142857145;0.35714285714285715;0.10714285714285714;0.14285714285714285
Verde;Linguagens, Códigos e suas Tecnologias;6;0.0;0.0;0.06896551724137931;0.5862068965517241;0.13793103448275862;0.20689655172413793;
Verde;Linguagens, Códigos e suas Tecnologias;7;0.0;0.0;0.034482758620689655;;0.06896551724137931;0.1724137931034483;0.7241379310344828
Verde;Linguagens, Códigos e suas Tecnologias;8;0.0;0.0;0.3103448275862069;0.20689655172413793;0.06896551724137931;0.1724137931034483;0.2413793103448276
Verde;Linguagens, Códigos e suas Tecnologias;9;0.0;0.0;0.3103448275862069;0.06896551724137931;0.3793103448275862;;0.2413793103448276
Verde;Linguagens, Códigos e suas Tecnologias;10;0.0;0.0;0.10344827586206896;0.10344827586206896;0.4482758620689655;0.20689655172413793;0.13793103448275862
Verde;Linguagens, Códigos e suas Tecnologias;11;0.0;0.0;0.41379310344827586;0.3103448275862069;;;0.27586206896551724
Verde;Linguagens, Códigos e suas Tecnologias;12;0.0;0.0;0.034482758620689655;0.1724137931034483;0.1724137931034483;0.13793103448275862;0.4827586206896552
Verde;Linguagens, Códigos e suas Tecnologias;13;0.0;0.0;0.1724137931034483;0.4482758620689655;0.10344827586206896;0.1724137931034483;0.10344827586206896
Verde;Linguagens, Códigos e suas Tecnologias;14;0.0;0.0;0.3103448275862069;0.13793103448275862;0.27586206896551724;0.20689655172413793;0.06896551724137931
Verde;Linguagens, Códigos e suas Tecnologias;15;0.034482758620689655;0.0;0.21428571428571427;0.21428571428571427;0.32142857142857145;;0.25
Verde;Linguagens, Códigos e suas Tecnologias;16;0.0;0.0;0.5172413793103449;0.06896551724137931;0.13793103448275862;0.13793103448275862;0.13793103448275862
Verde;Linguagens, Códigos e suas Tecnologias;17;0.0;0.0;0.10344827586206896;0.1724137931034483;0.27586206896551724;0.20689655172413793;0.2413793103448276
Verde;Linguagens, Códigos e suas Tecnologias;18;0.0;0.0;0.034482758620689655;0.41379310344827586;0.3103448275862069;0.1724137931034483;0.06896551724137931
Verde;Linguagens, Códigos e suas Tecnologias;19;0.0;0.0;0.3103448275862069;0.5172413793103449;0.034482758620689655;0.06896551724137931;0.06896551724137931
Verde;Linguagens, Códigos e suas Tecnologias;20;0.0;0.0;0.4482758620689655;0.06896551724137931;0.1724137931034483;0.10344827586206896;0.20689655172413793
Verde;Linguagens, Códigos e suas Tecnologias;21;0.0;0.0;0.034482758620689655;0.13793103448275862;0.4827586206896552;0.1724137931034483;0.1724137931034483
Verde;Linguagens, Códigos e suas Tecnologias;22;0.0;0.0;0.06896551724137931;0.2413793103448276;0.27586206896551724;0.27586206896551724;0.13793103448275862
Verde;Linguagens, Códigos e suas Tecnologias;23;0.0;0.0;0.2413793103448276;0.4482758620689655;0.06896551724137931;0.13793103448275862;0.10344827586206896
Verde;Linguagens, Códigos e suas Tecnologias;24;0.0;0.0;0.13793103448275862;0.034482758620689655;0.034482758620689655;0.20689655172413793;0.5862068965517241
Verde;Linguagens, Códigos e suas Tecnologias;25;0.0;0.0;0.20689655172413793;0.13793103448275862;0.10344827586206896;0.5172413793103449;0.034482758620689655
Verde;Linguagens, Códigos e suas Tecnologias;26;0.0;0.0;0.10344827586206896;0.06896551724137931;0.27586206896551724;0.13793103448275862;0.41379310344827586
Verde;Linguagens, Códigos e suas Tecnologias;27;0.0;0.0;0.27586206896551724;0.2413793103448276;0.06896551724137931;0.3793103448275862;0.034482758620689655
Verde;Linguagens, Códigos e suas Tecnologias;28;0.0;0.0;0.2413793103448276;0.3448275862068966;0.06896551724137931;0.3448275862068966;
Verde;Linguagens, Códigos e suas Tecnologias;29;0.0;0.0;0.20689655172413793;0.20689655172413793;0.27586206896551724;0.27586206896551724;0.034482758620689655
Verde;Linguagens, Códigos e suas Tecnologias;30;0.0;0.0;0.1724137931034483;0.2413793103448276;0.3103448275862069;0.1724137931034483;0.10344827586206896
Verde;Linguagens, Códigos e suas Tecnologias;31;0.0;0.0;0.10344827586206896;0.06896551724137931;0.10344827586206896;0.6206896551724138;0.10344827586206896
Verde;Linguagens, Códigos e suas Tecnologias;32;0.0;0.0;0.1724137931034483;0.4827586206896552;0.06896551724137931;0.10344827586206896;0.1724137931034483
Verde;Linguagens, Códigos e suas Tecnologias;33;0.0;0.0;0.5172413793103449;0.10344827586206896;0.06896551724137931;0.034482758620689655;0.27586206896551724
Verde;Linguagens, Códigos e suas Tecnologias;34;0.0;0.0;0.13793103448275862;0.13793103448275862;0.034482758620689655;0.13793103448275862;0.5517241379310345
Verde;Linguagens, Códigos e suas Tecnologias;35;0.0;0.0;0.1724137931034483;0.06896551724137931;0.13793103448275862;0.5172413793103449;0.10344827586206896
Verde;Linguagens, Códigos e suas Tecnologias;36;0.0;0.0;0.10344827586206896;0.20689655172413793;0.20689655172413793;0.3793103448275862;0.10344827586206896
Verde;Linguagens, Códigos e suas Tecnologias;37;0.0;0.0;0.3448275862068966;0.1724137931034483;0.2413793103448276;0.034482758620689655;0.20689655172413793
Verde;Linguagens, Códigos e suas Tecnologias;38;0.0;0.0;0.2413793103448276;0.1724137931034483;0.41379310344827586;0.10344827586206896;0.06896551724137931
Verde;Linguagens, Códigos e suas Tecnologias;39;0.0;0.0;0.10344827586206896;0.3793103448275862;0.1724137931034483;0.1724137931034483;0.1724137931034483
Verde;Linguagens, Códigos e suas Tecnologias;40;0.0;0.0;0.20689655172413793;;0.3448275862068966;0.20689655172413793;0.2413793103448276
Verde;Ciências Humanas e suas Tecnologias;1;0.0;0.0;0.5862068965517241;0.13793103448275862;0.034482758620689655;0.13793103448275862;0.10344827586206896
Verde;Ciências Humanas e suas Tecnologias;2;0.0;0.0;0.13793103448275862;0.3793103448275862;0.1724137931034483;0.20689655172413793;0.10344827586206896
Verde;Ciências Humanas e suas Tecnologias;3;0.0;0.0;0.1724137931034483;0.10344827586206896;0.41379310344827586;0.10344827586206896;0.20689655172413793
Verde;Ciências Humanas e suas Tecnologias;4;0.0;0.0;0.13793103448275862;0.034482758620689655;0.10344827586206896;0.6551724137931034;0.06896551724137931
Verde;Ciências Humanas e suas Tecnologias;5;0.0;0.0;0.3448275862068966;0.10344827586206896;0.3448275862068966;0.13793103448275862;0.06896551724137931
Verde;Ciências Humanas e suas Tecnologias;6;0.0;0.0;0.3103448275862069;0.3103448275862069;0.2413793103448276;0.034482758620689655;0.10344827586206896
Verde;Ciências Humanas e suas Tecnologias;7;0.0;0.0;;0.20689655172413793;0.27586206896551724;0.41379310344827586;0.10344827586206896
Verde;Ciências Humanas e suas Tecnologias;8;0.0;0.0;0.3793103448275862;0.2413793103448276;0.13793103448275862;0.13793103448275862;0.10344827586206896
Verde;Ciências Humanas e suas Tecnologias;9;0.0;0.0;0.10344827586206896;0.10344827586206896;0.3793103448275862;0.27586206896551724;0.13793103448275862
Verde;Ciências Humanas e suas Tecnologias;10;0.0;0.0;0.13793103448275862;0.13793103448275862;0.13793103448275862;0.3448275862068966;0.2413793103448276
Verde;Ciências Humanas e suas Tecnologias;11;0.0;0.0;0.20689655172413793;0.3448275862068966;0.2413793103448276;0.10344827586206896;0.10344827586206896
Verde;Ciências Humanas e suas Tecnologias;12;0.0;0.0;0.2413793103448276;0.13793103448275862;0.10344827586206896;0.2413793103448276;0.27586206896551724
Verde;Ciências Humanas e suas Tecnologias;13;0.0;0.0;0.3448275862068966;0.13793103448275862;0.20689655172413793;0.10344827586206896;0.20689655172413793
Verde;Ciências Humanas e suas Tecnologias;14;0.0;0.0;0.2413793103448276;0.13793103448275862;0.3793103448275862;;0.2413793103448276
Verde;Ciências Humanas e suas Tecnologias;15;0.0;0.0;0.13793103448275862;0.20689655172413793;0.06896551724137931;0.27586206896551724;0.3103448275862069
Verde;Ciências Humanas e suas Tecnologias;16;0.0;0.0;0.2413793103448276;0.1724137931034483;0.20689655172413793;0.13793103448275862;0.2413793103448276
Verde;Ciências Humanas e suas Tecnologias;17;0.0;0.0;0.2413793103448276;0.13793103448275862;0.3103448275862069;0.13793103448275862;0.1724137931034483
Verde;Ciências Humanas e suas Tecnologias;18;0.0;0.0;0.27586206896551724;0.20689655172413793;0.06896551724137931;0.27586206896551724;0.1724137931034483
Verde;Ciências Humanas e suas Tecnologias;19;0.0;0.0;0.10344827586206896;0.27586206896551724;0.20689655172413793;0.27586206896551724;0.13793103448275862
Verde;Ciências Humanas e suas Tecnologias;20;0.034482758620689655;0.0;0.25;0.2857142857142857;0.17857142857142858;0.14285714285714285;0.14285714285714285
Verde;Ciências Humanas e suas Tecnologias;21;0.0;0.0;0.06896551724137931;0.06896551724137931;;0.7241379310344828;0.13793103448275862
Verde;Ciências Humanas e suas Tecnologias;22;0.0;0.0;0.41379310344827586;0.27586206896551724;0.06896551724137931;0.13793103448275862;0.10344827586206896
Verde;Ciências Humanas e suas Tecnologias;23;0.0;0.0;0.10344827586206896;0.13793103448275862;0.20689655172413793;0.10344827586206896;0.4482758620689655
Verde;Ciências Humanas e suas Tecnologias;24;0.0;0.0;0.27586206896551724;0.10344827586206896;0.2413793103448276;0.13793103448275862;0.2413793103448276
Verde;Ciências Humanas e suas Tecnologias;25;0.0;0.034482758620689655;0.5;0.14285714285714285;0.07142857142857142;0.21428571428571427;0.07142857142857142
Verde;Ciências Humanas e suas Tecnologias;26;0.0;0.0;0.3448275862068966;0.13793103448275862;0.06896551724137931;0.20689655172413793;0.2413793103448276
Verde;Ciências Humanas e suas Tecnologias;27;0.0;0.0;0.20689655172413793;0.41379310344827586;0.20689655172413793;0.10344827586206896;0.06896551724137931
Verde;Ciências Humanas e suas Tecnologias;28;0.0;0.0;0.20689655172413793;0.20689655172413793;0.2413793103448276;0.2413793103448276;0.10344827586206896
Verde;Ciências Humanas e suas Tecnologias;29;0.0;0.0;0.2413793103448276;0.3793103448275862;0.06896551724137931;0.10344827586206896;0.20689655172413793
Verde;Ciências Humanas e suas Tecnologias;30;0.0;0.0;0.20689655172413793;0.13793103448275862;0.10344827586206896;0.27586206896551724;0.27586206896551724
Verde;Ciências Humanas e suas Tecnologias;31;0.034482758620689655;0.0;0.32142857142857145;0.25;0.21428571428571427;0.14285714285714285;0.07142857142857142
Verde;Ciências Humanas e suas Tecnologias;32;0.034482758620689655;0.0;0.2857142857142857;0.32142857142857145;0.25;0.03571428571428571;0.10714285714285714
Verde;Ciências Humanas e suas Tecnologias;33;0.0;0.0;0.2413793103448276;0.13793103448275862;0.41379310344827586;0.13793103448275862;0.06896551724137931
Verde;Ciências Humanas e suas Tecnologias;34;0.034482758620689655;0.0;0.35714285714285715;0.14285714285714285;0.14285714285714285;0.25;0.10714285714285714
Verde;Ciências Humanas e suas Tecnologias;35;0.034482758620689655;0.0;0.2857142857142857;0.14285714285714285;0.10714285714285714;0.2857142857142857;0.17857142857142858
Verde;Ciências Humanas e suas Tecnologias;36;0.0;0.0;0.20689655172413793;0.10344827586206896;0.3448275862068966;0.06896551724137931;0.27586206896551724
Verde;Ciências Humanas e suas Tecnologias;37;0.0;0.0;0.1724137931034483;0.5172413793103449;0.034482758620689655;0.1724137931034483;0.10344827586206896
Verde;Ciências Humanas e suas Tecnologias;38;0.0;0.0;0.3103448275862069;0.20689655172413793;0.1724137931034483;0.1724137931034483;0.13793103448275862
Verde;Ciências Humanas e suas Tecnologias;39;0.0;0.0;0.2413793103448276;0.3103448275862069;0.06896551724137931;0.3448275862068966;0.034482758620689655
Verde;Ciências Humanas e suas Tecnologias;40;0.0;0.0;0.13793103448275862;0.10344827586206896;0.5517241379310345;0.13793103448275862;0.06896551724137931
Verde;Ciências Humanas e suas Tecnologias;41;0.034482758620689655;0.0;0.17857142857142858;0.25;0.14285714285714285;0.32142857142857145;0.10714285714285714
Verde;Ciências Humanas e suas Tecnologias;42;0.034482758620689655;0.0;0.35714285714285715;0.14285714285714285;0.2857142857142857;0.14285714285714285;0.07142857142857142
Verde;Ciências Humanas e suas Tecnologias;43;0.0;0.0;0.5517241379310345;0.1724137931034483;0.13793103448275862;0.13793103448275862;
Verde;Ciências Humanas e suas Tecnologias;44;0.034482758620689655;0.0;0.07142857142857142;0.21428571428571427;0.14285714285714285;0.5714285714285714;
Verde;Ciências Humanas e suas Tecnologias;45;0.034482758620689655;0.0;0.21428571428571427;0.10714285714285714;0.17857142857142858;0.03571428571428571;0.4642857142857143
Verde;Matemática e suas Tecnologias;1;0.0;0.0;0.15384615384615385;0.15384615384615385;0.11538461538461539;0.07692307692307693;0.5
Verde;Matemática e suas Tecnologias;2;0.0;0.0;0.19230769230769232;0.34615384615384615;0.11538461538461539;0.19230769230769232;0.15384615384615385
Verde;Matemática e suas Tecnologias;3;0.0;0.0;;;0.038461538461538464;0.6153846153846154;0.34615384615384615
Verde;Matemática e suas Tecnologias;4;0.0;0.0;0.3076923076923077;0.46153846153846156;0.11538461538461539;0.07692307692307693;0.038461538461538464
Verde;Matemática e suas Tecnologias;5;0.0;0.0;0.038461538461538464;0.07692307692307693;0.2692307692307692;0.11538461538461539;0.5
Verde;Matemática e suas Tecnologias;6;0.0;0.0;0.3076923076923077;0.34615384615384615;0.038461538461538464;0.11538461538461539;0.19230769230769232
Verde;Matemática e suas Tecnologias;7;0.0;0.0;0.07692307692307693;0.15384615384615385;0.34615384615384615;0.34615384615384615;0.07692307692307693
Verde;Matemática e suas Tecnologias;8;0.0;0.0;0.38461538461538464;0.11538461538461539;0.23076923076923078;0.11538461538461539;0.15384615384615385
Verde;Matemática e suas Tecnologias;9;0.0;0.0;0.19230769230769232;0.23076923076923078;0.2692307692307692;0.11538461538461539;0.19230769230769232
Verde;Matemática e suas Tecnologias;10;0.0;0.0;0.07692307692307693;0.038461538461538464;0.19230769230769232;0.34615384615384615;0.34615384615384615
Verde;Matemática e suas Tecnologias;11;0.0;0.0;0.07692307692307693;0.038461538461538464;0.038461538461538464;0.7307692307692307;0.11538461538461539
Verde;Matemática e suas Tecnologias;12;0.0;0.0;0.2692307692307692;0.34615384615384615;0.15384615384615385;0.07692307692307693;0.15384615384615385
Verde;Matemática e suas Tecnologias;13;0.0;0.0;0.19230769230769232;0.07692307692307693;0.5769230769230769;0.038461538461538464;0.11538461538461539
Verde;Matemática e suas Tecnologias;14;0.0;0.0;0.15384615384615385;0.07692307692307693;0.3076923076923077;0.4230769230769231;0.038461538461538464
Verde;Matemática e suas Tecnologias;15;0.0;0.0;0.34615384615384615;0.19230769230769232;0.23076923076923078;0.07692307692307693;0.15384615384615385
Verde;Matemática e suas Tecnologias;16;0.0;0.0;;0.038461538461538464;0.23076923076923078;0.3076923076923077;0.4230769230769231
Verde;Matemática e suas Tecnologias;17;0.0;0.0;0.23076923076923078;0.2692307692307692;0.2692307692307692;0.15384615384615385;0.07692307692307693
Verde;Matemática e suas Tecnologias;18;0.0;0.0;0.3076923076923077;0.11538461538461539;0.15384615384615385;0.2692307692307692;0.15384615384615385
Verde;Matemática e suas Tecnologias;19;0.0;0.0;0.23076923076923078;0.34615384615384615;0.23076923076923078;0.07692307692307693;0.11538461538461539
Verde;Matemática e suas Tecnologias;20;0.0;0.0;0.07692307692307693;0.34615384615384615;0.3076923076923077;0.11538461538461539;0.15384615384615385
Verde;Matemática e suas Tecnologias;21;0.0;0.0;0.038461538461538464;0.2692307692307692;0.2692307692307692;0.4230769230769231;
Verde;Matemática e suas Tecnologias;22;0.0;0.0;0.038461538461538464;0.19230769230769232;0.19230769230769232;0.46153846153846156;0.11538461538461539
Verde;Matemática e suas Tecnologias;23;0.0;0.0;0.23076923076923078;0.4230769230769231;0.3076923076923077;;0.038461538461538464
Verde;Matemática e suas Tecnologias;24;0.0;0.0;0.07692307692307693;0.19230769230769232;0.3076923076923077;0.19230769230769232;0.23076923076923078
Verde;Matemática e suas Tecnologias;25;0.0;0.0;0.07692307692307693;0.34615384615384615;0.19230769230769232;0.2692307692307692;0.11538461538461539
Verde;Matemática e suas Tecnologias;26;0.034482758620689655;0.0;0.12;0.2;0.2;0.32;0.16
Verde;Matemática e suas Tecnologias;27;0.0;0.0;0.11538461538461539;0.07692307692307693;0.11538461538461539;0.23076923076923078;0.46153846153846156
Verde;Matemática e suas Tecnologias;28;0.0;0.0;0.23076923076923078;0.23076923076923078;0.19230769230769232;;0.34615384615384615
Verde;Matemática e suas Tecnologias;29;0.034482758620689655;0.0;0.36;0.08;0.08;0.32;0.16
Verde;Matemática e suas Tecnologias;30;0.034482758620689655;0.0;0.12;0.32;0.16;0.12;0.28
Verde;Matemática e suas Tecnologias;31;0.0;0.0;0.15384615384615385;0.19230769230769232;0.38461538461538464;0.15384615384615385;0.11538461538461539
Verde;Matemática e suas Tecnologias;32;0.0;0.0;0.3076923076923077;0.19230769230769232;0.2692307692307692;0.11538461538461539;0.11538461538461539
Verde;Matemática e suas Tecnologias;33;0.0;0.0;0.15384615384615385;0.2692307692307692;0.2692307692307692;0.23076923076923078;0.07692307692307693
Verde;Matemática e suas Tecnologias;34;0.0;0.0;0.2692307692307692;0.19230769230769232;0.2692307692307692;0.15384615384615385;0.11538461538461539
Verde;Matemática e suas Tecnologias;35;0.0;0.0;0.19230769230769232;0.19230769230769232;0.11538461538461539;0.38461538461538464;0.11538461538461539
Verde;Matemática e suas Tecnologias;36;0.0;0.0;0.15384615384615385;0.23076923076923078;0.2692307692307692;0.15384615384615385;0.19230769230769232
Verde;Matemática e suas Tecnologias;37;0.0;0.0;0.2692307692307692;0.19230769230769232;0.07692307692307693;0.34615384615384615;0.11538461538461539
Verde;Matemática e suas Tecnologias;38;0.0;0.0;0.19230769230769232;0.11538461538461539;0.3076923076923077;0.11538461538461539;0.2692307692307692
Verde;Matemática e suas Tecnologias;39;0.0;0.0;0.19230769230769232;0.11538461538461539;0.23076923076923078;0.2692307692307692;0.19230769230769232
Verde;Matemática e suas Tecnologias;40;0.0;0.0;0.07692307692307693;0.46153846153846156;0.2692307692307692;0.11538461538461539;0.07692307692307693
Verde;Matemática e suas Tecnologias;41;0.0;0.0;0.19230769230769232;0.15384615384615385;0.38461538461538464;0.23076923076923078;0.038461538461538464
Verde;Matemática e suas Tecnologias;42;0.0;0.0;0.19230769230769232;0.11538461538461539;0.15384615384615385;0.34615384615384615;0.19230769230769232
Verde;Matemática e suas Tecnologias;43;0.0;0.0;0.11538461538461539;0.3076923076923077;0.15384615384615385;0.19230769230769232;0.23076923076923078
Verde;Matemática e suas Tecnologias;44;0.0;0.0;0.11538461538461539;0.15384615384615385;0.4230769230769231;0.11538461538461539;0.19230769230769232
Verde;Matemática e suas Tecnologias;45;0.0;0.0;0.15384615384615385;0.19230769230769232;0.34615384615384615;0.07692307692307693;0.23076923076923078
Verde;Ciências Naturais e suas Tecnologias;1;0.0;0.0;0.11538461538461539;0.038461538461538464;0.5384615384615384;0.23076923076923078;0.07692307692307693
Verde;Ciências Naturais e suas Tecnologias;2;0.0;0.0;0.23076923076923078;0.34615384615384615;0.07692307692307693;0.23076923076923078;0.11538461538461539
Verde;Ciências Naturais e suas Tecnologias;3;0.0;0.0;0.19230769230769232;0.38461538461538464;0.038461538461538464;0.23076923076923078;0.15384615384615385
Verde;Ciências Naturais e suas Tecnologias;4;0.0;0.0;0.19230769230769232;;0.6538461538461539;0.15384615384615385;
Verde;Ciências Naturais e suas Tecnologias;5;0.0;0.0;0.3076923076923077;0.15384615384615385;0.23076923076923078;0.11538461538461539;0.19230769230769232
Verde;Ciências Naturais e suas Tecnologias;6;0.0;0.0;0.2692307692307692;0.11538461538461539;0.07692307692307693;0.3076923076923077;0.23076923076923078
Verde;Ciências Naturais e suas Tecnologias;7;0.0;0.0;0.2692307692307692;0.38461538461538464;0.19230769230769232;0.07692307692307693;0.07692307692307693
Verde;Ciências Naturais e suas Tecnologias;8;0.0;0.0;0.15384615384615385;0.15384615384615385;0.34615384615384615;0.11538461538461539;0.23076923076923078
Verde;Ciências Naturais e suas Tecnologias;9;0.0;0.0;0.11538461538461539;0.07692307692307693;0.19230769230769232;0.2692307692307692;0.34615384615384615
Verde;Ciências Naturais e suas Tecnologias;10;0.0;0.0;0.11538461538461539;0.15384615384615385;0.3076923076923077;0.23076923076923078;0.19230769230769232
Verde;Ciências Naturais e suas Tecnologias;11;0.0;0.0;0.07692307692307693;0.2692307692307692;0.19230769230769232;0.07692307692307693;0.38461538461538464
Verde;Ciências Naturais e suas Tecnologias;12;0.0;0.0;0.19230769230769232;0.5769230769230769;0.11538461538461539;0.038461538461538464;0.07692307692307693
Verde;Ciências Naturais e suas Tecnologias;13;0.0;0.0;0.38461538461538464;0.2692307692307692;0.19230769230769232;0.15384615384615385;
Verde;Ciências Naturais e suas Tecnologias;14;0.0;0.0;0.11538461538461539;0.11538461538461539;0.15384615384615385;0.11538461538461539;0.5
Verde;Ciências Naturais e suas Tecnologias;15;0.0;0.0;0.15384615384615385;0.15384615384615385;0.3076923076923077;0.23076923076923078;0.15384615384615385
Verde;Ciências Naturais e suas Tecnologias;16;0.0;0.0;0.11538461538461539;0.11538461538461539;0.15384615384615385;0.34615384615384615;0.2692307692307692
Verde;Ciências Naturais e suas Tecnologias;17;0.0;0.0;0.19230769230769232;0.4230769230769231;0.19230769230769232;0.15384615384615385;0.038461538461538464
Verde;Ciências Naturais e suas Tecnologias;18;0.0;0.0;0.2692307692307692;0.15384615384615385;0.19230769230769232;0.11538461538461539;0.2692307692307692
Verde;Ciências Naturais e suas Tecnologias;19;0.0;0.0;0.4230769230769231;0.23076923076923078;0.23076923076923078;0.07692307692307693;0.038461538461538464
Verde;Ciências Naturais e suas Tecnologias;20;0.0;0.0;0.2692307692307692;0.15384615384615385;0.19230769230769232;0.15384615384615385;0.23076923076923078
Verde;Ciências Naturais e suas Tecnologias;21;0.0;0.0;0.15384615384615385;0.34615384615384615;0.23076923076923078;0.19230769230769232;0.07692307692307693
Verde;Ciências Naturais e suas Tecnologias;22;0.0;0.0;0.07692307692307693;0.23076923076923078;0.15384615384615385;0.4230769230769231;0.11538461538461539
Verde;Ciências Naturais e suas Tecnologias;23;0.0;0.0;0.15384615384615385;0.3076923076923077;0.38461538461538464;0.038461538461538464;0.11538461538461539
Verde;Ciências Naturais e suas Tecnologias;24;0.0;0.0;0.11538461538461539;0.5769230769230769;0.11538461538461539;0.11538461538461539;0.07692307692307693
Verde;Ciências Naturais e suas Tecnologias;25;0.0;0.0;0.11538461538461539;0.19230769230769232;0.15384615384615385;0.23076923076923078;0.3076923076923077
Verde;Ciências Naturais e suas Tecnologias;26;0.0;0.0;0.07692307692307693;0.11538461538461539;0.34615384615384615;0.34615384615384615;0.11538461538461539
Verde;Ciências Naturais e suas Tecnologias;27;0.034482758620689655;0.0;0.32;0.16;0.24;0.16;0.12
Verde;Ciências Naturais e suas Tecnologias;28;0.0;0.0;0.038461538461538464;0.19230769230769232;0.038461538461538464;0.2692307692307692;0.46153846153846156
Verde;Ciências Naturais e suas Tecnologias;29;0.0;0.0;0.11538461538461539;0.23076923076923078;0.3076923076923077;0.19230769230769232;0.15384615384615385
Verde;Ciências Naturais e suas Tecnologias;30;0.0;0.0;0.34615384615384615;0.38461538461538464;0.07692307692307693;0.19230769230769232;
Verde;Ciências Naturais e suas Tecnologias;31;0.0;0.0;0.3076923076923077;0.15384615384615385;0.3076923076923077;0.19230769230769232;0.038461538461538464
Verde;Ciências Naturais e suas Tecnologias;32;0.0;0.0;0.11538461538461539;0.15384615384615385;0.2692307692307692;0.07692307692307693;0.38461538461538464
Verde;Ciências Naturais e suas Tecnologias;33;0.0;0.0;0.07692307692307693;0.2692307692307692;0.23076923076923078;0.3076923076923077;0.11538461538461539
Verde;Ciências Naturais e suas Tecnologias;34;0.0;0.0;0.07692307692307693;0.15384615384615385;0.038461538461538464;0.34615384615384615;0.38461538461538464
Verde;Ciências Naturais e suas Tecnologias;35;0.0;0.0;0.19230769230769232;0.15384615384615385;0.15384615384615385;0.11538461538461539;0.38461538461538464
Verde;Ciências Naturais e suas Tecnologias;36;0.0;0.0;0.038461538461538464;0.07692307692307693;0.34615384615384615;0.23076923076923078;0.3076923076923077
Verde;Ciências Naturais e suas Tecnologias;37;0.0;0.0;0.34615384615384615;0.07692307692307693;0.15384615384615385;0.2692307692307692;0.15384615384615385
Verde;Ciências Naturais e suas Tecnologias;38;0.0;0.0;0.07692307692307693;0.3076923076923077;0.3076923076923077;0.2692307692307692;0.038461538461538464
Verde;Ciências Naturais e suas Tecnologias;39;0.0;0.0;0.07692307692307693;0.34615384615384615;0.34615384615384615;0.23076923076923078;
Verde;Ciências Naturais e suas Tecnologias;40;0.0;0.0;0.038461538461538464;0.19230769230769232;0.038461538461538464;0.2692307692307692;0.46153846153846156
Verde;Ciências Naturais e suas Tecnologias;41;0.0;0.0;0.07692307692307693;0.6538461538461539;0.07692307692307693;0.038461538461538464;0.15384615384615385
Verde;Ciências Naturais e suas Tecnologias;42;0.0;0.0;0.19230769230769232;0.11538461538461539;0.15384615384615385;0.3076923076923077;0.23076923076923078
Verde;Ciências Naturais e suas Tecnologias;43;0.0;0.0;0.19230769230769232;0.15384615384615385;0.15384615384615385;0.15384615384615385;0.34615384615384615
Verde;Ciências Naturais e suas Tecnologias;44;0.0;0.0;0.15384615384615385;0.2692307692307692;0.11538461538461539;0.23076923076923078;0.23076923076923078
Verde;Ciências Naturais e suas Tecnologias;45;0.0;0.0;;0.38461538461538464;0.23076923076923078;0.23076923076923078;0.15384615384615385
Verde;Inglês;1;0.0;0.0;0.23529411764705882;0.11764705882352941;0.35294117647058826;0.17647058823529413;0.11764705882352941
Verde;Inglês;2;0.0;0.0;0.23529411764705882;0.23529411764705882;0.17647058823529413;0.17647058823529413;0.17647058823529413
Verde;Inglês;3;0.0;0.0;0.058823529411764705;0.7058823529411765;0.17647058823529413;0.058823529411764705;
Verde;Inglês;4;0.0;0.0;0.29411764705882354;0.23529411764705882;0.17647058823529413;0.11764705882352941;0.17647058823529413
Verde;Inglês;5;0.0;0.0;0.29411764705882354;0.35294117647058826;0.11764705882352941;0.17647058823529413;0.058823529411764705
Verde;Espanhol;1;0.0;0.0;;0.4166666666666667;;0.08333333333333333;0.5
Verde;Espanhol;2;0.0;0.0;0.16666666666666666;0.25;0.16666666666666666;0.25;0.16666666666666666
Verde;Espanhol;3;0.0;0.0;0.3333333333333333;0.16666666666666666;0.25;;0.25
Verde;Espanhol;4;0.0;0.0;0.3333333333333333;0.08333333333333333;0.16666666666666666;0.16666666666666666;0.25
Verde;Espanhol;5;0.0;0.0;;0.25;0.16666666666666666;0.08333333333333333;0.5
Cinza;Linguagens, Códigos e suas Tecnologias;1;0.006008807942076584;0.00022393073076061804;0.3453261726818643;0.3176099447928794;0.19333758966462614;0.08389980095391895;0.059826491906711236
Cinza;Linguagens, Códigos e suas Tecnologias;2;0.005523624692095245;0.00026125251922072106;0.36754382672022223;0.43428807387664703;0.08956792672397612;0.03859003716355719;0.07001013551559743
Cinza;Linguagens, Códigos e suas Tecnologias;3;0.004926476076733597;0.00022393073076061804;0.15047268907563024;0.29164165666266506;0.29389255702280914;0.13516656662665066;0.1288265306122449
Cinza;Linguagens, Códigos e suas Tecnologias;4;0.0034336045383294767;0.00014928715384041204;0.06749569256124054;0.0619896621469773;0.2503558318975204;0.5865607910704922;0.03359802232376957
Cinza;Linguagens, Códigos e suas Tecnologias;5;0.004851832499813391;0.0006344704038217511;0.530453709610838;0.10886778999512141;0.04735992794686081;0.022816827410215033;0.29050174503696474
Cinza;Linguagens, Códigos e suas Tecnologias;6;0.00347092632678958;0.0003732178846010301;0.12363718107227155;0.10198194147840096;0.59727998201641;0.13139260424862312;0.045708291184294335
Cinza;Linguagens, Códigos e suas Tecnologias;7;0.0029857430768082407;0.0002985743076808241;0.1209466037594548;0.04227514416236052;0.03635887066576799;0.7673556504156369;0.03306373099677975
Cinza;Linguagens, Códigos e suas Tecnologias;8;0.004702545345972979;7.464357692020602e-05;0.07440186004650116;0.06915172879321983;0.37283432085802143;0.11947798694967374;0.36413410335258384
Cinza;Linguagens, Códigos e suas Tecnologias;9;0.003321639172949168;0.00033589609614092706;0.2000299670362601;0.1311057836379982;0.026895415043452203;0.6276221156727599;0.014346718609529517
Cinza;Linguagens, Códigos e suas Tecnologias;10;0.005113085019034112;0.00022393073076061804;0.7982064462871937;0.06543844508648831;0.06607631983790477;0.03789726464297775;0.03238152414543544
Cinza;Linguagens, Códigos e suas Tecnologias;11;0.0027618123460476226;0.00014928715384041204;0.4583395717921845;0.021859559814343465;0.3295403503518491;0.037056445575684986;0.153204072465938
Cinza;Linguagens, Códigos e suas Tecnologias;12;0.003321639172949168;0.0;0.052087624040441864;0.040666541846096235;0.418236285339824;0.3219247331960307;0.16708481557760718
Cinza;Linguagens, Códigos e suas Tecnologias;13;0.003321639172949168;0.0004105396730611331;0.796321270697535;0.12249943807597213;0.015097025548812468;0.023563347568742038;0.04251891810893834
Cinza;Linguagens, Códigos e suas Tecnologias;14;0.004366649249832052;0.0002985743076808241;0.04915819865761746;0.2629269938880348;0.14158761108403015;0.4411114027522592;0.10521579361805843
Cinza;Linguagens, Códigos e suas Tecnologias;15;0.0028364559229678288;7.464357692020602e-05;0.056894744722263815;0.7245845186405151;0.05326396167090882;0.1301092977990717;0.03514747716724061
Cinza;Linguagens, Códigos e suas Tecnologias;16;0.003321639172949168;0.0005598268269015451;0.5324466092169352;0.2556013488197827;0.0935931060322218;0.08947171225177969;0.02888722367928063
Cinza;Linguagens, Códigos e suas Tecnologias;17;0.004627901769052773;0.00033589609614092706;0.07209031919282848;0.16612280109523272;0.0659015040696148;0.5800982708825625;0.11578710475976145
Cinza;Linguagens, Códigos e suas Tecnologias;18;0.003769500634470404;0.00018660894230051504;0.19765437649880097;0.17468525179856115;0.32508992805755393;0.18386540767386092;0.11870503597122302
Cinza;Linguagens, Códigos e suas Tecnologias;19;0.0060461297305366875;0.00033589609614092706;0.0975847951019795;0.26957893550689255;0.4533673890996507;0.10073996168726289;0.0787289186042144
Cinza;Linguagens, Códigos e suas Tecnologias;20;0.004292005672911846;0.0005225050384414421;0.11745734108381774;0.10541908869304331;0.44245265329083067;0.1896118507406713;0.14505906619163697
Cinza;Linguagens, Códigos e suas Tecnologias;21;0.005262372172874524;0.00026125251922072106;0.15255573069128575;0.24086166779253923;0.2088118291676049;0.14426180289724536;0.2535089694513248
Cinza;Linguagens, Códigos e suas Tecnologias;22;0.0054116593267149364;0.0005598268269015451;0.603514305023654;0.11819478861605466;0.07238867612825711;0.086017871893069;0.11988435833896523
Cinza;Linguagens, Códigos e suas Tecnologias;23;0.003918787788310816;0.0002985743076808241;0.0905513286608448;0.13087965218694952;0.4037329935159852;0.16266256886923278;0.21217345676698773
Cinza;Linguagens, Códigos e suas Tecnologias;24;0.0056729118459356576;0.00026125251922072106;0.11991740191477379;0.05436455791252112;0.6591327201051248;0.09600150178336775;0.07058381828421251
Cinza;Linguagens, Códigos e suas Tecnologias;25;0.005262372172874524;0.0006344704038217511;0.24320468538819642;0.39547980177203784;0.16365069830304851;0.12269109475897282;0.0749737197777444
Cinza;Linguagens, Códigos e suas Tecnologias;26;0.0029110994998880345;0.0007837575576621631;0.07731784978460386;0.028282449896984453;0.031728788162577265;0.12485484173066118;0.7378160704251733
Cinza;Linguagens, Códigos e suas Tecnologias;27;0.008509367768903486;0.00022393073076061804;0.46908885542168677;0.06596385542168674;0.1995105421686747;0.1410015060240964;0.12443524096385543
Cinza;Linguagens, Códigos e suas Tecnologias;28;0.0027618123460476226;0.0005971486153616482;0.948247453565009;0.008725284601557819;0.019285500299580587;0.015203714799281006;0.0085380467345716
Cinza;Linguagens, Códigos e suas Tecnologias;29;0.0039561095767709185;0.0006344704038217511;0.03966855385999775;0.24329796408083687;0.03258220539162386;0.15664954444902704;0.5278017322185145
Cinza;Linguagens, Códigos e suas Tecnologias;30;0.004366649249832052;0.0004105396730611331;0.16271656791419786;0.19252981324533114;0.40868521713042827;0.14036600915022876;0.095702392559814
Cinza;Linguagens, Códigos e suas Tecnologias;31;0.004889154288273494;0.00018660894230051504;0.03372346012454048;0.5502663365593818;0.2798034361167379;0.05465526296046215;0.08155150423887764
Cinza;Linguagens, Códigos e suas Tecnologias;32;0.004366649249832052;0.0004105396730611331;0.0371259281482037;0.7512187804695117;0.0796519912997825;0.03551338783469587;0.09648991224780619
Cinza;Linguagens, Códigos e suas Tecnologias;33;0.004665223557512876;0.0005225050384414421;0.03927968486212718;0.07188144813355843;0.05278559369724254;0.06434064903395235;0.7717126242731195
Cinza;Linguagens, Códigos e suas Tecnologias;34;0.0049637978651937;0.00018660894230051504;0.10492947178871549;0.4404261704681873;0.16150210084033614;0.15778811524609843;0.13535414165666265
Cinza;Linguagens, Códigos e suas Tecnologias;35;0.004926476076733597;0.0004105396730611331;0.16059434918014334;0.5507110427376083;0.11354170575212938;0.1206708941503133;0.054482008179805634
Cinza;Linguagens, Códigos e suas Tecnologias;36;0.007725610211241323;0.0004105396730611331;0.6117549668874173;0.06991270319084888;0.05685580975316075;0.11100240818783866;0.1504741119807345
Cinza;Linguagens, Códigos e suas Tecnologias;37;0.004329327461371949;0.00014928715384041204;0.03340331408862563;0.20188198245482492;0.6123191122441328;0.1079328184749194;0.044462772737497186
Cinza;Linguagens, Códigos e suas Tecnologias;38;0.005075763230574009;0.0005598268269015451;0.557632398753894;0.03820891040798709;0.06451976128814323;0.06628382689637052;0.2733551026536051
Cinza;Linguagens, Códigos e suas Tecnologias;39;0.005971486153616481;0.0006344704038217511;0.07318630950144644;0.10654844648157193;0.05759477025960852;0.15114400571063605;0.611526468046737
Cinza;Linguagens, Códigos e suas Tecnologias;40;0.005523624692095245;0.00022393073076061804;0.057132132132132134;0.1387012012012012;0.06651651651651652;0.6898648648648649;0.047785285285285285
Cinza;Ciências Humanas e suas Tecnologias;1;0.005374337538254833;0.0002985743076808241;0.6141430823511749;0.04399069138953532;0.16406425943998199;0.07702124465130246;0.1007807221680054
Cinza;Ciências Humanas e suas Tecnologias;2;0.0038068224229305067;0.0002985743076808241;0.14465597361714885;0.11134012891620447;0.5470694048868235;0.05426472792684755;0.14266976465297557
Cinza;Ciências Humanas e suas Tecnologias;3;0.00533701574979473;0.0005971486153616482;0.12374694950253426;0.08241036230523748;0.04572930354796321;0.20428008259808522;0.5438333020461799
Cinza;Ciências Humanas e suas Tecnologias;4;0.005934164365156379;0.0007464357692020602;0.1357505166259628;0.10745820026300958;0.13364643997745632;0.10655645312793538;0.516588390005636
Cinza;Ciências Humanas e suas Tecnologias;5;0.0052250503844144215;0.0004105396730611331;0.3133656119806328;0.17209023007919527;0.19288368426978944;0.03603197838081297;0.2856284952895695
Cinza;Ciências Humanas e suas Tecnologias;6;0.008173471672762559;0.00033589609614092706;0.2740344801626139;0.23676880222841226;0.17375592863058045;0.2736580591733795;0.04178272980501393
Cinza;Ciências Humanas e suas Tecnologias;7;0.005486302903635143;0.00022393073076061804;0.45666453961938364;0.19912916181825008;0.07357081190645996;0.17334184152246537;0.09729364513344094
Cinza;Ciências Humanas e suas Tecnologias;8;0.005747555422855863;0.0006344704038217511;0.4854073545430643;0.12391541148630883;0.13800097659918115;0.04856702850918379;0.20410922886226196
Cinza;Ciências Humanas e suas Tecnologias;9;0.006717921922818541;0.00018660894230051504;0.10376188507647788;0.17355030252921944;0.09090909090909091;0.5806306137021309;0.05114810778308091
Cinza;Ciências Humanas e suas Tecnologias;10;0.005075763230574009;0.00033589609614092706;0.04908251716762355;0.07865210702090135;0.829487035160794;0.02656760103568614;0.016210739614994935
Cinza;Ciências Humanas e suas Tecnologias;11;0.005075763230574009;0.0005225050384414421;0.10118600810689085;0.18037832157333733;0.05307010959315418;0.6165365560726618;0.048829004653955864
Cinza;Ciências Humanas e suas Tecnologias;12;0.007016496230499366;0.00014928715384041204;0.6995338696338621;0.08664762047966318;0.09168483572663709;0.07213743327569355;0.04999624088414405
Cinza;Ciências Humanas e suas Tecnologias;13;0.006270060461297305;0.0007091139807419572;0.6810613748261736;0.1211711203818544;0.0628406058556019;0.06795204269553125;0.06697485624083888
Cinza;Ciências Humanas e suas Tecnologias;14;0.005448981115175039;0.0004851832499813391;0.09528815468368688;0.09750328515111695;0.04595457105312559;0.6863149990613854;0.07493899005068519
Cinza;Ciências Humanas e suas Tecnologias;15;0.005560946480555348;0.0003732178846010301;0.0419748451285902;0.02928477567110944;0.05950816594706214;0.037131593767599023;0.8321006194856392
Cinza;Ciências Humanas e suas Tecnologias;16;0.007949540942001941;0.00018660894230051504;0.3214930764599639;0.09666616496086695;0.12518813967489464;0.28315021071643587;0.17350240818783866
Cinza;Ciências Humanas e suas Tecnologias;17;0.007650966634321117;0.0002985743076808241;0.08991384823746285;0.6394417064820737;0.1285880892366728;0.07821376170949174;0.06384259433429894
Cinza;Ciências Humanas e suas Tecnologias;18;0.006755243711278645;0.0003732178846010301;0.13645077622824495;0.07390143968725332;0.5630567981054768;0.05179866932300868;0.17479231665601624
Cinza;Ciências Humanas e suas Tecnologias;19;0.007725610211241323;0.0005598268269015451;0.1883185307842842;0.07752521451151588;0.09363239500225802;0.3695995785036881;0.2709242811982538
Cinza;Ciências Humanas e suas Tecnologias;20;0.006270060461297305;0.0006344704038217511;0.8789883122251869;0.022360855349693714;0.03186891653200045;0.04182795294825059;0.024953962944868277
Cinza;Ciências Humanas e suas Tecnologias;21;0.006979174442039262;0.00026125251922072106;0.03906015037593985;0.7182330827067669;0.06744360902255639;0.06030075187969925;0.1149624060150376
Cinza;Ciências Humanas e suas Tecnologias;22;0.007650966634321117;0.00011196536538030902;0.07018731663281426;0.06300308433009855;0.7142481005040247;0.054502369668246446;0.09805912886481608
Cinza;Ciências Humanas e suas Tecnologias;23;0.007613644845861013;0.00018660894230051504;0.09708482226819636;0.03152153470001881;0.10265187135602784;0.6984765845401543;0.07026518713560279
Cinza;Ciências Humanas e suas Tecnologias;24;0.009740986788086886;0.00026125251922072106;0.07543542185026013;0.09699917062504712;0.4938550855764156;0.15837291713790244;0.17533740481037471
Cinza;Ciências Humanas e suas Tecnologias;25;0.008882585653504516;0.0003732178846010301;0.29567543132675356;0.051721539968356815;0.17087320123559105;0.22014616138024562;0.261583666089053
Cinza;Ciências Humanas e suas Tecnologias;26;0.006419347615137717;0.0003732178846010301;0.05403577333533744;0.6661280625281828;0.033781752592815274;0.18596873590861265;0.060085675635051856
Cinza;Ciências Humanas e suas Tecnologias;27;0.008546689557363589;0.0002985743076808241;0.1483977858944911;0.14858606017245923;0.5977331776932635;0.0664231652671612;0.03885981097262492
Cinza;Ciências Humanas e suas Tecnologias;28;0.00955437784578637;0.0005598268269015451;0.23824605059759454;0.48207216378237755;0.1090751423292991;0.0542170945971421;0.1163895486935867
Cinza;Ciências Humanas e suas Tecnologias;29;0.0070538180189594684;0.0006344704038217511;0.052241612757635024;0.07006920415224914;0.16902361967805024;0.6731232134797653;0.035542349932300286
Cinza;Ciências Humanas e suas Tecnologias;30;0.007949540942001941;0.0002985743076808241;0.568659917961841;0.16411395025025402;0.03097128664433824;0.15846912279381328;0.0777857223497535
Cinza;Ciências Humanas e suas Tecnologias;31;0.010076882884227813;0.00022393073076061804;0.17139301606455992;0.2354249943434648;0.1249340070895241;0.3244211478995399;0.14382683460291124
Cinza;Ciências Humanas e suas Tecnologias;32;0.009703664999626781;0.0007837575576621631;0.11748953343642742;0.16584317127446913;0.2055972541771961;0.0836193565420737;0.42745068456983365
Cinza;Ciências Humanas e suas Tecnologias;33;0.010412778980368739;0.0004478614615212361;0.27823265290721805;0.5162811757159567;0.0819152548768064;0.06444553446779609;0.05912538203222277
Cinza;Ciências Humanas e suas Tecnologias;34;0.011345823691871315;0.0007837575576621631;0.28837508028259473;0.11092221088820885;0.1914692659337338;0.24715705164532095;0.16207639125014167
Cinza;Ciências Humanas e suas Tecnologias;35;0.010487422557288946;0.0005971486153616482;0.22119485224742425;0.14337472166660375;0.2257236668302072;0.08325470808016001;0.3264520511756048
Cinza;Ciências Humanas e suas Tecnologias;36;0.010039561095767709;0.0008210793461222662;0.34135758216051015;0.08523563370184507;0.3970116590574652;0.11300607478398672;0.06338905029619288
Cinza;Ciências Humanas e suas Tecnologias;37;0.012017615884153168;0.0007091139807419572;0.38695044040373494;0.11321967262692323;0.04679998487884172;0.2522209201224814;0.20080898196801875
Cinza;Ciências Humanas e suas Tecnologias;38;0.010076882884227813;0.0005971486153616482;0.06228308435189377;0.4770635279915497;0.14301342990795232;0.16953372566772296;0.14810623208088125
Cinza;Ciências Humanas e suas Tecnologias;39;0.012390833768754198;0.00026125251922072106;0.3213003213003213;0.19062559062559062;0.18763938763938764;0.223020223020223;0.07741447741447742
Cinza;Ciências Humanas e suas Tecnologias;40;0.009778308576546988;0.0007464357692020602;0.02742154496077248;0.025686481593240797;0.05103349426674713;0.8415811707905854;0.054277308388654195
Cinza;Ciências Humanas e suas Tecnologias;41;0.013062625961036052;0.0005225050384414421;0.38335225122966327;0.36314793794930006;0.0847900113507378;0.0891032917139614;0.0796065077563375
Cinza;Ciências Humanas e suas Tecnologias;42;0.009442412480406061;0.0006717921922818541;0.06899671982807375;0.0718244542472571;0.7049730422652037;0.12098933001545828;0.03321645364400709
Cinza;Ciências Humanas e suas Tecnologias;43;0.01030081361498843;0.0006344704038217511;0.11750499981132788;0.058601562205199804;0.048413267423870796;0.5268480434700578;0.2486321270895438
Cinza;Ciências Humanas e suas Tecnologias;44;0.012241546614913787;0.00022393073076061804;0.3915721844293273;0.218140589569161;0.23767951625094483;0.0791761148904006;0.07343159486016629
Cinza;Ciências Humanas e suas Tecnologias;45;0.011009927595730388;0.00018660894230051504;0.1648675171736997;0.058428323393975995;0.0583528346040613;0.20174379104702952;0.5166075337812335
Cinza;Matemática e suas Tecnologias;1;0.004105396730611331;0.0;0.01930410851189306;0.0911735797129939;0.1218399842736387;0.05260467859249066;0.7150776489089837
Cinza;Matemática e suas Tecnologias;2;0.004366649249832052;0.0;0.282719836400818;0.2258533899638194;0.13748623564574486;0.18448167374547741;0.1694588642441403
Cinza;Matemática e suas Tecnologias;3;0.00571023363439576;0.0;0.10562381852551984;0.14228890989287965;0.23022999369880276;0.410562381852552;0.11129489603024574
Cinza;Matemática e suas Tecnologias;4;0.004366649249832052;0.0;0.6818861098002202;0.1502280950133711;0.06945099889885166;0.06893975145508888;0.029495044832468145
Cinza;Matemática e suas Tecnologias;5;0.00694185265357916;0.0;0.27465594069166765;0.14858630072163728;0.2121534760834418;0.2780078078788596;0.08659647462439371
Cinza;Matemática e suas Tecnologias;6;0.004739867134433082;0.0;0.06440317884963412;0.04811550869462586;0.1112597371941144;0.6030372177197262;0.17318435754189945
Cinza;Matemática e suas Tecnologias;7;0.005187728595954318;0.0;0.09627647012516728;0.1940880107061324;0.07081004487129025;0.521766511847595;0.11705896244981501
Cinza;Matemática e suas Tecnologias;8;0.004441292826752258;0.0;0.018288366239282625;0.023165263903091322;0.11472508455911272;0.05077479745142767;0.7930464878470856
Cinza;Matemática e suas Tecnologias;9;0.0064939911920579236;0.0;0.11789050490717749;0.3139411138701667;0.1824524062906468;0.16479445035670648;0.2209215245753025
Cinza;Matemática e suas Tecnologias;10;0.005075763230574009;0.0;0.06277303317722067;0.19504899838639853;0.17100240072415285;0.11267661064976976;0.4584989570624582
Cinza;Matemática e suas Tecnologias;11;0.0052250503844144215;0.0;0.43204093682345995;0.13674473528832906;0.11981893328085022;0.18468805353276915;0.1267073410745916
Cinza;Matemática e suas Tecnologias;12;0.0058595207882361725;0.0;0.28596187175043325;0.12750118166062707;0.30498660784622655;0.1757917126201355;0.1057586261225776
Cinza;Matemática e suas Tecnologias;13;0.005784877211315966;0.0;0.2582512800315085;0.33792831823552577;0.23300512012603386;0.11153997636864907;0.05927530523828279
Cinza;Matemática e suas Tecnologias;14;0.007389714115100396;0.0;0.09287095119738036;0.15283860022882392;0.23379492642127273;0.2903696689943583;0.23012585315816467
Cinza;Matemática e suas Tecnologias;15;0.005784877211315966;0.0;0.05844820795588814;0.3523828278849941;0.17243009058684522;0.31240645923591964;0.10433241433635289
Cinza;Matemática e suas Tecnologias;16;0.005971486153616481;0.0;0.16694898562142998;0.19129407130194997;0.31821942091786487;0.2263935394918259;0.0971439826669293
Cinza;Matemática e suas Tecnologias;17;0.005187728595954318;0.0;0.15027946154451705;0.07785562465559316;0.12071951507517908;0.33826655120837595;0.3128788475163347
Cinza;Matemática e suas Tecnologias;18;0.0060461297305366875;0.0;0.12268053421581374;0.32675412677776466;0.33995193633534254;0.1058976480321475;0.10471575463893157
Cinza;Matemática e suas Tecnologias;19;0.005971486153616481;0.0;0.11108922592081938;0.27181406342328146;0.37549734094937953;0.11995272798896986;0.12164664171754973
Cinza;Matemática e suas Tecnologias;20;0.005598268269015451;0.0;0.10013782240598543;0.3160464658397322;0.36255168340224453;0.07154951762157905;0.14971451073045874
Cinza;Matemática e suas Tecnologias;21;0.005448981115175039;0.0;0.07732587897161305;0.2744989960234655;0.13016260482696168;0.12551675262805623;0.39249576754990356
Cinza;Matemática e suas Tecnologias;22;0.006829887288198851;0.0;0.21721473069947164;0.2431196277896065;0.24308019872249823;0.17790395079252425;0.11868149199589938
Cinza;Matemática e suas Tecnologias;23;0.006195416884377099;0.0;0.14913905197210292;0.3419362465030143;0.20544544702312936;0.17372630915323692;0.1297529453485165
Cinza;Matemática e suas Tecnologias;24;0.004851832499813391;0.0;0.19154042888058234;0.13566791265000983;0.42203423175290183;0.14267165060003933;0.10808577611646665
Cinza;Matemática e suas Tecnologias;25;0.008397402403523177;0.0;0.30588467614533965;0.2226303317535545;0.1853080568720379;0.1268957345971564;0.15928120063191153
Cinza;Matemática e suas Tecnologias;26;0.005187728595954318;0.0;0.08312996929859089;0.08438951428796347;0.38266551208375976;0.3328347634417067;0.11698024088797922
Cinza;Matemática e suas Tecnologias;27;0.005971486153616481;0.0;0.18235178254874926;0.17510340752412842;0.19787275950364389;0.20401812093756155;0.24065392948591688
Cinza;Matemática e suas Tecnologias;28;0.0064939911920579236;0.0;0.18556619762721216;0.24595010050845453;0.3913129163217847;0.06515312758661464;0.11201765795593394
Cinza;Matemática e suas Tecnologias;29;0.005150406807494215;0.00011196536538030902;0.09266257282317746;0.11167532672020154;0.6315934498504172;0.09872461029759093;0.06534404030861282
Cinza;Matemática e suas Tecnologias;30;0.006419347615137717;0.00011196536538030902;0.08411509657075286;0.09684666929444226;0.5108395743003548;0.25628695309420574;0.05191170674024438
Cinza;Matemática e suas Tecnologias;31;0.006979174442039262;0.0;0.19098509346162948;0.3121697294739333;0.2831059231800615;0.14228251439387965;0.0714567394904961
Cinza;Matemática e suas Tecnologias;32;0.004851832499813391;0.0;0.057328349399960656;0.09911469604564234;0.49911469604564235;0.23997639189455047;0.1044658666142042
Cinza;Matemática e suas Tecnologias;33;0.009852952153467194;0.0;0.23290217950239311;0.2612238439935129;0.233020845694395;0.16664688896799967;0.1062062418416993
Cinza;Matemática e suas Tecnologias;34;0.004478614615212361;0.0;0.015378564405113078;0.016047197640117992;0.02261553588987217;0.7554768928220256;0.1904818092428712
Cinza;Matemática e suas Tecnologias;35;0.005560946480555348;0.0;0.10391400220507166;0.3221373444636951;0.2200740274058907;0.13699007717750827;0.2168845487478343
Cinza;Matemática e suas Tecnologias;36;0.005150406807494215;0.0;0.16298657850198764;0.4072499704805762;0.16137285000196797;0.14846302200181052;0.11992757901365765
Cinza;Matemática e suas Tecnologias;37;0.0066806001343584385;0.0;0.10289363715209335;0.2236458251202397;0.33379326657730823;0.24603800362690215;0.0936292675234566
Cinza;Matemática e suas Tecnologias;38;0.006531312980518026;0.0;0.07745368545526211;0.13894363421363815;0.20957824201813166;0.44580212849822626;0.1282223098147418
Cinza;Matemática e suas Tecnologias;39;0.00645666940359782;0.0;0.22509065111146145;0.12084187293078985;0.14823427400283778;0.22934731199747754;0.2764858899574334
Cinza;Matemática e suas Tecnologias;40;0.006382025826677615;0.0;0.43103176479861277;0.09194451012847797;0.13703003074012768;0.2568771183100812;0.08311657602270041
Cinza;Matemática e suas Tecnologias;41;0.005486302903635143;0.0;0.19489723600283487;0.558508543979841;0.15146861957634458;0.052484447594298766;0.04264115284668084
Cinza;Matemática e suas Tecnologias;42;0.008658654922743899;0.0;0.15727096748706199;0.19804053253269072;0.2644490973017817;0.232726267135464;0.14751313554300163
Cinza;Matemática e suas Tecnologias;43;0.0066806001343584385;0.0;0.17176535519987385;0.21126705038240165;0.2100055191989277;0.33103366711345894;0.07592840810533785
Cinza;Matemática e suas Tecnologias;44;0.005747555422855863;0.0;0.07124571698633374;0.13630814067976843;0.18065456264030563;0.5222716710645504;0.08951990862904179
Cinza;Matemática e suas Tecnologias;45;0.0068672090766589535;0.0;0.22416308505185126;0.3450573715547494;0.2443121328023343;0.11379677457513505;0.07267063601592998
Cinza;Ciências Naturais e suas Tecnologias;1;0.004180040307531537;0.0;0.30959776668108363;0.09291078520033028;0.3875280147839421;0.06703888648606142;0.14292454684858255
Cinza;Ciências Naturais e suas Tecnologias;2;0.004366649249832052;0.0;0.06917571181374862;0.19301557338367153;0.10008651879817523;0.2637643542551518;0.3739578417492528
Cinza;Ciências Naturais e suas Tecnologias;3;0.004105396730611331;0.0;0.04890898368390014;0.5110674267741301;0.2681737762925103;0.10831531354432868;0.06353449970513073
Cinza;Ciências Naturais e suas Tecnologias;4;0.004851832499813391;0.0;0.21483375959079284;0.4557151288609089;0.0863269722604761;0.2120794806216801;0.031044658666142044
Cinza;Ciências Naturais e suas Tecnologias;5;0.0058595207882361725;0.0;0.3909721128092012;0.17520088230660155;0.2097053726169844;0.14928312588624548;0.07483850638096738
Cinza;Ciências Naturais e suas Tecnologias;6;0.004403971038292155;0.0;0.33755456797892003;0.19200062925236952;0.11094505840248554;0.14382349471034728;0.21567624965587762
Cinza;Ciências Naturais e suas Tecnologias;7;0.004254683884451743;0.0;0.10557980417600567;0.39546223113522866;0.22067555345837758;0.10900082576383155;0.16928158546655656
Cinza;Ciências Naturais e suas Tecnologias;8;0.005635590057475554;3.732178846010301e-05;0.11109360847477652;0.18611428346394676;0.29535698814633954;0.28519670775410544;0.12223841216083173
Cinza;Ciências Naturais e suas Tecnologias;9;0.006008807942076584;0.0;0.14363378506145605;0.23282382603214624;0.31232272297510244;0.16652221872045384;0.14469744721084146
Cinza;Ciências Naturais e suas Tecnologias;10;0.003881465999850713;0.0;0.055343736488345584;0.06481663456625132;0.04602806493455446;0.5358279941826186;0.29798356982823004
Cinza;Ciências Naturais e suas Tecnologias;11;0.0039561095767709185;0.0;0.011399819175282048;0.9179606116592633;0.024725814693973818;0.026769920201265774;0.019143834270215026
Cinza;Ciências Naturais e suas Tecnologias;12;0.004180040307531537;3.732178846010301e-05;0.08654451085246934;0.02245202893991821;0.06955803711859075;0.2857423718150362;0.5357030512739855
Cinza;Ciências Naturais e suas Tecnologias;13;0.005374337538254833;0.0;0.18117396952875872;0.25762765245462776;0.13727805991890082;0.09283099090586985;0.33108932719184286
Cinza;Ciências Naturais e suas Tecnologias;14;0.004254683884451743;0.0;0.0409736148794778;0.3023868506940348;0.18725177932444653;0.1979080649600881;0.2714796901419527
Cinza;Ciências Naturais e suas Tecnologias;15;0.006008807942076584;0.0;0.14780964387015444;0.22143870154427986;0.25078789788843364;0.29132524424834544;0.08863851244878664
Cinza;Ciências Naturais e suas Tecnologias;16;0.004105396730611331;0.0;0.06581482209553764;0.08633772360919992;0.2285040298800865;0.2288578730096324;0.39048555140554353
Cinza;Ciências Naturais e suas Tecnologias;17;0.005001119653653803;0.0;0.13608279878792648;0.14568493959308962;0.3003030183778678;0.2086104442957774;0.20931879894533864
Cinza;Ciências Naturais e suas Tecnologias;18;0.0052250503844144215;0.0;0.13269041527258413;0.17358787640228301;0.15733123400905333;0.33324148789608343;0.20314898641999607
Cinza;Ciências Naturais e suas Tecnologias;19;0.004851832499813391;0.0;0.18622860515443634;0.14471768640566596;0.18721227621483377;0.09860318709423568;0.38323824513082827
Cinza;Ciências Naturais e suas Tecnologias;20;0.004665223557512876;0.0;0.16695515342250197;0.1910306845003934;0.31616837136113296;0.12321007081038553;0.20263571990558615
Cinza;Ciências Naturais e suas Tecnologias;21;0.004329327461371949;3.732178846010301e-05;0.40844738084001886;0.05674846625766871;0.11365423942111058;0.13787950291017775;0.2832704105710241
Cinza;Ciências Naturais e suas Tecnologias;22;0.006605956557438232;0.0;0.21270892462945443;0.2780274361400189;0.23726742352570168;0.21219646799116998;0.059799747713654997
Cinza;Ciências Naturais e suas Tecnologias;23;0.004254683884451743;0.0;0.032637332389603244;0.052809563131611025;0.774133931029059;0.07235264047815658;0.06806653297157013
Cinza;Ciências Naturais e suas Tecnologias;24;0.005374337538254833;0.0;0.2058974056139522;0.3449470493287666;0.09448446911538916;0.22888862643203023;0.1257824495098618
Cinza;Ciências Naturais e suas Tecnologias;25;0.0041427185190714335;0.0;0.12050798144216403;0.15172603601478335;0.05272469922151451;0.5304710230400251;0.14457026028151293
Cinza;Ciências Naturais e suas Tecnologias;26;0.004292005672911846;0.0;0.556979944946913;0.04927251278018089;0.18265827762485254;0.16496264254817145;0.04612662209988203
Cinza;Ciências Naturais e suas Tecnologias;27;0.004553258192132567;0.0;0.16728946229791922;0.5613027573457106;0.05691696495299532;0.0607717421232742;0.1537190732801007
Cinza;Ciências Naturais e suas Tecnologias;28;0.006307382249757409;0.0;0.23951765447667087;0.3724385245901639;0.25973360655737704;0.08630201765447668;0.042008196721311473
Cinza;Ciências Naturais e suas Tecnologias;29;0.004627901769052773;0.0;0.18602730026356162;0.17839581448408795;0.27190118406042246;0.07981590023995909;0.28385980095196883
Cinza;Ciências Naturais e suas Tecnologias;30;0.004665223557512876;0.0;0.15082612116443744;0.22726199842643588;0.33178599527930763;0.13111723052714397;0.15900865460267505
Cinza;Ciências Naturais e suas Tecnologias;31;0.0039561095767709185;0.0;0.14697904791855027;0.22489091552340895;0.4510790518495224;0.11368371398246786;0.06336727072605056
Cinza;Ciências Naturais e suas Tecnologias;32;0.0056729118459356576;0.0;0.13432835820895522;0.17898633481668177;0.2747213799078486;0.2953176072145867;0.1166463198519277
Cinza;Ciências Naturais e suas Tecnologias;33;0.004627901769052773;0.0;0.1466504071437001;0.0781637229062586;0.2374414853860981;0.2560481491680107;0.28169623539593247
Cinza;Ciências Naturais e suas Tecnologias;34;0.004777188922893185;0.0;0.21332179250108196;0.09674627218003698;0.042255183538576546;0.14167683046779714;0.5059999213125074
Cinza;Ciências Naturais e suas Tecnologias;35;0.005822198999776069;0.0;0.1097719484816259;0.1330891330891331;0.3684272716530781;0.296742683839458;0.09196896293670487
Cinza;Ciências Naturais e suas Tecnologias;36;0.005187728595954318;0.0;0.11820042509643391;0.0979689837046367;0.2915059434779186;0.3092576556718885;0.18306699204912225
Cinza;Ciências Naturais e suas Tecnologias;37;0.006158095095916996;0.0;0.1735224586288416;0.29219858156028367;0.29231678486997636;0.18293932230102442;0.05902285263987392
Cinza;Ciências Naturais e suas Tecnologias;38;0.004627901769052773;7.464357692020602e-05;0.29281246311813997;0.2640151068098666;0.12109052283724772;0.10311184546992408;0.2189700617648216
Cinza;Ciências Naturais e suas Tecnologias;39;0.006158095095916996;0.0;0.2739164696611505;0.11221434200157604;0.17253743104806935;0.11769109535066982;0.3236406619385343
Cinza;Ciências Naturais e suas Tecnologias;40;0.005001119653653803;0.0;0.15131242375349258;0.13324938018968163;0.21396245720357326;0.18629727283459918;0.31517846601865335
Cinza;Ciências Naturais e suas Tecnologias;41;0.005262372172874524;3.732178846010301e-05;0.1618706451993859;0.19489824036531117;0.3225603275203716;0.28539936228004564;0.03527142463488565
Cinza;Ciências Naturais e suas Tecnologias;42;0.00608345151899679;0.0;0.1375778110471988;0.16456544007564416;0.30911669687179893;0.12099125364431487;0.26774879836104326
Cinza;Ciências Naturais e suas Tecnologias;43;0.004627901769052773;0.0;0.08992565201998348;0.22088037449352899;0.19554698871012155;0.211754061602612;0.281892923173754
Cinza;Ciências Naturais e suas Tecnologias;44;0.006008807942076584;0.0;0.09135676016388276;0.264418531358336;0.06661676646706587;0.2197447210841475;0.3578632209265679
Cinza;Ciências Naturais e suas Tecnologias;45;0.005486302903635143;0.0;0.18103787699818882;0.1393810536262698;0.18422710449641705;0.10437829750374045;0.39097566737538386
Cinza;Inglês;1;0.0036202134806299917;3.732178846010301e-05;0.24418304699994842;0.08471340865707062;0.08729298870143941;0.4174792343806428;0.16633132126089872
Cinza;Inglês;2;0.0025378816152870046;0.0003732178846010301;0.04633304128227594;0.7840540122661445;0.05406380456630418;0.08179147554501881;0.03375766634025666
Cinza;Inglês;3;0.005150406807494215;0.0006344704038217511;0.690365310980027;0.14741798613267101;0.09189692642036634;0.05215771499534306;0.018162061471592675
Cinza;Inglês;4;0.003321639172949168;0.0004105396730611331;0.031112945668438162;0.861513853774315;0.05366080181621175;0.022702646922243434;0.0310097518187916
Cinza;Inglês;5;0.0035828916921698886;0.00022393073076061804;0.05903297383765932;0.26699004076577737;0.4200939160947417;0.06981784405800093;0.18406522524382063
Cinza;Espanhol;1;0.0014555497499440173;0.0004105396730611331;0.6669420349717747;0.06003029051356189;0.16935150764147047;0.04337050805452292;0.06030565881866997
Cinza;Espanhol;2;0.0013809061730238113;0.00018660894230051504;0.03864667858616421;0.0672534726997662;0.21606381515609957;0.14771008114427175;0.5303259524136983
Cinza;Espanhol;3;0.0015675151153243263;0.0004105396730611331;0.09504132231404959;0.418732782369146;0.10413223140495868;0.1618457300275482;0.22024793388429753
Cinza;Espanhol;4;0.0015301933268642234;0.0002985743076808241;0.491602422907489;0.17153083700440527;0.23444383259911894;0.02918502202643172;0.07323788546255507
Cinza;Espanhol;5;0.0017541240576248414;0.00018660894230051504;0.2567139512463848;0.25216912271037045;0.27544415369783776;0.10191433686819998;0.113758435477207
Laranja;Linguagens, Códigos e suas Tecnologias;1;0.0;0.0;0.6363636363636364;0.09090909090909091;0.18181818181818182;0.09090909090909091;
Laranja;Linguagens, Códigos e suas Tecnologias;2;0.0;0.0;0.9090909090909091;;;;0.09090909090909091
Laranja;Linguagens, Códigos e suas Tecnologias;3;0.0;0.0;0.09090909090909091;0.2727272727272727;0.09090909090909091;0.18181818181818182;0.36363636363636365
Laranja;Linguagens, Códigos e suas Tecnologias;4;0.0;0.0;0.18181818181818182;0.18181818181818182;0.36363636363636365;0.18181818181818182;0.09090909090909091
Laranja;Linguagens, Códigos e suas Tecnologias;5;0.0;0.0;;0.5454545454545454;0.36363636363636365;;0.09090909090909091
Laranja;Linguagens, Códigos e suas Tecnologias;6;0.0;0.0;;0.7272727272727273;0.09090909090909091;;0.18181818181818182
Laranja;Linguagens, Códigos e suas Tecnologias;7;0.0;0.0;;0.18181818181818182;0.36363636363636365;;0.45454545454545453
Laranja;Linguagens, Códigos e suas Tecnologias;8;0.0;0.0;0.5454545454545454;;0.36363636363636365;0.09090909090909091;
Laranja;Linguagens, Códigos e suas Tecnologias;9;0.0;0.0;0.09090909090909091;0.09090909090909091;0.2727272727272727;;0.5454545454545454
Laranja;Linguagens, Códigos e suas Tecnologias;10;0.0;0.0;0.09090909090909091;0.2727272727272727;0.2727272727272727;0.18181818181818182;0.18181818181818182
Laranja;Linguagens, Códigos e suas Tecnologias;11;0.0;0.0;0.45454545454545453;0.45454545454545453;;;0.09090909090909091
Laranja;Linguagens, Códigos e suas Tecnologias;12;0.0;0.0;0.36363636363636365;0.18181818181818182;;0.2727272727272727;0.18181818181818182
Laranja;Linguagens, Códigos e suas Tecnologias;13;0.0;0.0;0.2727272727272727;0.45454545454545453;0.09090909090909091;;0.18181818181818182
Laranja;Linguagens, Códigos e suas Tecnologias;14;0.0;0.0;0.2727272727272727;0.45454545454545453;0.18181818181818182;0.09090909090909091;
Laranja;Linguagens, Códigos e suas Tecnologias;15;0.0;0.0;0.45454545454545453;;0.18181818181818182;0.18181818181818182;0.18181818181818182
Laranja;Linguagens, Códigos e suas Tecnologias;16;0.0;0.0;0.45454545454545453;;0.09090909090909091;0.2727272727272727;0.18181818181818182
Laranja;Linguagens, Códigos e suas Tecnologias;17;0.0;0.0;;0.18181818181818182;0.36363636363636365;0.2727272727272727;0.18181818181818182
Laranja;Linguagens, Códigos e suas Tecnologias;18;0.0;0.0;0.09090909090909091;0.36363636363636365;0.36363636363636365;0.09090909090909091;0.09090909090909091
Laranja;Linguagens, Códigos e suas Tecnologias;19;0.0;0.0;0.2727272727272727;0.5454545454545454;;0.18181818181818182;
Laranja;Linguagens, Códigos e suas Tecnologias;20;0.0;0.0;0.45454545454545453;;0.2727272727272727;0.09090909090909091;0.18181818181818182
Laranja;Linguagens, Códigos e suas Tecnologias;21;0.0;0.0;;0.5454545454545454;0.18181818181818182;0.18181818181818182;0.09090909090909091
Laranja;Linguagens, Códigos e suas Tecnologias;22;0.0;0.0;0.09090909090909091;;0.5454545454545454;0.2727272727272727;0.09090909090909091
Laranja;Linguagens, Códigos e suas Tecnologias;23;0.0;0.0;0.09090909090909091;0.45454545454545453;;0.2727272727272727;0.18181818181818182
Laranja;Linguagens, Códigos e suas Tecnologias;24;0.0;0.0;0.09090909090909091;0.18181818181818182;0.18181818181818182;0.09090909090909091;0.45454545454545453
Laranja;Linguagens, Códigos e suas Tecnologias;25;0.0;0.0;0.18181818181818182;;0.18181818181818182;0.5454545454545454;0.09090909090909091
Laranja;Linguagens, Códigos e suas Tecnologias;26;0.0;0.0;0.09090909090909091;;0.5454545454545454;0.09090909090909091;0.2727272727272727
Laranja;Linguagens, Códigos e suas Tecnologias;27;0.0;0.0;0.18181818181818182;0.2727272727272727;0.09090909090909091;0.36363636363636365;0.09090909090909091
Laranja;Linguagens, Códigos e suas Tecnologias;28;0.0;0.0;0.18181818181818182;0.5454545454545454;0.09090909090909091;0.09090909090909091;0.09090909090909091
Laranja;Linguagens, Códigos e suas Tecnologias;29;0.0;0.0;0.09090909090909091;0.09090909090909091;0.18181818181818182;0.45454545454545453;0.18181818181818182
Laranja;Linguagens, Códigos e suas Tecnologias;30;0.0;0.0;0.09090909090909091;;0.2727272727272727;0.6363636363636364;
Laranja;Linguagens, Códigos e suas Tecnologias;31;0.0;0.0;;0.36363636363636365;0.18181818181818182;0.45454545454545453;
Laranja;Linguagens, Códigos e suas Tecnologias;32;0.0;0.0;0.18181818181818182;0.36363636363636365;0.18181818181818182;0.09090909090909091;0.18181818181818182
Laranja;Linguagens, Códigos e suas Tecnologias;33;0.0;0.0;0.5454545454545454;0.09090909090909091;0.09090909090909091;0.09090909090909091;0.18181818181818182
Laranja;Linguagens, Códigos e suas Tecnologias;34;0.0;0.0;0.09090909090909091;0.2727272727272727;;0.18181818181818182;0.45454545454545453
Laranja;Linguagens, Códigos e suas Tecnologias;35;0.0;0.0;0.18181818181818182;;0.2727272727272727;0.5454545454545454;
Laranja;Linguagens, Códigos e suas Tecnologias;36;0.0;0.0;0.18181818181818182;0.18181818181818182;0.09090909090909091;0.5454545454545454;
Laranja;Linguagens, Códigos e suas Tecnologias;37;0.0;0.0;0.45454545454545453;0.09090909090909091;0.2727272727272727;;0.18181818181818182
Laranja;Linguagens, Códigos e suas Tecnologias;38;0.0;0.0;0.09090909090909091;0.09090909090909091;0.2727272727272727;0.36363636363636365;0.18181818181818182
Laranja;Linguagens, Códigos e suas Tecnologias;39;0.0;0.0;0.09090909090909091;0.18181818181818182;0.5454545454545454;0.09090909090909091;0.09090909090909091
Laranja;Linguagens, Códigos e suas Tecnologias;40;0.0;0.0;0.18181818181818182;0.09090909090909091;0.2727272727272727;0.09090909090909091;0.36363636363636365
Laranja;Ciências Humanas e suas Tecnologias;1;0.0;0.0;0.7272727272727273;0.09090909090909091;0.09090909090909091;;0.09090909090909091
Laranja;Ciências Humanas e suas Tecnologias;2;0.0;0.0;;0.6363636363636364;0.18181818181818182;;0.18181818181818182
Laranja;Ciências Humanas e suas Tecnologias;3;0.0;0.0;0.18181818181818182;;0.45454545454545453;0.18181818181818182;0.18181818181818182
Laranja;Ciências Humanas e suas Tecnologias;4;0.0;0.0;0.09090909090909091;0.18181818181818182;;0.5454545454545454;0.18181818181818182
Laranja;Ciências Humanas e suas Tecnologias;5;0.0;0.0;0.09090909090909091;0.18181818181818182;0.5454545454545454;0.18181818181818182;
Laranja;Ciências Humanas e suas Tecnologias;6;0.0;0.0;0.36363636363636365;0.2727272727272727;0.09090909090909091;0.18181818181818182;0.09090909090909091
Laranja;Ciências Humanas e suas Tecnologias;7;0.0;0.0;0.18181818181818182;;0.45454545454545453;0.36363636363636365;
Laranja;Ciências Humanas e suas Tecnologias;8;0.0;0.0;0.2727272727272727;0.36363636363636365;0.09090909090909091;0.09090909090909091;0.18181818181818182
Laranja;Ciências Humanas e suas Tecnologias;9;0.0;0.0;0.2727272727272727;;0.45454545454545453;0.09090909090909091;0.18181818181818182
Laranja;Ciências Humanas e suas Tecnologias;10;0.0;0.0;;0.2727272727272727;0.09090909090909091;0.18181818181818182;0.45454545454545453
Laranja;Ciências Humanas e suas Tecnologias;11;0.0;0.0;0.36363636363636365;0.36363636363636365;0.2727272727272727;;
Laranja;Ciências Humanas e suas Tecnologias;12;0.0;0.0;;0.09090909090909091;0.09090909090909091;0.09090909090909091;0.7272727272727273
Laranja;Ciências Humanas e suas Tecnologias;13;0.09090909090909091;0.0;0.4;0.1;0.2;0.1;0.2
Laranja;Ciências Humanas e suas Tecnologias;14;0.0;0.0;0.09090909090909091;0.2727272727272727;0.36363636363636365;;0.2727272727272727
Laranja;Ciências Humanas e suas Tecnologias;15;0.0;0.0;0.2727272727272727;0.2727272727272727;;0.09090909090909091;0.36363636363636365
Laranja;Ciências Humanas e suas Tecnologias;16;0.0;0.0;;0.09090909090909091;0.36363636363636365;0.2727272727272727;0.2727272727272727
Laranja;Ciências Humanas e suas Tecnologias;17;0.0;0.0;0.45454545454545453;0.09090909090909091;0.36363636363636365;;0.09090909090909091
Laranja;Ciências Humanas e suas Tecnologias;18;0.0;0.0;0.18181818181818182;0.09090909090909091;;0.6363636363636364;0.09090909090909091
Laranja;Ciências Humanas e suas Tecnologias;19;0.0;0.0;0.18181818181818182;0.2727272727272727;0.09090909090909091;0.09090909090909091;0.36363636363636365
Laranja;Ciências Humanas e suas Tecnologias;20;0.0;0.0;0.18181818181818182;0.18181818181818182;0.09090909090909091;0.45454545454545453;0.09090909090909091
Laranja;Ciências Humanas e suas Tecnologias;21;0.0;0.0;0.18181818181818182;0.09090909090909091;;0.5454545454545454;0.18181818181818182
Laranja;Ciências Humanas e suas Tecnologias;22;0.0;0.0;0.36363636363636365;0.45454545454545453;;0.09090909090909091;0.09090909090909091
Laranja;Ciências Humanas e suas Tecnologias;23;0.0;0.0;;0.18181818181818182;0.2727272727272727;0.09090909090909091;0.45454545454545453
Laranja;Ciências Humanas e suas Tecnologias;24;0.0;0.0;;0.2727272727272727;0.36363636363636365;;0.36363636363636365
Laranja;Ciências Humanas e suas Tecnologias;25;0.0;0.0;0.45454545454545453;0.18181818181818182;0.09090909090909091;0.2727272727272727;
Laranja;Ciências Humanas e suas Tecnologias;26;0.0;0.0;0.36363636363636365;0.18181818181818182;;0.18181818181818182;0.2727272727272727
Laranja;Ciências Humanas e suas Tecnologias;27;0.0;0.0;0.18181818181818182;0.2727272727272727;;0.36363636363636365;0.18181818181818182
Laranja;Ciências Humanas e suas Tecnologias;28;0.0;0.0;0.09090909090909091;0.18181818181818182;0.18181818181818182;0.18181818181818182;0.36363636363636365
Laranja;Ciências Humanas e suas Tecnologias;29;0.0;0.0;0.2727272727272727;0.36363636363636365;0.18181818181818182;;0.18181818181818182
Laranja;Ciências Humanas e suas Tecnologias;30;0.0;0.0;0.45454545454545453;0.09090909090909091;0.2727272727272727;0.09090909090909091;0.09090909090909091
Laranja;Ciências Humanas e suas Tecnologias;31;0.0;0.0;0.2727272727272727;0.09090909090909091;0.09090909090909091;0.36363636363636365;0.18181818181818182
Laranja;Ciências Humanas e suas Tecnologias;32;0.0;0.0;0.09090909090909091;0.5454545454545454;0.09090909090909091;0.18181818181818182;0.09090909090909091
Laranja;Ciências Humanas e suas Tecnologias;33;0.0;0.0;0.18181818181818182;0.18181818181818182;0.2727272727272727;0.09090909090909091;0.2727272727272727
Laranja;Ciências Humanas e suas Tecnologias;34;0.09090909090909091;0.0;0.4;;0.1;0.2;0.3
Laranja;Ciências Humanas e suas Tecnologias;35;0.09090909090909091;0.0;0.2;;0.6;0.1;0.1
Laranja;Ciências Humanas e suas Tecnologias;36;0.09090909090909091;0.0;0.1;;0.1;0.1;0.7
Laranja;Ciências Humanas e suas Tecnologias;37;0.09090909090909091;0.0;;0.8;;0.1;0.1
Laranja;Ciências Humanas e suas Tecnologias;38;0.09090909090909091;0.0;0.3;0.1;0.5;;0.1
Laranja;Ciências Humanas e suas Tecnologias;39;0.09090909090909091;0.0;0.1;0.5;0.1;0.3;
Laranja;Ciências Humanas e suas Tecnologias;40;0.09090909090909091;0.0;;0.2;0.7;0.1;
Laranja;Ciências Humanas e suas Tecnologias;41;0.09090909090909091;0.0;;0.4;0.1;0.3;0.2
Laranja;Ciências Humanas e suas Tecnologias;42;0.09090909090909091;0.0;0.6;0.2;;0.1;0.1
Laranja;Ciências Humanas e suas Tecnologias;43;0.09090909090909091;0.0;0.6;0.1;;0.2;0.1
Laranja;Ciências Humanas e suas Tecnologias;44;0.09090909090909091;0.0;0.1;0.1;;0.7;0.1
Laranja;Ciências Humanas e suas Tecnologias;45;0.09090909090909091;0.0;0.1;;0.1;;0.8
Laranja;Matemática e suas Tecnologias;1;0.0;0.0;0.2727272727272727;0.09090909090909091;0.18181818181818182;;0.45454545454545453
Laranja;Matemática e suas Tecnologias;2;0.0;0.0;0.18181818181818182;0.36363636363636365;0.18181818181818182;0.18181818181818182;0.09090909090909091
Laranja;Matemática e suas Tecnologias;3;0.0;0.0;;;;0.7272727272727273;0.2727272727272727
Laranja;Matemática e suas Tecnologias;4;0.0;0.0;0.09090909090909091;0.36363636363636365;0.36363636363636365;0.18181818181818182;
Laranja;Matemática e suas Tecnologias;5;0.0;0.0;0.09090909090909091;0.2727272727272727;0.18181818181818182;0.09090909090909091;0.36363636363636365
Laranja;Matemática e suas Tecnologias;6;0.0;0.0;0.09090909090909091;0.09090909090909091;0.2727272727272727;0.2727272727272727;0.2727272727272727
Laranja;Matemática e suas Tecnologias;7;0.0;0.0;;0.09090909090909091;0.2727272727272727;0.36363636363636365;0.2727272727272727
Laranja;Matemática e suas Tecnologias;8;0.0;0.0;0.2727272727272727;0.2727272727272727;0.09090909090909091;0.2727272727272727;0.09090909090909091
Laranja;Matemática e suas Tecnologias;9;0.0;0.0;0.36363636363636365;0.09090909090909091;0.18181818181818182;;0.36363636363636365
Laranja;Matemática e suas Tecnologias;10;0.0;0.0;0.09090909090909091;0.09090909090909091;0.18181818181818182;0.5454545454545454;0.09090909090909091
Laranja;Matemática e suas Tecnologias;11;0.0;0.0;0.45454545454545453;0.18181818181818182;0.09090909090909091;0.18181818181818182;0.09090909090909091
Laranja;Matemática e suas Tecnologias;12;0.0;0.0;0.18181818181818182;0.09090909090909091;0.2727272727272727;0.18181818181818182;0.2727272727272727
Laranja;Matemática e suas Tecnologias;13;0.0;0.0;0.09090909090909091;0.36363636363636365;0.36363636363636365;0.09090909090909091;0.09090909090909091
Laranja;Matemática e suas Tecnologias;14;0.0;0.0;0.18181818181818182;;0.2727272727272727;0.45454545454545453;0.09090909090909091
Laranja;Matemática e suas Tecnologias;15;0.0;0.0;0.18181818181818182;0.2727272727272727;0.36363636363636365;0.18181818181818182;
Laranja;Matemática e suas Tecnologias;16;0.0;0.0;0.18181818181818182;0.09090909090909091;0.2727272727272727;0.18181818181818182;0.2727272727272727
Laranja;Matemática e suas Tecnologias;17;0.0;0.0;0.36363636363636365;0.09090909090909091;0.2727272727272727;0.09090909090909091;0.18181818181818182
Laranja;Matemática e suas Tecnologias;18;0.0;0.0;0.2727272727272727;;0.18181818181818182;0.2727272727272727;0.2727272727272727
Laranja;Matemática e suas Tecnologias;19;0.0;0.0;0.18181818181818182;0.2727272727272727;0.36363636363636365;0.18181818181818182;
Laranja;Matemática e suas Tecnologias;20;0.0;0.0;;0.18181818181818182;0.2727272727272727;0.2727272727272727;0.2727272727272727
Laranja;Matemática e suas Tecnologias;21;0.0;0.0;;0.09090909090909091;0.2727272727272727;0.5454545454545454;0.09090909090909091
Laranja;Matemática e suas Tecnologias;22;0.0;0.0;0.09090909090909091;0.18181818181818182;0.18181818181818182;0.36363636363636365;0.18181818181818182
Laranja;Matemática e suas Tecnologias;23;0.0;0.0;0.2727272727272727;0.36363636363636365;0.09090909090909091;0.09090909090909091;0.18181818181818182
Laranja;Matemática e suas Tecnologias;24;0.0;0.0;0.18181818181818182;0.2727272727272727;0.18181818181818182;0.09090909090909091;0.2727272727272727
Laranja;Matemática e suas Tecnologias;25;0.0;0.0;0.09090909090909091;0.18181818181818182;0.45454545454545453;0.2727272727272727;
Laranja;Matemática e suas Tecnologias;26;0.0;0.0;0.18181818181818182;0.18181818181818182;0.36363636363636365;0.18181818181818182;0.09090909090909091
Laranja;Matemática e suas Tecnologias;27;0.0;0.0;0.2727272727272727;0.36363636363636365;;0.18181818181818182;0.18181818181818182
Laranja;Matemática e suas Tecnologias;28;0.0;0.0;0.2727272727272727;0.09090909090909091;0.18181818181818182;0.09090909090909091;0.36363636363636365
Laranja;Matemática e suas Tecnologias;29;0.0;0.0;0.36363636363636365;0.18181818181818182;0.18181818181818182;;0.2727272727272727
Laranja;Matemática e suas Tecnologias;30;0.0;0.0;0.18181818181818182;0.09090909090909091;0.09090909090909091;0.18181818181818182;0.45454545454545453
Laranja;Matemática e suas Tecnologias;31;0.0;0.0;0.36363636363636365;0.09090909090909091;0.18181818181818182;0.2727272727272727;0.09090909090909091
Laranja;Matemática e suas Tecnologias;32;0.0;0.0;0.18181818181818182;0.18181818181818182;0.45454545454545453;0.18181818181818182;
Laranja;Matemática e suas Tecnologias;33;0.0;0.0;0.09090909090909091;0.18181818181818182;0.09090909090909091;0.2727272727272727;0.36363636363636365
Laranja;Matemática e suas Tecnologias;34;0.0;0.0;0.36363636363636365;0.2727272727272727;0.09090909090909091;0.09090909090909091;0.18181818181818182
Laranja;Matemática e suas Tecnologias;35;0.0;0.0;0.18181818181818182;0.09090909090909091;0.2727272727272727;0.18181818181818182;0.2727272727272727
Laranja;Matemática e suas Tecnologias;36;0.0;0.0;0.36363636363636365;;0.36363636363636365;0.18181818181818182;0.09090909090909091
Laranja;Matemática e suas Tecnologias;37;0.0;0.0;0.36363636363636365;;;0.45454545454545453;0.18181818181818182
Laranja;Matemática e suas Tecnologias;38;0.0;0.0;0.09090909090909091;0.09090909090909091;0.2727272727272727;0.2727272727272727;0.2727272727272727
Laranja;Matemática e suas Tecnologias;39;0.0;0.0;0.09090909090909091;0.45454545454545453;;0.2727272727272727;0.18181818181818182
Laranja;Matemática e suas Tecnologias;40;0.0;0.0;0.09090909090909091;0.36363636363636365;0.09090909090909091;0.36363636363636365;0.09090909090909091
Laranja;Matemática e suas Tecnologias;41;0.0;0.0;0.45454545454545453;0.18181818181818182;0.2727272727272727;0.09090909090909091;
Laranja;Matemática e suas Tecnologias;42;0.0;0.0;0.18181818181818182;0.18181818181818182;0.2727272727272727;;0.36363636363636365
Laranja;Matemática e suas Tecnologias;43;0.0;0.0;0.36363636363636365;0.09090909090909091;0.36363636363636365;0.09090909090909091;0.09090909090909091
Laranja;Matemática e suas Tecnologias;44;0.0;0.0;0.09090909090909091;0.36363636363636365;0.09090909090909091;0.09090909090909091;0.36363636363636365
Laranja;Matemática e suas Tecnologias;45;0.0;0.0;0.2727272727272727;0.18181818181818182;0.09090909090909091;0.18181818181818182;0.2727272727272727
Laranja;Ciências Naturais e suas Tecnologias;1;0.0;0.0;0.09090909090909091;0.09090909090909091;0.6363636363636364;0.18181818181818182;
Laranja;Ciências Naturais e suas Tecnologias;2;0.0;0.0;0.18181818181818182;0.5454545454545454;;0.2727272727272727;
Laranja;Ciências Naturais e suas Tecnologias;3;0.0;0.0;0.45454545454545453;0.18181818181818182;0.09090909090909091;0.09090909090909091;0.18181818181818182
Laranja;Ciências Naturais e suas Tecnologias;4;0.0;0.0;0.45454545454545453;;0.36363636363636365;0.18181818181818182;
Laranja;Ciências Naturais e suas Tecnologias;5;0.0;0.0;;0.2727272727272727;0.09090909090909091;0.09090909090909091;0.5454545454545454
Laranja;Ciências Naturais e suas Tecnologias;6;0.0;0.0;0.36363636363636365;0.09090909090909091;;0.36363636363636365;0.18181818181818182
Laranja;Ciências Naturais e suas Tecnologias;7;0.0;0.0;0.09090909090909091;0.45454545454545453;0.18181818181818182;0.2727272727272727;
Laranja;Ciências Naturais e suas Tecnologias;8;0.0;0.0;0.2727272727272727;0.18181818181818182;0.09090909090909091;0.2727272727272727;0.18181818181818182
Laranja;Ciências Naturais e suas Tecnologias;9;0.0;0.0;0.09090909090909091;;0.09090909090909091;0.09090909090909091;0.7272727272727273
Laranja;Ciências Naturais e suas Tecnologias;10;0.0;0.0;0.09090909090909091;;0.09090909090909091;0.5454545454545454;0.2727272727272727
Laranja;Ciências Naturais e suas Tecnologias;11;0.0;0.0;0.2727272727272727;0.2727272727272727;0.09090909090909091;0.36363636363636365;
Laranja;Ciências Naturais e suas Tecnologias;12;0.0;0.0;0.2727272727272727;0.18181818181818182;;0.45454545454545453;0.09090909090909091
Laranja;Ciências Naturais e suas Tecnologias;13;0.0;0.0;0.36363636363636365;;0.45454545454545453;0.09090909090909091;0.09090909090909091
Laranja;Ciências Naturais e suas Tecnologias;14;0.0;0.0;0.18181818181818182;0.2727272727272727;0.18181818181818182;0.2727272727272727;0.09090909090909091
Laranja;Ciências Naturais e suas Tecnologias;15;0.0;0.0;0.18181818181818182;0.09090909090909091;0.36363636363636365;;0.36363636363636365
Laranja;Ciências Naturais e suas Tecnologias;16;0.0;0.0;0.09090909090909091;0.09090909090909091;0.36363636363636365;0.2727272727272727;0.18181818181818182
Laranja;Ciências Naturais e suas Tecnologias;17;0.0;0.0;0.18181818181818182;0.09090909090909091;0.5454545454545454;0.18181818181818182;
Laranja;Ciências Naturais e suas Tecnologias;18;0.0;0.0;0.18181818181818182;0.09090909090909091;0.36363636363636365;0.09090909090909091;0.2727272727272727
Laranja;Ciências Naturais e suas Tecnologias;19;0.0;0.0;0.2727272727272727;0.18181818181818182;0.2727272727272727;0.09090909090909091;0.18181818181818182
Laranja;Ciências Naturais e suas Tecnologias;20;0.0;0.0;0.18181818181818182;0.18181818181818182;0.09090909090909091;0.09090909090909091;0.45454545454545453
Laranja;Ciências Naturais e suas Tecnologias;21;0.0;0.0;0.18181818181818182;0.2727272727272727;0.18181818181818182;0.2727272727272727;0.09090909090909091
Laranja;Ciências Naturais e suas Tecnologias;22;0.0;0.0;;0.09090909090909091;0.5454545454545454;0.18181818181818182;0.18181818181818182
Laranja;Ciências Naturais e suas Tecnologias;23;0.0;0.0;;0.18181818181818182;;0.6363636363636364;0.18181818181818182
Laranja;Ciências Naturais e suas Tecnologias;24;0.0;0.0;0.2727272727272727;;0.18181818181818182;0.18181818181818182;0.36363636363636365
Laranja;Ciências Naturais e suas Tecnologias;25;0.0;0.0;0.2727272727272727;;;0.09090909090909091;0.6363636363636364
Laranja;Ciências Naturais e suas Tecnologias;26;0.0;0.0;0.18181818181818182;0.2727272727272727;0.36363636363636365;0.18181818181818182;
Laranja;Ciências Naturais e suas Tecnologias;27;0.0;0.0;0.2727272727272727;0.2727272727272727;0.2727272727272727;0.09090909090909091;0.09090909090909091
Laranja;Ciências Naturais e suas Tecnologias;28;0.0;0.0;0.09090909090909091;0.18181818181818182;0.2727272727272727;0.18181818181818182;0.2727272727272727
Laranja;Ciências Naturais e suas Tecnologias;29;0.0;0.0;0.18181818181818182;0.45454545454545453;0.18181818181818182;0.09090909090909091;0.09090909090909091
Laranja;Ciências Naturais e suas Tecnologias;30;0.0;0.0;0.18181818181818182;0.45454545454545453;;0.2727272727272727;0.09090909090909091
Laranja;Ciências Naturais e suas Tecnologias;31;0.0;0.0;0.18181818181818182;0.09090909090909091;0.45454545454545453;0.09090909090909091;0.18181818181818182
Laranja;Ciências Naturais e suas Tecnologias;32;0.0;0.0;0.36363636363636365;0.2727272727272727;0.09090909090909091;0.09090909090909091;0.18181818181818182
Laranja;Ciências Naturais e suas Tecnologias;33;0.0;0.0;;0.18181818181818182;0.36363636363636365;0.2727272727272727;0.18181818181818182
Laranja;Ciências Naturais e suas Tecnologias;34;0.0;0.0;;0.36363636363636365;;0.09090909090909091;0.5454545454545454
Laranja;Ciências Naturais e suas Tecnologias;35;0.0;0.0;0.09090909090909091;;0.18181818181818182;0.18181818181818182;0.5454545454545454
Laranja;Ciências Naturais e suas Tecnologias;36;0.0;0.0;;0.6363636363636364;;;0.36363636363636365
Laranja;Ciências Naturais e suas Tecnologias;37;0.0;0.0;0.2727272727272727;0.09090909090909091;0.2727272727272727;0.18181818181818182;0.18181818181818182
Laranja;Ciências Naturais e suas Tecnologias;38;0.0;0.0;0.36363636363636365;0.18181818181818182;0.2727272727272727;0.18181818181818182;
Laranja;Ciências Naturais e suas Tecnologias;39;0.0;0.0;0.18181818181818182;0.18181818181818182;0.09090909090909091;0.2727272727272727;0.2727272727272727
Laranja;Ciências Naturais e suas Tecnologias;40;0.0;0.0;0.18181818181818182;;;0.2727272727272727;0.5454545454545454
Laranja;Ciências Naturais e suas Tecnologias;41;0.0;0.0;;0.9090909090909091;;;0.09090909090909091
Laranja;Ciências Naturais e suas Tecnologias;42;0.0;0.0;0.09090909090909091;0.18181818181818182;0.09090909090909091;0.36363636363636365;0.2727272727272727
Laranja;Ciências Naturais e suas Tecnologias;43;0.0;0.0;0.09090909090909091;0.2727272727272727;0.09090909090909091;0.2727272727272727;0.2727272727272727
Laranja;Ciências Naturais e suas Tecnologias;44;0.0;0.0;0.18181818181818182;0.2727272727272727;0.18181818181818182;0.2727272727272727;0.09090909090909091
Laranja;Ciências Naturais e suas Tecnologias;45;0.0;0.0;0.09090909090909091;0.36363636363636365;0.2727272727272727;0.18181818181818182;0.09090909090909091
Laranja;Inglês;1;0.0;0.0;0.4;0.4;0.2;;
Laranja;Inglês;2;0.0;0.0;0.2;0.2;0.2;;0.4
Laranja;Inglês;3;0.0;0.0;0.2;0.8;;;
Laranja;Inglês;4;0.0;0.0;0.2;0.6;;0.2;
Laranja;Inglês;5;0.0;0.0;0.8;;0.2;;
Laranja;Espanhol;1;0.0;0.0;;0.16666666666666666;0.16666666666666666;0.3333333333333333;0.3333333333333333
Laranja;Espanhol;2;0.0;0.0;0.3333333333333333;0.5;;;0.16666666666666666
Laranja;Espanhol;3;0.0;0.0;0.8333333333333334;;0.16666666666666666;;
Laranja;Espanhol;4;0.0;0.0;0.16666666666666666;0.3333333333333333;;0.3333333333333333;0.16666666666666666
Laranja;Espanhol;5;0.0;0.0;;0.16666666666666666;0.3333333333333333;0.16666666666666666;0.3333333333333333
Rosa;Linguagens, Códigos e suas Tecnologias;1;0.006313036981695929;7.471049682480388e-05;0.4909583067032595;0.049061994811835034;0.1841798563855784;0.14391518478138277;0.13188465731794427
Rosa;Linguagens, Códigos e suas Tecnologias;2;0.004258498319013822;0.000635039223010833;0.9614475017831;0.006156387251773715;0.016366980742520364;0.009197041931003416;0.006832088291602537
Rosa;Linguagens, Códigos e suas Tecnologias;3;0.0028763541277549497;0.00048561822936122527;0.024400299850074962;0.2315592203898051;0.026349325337331333;0.16446776611694153;0.553223388305847
Rosa;Linguagens, Códigos e suas Tecnologias;4;0.0029884198729921555;0.0002988419872992155;0.1382954800989431;0.15980811033655648;0.4651450416010794;0.14867701071883666;0.08807435724458436
Rosa;Linguagens, Códigos e suas Tecnologias;5;0.0044452745610758316;0.00011206574523720583;0.02138997298108676;0.6212848994296007;0.24707295106574603;0.03842689882918043;0.07182527769438607
Rosa;Linguagens, Códigos e suas Tecnologias;6;0.004146432573776616;0.0005603287261860292;0.018578291547815644;0.7999174298153431;0.06605614772556673;0.023119651703948356;0.09232847920732623
Rosa;Linguagens, Códigos e suas Tecnologias;7;0.002428091146806126;0.0010085917071348525;0.023502511432641128;0.05079091386160882;0.02905015368468401;0.0569008171527101;0.8397556038683559
Rosa;Linguagens, Códigos e suas Tecnologias;8;0.0055659320134478895;0.00018677624206200972;0.8088743612864443;0.06837992185151788;0.058611361587015326;0.03554253080853622;0.028591824466486324
Rosa;Linguagens, Códigos e suas Tecnologias;9;0.004071722076951812;0.0011206574523720584;0.4928091322143367;0.0221170815966355;0.3108031992790357;0.03435845443280387;0.13991213247718823
Rosa;Linguagens, Códigos e suas Tecnologias;10;0.003175196115054165;0.00014942099364960776;0.05513286608447959;0.04523818447584423;0.4058318653723624;0.34230351186237395;0.15149357220493984
Rosa;Linguagens, Códigos e suas Tecnologias;11;0.0023160254015689202;0.00014942099364960776;0.7920910724985021;0.12870730976632713;0.013218993409227083;0.025689035350509287;0.04029358897543439
Rosa;Linguagens, Códigos e suas Tecnologias;12;0.0036608143444153904;0.00022413149047441165;0.3202205055126378;0.34122103052576314;0.1826670666766669;0.09528988224705617;0.06060151503787595
Rosa;Linguagens, Códigos e suas Tecnologias;13;0.0037728800896525963;0.00018677624206200972;0.3557980798079808;0.43515601560156014;0.09563456345634563;0.04759225922592259;0.06581908190819082
Rosa;Linguagens, Códigos e suas Tecnologias;14;0.003175196115054165;0.00041090773253642135;0.16772887455949614;0.2840593836694909;0.28124765689435405;0.1453475294294069;0.121616555447252
Rosa;Linguagens, Códigos e suas Tecnologias;15;0.005042958535674262;0.0002988419872992155;0.1429000638449694;0.230705674691103;0.21744845457618206;0.17148007661396328;0.23746573027378226
Rosa;Linguagens, Códigos e suas Tecnologias;16;0.00403436682853941;0.0002988419872992155;0.6336384782771817;0.10535004126960307;0.06854505890297892;0.08062579725369551;0.11184062429654086
Rosa;Linguagens, Códigos e suas Tecnologias;17;0.0032872618602913708;0.0003361972357116175;0.07606943350954148;0.12293330334045664;0.4298354140891538;0.16166160536872493;0.2095002436921231
Rosa;Linguagens, Códigos e suas Tecnologias;18;0.0034366828539409786;0.0002614867388868136;0.09204754227438042;0.48584605001687226;0.15140039743541675;0.14705110419556822;0.12365490607776236
Rosa;Linguagens, Códigos e suas Tecnologias;19;0.003249906611878969;0.00048561822936122527;0.14146981627296587;0.5724034495688038;0.11117360329958755;0.12515935508061493;0.049793775778027745
Rosa;Linguagens, Códigos e suas Tecnologias;20;0.005864774000747105;0.0004482629809488233;0.6494116762527724;0.058869967294462616;0.043081087177173794;0.09815420472914552;0.1504830645464456
Rosa;Linguagens, Códigos e suas Tecnologias;21;0.0030257751214045575;0.0002614867388868136;0.032681208305224495;0.16722884341503635;0.6530245109062289;0.10448991829697923;0.042575519076530996
Rosa;Linguagens, Códigos e suas Tecnologias;22;0.004706761299962644;0.00014942099364960776;0.1290915915915916;0.04857357357357357;0.6539414414414414;0.09527027027027027;0.07312312312312312
Rosa;Linguagens, Códigos e suas Tecnologias;23;0.004856182293612252;0.0002988419872992155;0.23685791528987685;0.4000826073896065;0.1694577951336738;0.1271778311805347;0.0664238510063082
Rosa;Linguagens, Códigos e suas Tecnologias;24;0.002652222637280538;0.001270078446021666;0.07144196512282018;0.028539283705231577;0.027864241515094694;0.12634539658728672;0.7458091130695669
Rosa;Linguagens, Códigos e suas Tecnologias;25;0.0038475905864774;0.00041090773253642135;0.13557923169267708;0.05398409363745498;0.04066626650660264;0.7358943577430972;0.033876050420168065
Rosa;Linguagens, Códigos e suas Tecnologias;26;0.004258498319013822;0.00014942099364960776;0.09920456250938016;0.0769923457901846;0.37314272850067537;0.13064685577067386;0.320013507429086
Rosa;Linguagens, Códigos e suas Tecnologias;27;0.0037728800896525963;0.00011206574523720583;0.21113027825695643;0.13102827570689268;0.03750093752343808;0.6005775144378609;0.01976299407485187
Rosa;Linguagens, Códigos e suas Tecnologias;28;0.00440791931266343;0.0005229734777736272;0.5294316390119378;0.25917861701328926;0.09107290337112396;0.09028455589758991;0.030032284706059013
Rosa;Linguagens, Códigos e suas Tecnologias;29;0.005341800522973478;0.0003361972357116175;0.08637012547899918;0.18810579307235706;0.07607633931925764;0.5278383049064542;0.12160943722293185
Rosa;Linguagens, Códigos e suas Tecnologias;30;0.004968248038849458;0.0002988419872992155;0.2027488827969507;0.17939088963160466;0.3127041946749784;0.19399902362086446;0.11115700927560179
Rosa;Linguagens, Códigos e suas Tecnologias;31;0.0044826298094882335;0.00022413149047441165;0.06680678576790272;0.24729770304759044;0.14948956613121153;0.4174298153430416;0.11897612971025372
Rosa;Linguagens, Códigos e suas Tecnologias;32;0.004333208815838626;0.0002614867388868136;0.07088978121364506;0.6911096933988817;0.06308402446804519;0.13089653619544414;0.04401996472398394
Rosa;Linguagens, Códigos e suas Tecnologias;33;0.004295853567426224;0.000597683974598431;0.560193700964751;0.036562934044070725;0.05521979053267765;0.059161379931679116;0.2888621945268216
Rosa;Linguagens, Códigos e suas Tecnologias;34;0.005304445274561076;0.0002614867388868136;0.07035798805454341;0.10450396303670034;0.06044100522144172;0.13872506667668383;0.6259719770106307
Rosa;Linguagens, Códigos e suas Tecnologias;35;0.005864774000747105;0.00011206574523720583;0.05700864336715521;0.14096204434423149;0.06869597895527997;0.6897782788425404;0.04355505449079294
Rosa;Linguagens, Códigos e suas Tecnologias;36;0.0037728800896525963;0.0004482629809488233;0.0856810593840267;0.10248715159245227;0.24777731927823837;0.5214390216453464;0.042615448099936226
Rosa;Linguagens, Códigos e suas Tecnologias;37;0.005827418752334703;0.0008218154650728427;0.5285424187725631;0.1269554753309266;0.0852135980746089;0.038432611311672686;0.22085589651022863
Rosa;Linguagens, Códigos e suas Tecnologias;38;0.00481882704519985;0.0002988419872992155;0.134682536702587;0.11763601546953029;0.5276161153456238;0.14609694739608756;0.07396838508617129
Rosa;Linguagens, Códigos e suas Tecnologias;39;0.007956667911841613;0.00041090773253642135;0.0976041588186544;0.3335719129058992;0.3826565207564228;0.10227529571310179;0.08389211180592179
Rosa;Linguagens, Códigos e suas Tecnologias;40;0.005790063503922301;0.00011206574523720583;0.13208327070494513;0.11299413798286487;0.4268375169096648;0.19092890425372014;0.13715617014880505
Rosa;Ciências Humanas e suas Tecnologias;1;0.0030257751214045575;0.00014942099364960776;0.9298857035787896;0.009893198426082068;0.01735057148210605;0.032002997938917;0.010867528574105303
Rosa;Ciências Humanas e suas Tecnologias;2;0.0038475905864774;0.0003361972357116175;0.026033460874784305;0.7757896316302798;0.05127916572886188;0.047640483157026035;0.09925725860904794
Rosa;Ciências Humanas e suas Tecnologias;3;0.003884945834889802;0.00022413149047441165;0.058289572393098274;0.05375093773443361;0.7540510127531883;0.044186046511627906;0.0897224306076519
Rosa;Ciências Humanas e suas Tecnologias;4;0.004109077325364214;0.00014942099364960776;0.09116146458583434;0.020258103241296517;0.10601740696278511;0.7201005402160864;0.0624624849939976
Rosa;Ciências Humanas e suas Tecnologias;5;0.0045946955547254385;0.00011206574523720583;0.12877195616273832;0.14862633238252515;0.6567332232397538;0.03854526347395286;0.027323224741029876
Rosa;Ciências Humanas e suas Tecnologias;6;0.005042958535674262;0.000597683974598431;0.2297231300950449;0.5247755362710845;0.10387317329726886;0.038731732972688684;0.102896427363913
Rosa;Ciências Humanas e suas Tecnologias;7;0.0035861038475905865;0.0002988419872992155;0.05437635940898523;0.07005175129378234;0.16736668416710418;0.6763669091727293;0.031838295957398934
Rosa;Ciências Humanas e suas Tecnologias;8;0.004258498319013822;0.00048561822936122527;0.6018091055812033;0.14131291521225087;0.025672784596329244;0.1547873737942424;0.07641782081597417
Rosa;Ciências Humanas e suas Tecnologias;9;0.003884945834889802;0.00022413149047441165;0.061252813203300824;0.07768192048012003;0.7087021755438859;0.12366841710427606;0.028694673668417103
Rosa;Ciências Humanas e suas Tecnologias;10;0.004295853567426224;0.00041090773253642135;0.10208677375769404;0.04136015613271281;0.03182705299504579;0.5651929139768803;0.25953310313766703
Rosa;Ciências Humanas e suas Tecnologias;11;0.006425102726933134;0.0004482629809488233;0.4144662604378244;0.2166553825321598;0.23523659068682765;0.0683066275483337;0.06533513879485443
Rosa;Ciências Humanas e suas Tecnologias;12;0.004557340306313037;0.0005603287261860292;0.14789922276874554;0.05245372282506665;0.054556377426500956;0.19933916569669208;0.5457515112829948
Rosa;Ciências Humanas e suas Tecnologias;13;0.005341800522973478;0.0007097497198356369;0.6089897775105232;0.05336740829825616;0.1552916416115454;0.08441070354780517;0.09794046903187012
Rosa;Ciências Humanas e suas Tecnologias;14;0.0035113933507657825;0.000672394471423235;0.15331232650611448;0.10064520969315027;0.5525545802385775;0.054692775151924375;0.13879510841023332
Rosa;Ciências Humanas e suas Tecnologias;15;0.005117669032499066;0.0002614867388868136;0.1267182453241193;0.08360249380304965;0.04536918801171787;0.20078119131675806;0.5435288815443552
Rosa;Ciências Humanas e suas Tecnologias;16;0.00422114307060142;0.00022413149047441165;0.20554575813290307;0.15038835315748003;0.2384150688529511;0.07635735994897001;0.32929345990769576
Rosa;Ciências Humanas e suas Tecnologias;17;0.004333208815838626;0.0002988419872992155;0.34466711701568714;0.08143811453876755;0.4120318246641147;0.11048562636042933;0.051377317421001274
Rosa;Ciências Humanas e suas Tecnologias;18;0.005827418752334703;0.0005229734777736272;0.39612781954887216;0.11669172932330828;0.03496240601503759;0.24281954887218046;0.2093984962406015
Rosa;Ciências Humanas e suas Tecnologias;19;0.00537915577138588;0.0007844602166604408;0.05036647246758128;0.4809622251456493;0.15027250516820145;0.17680887051306146;0.1415899267055065
Rosa;Ciências Humanas e suas Tecnologias;20;0.006798655211057153;0.00037355248412401944;0.3319286628038227;0.18549176010234028;0.18285800285950787;0.22356836481300324;0.0761532094213259
Rosa;Ciências Humanas e suas Tecnologias;21;0.004146432573776616;0.00048561822936122527;0.022630038279666743;0.024731667041957516;0.04267056969151092;0.8513097650679277;0.05865795991893718
Rosa;Ciências Humanas e suas Tecnologias;22;0.006313036981695929;0.0005229734777736272;0.3921465377816226;0.3654417572497837;0.08222063414450671;0.08188212284199045;0.07830894798209652
Rosa;Ciências Humanas e suas Tecnologias;23;0.006313036981695929;0.00048561822936122527;0.13333082593651271;0.11347224311719573;0.15525801113284188;0.11350985406950503;0.4844290657439446
Rosa;Ciências Humanas e suas Tecnologias;24;0.006313036981695929;0.0003361972357116175;0.31832882069795426;0.16662906137184116;0.18294975932611313;0.04723225030084236;0.2848601083032491
Rosa;Ciências Humanas e suas Tecnologias;25;0.010085917071348524;0.0002988419872992155;0.2655518647138759;0.24988675826664652;0.17201419296391363;0.25490714177865015;0.057640042276913786
Rosa;Ciências Humanas e suas Tecnologias;26;0.00635039223010833;0.0005603287261860292;0.42644348316719954;0.20989279668986272;0.08403234906902389;0.16915553883769044;0.11047583223622344
Rosa;Ciências Humanas e suas Tecnologias;27;0.00844228614120284;0.0004482629809488233;0.16071159354741443;0.23763756972712197;0.12068445650535203;0.338082315694256;0.14288406452585556
Rosa;Ciências Humanas e suas Tecnologias;28;0.007657825924542398;0.000597683974598431;0.11424159102037741;0.1594410335605861;0.20166484613356436;0.08621793664544804;0.4384345926400241
Rosa;Ciências Humanas e suas Tecnologias;29;0.008927904370564064;0.000635039223010833;0.2566945764501773;0.5303236026250283;0.08591687410424681;0.06570113902089462;0.06136380779965302
Rosa;Ciências Humanas e suas Tecnologias;30;0.00847964138961524;0.0002614867388868136;0.281655110039192;0.1049894482966536;0.19697769068435333;0.24996231534519145;0.1664154356346096
Rosa;Ciências Humanas e suas Tecnologias;31;0.009077325364213672;0.00014942099364960776;0.3178750518417977;0.10368359537005618;0.14127361158240018;0.26874787919918564;0.16841986200656034
Rosa;Ciências Humanas e suas Tecnologias;32;0.008778483376914456;0.000672394471423235;0.10366934419429046;0.6005958441754347;0.12667345476486783;0.09571218463627107;0.07334917222913602
Rosa;Ciências Humanas e suas Tecnologias;33;0.008218154650728428;0.0009338812103100486;0.14326107445805844;0.08098020735155513;0.5479359095193214;0.05658812441093308;0.17123468426013194
Rosa;Ciências Humanas e suas Tecnologias;34;0.010720956294359358;0.00048561822936122527;0.1886286361919154;0.09002644503211182;0.11201360030222894;0.3589724216093691;0.2503588968643748
Rosa;Ciências Humanas e suas Tecnologias;35;0.011057153530070975;0.00041090773253642135;0.08234138230737256;0.1011223217322299;0.4761364924611722;0.1704266334126894;0.16997317008653592
Rosa;Ciências Humanas e suas Tecnologias;36;0.010982443033246171;0.0008218154650728427;0.29141150676646255;0.06687079458682997;0.1784985257427988;0.20560217736448175;0.2576169955394269
Rosa;Ciências Humanas e suas Tecnologias;37;0.006499813223757938;0.0009712364587224505;0.057395558901016185;0.6546104629281144;0.03530297327813323;0.18840797892359804;0.06428302596913812
Rosa;Ciências Humanas e suas Tecnologias;38;0.008666417631677251;0.000597683974598431;0.4645577256617148;0.12876102858004676;0.1470100294095468;0.05372897971495362;0.20594223663373804
Rosa;Ciências Humanas e suas Tecnologias;39;0.010945087784833768;0.00041090773253642135;0.12287463160281116;0.17312778659412076;0.10451144865109953;0.5398246807224363;0.05966145242953223
Rosa;Ciências Humanas e suas Tecnologias;40;0.00844228614120284;0.00014942099364960776;0.056669178598342126;0.0822532027128862;0.7952524491333836;0.04050489826676714;0.02532027128862095
Rosa;Ciências Humanas e suas Tecnologias;41;0.008516996638027644;0.0007844602166604408;0.1056144187624901;0.1865691338938954;0.06474114852381133;0.5904000603295502;0.052675238490253004
Rosa;Ciências Humanas e suas Tecnologias;42;0.011766903249906611;0.0003361972357116175;0.6227406791197156;0.0998638735536565;0.11434621492853361;0.09525069953868259;0.06779853285941163
Rosa;Ciências Humanas e suas Tecnologias;43;0.009002614867388868;0.000672394471423235;0.6376598393119837;0.13518916676096715;0.07732639281807552;0.0747991399796311;0.07502546112934254
Rosa;Ciências Humanas e suas Tecnologias;44;0.00885319387373926;0.00041090773253642135;0.1105497322977151;0.10485634567528844;0.05821582082799186;0.6506673704848804;0.07571073071412412
Rosa;Ciências Humanas e suas Tecnologias;45;0.008778483376914456;0.00014942099364960776;0.05702762805774377;0.03576947721533301;0.06535750631336927;0.044363197768648;0.797482190644906
Rosa;Matemática e suas Tecnologias;1;0.003249906611878969;0.0;0.019472140762463345;0.02115347018572825;0.10373411534701857;0.05227761485826002;0.8033626588465298
Rosa;Matemática e suas Tecnologias;2;0.007433694434067987;0.0;0.11707182971370224;0.30565919176844836;0.17979028394140517;0.17452774614146016;0.2229509484349841
Rosa;Matemática e suas Tecnologias;3;0.0035113933507657825;0.0;0.008487171464330413;0.009895181476846057;0.014001877346683355;0.8058901752190237;0.1617255944931164
Rosa;Matemática e suas Tecnologias;4;0.0055659320134478895;0.0;0.085368243640497;0.34123780033708306;0.2441892368596402;0.12009563751812802;0.20910908164465175
Rosa;Matemática e suas Tecnologias;5;0.0038102353380649982;0.0;0.01940532081377152;0.09917840375586855;0.12895148669796558;0.05391236306729264;0.6985524256651017
Rosa;Matemática e suas Tecnologias;6;0.0038102353380649982;0.00011206574523720583;0.2852838752592245;0.22749148961145674;0.13471847243416676;0.17220331024768165;0.18030285244747035
Rosa;Matemática e suas Tecnologias;7;0.004930892790437056;0.0;0.11218174696435566;0.14375244810027418;0.22965139052095573;0.40058754406580493;0.11382687034860949
Rosa;Matemática e suas Tecnologias;8;0.0038102353380649982;0.0;0.6880281690140845;0.1427621283255086;0.07320031298904538;0.06525821596244132;0.030751173708920186
Rosa;Matemática e suas Tecnologias;9;0.005715353007097497;0.0;0.2702575561566506;0.15688580500999647;0.2167470304598377;0.2680230506879925;0.08808655768552276
Rosa;Matemática e suas Tecnologias;10;0.00403436682853941;0.0;0.05967754558973155;0.05145965406589966;0.1119589888080144;0.5986146982859826;0.17828911325037175
Rosa;Matemática e suas Tecnologias;11;0.004071722076951812;0.0;0.09298321136461472;0.1847532579344891;0.07290729072907291;0.5327358822838806;0.11662035768794271
Rosa;Matemática e suas Tecnologias;12;0.00481882704519985;0.0;0.18854032036971763;0.24724865859867623;0.4209062781498453;0.03963498217992402;0.10366976070183684
Rosa;Matemática e suas Tecnologias;13;0.003997011580127008;0.0;0.08104089219330855;0.10111524163568773;0.6837409508902368;0.078966934063784;0.05513598121698298
Rosa;Matemática e suas Tecnologias;14;0.004071722076951812;0.0;0.06324110671936758;0.07959926427425351;0.5843149532344539;0.24051970414432747;0.032324971627597544
Rosa;Matemática e suas Tecnologias;15;0.006051550242809115;0.0;0.17509803921568629;0.3374901960784314;0.2943529411764706;0.1312156862745098;0.06184313725490196
Rosa;Matemática e suas Tecnologias;16;0.0035861038475905865;3.735524841240194e-05;0.053823586935263054;0.08128300410717779;0.5088597692157246;0.24674359475845883;0.1092900449833757
Rosa;Matemática e suas Tecnologias;17;0.007246918192005977;0.0;0.23268415266216427;0.2578922569498979;0.24246112768964975;0.15403643788283336;0.11292602481545469
Rosa;Matemática e suas Tecnologias;18;0.005267090026148674;0.0;0.4480623800007837;0.07617256377101211;0.12060655930410251;0.2857646643940284;0.06939383253007328
Rosa;Matemática e suas Tecnologias;19;0.0037355248412401943;0.0;0.17932869102574134;0.5967842891792504;0.1508880369298177;0.041389562632031925;0.031609420233158596
Rosa;Matemática e suas Tecnologias;20;0.00653716847217034;0.0;0.14348491387766313;0.19417742378467454;0.2806528818613411;0.2459292972888139;0.13575548318750735
Rosa;Matemática e suas Tecnologias;21;0.004968248038849458;3.735524841240194e-05;0.15978533375117518;0.20632246944531496;0.21376527734252584;0.35341585709808837;0.06671106236289565
Rosa;Matemática e suas Tecnologias;22;0.0044452745610758316;0.0;0.05379164546059586;0.12054183142152448;0.15663782641036683;0.597345652429237;0.07168304427827585
Rosa;Matemática e suas Tecnologias;23;0.005416511019798282;3.735524841240194e-05;0.22182160213199562;0.35334691957987147;0.2425928828970058;0.11961122432983226;0.06262737106129487
Rosa;Matemática e suas Tecnologias;24;0.004146432573776616;0.0;0.15412312629642674;0.4420570623458964;0.1437125748502994;0.14112950569449337;0.11897773081288404
Rosa;Matemática e suas Tecnologias;25;0.0055285767650354875;0.0;0.11135063102610332;0.2231715920671004;0.32276397272085916;0.2515089754644509;0.09120482872148625
Rosa;Matemática e suas Tecnologias;26;0.004519985057900635;3.735524841240194e-05;0.0715740015661707;0.12635082223962413;0.20199686765857477;0.47435395458104934;0.12572435395458104
Rosa;Matemática e suas Tecnologias;27;0.006387747478520732;0.0;0.22105841277313562;0.1167863167392413;0.15813424345847554;0.22305911890471147;0.28096190812443606
Rosa;Matemática e suas Tecnologias;28;0.004968248038849458;0.0;0.06290884876023346;0.19726585451839085;0.16843589643150927;0.13333855615182733;0.4380508441380391
Rosa;Matemática e suas Tecnologias;29;0.00519237952932387;0.0;0.44019120009403284;0.13760137914821927;0.11229087489715159;0.17247188810092856;0.13744465775966774
Rosa;Matemática e suas Tecnologias;30;0.0065745237205827416;0.0;0.07929843835831436;0.27022679117947107;0.155418661225771;0.1259907400141254;0.36906536922231814
Rosa;Matemática e suas Tecnologias;31;0.005155024280911468;0.0;0.20980253878702398;0.25630778874784516;0.25011753643629525;0.17230841560883875;0.11146372041999686
Rosa;Matemática e suas Tecnologias;32;0.004519985057900635;0.0;0.1459222426686504;0.33542147919032145;0.21718022003836968;0.17403390626835286;0.12744215183430563
Rosa;Matemática e suas Tecnologias;33;0.005976839745984311;0.0;0.25578386008940474;0.13555799545133715;0.28703631087757825;0.1951219512195122;0.12649988236216766
Rosa;Matemática e suas Tecnologias;34;0.005304445274561076;0.0;0.2754702194357367;0.30239028213166147;0.22433385579937304;0.12355015673981191;0.07425548589341693
Rosa;Matemática e suas Tecnologias;35;0.005752708255509899;3.735524841240194e-05;0.11067550084290587;0.14505821931234564;0.22319363312031992;0.2936448817971537;0.22742776492727487
Rosa;Matemática e suas Tecnologias;36;0.004706761299962644;3.735524841240194e-05;0.08948502056001567;0.09277462306637949;0.37258664578030154;0.3301742706089681;0.11497943998433523
Rosa;Matemática e suas Tecnologias;37;0.006163615988046321;3.735524841240194e-05;0.18089112017571385;0.17677282711013492;0.20838562911829306;0.20097270160025102;0.23297772199560715
Rosa;Matemática e suas Tecnologias;38;0.004930892790437056;0.0;0.19913826870348608;0.14104974539757148;0.39960830395613006;0.1438307873090482;0.1163728946337642
Rosa;Matemática e suas Tecnologias;39;0.006200971236458723;0.0;0.28502510197678066;0.23788045183558204;0.1880294948227173;0.12641198619391278;0.16265296517100722
Rosa;Matemática e suas Tecnologias;40;0.0045946955547254385;0.0;0.060495712439797955;0.35424253103097225;0.1850503152041975;0.2940600649986295;0.10615137632640276
Rosa;Matemática e suas Tecnologias;41;0.007022786701531565;0.0;0.16420664206642066;0.18238203658632332;0.30733296694669077;0.24523043102771452;0.10084792337285076
Rosa;Matemática e suas Tecnologias;42;0.005453866268210684;3.735524841240194e-05;0.1512835586909661;0.08594944150499706;0.1253772290809328;0.3378012933568489;0.29958847736625516
Rosa;Matemática e suas Tecnologias;43;0.004930892790437056;3.735524841240194e-05;0.13580633789024246;0.3165811430138274;0.3178346194523875;0.11872772141486153;0.1110501782286811
Rosa;Matemática e suas Tecnologias;44;0.0055285767650354875;0.0;0.12040448381280866;0.2545661205612605;0.35807791800580074;0.13043819079720936;0.13651328682292074
Rosa;Matemática e suas Tecnologias;45;0.005229734777736272;3.735524841240194e-05;0.11653148387602366;0.29215156145919047;0.33580188864072724;0.08730065436307355;0.16821441166098508
Rosa;Ciências Naturais e suas Tecnologias;1;0.003175196115054165;0.0;0.03385854478633147;0.04019236032372835;0.8032216444461822;0.06384642452203151;0.05888102592172655
Rosa;Ciências Naturais e suas Tecnologias;2;0.004109077325364214;0.0;0.20624608641202255;0.37245616781465246;0.07905447714464621;0.2282795867251096;0.11396368190356919
Rosa;Ciências Naturais e suas Tecnologias;3;0.003249906611878969;0.0;0.11124144672531769;0.16050830889540568;0.041133919843597266;0.5422091886608016;0.1449071358748778
Rosa;Ciências Naturais e suas Tecnologias;4;0.0033246171087037727;0.0;0.5830759003636649;0.03691393266335588;0.17694443358229384;0.16411840613146678;0.038947327259218706
Rosa;Ciências Naturais e suas Tecnologias;5;0.0037355248412401943;0.0;0.14877552617166107;0.1801502229872467;0.3147249823957437;0.13019325561380174;0.22615601283154682
Rosa;Ciências Naturais e suas Tecnologias;6;0.0032872618602913708;0.0;0.3821459294596074;0.048486744349730194;0.09364980057871275;0.14686791272386018;0.32884961288808945
Rosa;Ciências Naturais e suas Tecnologias;7;0.004071722076951812;0.0;0.20001565373928698;0.28102375454936795;0.251203381207686;0.20608147771298868;0.06167573279067037
Rosa;Ciências Naturais e suas Tecnologias;8;0.00422114307060142;7.471049682480388e-05;0.1508592006889263;0.14115160292793674;0.1774768074529299;0.10067718323090774;0.42983520569929934
Rosa;Ciências Naturais e suas Tecnologias;9;0.0036234590960029884;0.0;0.0641502053588891;0.08382554273420692;0.2298454918834344;0.23770780363778604;0.38447095638568357
Rosa;Ciências Naturais e suas Tecnologias;10;0.004071722076951812;0.0;0.12890854302821586;0.12683442257269206;0.3012562125777795;0.21429969083864908;0.22870113098266348
Rosa;Ciências Naturais e suas Tecnologias;11;0.003884945834889802;0.0;0.12661397605446437;0.17912199702637138;0.1518898192346819;0.3348462320995383;0.20752797558494404
Rosa;Ciências Naturais e suas Tecnologias;12;0.0036234590960029884;0.0;0.1678857813416781;0.5655388226090358;0.0547232544494426;0.05808722863289654;0.153764912966947
Rosa;Ciências Naturais e suas Tecnologias;13;0.004893537542024654;0.0;0.2344992362226313;0.390427323645764;0.25823508675727547;0.08111707336179547;0.03572128001253378
Rosa;Ciências Naturais e suas Tecnologias;14;0.00440791931266343;0.0;0.2693783275916066;0.0966176010021923;0.15686658315064203;0.112590040714062;0.36454744754149704
Rosa;Ciências Naturais e suas Tecnologias;15;0.0038475905864774;3.735524841240194e-05;0.15110728539009313;0.12485327490413961;0.20686282181704357;0.17419203380546208;0.3429845840832616
Rosa;Ciências Naturais e suas Tecnologias;16;0.003249906611878969;0.0;0.10858260019550342;0.08473118279569893;0.30979472140762465;0.3289149560117302;0.1679765395894428
Rosa;Ciências Naturais e suas Tecnologias;17;0.00500560328726186;3.735524841240194e-05;0.16946762251733458;0.2917694989618835;0.30575469111137227;0.179026129196537;0.05398205821287264
Rosa;Ciências Naturais e suas Tecnologias;18;0.0036981695928277923;0.0;0.30372022063138127;0.26315377694323827;0.12033016469115519;0.09721081250244494;0.2155850252317803
Rosa;Ciências Naturais e suas Tecnologias;19;0.0056032872618602915;0.0;0.37382408278457196;0.19951395421762308;0.19261523988711196;0.15310442144873002;0.08094230166196299
Rosa;Ciências Naturais e suas Tecnologias;20;0.0035861038475905865;7.471049682480388e-05;0.33304647160068845;0.210999843529964;0.10264434360819903;0.1392974495384134;0.2140118917227351
Rosa;Ciências Naturais e suas Tecnologias;21;0.0033619723571161747;0.0;0.10288596902862505;0.40133740028155795;0.21038636008133896;0.11109807602064758;0.17429219458783043
Rosa;Ciências Naturais e suas Tecnologias;22;0.005267090026148674;3.735524841240194e-05;0.11473354231974922;0.1879702194357367;0.3052899686520376;0.2822100313479624;0.10979623824451411
Rosa;Ciências Naturais e suas Tecnologias;23;0.005790063503922301;0.0;0.13866781667777472;0.2336221429411534;0.3065433018387109;0.17367781393343004;0.14748892460893087
Rosa;Ciências Naturais e suas Tecnologias;24;0.0033619723571161747;3.735524841240194e-05;0.14199679324234485;0.07797896054123812;0.24218841656564077;0.2706972742559931;0.26713855539478315
Rosa;Ciências Naturais e suas Tecnologias;25;0.0038102353380649982;3.735524841240194e-05;0.21064986893070933;0.09898665831996557;0.04499393559998435;0.1401854532649947;0.505184083884346
Rosa;Ciências Naturais e suas Tecnologias;26;0.00481882704519985;0.0;0.10359143069752869;0.11890494653977206;0.3782164258019034;0.3066619668664082;0.09262523009438765
Rosa;Ciências Naturais e suas Tecnologias;27;0.004146432573776616;0.0;0.24159524089076748;0.11052404993933701;0.40522875816993464;0.08207115181401903;0.16058079918594184
Rosa;Ciências Naturais e suas Tecnologias;28;0.004071722076951812;0.0;0.07396391813094352;0.21426055649043166;0.10437130669588698;0.24615505028763746;0.3612491683951004
Rosa;Ciências Naturais e suas Tecnologias;29;0.003959656331714606;0.0;0.05799029582094224;0.5160431992487087;0.22984817655345124;0.1222413523243074;0.07387697605259039
Rosa;Ciências Naturais e suas Tecnologias;30;0.0046320508031378405;0.0;0.23091079959276373;0.4359386013000235;0.08277860443261023;0.20592842039313963;0.044443574281462915
Rosa;Ciências Naturais e suas Tecnologias;31;0.0036234590960029884;3.735524841240194e-05;0.16108590204975748;0.19331872946330778;0.32088092630261306;0.29130808950086057;0.033406352683461114
Rosa;Ciências Naturais e suas Tecnologias;32;0.004781471796787448;0.0;0.12923944544528865;0.1456489386700086;0.3193389206548132;0.12481397352549542;0.2809587217043941
Rosa;Ciências Naturais e suas Tecnologias;33;0.003922301083302204;0.0;0.08572993700356067;0.21297491880893687;0.2009234260672223;0.22044840943772742;0.2799233086825527
Rosa;Ciências Naturais e suas Tecnologias;34;0.00403436682853941;0.0;0.08914455662518588;0.26312906002974096;0.06554746810675433;0.21315645300148706;0.3690224622368318
Rosa;Ciências Naturais e suas Tecnologias;35;0.0036234590960029884;0.0;0.18302366516722082;0.14101310385292393;0.18286720125171133;0.10373557598278897;0.389360453745355
Rosa;Ciências Naturais e suas Tecnologias;36;0.0037355248412401943;0.0;0.19724591190047727;0.17400829356075426;0.2849933495031688;0.0801189265315703;0.26363351850402944
Rosa;Ciências Naturais e suas Tecnologias;37;0.00422114307060142;0.0;0.17155270264981018;0.21993032995420564;0.33441621981290853;0.13339073936357587;0.14071000821949978
Rosa;Ciências Naturais e suas Tecnologias;38;0.0036608143444153904;0.0;0.14704271631982474;0.2332185886402754;0.44660460021905807;0.11664841182913473;0.05648568299170709
Rosa;Ciências Naturais e suas Tecnologias;39;0.005155024280911468;0.0;0.14778247923522958;0.18347437705688763;0.26637674345713835;0.2967403228334117;0.10562607741733271
Rosa;Ciências Naturais e suas Tecnologias;40;0.0038102353380649982;0.0;0.06451486697965571;0.07546948356807512;0.058176838810641625;0.510133020344288;0.2917057902973396
Rosa;Ciências Naturais e suas Tecnologias;41;0.0033993276055285767;0.0;0.01810644871143092;0.900355871886121;0.030659731727347386;0.030151343318603106;0.020726604356497595
Rosa;Ciências Naturais e suas Tecnologias;42;0.003997011580127008;3.735524841240194e-05;0.09176645534945606;0.030993190889880253;0.07885262581200594;0.28285199968693747;0.5155357282617202
Rosa;Ciências Naturais e suas Tecnologias;43;0.004930892790437056;3.735524841240194e-05;0.1854361706294802;0.24489795918367346;0.1560969877394336;0.10153159152336558;0.31203729092404714
Rosa;Ciências Naturais e suas Tecnologias;44;0.004109077325364214;0.0;0.0545554164057608;0.2827958672510958;0.18515184721352537;0.20135410144020038;0.27614276768941765
Rosa;Ciências Naturais e suas Tecnologias;45;0.005453866268210684;0.0;0.16272142969117417;0.22311490829283587;0.24655118357109265;0.2846449286722057;0.08296754977269165
Rosa;Inglês;1;0.002577512140455734;0.00011206574523720583;0.08021473184328705;0.2893201878903629;0.4097455221184122;0.0792339854436587;0.14148557270427914
Rosa;Inglês;2;0.00422114307060142;0.00037355248412401944;0.24257323258461858;0.10118000207017908;0.10940896387537521;0.41237967084152777;0.13445813062829934
Rosa;Inglês;3;0.003212551363466567;0.00014942099364960776;0.0270214414879876;0.8777060191165074;0.04634461379488504;0.02330147248772927;0.025626453112890725
Rosa;Inglês;4;0.0034366828539409786;0.00041090773253642135;0.0500465308654741;0.7945403784510392;0.048495502016337504;0.07569020783786579;0.031227380829283426
Rosa;Inglês;5;0.005677997758685095;0.00014942099364960776;0.6997770750168489;0.12836331587951683;0.08735548758359687;0.06138213489553632;0.02312198662450101
Rosa;Espanhol;1;0.0015689204333208817;0.00011206574523720583;0.08186813186813187;0.4141483516483517;0.11813186813186813;0.15576923076923077;0.23008241758241757
Rosa;Espanhol;2;0.0016062756817332834;0.00011206574523720583;0.5106470669047947;0.13119934056875945;0.2402802582772359;0.03228465448550625;0.08558867976370381
Rosa;Espanhol;3;0.0017930519237952932;0.0002988419872992155;0.6535974687027102;0.10964369239235108;0.154216535974687;0.044435273077452195;0.03810702985279956
Rosa;Espanhol;4;0.0013821441912588719;0.00022413149047441165;0.24361439165064544;0.2627025542433397;0.28055479263938476;0.11164515243065092;0.10148310903597912
Rosa;Espanhol;5;0.0011580127007844601;0.00011206574523720583;0.07228089425318886;0.05184474009052256;0.16595803044849816;0.13084624879989026;0.5790700864079001
