ano,area,co_prova,co_item,posicao_prova,lingua_estrangeira,n_respostas,n_acertos,percentual_acertos
2020,CH,567,15291,63,,100228,30625,30.56
2020,CH,568,15291,66,,100338,30711,30.61
2020,CH,569,15291,58,,100600,30980,30.8
2020,CH,570,15291,83,,101398,32021,31.58
2020,CH,567,18425,81,,100228,19567,19.52
2020,CH,568,18425,82,,100338,19714,19.65
2020,CH,569,18425,49,,100600,20980,20.85
2020,CH,570,18425,73,,101398,20093,19.82
2020,CH,567,35686,70,,100228,29759,29.69
2020,CH,568,35686,80,,100338,29223,29.12
2020,CH,569,35686,71,,100600,30814,30.63
2020,CH,570,35686,61,,101398,30863,30.44
2020,CH,567,38675,78,,100228,45611,45.51
2020,CH,568,38675,75,,100338,45469,45.32
2020,CH,569,38675,66,,100600,46561,46.28
2020,CH,570,38675,56,,101398,49491,48.81
2020,CH,567,42444,62,,100228,37554,37.47
2020,CH,568,42444,65,,100338,36268,36.15
2020,CH,569,42444,57,,100600,36481,36.26
2020,CH,570,42444,82,,101398,36047,35.55
2020,CH,567,43978,49,,100228,36406,36.32
2020,CH,568,43978,71,,100338,35083,34.96
2020,CH,569,43978,75,,100600,34221,34.02
2020,CH,570,43978,88,,101398,33955,33.49
2020,CH,567,45217,86,,100228,33470,33.39
2020,CH,568,45217,47,,100338,37927,37.8
2020,CH,569,45217,54,,100600,35610,35.4
2020,CH,570,45217,63,,101398,35251,34.76
2020,CH,567,46932,77,,100228,32358,32.28
2020,CH,568,46932,74,,100338,31765,31.66
2020,CH,569,46932,65,,100600,32684,32.49
2020,CH,570,46932,55,,101398,31265,30.83
2020,CH,567,63343,76,,100228,34383,34.3
2020,CH,568,63343,73,,100338,32687,32.58
2020,CH,569,63343,64,,100600,32598,32.4
2020,CH,570,63343,54,,101398,35709,35.22
2020,CH,567,84269,69,,100228,23356,23.3
2020,CH,568,84269,79,,100338,23523,23.44
2020,CH,569,84269,70,,100600,23393,23.25
2020,CH,570,84269,60,,101398,24818,24.48
2020,CH,567,84333,50,,100228,72848,72.68
2020,CH,568,84333,59,,100338,71515,71.27
2020,CH,569,84333,89,,100600,69907,69.49
2020,CH,570,84333,46,,101398,72820,71.82
2020,CH,567,85290,72,,100228,17169,17.13
2020,CH,568,85290,50,,100338,17219,17.16
2020,CH,569,85290,86,,100600,17544,17.44
2020,CH,570,85290,78,,101398,17497,17.26
2020,CH,567,85886,87,,100228,32853,32.78
2020,CH,568,85886,48,,100338,34503,34.39
2020,CH,569,85886,55,,100600,33956,33.75
2020,CH,570,85886,64,,101398,33400,32.94
2020,CH,567,87040,54,,100228,76990,76.81
2020,CH,568,87040,57,,100338,76342,76.08
2020,CH,569,87040,78,,100600,70324,69.9
2020,CH,570,87040,67,,101398,74132,73.11
2020,CH,567,87216,60,,100228,50264,50.15
2020,CH,568,87216,90,,100338,48708,48.54
2020,CH,569,87216,84,,100600,47857,47.57
2020,CH,570,87216,52,,101398,52414,51.69
2020,CH,567,87999,64,,100228,32490,32.42
2020,CH,568,87999,67,,100338,33398,33.29
2020,CH,569,87999,59,,100600,33533,33.33
2020,CH,570,87999,84,,101398,31237,30.81
2020,CH,567,88041,59,,100228,51399,51.28
2020,CH,568,88041,89,,100338,45702,45.55
2020,CH,569,88041,83,,100600,46538,46.26
2020,CH,570,88041,51,,101398,52834,52.11
2020,CH,567,88307,66,,100228,66670,66.52
2020,CH,568,88307,54,,100338,69414,69.18
2020,CH,569,88307,47,,100600,72377,71.95
2020,CH,570,88307,90,,101398,64689,63.8
2020,CH,567,89808,52,,100228,51994,51.88
2020,CH,568,89808,55,,100338,53013,52.83
2020,CH,569,89808,76,,100600,49678,49.38
2020,CH,570,89808,65,,101398,51729,51.02
2020,CH,567,95418,73,,100228,40153,40.06
2020,CH,568,95418,51,,100338,43079,42.93
2020,CH,569,95418,87,,100600,38866,38.63
2020,CH,570,95418,79,,101398,39906,39.36
2020,CH,567,95904,83,,100228,30785,30.71
2020,CH,568,95904,84,,100338,30751,30.65
2020,CH,569,95904,51,,100600,33494,33.29
2020,CH,570,95904,75,,101398,30771,30.35
2020,CH,567,95948,84,,100228,26356,26.3
2020,CH,568,95948,85,,100338,26578,26.49
2020,CH,569,95948,52,,100600,27965,27.8
2020,CH,570,95948,76,,101398,26675,26.31
2020,CH,567,96190,89,,100228,55556,55.43
2020,CH,568,96190,62,,100338,60949,60.74
2020,CH,569,96190,61,,100600,59253,58.9
2020,CH,570,96190,70,,101398,59348,58.53
2020,CH,567,96883,82,,100228,48600,48.49
2020,CH,568,96883,83,,100338,47846,47.68
2020,CH,569,96883,50,,100600,48450,48.16
2020,CH,570,96883,74,,101398,48851,48.18
2020,CH,567,97979,67,,100228,14879,14.85
2020,CH,568,97979,77,,100338,15240,15.19
2020,CH,569,97979,68,,100600,14420,14.33
2020,CH,570,97979,58,,101398,15912,15.69
2020,CH,567,98153,85,,100228,41213,41.12
2020,CH,568,98153,46,,100338,46539,46.38
2020,CH,569,98153,53,,100600,44925,44.66
2020,CH,570,98153,62,,101398,44544,43.93
2020,CH,567,111788,48,,100228,18881,18.84
2020,CH,568,111788,70,,100338,19335,19.27
2020,CH,569,111788,74,,100600,20563,20.44
2020,CH,570,111788,87,,101398,20478,20.2
2020,CH,567,111792,65,,100228,37854,37.77
2020,CH,568,111792,53,,100338,40046,39.91
2020,CH,569,111792,46,,100600,39380,39.15
2020,CH,570,111792,89,,101398,37472,36.96
2020,CH,567,111815,68,,100228,39970,39.88
2020,CH,568,111815,78,,100338,40154,40.02
2020,CH,569,111815,69,,100600,40225,39.99
2020,CH,570,111815,59,,101398,41340,40.77
2020,CH,567,111863,90,,100228,51581,51.46
2020,CH,568,111863,63,,100338,54111,53.93
2020,CH,569,111863,62,,100600,53608,53.29
2020,CH,570,111863,71,,101398,53115,52.38
2020,CH,567,111886,80,,100228,32142,32.07
2020,CH,568,111886,81,,100338,32341,32.23
2020,CH,569,111886,48,,100600,34523,34.32
2020,CH,570,111886,72,,101398,33653,33.19
2020,CH,567,111912,55,,100228,14437,14.4
2020,CH,568,111912,58,,100338,13657,13.61
2020,CH,569,111912,79,,100600,13638,13.56
2020,CH,570,111912,68,,101398,14259,14.06
2020,CH,567,111917,71,,100228,65780,65.63
2020,CH,568,111917,49,,100338,68963,68.73
2020,CH,569,111917,85,,100600,67352,66.95
2020,CH,570,111917,77,,101398,67967,67.03
2020,CH,567,111919,75,,100228,38463,38.38
2020,CH,568,111919,72,,100338,37937,37.81
2020,CH,569,111919,63,,100600,35568,35.36
2020,CH,570,111919,53,,101398,40784,40.22
2020,CH,567,111924,51,,100228,58462,58.33
2020,CH,568,111924,60,,100338,59090,58.89
2020,CH,569,111924,90,,100600,54864,54.54
2020,CH,570,111924,47,,101398,59409,58.59
2020,CH,567,111930,74,,100228,42877,42.78
2020,CH,568,111930,52,,100338,45501,45.35
2020,CH,569,111930,88,,100600,43801,43.54
2020,CH,570,111930,80,,101398,43643,43.04
2020,CH,567,111945,79,,100228,62482,62.34
2020,CH,568,111945,76,,100338,62535,62.32
2020,CH,569,111945,67,,100600,64380,64.0
2020,CH,570,111945,57,,101398,68875,67.93
2020,CH,567,111968,57,,100228,20572,20.53
2020,CH,568,111968,87,,100338,20188,20.12
2020,CH,569,111968,81,,100600,20490,20.37
2020,CH,570,111968,49,,101398,20278,20.0
2020,CH,567,111987,47,,100228,35698,35.62
2020,CH,568,111987,69,,100338,33608,33.49
2020,CH,569,111987,73,,100600,33903,33.7
2020,CH,570,111987,86,,101398,33207,32.75
2020,CH,567,112012,58,,100228,41607,41.51
2020,CH,568,112012,88,,100338,38898,38.77
2020,CH,569,112012,82,,100600,39814,39.58
2020,CH,570,112012,50,,101398,41867,41.29
2020,CH,567,112015,88,,100228,65305,65.16
2020,CH,568,112015,61,,100338,67342,67.12
2020,CH,569,112015,60,,100600,66919,66.52
2020,CH,570,112015,69,,101398,67153,66.23
2020,CH,567,112017,46,,100228,26293,26.23
2020,CH,568,112017,68,,100338,28854,28.76
2020,CH,569,112017,72,,100600,28361,28.19
2020,CH,570,112017,85,,101398,29569,29.16
2020,CH,567,112065,61,,100228,40838,40.75
2020,CH,568,112065,64,,100338,41627,41.49
2020,CH,569,112065,56,,100600,38533,38.3
2020,CH,570,112065,81,,101398,35859,35.36
2020,CH,567,112103,56,,100228,51391,51.27
2020,CH,568,112103,86,,100338,46732,46.57
2020,CH,569,112103,80,,100600,47583,47.3
2020,CH,570,112103,48,,101398,54313,53.56
2020,CH,567,112106,53,,100228,55463,55.34
2020,CH,568,112106,56,,100338,55230,55.04
2020,CH,569,112106,77,,100600,51305,51.0
2020,CH,570,112106,66,,101398,53288,52.55
2020,CN,597,10035,101,,93807,44109,47.02
2020,CN,598,10035,124,,93649,43018,45.94
2020,CN,599,10035,115,,93568,43269,46.24
2020,CN,600,10035,128,,94693,42483,44.86
2020,CN,597,14966,97,,93807,39939,42.58
2020,CN,598,14966,129,,93649,38120,40.71
2020,CN,599,14966,93,,93568,41666,44.53
2020,CN,600,14966,118,,94693,40811,43.1
2020,CN,597,14993,118,,93807,42049,44.83
2020,CN,598,14993,98,,93649,43768,46.74
2020,CN,599,14993,97,,93568,42791,45.73
2020,CN,600,14993,125,,94693,41802,44.14
2020,CN,597,17936,96,,93807,20874,22.25
2020,CN,598,17936,128,,93649,22594,24.13
2020,CN,599,17936,92,,93568,20610,22.03
2020,CN,600,17936,117,,94693,21677,22.89
2020,CN,597,31244,95,,93807,25914,27.62
2020,CN,598,31244,127,,93649,25068,26.77
2020,CN,599,31244,91,,93568,24427,26.11
2020,CN,600,31244,116,,94693,25162,26.57
2020,CN,597,38012,121,,93807,36938,39.38
2020,CN,598,38012,117,,93649,38966,41.61
2020,CN,599,38012,100,,93568,39333,42.04
2020,CN,600,38012,107,,94693,40186,42.44
2020,CN,597,40151,117,,93807,20941,22.32
2020,CN,598,40151,97,,93649,20814,22.23
2020,CN,599,40151,96,,93568,19734,21.09
2020,CN,600,40151,124,,94693,21289,22.48
2020,CN,597,49826,115,,93807,43815,46.71
2020,CN,598,49826,110,,93649,45537,48.63
2020,CN,599,49826,125,,93568,44409,47.46
2020,CN,600,49826,104,,94693,44264,46.74
2020,CN,597,49867,99,,93807,15399,16.42
2020,CN,598,49867,122,,93649,16513,17.63
2020,CN,599,49867,113,,93568,17343,18.54
2020,CN,600,49867,126,,94693,17259,18.23
2020,CN,597,53548,105,,93807,29279,31.21
2020,CN,598,53548,133,,93649,27388,29.25
2020,CN,599,53548,118,,93568,28506,30.47
2020,CN,600,53548,95,,94693,30236,31.93
2020,CN,597,55948,122,,93807,58931,62.82
2020,CN,598,55948,118,,93649,59366,63.39
2020,CN,599,55948,101,,93568,61835,66.09
2020,CN,600,55948,112,,94693,60295,63.67
2020,CN,597,59913,98,,93807,21562,22.99
2020,CN,598,59913,130,,93649,20553,21.95
2020,CN,599,59913,94,,93568,23030,24.61
2020,CN,600,59913,119,,94693,21677,22.89
2020,CN,597,60072,94,,93807,20400,21.75
2020,CN,598,60072,107,,93649,19158,20.46
2020,CN,599,60072,131,,93568,19921,21.29
2020,CN,600,60072,101,,94693,19867,20.98
2020,CN,597,62745,93,,93807,25227,26.89
2020,CN,598,62745,106,,93649,21453,22.91
2020,CN,599,62745,130,,93568,23184,24.78
2020,CN,600,62745,100,,94693,22474,23.73
2020,CN,597,76371,100,,93807,27041,28.83
2020,CN,598,76371,123,,93649,25272,26.99
2020,CN,599,76371,114,,93568,24945,26.66
2020,CN,600,76371,127,,94693,26032,27.49
2020,CN,597,77782,129,,93807,28753,30.65
2020,CN,598,77782,102,,93649,31438,33.57
2020,CN,599,77782,135,,93568,28465,30.42
2020,CN,600,77782,111,,94693,31830,33.61
2020,CN,597,78655,107,,93807,40670,43.35
2020,CN,598,78655,135,,93649,37542,40.09
2020,CN,599,78655,120,,93568,38615,41.27
2020,CN,600,78655,97,,94693,41825,44.17
2020,CN,597,79124,92,,93807,61574,65.64
2020,CN,598,79124,126,,93649,59391,63.42
2020,CN,599,79124,122,,93568,58919,62.97
2020,CN,600,79124,135,,94693,58249,61.51
2020,CN,597,79139,102,,93807,16916,18.03
2020,CN,598,79139,103,,93649,17633,18.83
2020,CN,599,79139,110,,93568,17636,18.85
2020,CN,600,79139,120,,94693,17682,18.67
2020,CN,597,81964,128,,93807,22741,24.24
2020,CN,598,81964,101,,93649,23466,25.06
2020,CN,599,81964,134,,93568,24932,26.65
2020,CN,600,81964,110,,94693,23669,25.0
2020,CN,597,82243,123,,93807,19750,21.05
2020,CN,598,82243,119,,93649,19961,21.31
2020,CN,599,82243,102,,93568,20697,22.12
2020,CN,600,82243,113,,94693,21056,22.24
2020,CN,597,82708,110,,93807,20894,22.27
2020,CN,598,82708,93,,93649,20010,21.37
2020,CN,599,82708,107,,93568,20678,22.1
2020,CN,600,82708,131,,94693,22032,23.27
2020,CN,597,83046,108,,93807,34681,36.97
2020,CN,598,83046,91,,93649,35562,37.97
2020,CN,599,83046,105,,93568,34350,36.71
2020,CN,600,83046,129,,94693,34700,36.64
2020,CN,597,83584,113,,93807,58858,62.74
2020,CN,598,83584,108,,93649,60046,64.12
2020,CN,599,83584,123,,93568,57714,61.68
2020,CN,600,83584,102,,94693,60268,63.65
2020,CN,597,83684,119,,93807,33544,35.76
2020,CN,598,83684,115,,93649,36001,38.44
2020,CN,599,83684,98,,93568,36486,38.99
2020,CN,600,83684,105,,94693,37554,39.66
2020,CN,597,84057,127,,93807,39526,42.14
2020,CN,598,84057,100,,93649,44249,47.25
2020,CN,599,84057,133,,93568,39382,42.09
2020,CN,600,84057,109,,94693,40436,42.7
2020,CN,597,84063,133,,93807,22883,24.39
2020,CN,598,84063,112,,93649,23628,25.23
2020,CN,599,84063,127,,93568,22969,24.55
2020,CN,600,84063,92,,94693,24261,25.62
2020,CN,597,84184,91,,93807,54047,57.62
2020,CN,598,84184,125,,93649,51724,55.23
2020,CN,599,84184,121,,93568,52317,55.91
2020,CN,600,84184,134,,94693,51153,54.02
2020,CN,597,84444,106,,93807,25856,27.56
2020,CN,598,84444,134,,93649,23594,25.19
2020,CN,599,84444,119,,93568,23781,25.42
2020,CN,600,84444,96,,94693,26620,28.11
2020,CN,597,85606,111,,93807,34933,37.24
2020,CN,598,85606,94,,93649,35106,37.49
2020,CN,599,85606,108,,93568,34938,37.34
2020,CN,600,85606,132,,94693,34577,36.51
2020,CN,597,87642,131,,93807,28010,29.86
2020,CN,598,87642,132,,93649,29013,30.98
2020,CN,599,87642,117,,93568,28990,30.98
2020,CN,600,87642,99,,94693,31985,33.78
2020,CN,597,87675,134,,93807,28591,30.48
2020,CN,598,87675,113,,93649,31868,34.03
2020,CN,599,87675,128,,93568,28605,30.57
2020,CN,600,87675,93,,94693,33170,35.03
2020,CN,597,87690,124,,93807,47237,50.36
2020,CN,598,87690,120,,93649,47761,51.0
2020,CN,599,87690,103,,93568,47669,50.95
2020,CN,600,87690,114,,94693,48507,51.23
2020,CN,597,87702,103,,93807,30447,32.46
2020,CN,598,87702,104,,93649,29567,31.57
2020,CN,599,87702,111,,93568,28026,29.95
2020,CN,600,87702,121,,94693,28432,30.03
2020,CN,597,89494,114,,93807,22417,23.9
2020,CN,598,89494,109,,93649,23113,24.68
2020,CN,599,89494,124,,93568,20917,22.35
2020,CN,600,89494,103,,94693,22025,23.26
2020,CN,597,90016,130,,93807,21690,23.12
2020,CN,598,90016,131,,93649,21084,22.51
2020,CN,599,90016,116,,93568,20931,22.37
2020,CN,600,90016,98,,94693,20671,21.83
2020,CN,597,95441,104,,93807,44190,47.11
2020,CN,598,95441,105,,93649,45093,48.15
2020,CN,599,95441,112,,93568,44212,47.25
2020,CN,600,95441,122,,94693,43801,46.26
2020,CN,597,97512,109,,93807,16442,17.53
2020,CN,598,97512,92,,93649,15496,16.55
2020,CN,599,97512,106,,93568,15588,16.66
2020,CN,600,97512,130,,94693,17726,18.72
2020,CN,597,98228,125,,93807,28287,30.15
2020,CN,598,98228,121,,93649,28682,30.63
2020,CN,599,98228,104,,93568,29745,31.79
2020,CN,600,98228,115,,94693,28862,30.48
2020,CN,597,111430,116,,93807,20439,21.79
2020,CN,598,111430,96,,93649,22419,23.94
2020,CN,599,111430,95,,93568,21308,22.77
2020,CN,600,111430,123,,94693,20716,21.88
2020,CN,597,111501,132,,93807,64071,68.3
2020,CN,598,111501,111,,93649,66987,71.53
2020,CN,599,111501,126,,93568,64955,69.42
2020,CN,600,111501,91,,94693,73789,77.92
2020,CN,597,111537,120,,93807,16311,17.39
2020,CN,598,111537,116,,93649,15522,16.57
2020,CN,599,111537,99,,93568,16243,17.36
2020,CN,600,111537,106,,94693,17795,18.79
2020,CN,597,111709,126,,93807,34741,37.03
2020,CN,598,111709,99,,93649,36070,38.52
2020,CN,599,111709,132,,93568,34706,37.09
2020,CN,600,111709,108,,94693,35474,37.46
2020,CN,597,111722,112,,93807,40350,43.01
2020,CN,598,111722,95,,93649,41427,44.24
2020,CN,599,111722,109,,93568,41050,43.87
2020,CN,600,111722,133,,94693,38832,41.01
2020,LC,577,11437,28,,100228,58090,57.96
2020,LC,578,11437,42,,100338,56317,56.13
2020,LC,579,11437,26,,101398,59370,58.55
2020,LC,580,11437,37,,100600,56438,56.1
2020,LC,577,11966,40,,100228,37279,37.19
2020,LC,578,11966,38,,100338,38673,38.54
2020,LC,579,11966,10,,101398,44076,43.47
2020,LC,580,11966,43,,100600,38197,37.97
2020,LC,577,12204,29,,100228,53074,52.95
2020,LC,578,12204,43,,100338,52883,52.7
2020,LC,579,12204,27,,101398,55786,55.02
2020,LC,580,12204,38,,100600,53386,53.07
2020,LC,577,15001,25,,100228,39227,39.14
2020,LC,578,15001,11,,100338,40780,40.64
2020,LC,579,15001,30,,101398,41224,40.66
2020,LC,580,15001,31,,100600,40272,40.03
2020,LC,577,16501,34,,100228,31444,31.37
2020,LC,578,16501,14,,100338,32982,32.87
2020,LC,579,16501,23,,101398,32448,32.0
2020,LC,580,16501,16,,100600,33855,33.65
2020,LC,577,17055,18,,100228,41191,41.1
2020,LC,578,17055,27,,100338,39764,39.63
2020,LC,579,17055,36,,101398,40074,39.52
2020,LC,580,17055,40,,100600,39273,39.04
2020,LC,577,17413,23,,100228,27830,27.77
2020,LC,578,17413,9,,100338,28997,28.9
2020,LC,579,17413,28,,101398,27138,26.76
2020,LC,580,17413,29,,100600,27504,27.34
2020,LC,577,18128,41,,100228,19146,19.1
2020,LC,578,18128,39,,100338,18354,18.29
2020,LC,579,18128,11,,101398,16902,16.67
2020,LC,580,18128,44,,100600,19469,19.35
2020,LC,577,20652,45,,100228,17107,17.07
2020,LC,578,20652,31,,100338,17228,17.17
2020,LC,579,20652,8,,101398,16296,16.07
2020,LC,580,20652,20,,100600,14854,14.77
2020,LC,577,21377,8,,100228,23948,23.89
2020,LC,578,21377,16,,100338,22188,22.11
2020,LC,579,21377,38,,101398,20820,20.53
2020,LC,580,21377,6,,100600,23712,23.57
2020,LC,577,23296,1,Espanhol,29880,15072,50.44
2020,LC,578,23296,2,Espanhol,30088,12749,42.37
2020,LC,579,23296,5,Espanhol,30554,12093,39.58
2020,LC,580,23296,4,Espanhol,30330,13542,44.65
2020,LC,577,30842,21,,100228,29081,29.01
2020,LC,578,30842,33,,100338,26168,26.08
2020,LC,579,30842,14,,101398,28971,28.57
2020,LC,580,30842,27,,100600,28044,27.88
2020,LC,577,32400,30,,100228,22946,22.89
2020,LC,578,32400,6,,100338,25143,25.06
2020,LC,579,32400,19,,101398,26085,25.73
2020,LC,580,32400,12,,100600,24466,24.32
2020,LC,577,33271,43,,100228,85334,85.14
2020,LC,578,33271,29,,100338,87240,86.95
2020,LC,579,33271,6,,101398,91270,90.01
2020,LC,580,33271,18,,100600,90774,90.23
2020,LC,577,35684,44,,100228,73034,72.87
2020,LC,578,35684,30,,100338,73819,73.57
2020,LC,579,35684,7,,101398,75828,74.78
2020,LC,580,35684,19,,100600,76197,75.74
2020,LC,577,44328,35,,100228,76894,76.72
2020,LC,578,44328,15,,100338,79224,78.96
2020,LC,579,44328,24,,101398,80286,79.18
2020,LC,580,44328,17,,100600,80164,79.69
2020,LC,577,52618,20,,100228,64630,64.48
2020,LC,578,52618,32,,100338,65110,64.89
2020,LC,579,52618,13,,101398,67381,66.45
2020,LC,580,52618,26,,100600,66075,65.68
2020,LC,577,54896,2,Espanhol,29880,9136,30.58
2020,LC,578,54896,1,Espanhol,30088,10581,35.17
2020,LC,579,54896,4,Espanhol,30554,10747,35.17
2020,LC,580,54896,5,Espanhol,30330,9069,29.9
2020,LC,577,59955,17,,100228,63162,63.02
2020,LC,578,59955,26,,100338,61191,60.98
2020,LC,579,59955,35,,101398,59818,58.99
2020,LC,580,59955,39,,100600,59574,59.22
2020,LC,577,60777,4,Inglês,70348,23624,33.58
2020,LC,578,60777,2,Inglês,70250,26691,37.99
2020,LC,579,60777,4,Inglês,70844,27826,39.28
2020,LC,580,60777,1,Inglês,70270,23640,33.64
2020,LC,577,62053,5,Espanhol,29880,12548,41.99
2020,LC,578,62053,3,Espanhol,30088,13493,44.85
2020,LC,579,62053,1,Espanhol,30554,13664,44.72
2020,LC,580,62053,3,Espanhol,30330,12921,42.6
2020,LC,577,63448,6,,100228,31029,30.96
2020,LC,578,63448,35,,100338,32652,32.54
2020,LC,579,63448,44,,101398,30228,29.81
2020,LC,580,63448,24,,100600,32107,31.92
2020,LC,577,64056,26,,100228,75045,74.87
2020,LC,578,64056,12,,100338,74933,74.68
2020,LC,579,64056,31,,101398,75444,74.4
2020,LC,580,64056,32,,100600,74678,74.23
2020,LC,577,66641,1,Inglês,70348,46544,66.16
2020,LC,578,66641,5,Inglês,70250,45976,65.45
2020,LC,579,66641,2,Inglês,70844,44660,63.04
2020,LC,580,66641,4,Inglês,70270,47527,67.63
2020,LC,577,76967,27,,100228,69645,69.49
2020,LC,578,76967,41,,100338,70205,69.97
2020,LC,579,76967,25,,101398,74567,73.54
2020,LC,580,76967,36,,100600,71435,71.01
2020,LC,577,84295,32,,100228,59665,59.53
2020,LC,578,84295,8,,100338,66307,66.08
2020,LC,579,84295,21,,101398,63012,62.14
2020,LC,580,84295,14,,100600,63909,63.53
2020,LC,577,86091,37,,100228,45754,45.65
2020,LC,578,86091,24,,100338,42768,42.62
2020,LC,579,86091,17,,101398,45568,44.94
2020,LC,580,86091,34,,100600,42160,41.91
2020,LC,577,86186,3,Espanhol,29880,10707,35.83
2020,LC,578,86186,5,Espanhol,30088,9816,32.62
2020,LC,579,86186,3,Espanhol,30554,9458,30.96
2020,LC,580,86186,1,Espanhol,30330,10132,33.41
2020,LC,577,89327,14,,100228,21846,21.8
2020,LC,578,89327,22,,100338,21948,21.87
2020,LC,579,89327,34,,101398,23004,22.69
2020,LC,580,89327,23,,100600,21571,21.44
2020,LC,577,89906,15,,100228,89183,88.98
2020,LC,578,89906,44,,100338,86991,86.7
2020,LC,579,89906,42,,101398,88279,87.06
2020,LC,580,89906,10,,100600,89809,89.27
2020,LC,577,96433,11,,100228,45432,45.33
2020,LC,578,96433,19,,100338,44506,44.36
2020,LC,579,96433,41,,101398,39234,38.69
2020,LC,580,96433,9,,100600,45619,45.35
2020,LC,577,96814,36,,100228,63204,63.06
2020,LC,578,96814,23,,100338,65611,65.39
2020,LC,579,96814,16,,101398,70379,69.41
2020,LC,580,96814,33,,100600,63196,62.82
2020,LC,577,96861,16,,100228,36647,36.56
2020,LC,578,96861,45,,100338,31597,31.49
2020,LC,579,96861,43,,101398,31916,31.48
2020,LC,580,96861,11,,100600,39654,39.42
2020,LC,577,98143,3,Inglês,70348,14754,20.97
2020,LC,578,98143,3,Inglês,70250,13918,19.81
2020,LC,579,98143,5,Inglês,70844,13916,19.64
2020,LC,580,98143,3,Inglês,70270,13886,19.76
2020,LC,577,111819,19,,100228,34544,34.47
2020,LC,578,111819,28,,100338,34068,33.95
2020,LC,579,111819,37,,101398,34296,33.82
2020,LC,580,111819,41,,100600,33668,33.47
2020,LC,577,111838,22,,100228,72803,72.64
2020,LC,578,111838,34,,100338,71279,71.04
2020,LC,579,111838,15,,101398,73723,72.71
2020,LC,580,111838,28,,100600,72051,71.62
2020,LC,577,111850,31,,100228,52914,52.79
2020,LC,578,111850,7,,100338,55584,55.4
2020,LC,579,111850,20,,101398,55323,54.56
2020,LC,580,111850,13,,100600,53664,53.34
2020,LC,577,111903,39,,100228,65176,65.03
2020,LC,578,111903,37,,100338,62916,62.7
2020,LC,579,111903,9,,101398,68681,67.73
2020,LC,580,111903,42,,100600,61714,61.35
2020,LC,577,111915,33,,100228,50196,50.08
2020,LC,578,111915,13,,100338,47514,47.35
2020,LC,579,111915,22,,101398,48331,47.66
2020,LC,580,111915,15,,100600,47402,47.12
2020,LC,577,111973,4,Espanhol,29880,11490,38.45
2020,LC,578,111973,4,Espanhol,30088,11794,39.2
2020,LC,579,111973,2,Espanhol,30554,11547,37.79
2020,LC,580,111973,2,Espanhol,30330,11591,38.22
2020,LC,577,111989,38,,100228,26805,26.74
2020,LC,578,111989,25,,100338,28679,28.58
2020,LC,579,111989,18,,101398,28092,27.7
2020,LC,580,111989,35,,100600,27358,27.19
2020,LC,577,112059,10,,100228,41565,41.47
2020,LC,578,112059,18,,100338,42000,41.86
2020,LC,579,112059,40,,101398,38045,37.52
2020,LC,580,112059,8,,100600,42849,42.59
2020,LC,577,112060,2,Inglês,70348,57823,82.2
2020,LC,578,112060,4,Inglês,70250,57491,81.84
2020,LC,579,112060,1,Inglês,70844,59276,83.67
2020,LC,580,112060,5,Inglês,70270,57042,81.18
2020,LC,577,112080,5,Inglês,70348,38517,54.75
2020,LC,578,112080,1,Inglês,70250,39334,55.99
2020,LC,579,112080,3,Inglês,70844,41454,58.51
2020,LC,580,112080,2,Inglês,70270,38766,55.17
2020,LC,577,112087,42,,100228,59117,58.98
2020,LC,578,112087,40,,100338,60430,60.23
2020,LC,579,112087,12,,101398,66738,65.82
2020,LC,580,112087,45,,100600,59768,59.41
2020,LC,577,112089,13,,100228,71034,70.87
2020,LC,578,112089,21,,100338,70214,69.98
2020,LC,579,112089,33,,101398,68497,67.55
2020,LC,580,112089,22,,100600,71276,70.85
2020,LC,577,112112,12,,100228,34995,34.92
2020,LC,578,112112,20,,100338,35645,35.52
2020,LC,579,112112,32,,101398,34201,33.73
2020,LC,580,112112,21,,100600,36975,36.75
2020,LC,577,112130,7,,100228,29000,28.93
2020,LC,578,112130,36,,100338,27561,27.47
2020,LC,579,112130,45,,101398,27632,27.25
2020,LC,580,112130,25,,100600,27220,27.06
2020,LC,577,112138,9,,100228,22833,22.78
2020,LC,578,112138,17,,100338,22913,22.84
2020,LC,579,112138,39,,101398,22099,21.79
2020,LC,580,112138,7,,100600,23058,22.92
2020,LC,577,112151,24,,100228,21915,21.87
2020,LC,578,112151,10,,100338,21219,21.15
2020,LC,579,112151,29,,101398,21960,21.66
2020,LC,580,112151,30,,100600,22222,22.09
2020,MT,587,7633,145,,93807,19983,21.3
2020,MT,588,7633,138,,93649,19824,21.17
2020,MT,589,7633,163,,94693,20383,21.53
2020,MT,590,7633,173,,93568,18719,20.01
2020,MT,587,8028,142,,93807,47815,50.97
2020,MT,588,8028,163,,93649,40830,43.6
2020,MT,589,8028,172,,94693,39449,41.66
2020,MT,590,8028,161,,93568,42876,45.82
2020,MT,587,10660,160,,93807,20542,21.9
2020,MT,588,10660,144,,93649,22079,23.58
2020,MT,589,10660,146,,94693,21621,22.83
2020,MT,590,10660,159,,93568,20772,22.2
2020,MT,587,13085,161,,93807,23204,24.74
2020,MT,588,13085,168,,93649,23051,24.61
2020,MT,589,13085,154,,94693,23557,24.88
2020,MT,590,13085,148,,93568,21770,23.27
2020,MT,587,15248,146,,93807,24665,26.29
2020,MT,588,15248,139,,93649,24836,26.52
2020,MT,589,15248,164,,94693,25603,27.04
2020,MT,590,15248,174,,93568,25670,27.43
2020,MT,587,15897,169,,93807,31538,33.62
2020,MT,588,15897,176,,93649,30491,32.56
2020,MT,589,15897,151,,94693,35597,37.59
2020,MT,590,15897,165,,93568,33078,35.35
2020,MT,587,24338,171,,93807,31169,33.23
2020,MT,588,24338,178,,93649,30973,33.07
2020,MT,589,24338,153,,94693,32054,33.85
2020,MT,590,24338,167,,93568,32097,34.3
2020,MT,587,29531,141,,93807,22346,23.82
2020,MT,588,29531,153,,93649,22261,23.77
2020,MT,589,29531,161,,94693,22310,23.56
2020,MT,590,29531,171,,93568,22335,23.87
2020,MT,587,30344,176,,93807,48206,51.39
2020,MT,588,30344,137,,93649,50944,54.4
2020,MT,589,30344,168,,94693,50599,53.43
2020,MT,590,30344,160,,93568,50521,53.99
2020,MT,587,30462,163,,93807,22673,24.17
2020,MT,588,30462,170,,93649,22923,24.48
2020,MT,589,30462,156,,94693,22826,24.11
2020,MT,590,30462,150,,93568,24430,26.11
2020,MT,587,32975,138,,93807,14672,15.64
2020,MT,588,32975,150,,93649,13384,14.29
2020,MT,589,32975,158,,94693,16131,17.04
2020,MT,590,32975,168,,93568,15126,16.17
2020,MT,587,37286,144,,93807,23703,25.27
2020,MT,588,37286,165,,93649,21112,22.54
2020,MT,589,37286,174,,94693,20844,22.01
2020,MT,590,37286,163,,93568,21965,23.47
2020,MT,587,37990,143,,93807,36079,38.46
2020,MT,588,37990,164,,93649,34221,36.54
2020,MT,589,37990,173,,94693,33699,35.59
2020,MT,590,37990,162,,93568,34999,37.4
2020,MT,587,41676,168,,93807,28471,30.35
2020,MT,588,41676,175,,93649,27427,29.29
2020,MT,589,41676,150,,94693,31185,32.93
2020,MT,590,41676,164,,93568,28766,30.74
2020,MT,587,43031,179,,93807,14241,15.18
2020,MT,588,43031,161,,93649,15779,16.85
2020,MT,589,43031,138,,94693,17431,18.41
2020,MT,590,43031,154,,93568,16688,17.84
2020,MT,587,48864,158,,93807,19719,21.02
2020,MT,588,48864,142,,93649,19568,20.9
2020,MT,589,48864,144,,94693,19892,21.01
2020,MT,590,48864,157,,93568,19134,20.45
2020,MT,587,49630,175,,93807,37779,40.27
2020,MT,588,49630,136,,93649,42350,45.22
2020,MT,589,49630,162,,94693,38955,41.14
2020,MT,590,49630,140,,93568,41775,44.65
2020,MT,587,49782,153,,93807,43551,46.43
2020,MT,588,49782,146,,93649,42702,45.6
2020,MT,589,49782,170,,94693,40039,42.28
2020,MT,590,49782,142,,93568,45765,48.91
2020,MT,587,55387,155,,93807,30652,32.68
2020,MT,588,55387,166,,93649,30936,33.03
2020,MT,589,55387,147,,94693,33319,35.19
2020,MT,590,55387,176,,93568,29895,31.95
2020,MT,587,59546,139,,93807,57686,61.49
2020,MT,588,59546,151,,93649,56409,60.23
2020,MT,589,59546,159,,94693,55125,58.21
2020,MT,590,59546,169,,93568,52903,56.54
2020,MT,587,60666,159,,93807,32192,34.32
2020,MT,588,60666,143,,93649,32072,34.25
2020,MT,589,60666,145,,94693,30906,32.64
2020,MT,590,60666,158,,93568,29427,31.45
2020,MT,587,62498,180,,93807,37520,40.0
2020,MT,588,62498,162,,93649,39077,41.73
2020,MT,589,62498,139,,94693,40307,42.57
2020,MT,590,62498,155,,93568,39473,42.19
2020,MT,587,63324,154,,93807,19623,20.92
2020,MT,588,63324,147,,93649,19155,20.45
2020,MT,589,63324,171,,94693,18615,19.66
2020,MT,590,63324,143,,93568,19889,21.26
2020,MT,587,63901,173,,93807,17993,19.18
2020,MT,588,63901,180,,93649,17835,19.04
2020,MT,589,63901,167,,94693,17631,18.62
2020,MT,590,63901,145,,93568,16524,17.66
2020,MT,587,77477,148,,93807,49146,52.39
2020,MT,588,77477,155,,93649,47986,51.24
2020,MT,589,77477,175,,94693,46099,48.68
2020,MT,590,77477,136,,93568,51132,54.65
2020,MT,587,82724,137,,93807,71728,76.46
2020,MT,588,82724,149,,93649,70149,74.91
2020,MT,589,82724,180,,94693,64584,68.2
2020,MT,590,82724,147,,93568,70123,74.94
2020,MT,587,83638,167,,93807,38177,40.7
2020,MT,588,83638,174,,93649,37140,39.66
2020,MT,589,83638,142,,94693,42865,45.27
2020,MT,590,83638,180,,93568,37173,39.73
2020,MT,587,83753,165,,93807,13225,14.1
2020,MT,588,83753,172,,93649,13264,14.16
2020,MT,589,83753,140,,94693,13476,14.23
2020,MT,590,83753,178,,93568,12950,13.84
2020,MT,587,84253,149,,93807,15665,16.7
2020,MT,588,84253,156,,93649,16747,17.88
2020,MT,589,84253,176,,94693,16698,17.63
2020,MT,590,84253,137,,93568,14628,15.63
2020,MT,587,85053,178,,93807,38973,41.55
2020,MT,588,85053,160,,93649,41142,43.93
2020,MT,589,85053,137,,94693,44944,47.46
2020,MT,590,85053,153,,93568,43409,46.39
2020,MT,587,85224,136,,93807,20962,22.35
2020,MT,588,85224,148,,93649,21126,22.56
2020,MT,589,85224,179,,94693,19205,20.28
2020,MT,590,85224,146,,93568,21685,23.18
2020,MT,587,85793,152,,93807,19365,20.64
2020,MT,588,85793,145,,93649,18441,19.69
2020,MT,589,85793,169,,94693,19754,20.86
2020,MT,590,85793,141,,93568,17325,18.52
2020,MT,587,85945,174,,93807,32421,34.56
2020,MT,588,85945,154,,93649,34955,37.33
2020,MT,589,85945,149,,94693,38011,40.14
2020,MT,590,85945,172,,93568,33208,35.49
2020,MT,587,86282,147,,93807,25780,27.48
2020,MT,588,86282,140,,93649,25867,27.62
2020,MT,589,86282,165,,94693,26591,28.08
2020,MT,590,86282,175,,93568,25514,27.27
2020,MT,587,86803,156,,93807,45548,48.56
2020,MT,588,86803,167,,93649,43684,46.65
2020,MT,589,86803,148,,94693,48005,50.7
2020,MT,590,86803,177,,93568,41552,44.41
2020,MT,587,88028,164,,93807,58804,62.69
2020,MT,588,88028,171,,93649,57436,61.33
2020,MT,589,88028,157,,94693,62892,66.42
2020,MT,590,88028,151,,93568,60784,64.96
2020,MT,587,111432,140,,93807,33582,35.8
2020,MT,588,111432,152,,93649,32471,34.67
2020,MT,589,111432,160,,94693,32141,33.94
2020,MT,590,111432,170,,93568,30526,32.62
2020,MT,587,111461,151,,93807,23984,25.57
2020,MT,588,111461,158,,93649,23708,25.32
2020,MT,589,111461,178,,94693,23876,25.21
2020,MT,590,111461,139,,93568,24653,26.35
2020,MT,587,111491,177,,93807,57890,61.71
2020,MT,588,111491,159,,93649,61260,65.41
2020,MT,589,111491,136,,94693,70013,73.94
2020,MT,590,111491,152,,93568,65512,70.02
2020,MT,587,111525,162,,93807,32647,34.8
2020,MT,588,111525,169,,93649,31761,33.91
2020,MT,589,111525,155,,94693,35841,37.85
2020,MT,590,111525,149,,93568,37856,40.46
2020,MT,587,111530,166,,93807,25155,26.82
2020,MT,588,111530,173,,93649,24909,26.6
2020,MT,589,111530,141,,94693,25640,27.08
2020,MT,590,111530,179,,93568,24519,26.2
2020,MT,587,111566,172,,93807,25768,27.47
2020,MT,588,111566,179,,93649,25540,27.27
2020,MT,589,111566,166,,94693,26957,28.47
2020,MT,590,111566,144,,93568,28926,30.91
2020,MT,587,111714,150,,93807,29525,31.47
2020,MT,588,111714,157,,93649,26880,28.7
2020,MT,589,111714,177,,94693,24848,26.24
2020,MT,590,111714,138,,93568,31095,33.23
2020,MT,587,111719,170,,93807,22025,23.48
2020,MT,588,111719,177,,93649,21605,23.07
2020,MT,589,111719,152,,94693,24340,25.7
2020,MT,590,111719,166,,93568,23897,25.54
2022,CH,1055,44230,71,,96504,48034,49.77
2022,CH,1056,44230,88,,96461,45324,46.99
2022,CH,1057,44230,64,,97265,47136,48.46
2022,CH,1058,44230,51,,96389,48757,50.58
2022,CH,1055,67980,78,,96504,15874,16.45
2022,CH,1056,67980,67,,96461,16036,16.62
2022,CH,1057,67980,55,,97265,16390,16.85
2022,CH,1058,67980,87,,96389,15977,16.58
2022,CH,1055,75825,73,,96504,39405,40.83
2022,CH,1056,75825,90,,96461,38553,39.97
2022,CH,1057,75825,66,,97265,40847,42.0
2022,CH,1058,75825,53,,96389,41036,42.57
2022,CH,1055,82962,69,,96504,33777,35.0
2022,CH,1056,82962,54,,96461,34280,35.54
2022,CH,1057,82962,70,,97265,33557,34.5
2022,CH,1058,82962,61,,96389,33635,34.9
2022,CH,1055,83806,47,,96504,51891,53.77
2022,CH,1056,83806,80,,96461,45454,47.12
2022,CH,1057,83806,88,,97265,45251,46.52
2022,CH,1058,83806,63,,96389,48673,50.5
2022,CH,1055,84199,64,,96504,32980,34.17
2022,CH,1056,84199,49,,96461,31654,32.82
2022,CH,1057,84199,74,,97265,33110,34.04
2022,CH,1058,84199,85,,96389,33381,34.63
2022,CH,1055,87207,51,,96504,26049,26.99
2022,CH,1056,87207,72,,96461,24714,25.62
2022,CH,1057,87207,84,,97265,24254,24.94
2022,CH,1058,87207,72,,96389,24673,25.6
2022,CH,1055,88045,52,,96504,63107,65.39
2022,CH,1056,88045,73,,96461,59020,61.19
2022,CH,1057,88045,85,,97265,58344,59.98
2022,CH,1058,88045,73,,96389,58930,61.14
2022,CH,1055,95739,81,,96504,36621,37.95
2022,CH,1056,95739,70,,96461,37207,38.57
2022,CH,1057,95739,58,,97265,37694,38.75
2022,CH,1058,95739,90,,96389,36522,37.89
2022,CH,1055,95823,80,,96504,41277,42.77
2022,CH,1056,95823,69,,96461,42089,43.63
2022,CH,1057,95823,57,,97265,42892,44.1
2022,CH,1058,95823,89,,96389,41463,43.02
2022,CH,1055,96291,86,,96504,15272,15.83
2022,CH,1056,96291,59,,96461,14240,14.76
2022,CH,1057,96291,46,,97265,14278,14.68
2022,CH,1058,96291,66,,96389,14908,15.47
2022,CH,1055,96516,88,,96504,13007,13.48
2022,CH,1056,96516,61,,96461,13055,13.53
2022,CH,1057,96516,48,,97265,13168,13.54
2022,CH,1058,96516,68,,96389,12847,13.33
2022,CH,1055,97262,70,,96504,77511,80.32
2022,CH,1056,97262,87,,96461,75879,78.66
2022,CH,1057,97262,63,,97265,77740,79.93
2022,CH,1058,97262,50,,96389,79369,82.34
2022,CH,1055,111893,84,,96504,34468,35.72
2022,CH,1056,111893,77,,96461,35536,36.84
2022,CH,1057,111893,53,,97265,37808,38.87
2022,CH,1058,111893,80,,96389,36231,37.59
2022,CH,1055,111964,68,,96504,56342,58.38
2022,CH,1056,111964,53,,96461,58729,60.88
2022,CH,1057,111964,69,,97265,55772,57.34
2022,CH,1058,111964,60,,96389,56867,59.0
2022,CH,1055,111984,90,,96504,31968,33.13
2022,CH,1056,111984,63,,96461,31363,32.51
2022,CH,1057,111984,50,,97265,32539,33.45
2022,CH,1058,111984,70,,96389,31257,32.43
2022,CH,1055,112145,63,,96504,31317,32.45
2022,CH,1056,112145,48,,96461,32065,33.24
2022,CH,1057,112145,73,,97265,31343,32.22
2022,CH,1058,112145,84,,96389,30263,31.4
2022,CH,1055,118066,59,,96504,50492,52.32
2022,CH,1056,118066,57,,96461,51910,53.81
2022,CH,1057,118066,78,,97265,48041,49.39
2022,CH,1058,118066,56,,96389,51659,53.59
2022,CH,1055,118110,74,,96504,31849,33.0
2022,CH,1056,118110,83,,96461,32726,33.93
2022,CH,1057,118110,59,,97265,32764,33.69
2022,CH,1058,118110,46,,96389,33346,34.6
2022,CH,1055,125654,58,,96504,51119,52.97
2022,CH,1056,125654,56,,96461,50240,52.08
2022,CH,1057,125654,77,,97265,47326,48.66
2022,CH,1058,125654,55,,96389,51130,53.05
2022,CH,1055,125706,54,,96504,30913,32.03
2022,CH,1056,125706,64,,96461,28977,30.04
2022,CH,1057,125706,80,,97265,27668,28.45
2022,CH,1058,125706,75,,96389,29283,30.38
2022,CH,1055,125944,85,,96504,56111,58.14
2022,CH,1056,125944,78,,96461,57848,59.97
2022,CH,1057,125944,54,,97265,63894,65.69
2022,CH,1058,125944,81,,96389,58122,60.3
2022,CH,1055,140190,89,,96504,59415,61.57
2022,CH,1056,140190,62,,96461,62988,65.3
2022,CH,1057,140190,49,,97265,66544,68.42
2022,CH,1058,140190,69,,96389,61911,64.23
2022,CH,1055,140378,79,,96504,47301,49.01
2022,CH,1056,140378,68,,96461,49844,51.67
2022,CH,1057,140378,56,,97265,52817,54.3
2022,CH,1058,140378,88,,96389,46341,48.08
2022,CH,1055,140429,60,,96504,49599,51.4
2022,CH,1056,140429,58,,96461,49452,51.27
2022,CH,1057,140429,79,,97265,46133,47.43
2022,CH,1058,140429,57,,96389,49785,51.65
2022,CH,1055,140441,76,,96504,41693,43.2
2022,CH,1056,140441,85,,96461,42512,44.07
2022,CH,1057,140441,61,,97265,43005,44.21
2022,CH,1058,140441,48,,96389,45421,47.12
2022,CH,1055,140506,46,,96504,36848,38.18
2022,CH,1056,140506,79,,96461,31203,32.35
2022,CH,1057,140506,87,,97265,33501,34.44
2022,CH,1058,140506,62,,96389,33685,34.95
2022,CH,1055,140550,77,,96504,61135,63.35
2022,CH,1056,140550,86,,96461,60590,62.81
2022,CH,1057,140550,62,,97265,64097,65.9
2022,CH,1058,140550,49,,96389,66492,68.98
2022,CH,1055,140568,53,,96504,47452,49.17
2022,CH,1056,140568,74,,96461,44433,46.06
2022,CH,1057,140568,86,,97265,44607,45.86
2022,CH,1058,140568,74,,96389,44409,46.07
2022,CH,1055,140572,87,,96504,44997,46.63
2022,CH,1056,140572,60,,96461,45173,46.83
2022,CH,1057,140572,47,,97265,46310,47.61
2022,CH,1058,140572,67,,96389,45612,47.32
2022,CH,1055,140585,62,,96504,25195,26.11
2022,CH,1056,140585,47,,96461,25247,26.17
2022,CH,1057,140585,72,,97265,24713,25.41
2022,CH,1058,140585,83,,96389,25162,26.1
2022,CH,1055,140631,55,,96504,34483,35.73
2022,CH,1056,140631,65,,96461,32667,33.87
2022,CH,1057,140631,81,,97265,32248,33.15
2022,CH,1058,140631,76,,96389,31639,32.82
2022,CH,1055,140639,49,,96504,58221,60.33
2022,CH,1056,140639,82,,96461,55030,57.05
2022,CH,1057,140639,90,,97265,55139,56.69
2022,CH,1058,140639,65,,96389,56482,58.6
2022,CH,1055,140643,82,,96504,34163,35.4
2022,CH,1056,140643,75,,96461,34993,36.28
2022,CH,1057,140643,51,,97265,35588,36.59
2022,CH,1058,140643,78,,96389,32908,34.14
2022,CH,1055,140682,50,,96504,25658,26.59
2022,CH,1056,140682,71,,96461,25155,26.08
2022,CH,1057,140682,83,,97265,25455,26.17
2022,CH,1058,140682,71,,96389,25252,26.2
2022,CH,1055,140721,75,,96504,40253,41.71
2022,CH,1056,140721,84,,96461,39851,41.31
2022,CH,1057,140721,60,,97265,41407,42.57
2022,CH,1058,140721,47,,96389,42208,43.79
2022,CH,1055,140914,66,,96504,27966,28.98
2022,CH,1056,140914,51,,96461,28858,29.92
2022,CH,1057,140914,67,,97265,25962,26.69
2022,CH,1058,140914,58,,96389,27471,28.5
2022,CH,1055,141030,61,,96504,64668,67.01
2022,CH,1056,141030,46,,96461,69894,72.46
2022,CH,1057,141030,71,,97265,62796,64.56
2022,CH,1058,141030,82,,96389,61486,63.79
2022,CH,1055,141048,65,,96504,83002,86.01
2022,CH,1056,141048,50,,96461,84189,87.28
2022,CH,1057,141048,75,,97265,82034,84.34
2022,CH,1058,141048,86,,96389,79841,82.83
2022,CH,1055,141072,83,,96504,44222,45.82
2022,CH,1056,141072,76,,96461,45461,47.13
2022,CH,1057,141072,52,,97265,49294,50.68
2022,CH,1058,141072,79,,96389,43964,45.61
2022,CH,1055,141148,67,,96504,44005,45.6
2022,CH,1056,141148,52,,96461,47452,49.19
2022,CH,1057,141148,68,,97265,45812,47.1
2022,CH,1058,141148,59,,96389,47063,48.83
2022,CH,1055,141322,48,,96504,90392,93.67
2022,CH,1056,141322,81,,96461,86204,89.37
2022,CH,1057,141322,89,,97265,87363,89.82
2022,CH,1058,141322,64,,96389,88146,91.45
2022,CH,1055,141355,57,,96504,20553,21.3
2022,CH,1056,141355,55,,96461,23417,24.28
2022,CH,1057,141355,76,,97265,21897,22.51
2022,CH,1058,141355,54,,96389,21468,22.27
2022,CH,1055,141364,56,,96504,75498,78.23
2022,CH,1056,141364,66,,96461,74618,77.36
2022,CH,1057,141364,82,,97265,73412,75.48
2022,CH,1058,141364,77,,96389,72985,75.72
2022,CH,1055,141384,72,,96504,31880,33.03
2022,CH,1056,141384,89,,96461,31661,32.82
2022,CH,1057,141384,65,,97265,33263,34.2
2022,CH,1058,141384,52,,96389,33652,34.91
2022,CN,1085,18228,92,,90983,23387,25.7
2022,CN,1086,18228,123,,91229,21711,23.8
2022,CN,1087,18228,133,,92219,21784,23.62
2022,CN,1088,18228,102,,91225,23234,25.47
2022,CN,1085,28034,105,,90983,31158,34.25
2022,CN,1086,28034,92,,91229,31165,34.16
2022,CN,1087,28034,121,,92219,30123,32.66
2022,CN,1088,28034,132,,91225,29252,32.07
2022,CN,1085,28632,129,,90983,17237,18.95
2022,CN,1086,28632,100,,91229,16191,17.75
2022,CN,1087,28632,99,,92219,16294,17.67
2022,CN,1088,28632,129,,91225,17723,19.43
2022,CN,1085,31313,133,,90983,26829,29.49
2022,CN,1086,31313,94,,91229,28772,31.54
2022,CN,1087,31313,91,,92219,28348,30.74
2022,CN,1088,31313,123,,91225,27627,30.28
2022,CN,1085,31381,101,,90983,21800,23.96
2022,CN,1086,31381,106,,91229,21879,23.98
2022,CN,1087,31381,126,,92219,21450,23.26
2022,CN,1088,31381,111,,91225,21671,23.76
2022,CN,1085,37769,121,,90983,25832,28.39
2022,CN,1086,37769,135,,91229,24267,26.6
2022,CN,1087,37769,107,,92219,26829,29.09
2022,CN,1088,37769,116,,91225,25628,28.09
2022,CN,1085,41054,99,,90983,46526,51.14
2022,CN,1086,41054,104,,91229,48451,53.11
2022,CN,1087,41054,124,,92219,43861,47.56
2022,CN,1088,41054,109,,91225,43888,48.11
2022,CN,1085,43073,111,,90983,49396,54.29
2022,CN,1086,43073,132,,91229,47303,51.85
2022,CN,1087,43073,117,,92219,49019,53.15
2022,CN,1088,43073,100,,91225,50593,55.46
2022,CN,1085,44969,108,,90983,24193,26.59
2022,CN,1086,44969,110,,91229,23986,26.29
2022,CN,1087,44969,119,,92219,26028,28.22
2022,CN,1088,44969,122,,91225,24220,26.55
2022,CN,1085,64203,119,,90983,14527,15.97
2022,CN,1086,64203,133,,91229,13017,14.27
2022,CN,1087,64203,105,,92219,12200,13.23
2022,CN,1088,64203,114,,91225,12869,14.11
2022,CN,1085,75845,134,,90983,22172,24.37
2022,CN,1086,75845,95,,91229,22524,24.69
2022,CN,1087,75845,92,,92219,22650,24.56
2022,CN,1088,75845,124,,91225,22599,24.77
2022,CN,1085,78377,116,,90983,29016,31.89
2022,CN,1086,78377,111,,91229,30610,33.55
2022,CN,1087,78377,108,,92219,29235,31.7
2022,CN,1088,78377,95,,91225,28347,31.07
2022,CN,1085,78716,118,,90983,47744,52.48
2022,CN,1086,78716,113,,91229,49280,54.02
2022,CN,1087,78716,110,,92219,49969,54.19
2022,CN,1088,78716,97,,91225,47151,51.69
2022,CN,1085,81969,96,,90983,26716,29.36
2022,CN,1086,81969,119,,91229,25436,27.88
2022,CN,1087,81969,128,,92219,25199,27.33
2022,CN,1088,81969,105,,91225,26559,29.11
2022,CN,1085,82765,135,,90983,34111,37.49
2022,CN,1086,82765,96,,91229,33836,37.09
2022,CN,1087,82765,93,,92219,34593,37.51
2022,CN,1088,82765,125,,91225,34487,37.8
2022,CN,1085,83901,126,,90983,28652,31.49
2022,CN,1086,83901,97,,91229,30098,32.99
2022,CN,1087,83901,96,,92219,30472,33.04
2022,CN,1088,83901,126,,91225,29205,32.01
2022,CN,1085,85445,103,,90983,19257,21.17
2022,CN,1086,85445,108,,91229,19486,21.36
2022,CN,1087,85445,123,,92219,18867,20.46
2022,CN,1088,85445,113,,91225,19060,20.89
2022,CN,1085,85860,107,,90983,14824,16.29
2022,CN,1086,85860,109,,91229,14776,16.2
2022,CN,1087,85860,118,,92219,14533,15.76
2022,CN,1088,85860,121,,91225,14201,15.57
2022,CN,1085,87998,123,,90983,10261,11.28
2022,CN,1086,87998,115,,91229,10775,11.81
2022,CN,1087,87998,102,,92219,11331,12.29
2022,CN,1088,87998,118,,91225,10545,11.56
2022,CN,1085,88655,132,,90983,28703,31.55
2022,CN,1086,88655,103,,91229,30458,33.39
2022,CN,1087,88655,95,,92219,30559,33.14
2022,CN,1088,88655,135,,91225,28427,31.16
2022,CN,1085,89554,112,,90983,15905,17.48
2022,CN,1086,89554,126,,91229,17761,19.47
2022,CN,1087,89554,111,,92219,19673,21.33
2022,CN,1088,89554,91,,91225,14303,15.68
2022,CN,1085,90130,100,,90983,30620,33.65
2022,CN,1086,90130,105,,91229,32378,35.49
2022,CN,1087,90130,125,,92219,29838,32.36
2022,CN,1088,90130,110,,91225,29779,32.64
2022,CN,1085,96189,109,,90983,32788,36.04
2022,CN,1086,96189,130,,91229,30119,33.01
2022,CN,1087,96189,115,,92219,31240,33.88
2022,CN,1088,96189,98,,91225,33581,36.81
2022,CN,1085,96244,120,,90983,15595,17.14
2022,CN,1086,96244,134,,91229,14495,15.89
2022,CN,1087,96244,106,,92219,15405,16.7
2022,CN,1088,96244,115,,91225,15228,16.69
2022,CN,1085,97727,104,,90983,41557,45.68
2022,CN,1086,97727,91,,91229,39621,43.43
2022,CN,1087,97727,120,,92219,39927,43.3
2022,CN,1088,97727,131,,91225,38782,42.51
2022,CN,1085,97761,117,,90983,46161,50.74
2022,CN,1086,97761,112,,91229,48341,52.99
2022,CN,1087,97761,109,,92219,48281,52.35
2022,CN,1088,97761,96,,91225,48445,53.1
2022,CN,1085,97915,106,,90983,16942,18.62
2022,CN,1086,97915,93,,91229,18542,20.32
2022,CN,1087,97915,122,,92219,17549,19.03
2022,CN,1088,97915,133,,91225,16685,18.29
2022,CN,1085,98106,125,,90983,14087,15.48
2022,CN,1086,98106,117,,91229,14171,15.53
2022,CN,1087,98106,104,,92219,14834,16.09
2022,CN,1088,98106,120,,91225,14893,16.33
2022,CN,1085,111431,127,,90983,17540,19.28
2022,CN,1086,111431,98,,91229,17179,18.83
2022,CN,1087,111431,97,,92219,17513,18.99
2022,CN,1088,111431,127,,91225,16733,18.34
2022,CN,1085,111558,95,,90983,13906,15.28
2022,CN,1086,111558,118,,91229,15259,16.73
2022,CN,1087,111558,131,,92219,15186,16.47
2022,CN,1088,111558,108,,91225,14235,15.6
2022,CN,1085,111613,128,,90983,16278,17.89
2022,CN,1086,111613,99,,91229,19717,21.61
2022,CN,1087,111613,98,,92219,20233,21.94
2022,CN,1088,111613,128,,91225,16497,18.08
2022,CN,1085,111668,93,,90983,20330,22.34
2022,CN,1086,111668,124,,91229,22293,24.44
2022,CN,1087,111668,134,,92219,21872,23.72
2022,CN,1088,111668,103,,91225,23217,25.45
2022,CN,1085,111694,94,,90983,18546,20.38
2022,CN,1086,111694,125,,91229,21075,23.1
2022,CN,1087,111694,135,,92219,21712,23.54
2022,CN,1088,111694,104,,91225,20087,22.02
2022,CN,1085,117854,114,,90983,23710,26.06
2022,CN,1086,117854,128,,91229,23271,25.51
2022,CN,1087,117854,113,,92219,23245,25.21
2022,CN,1088,117854,93,,91225,25009,27.41
2022,CN,1085,126560,130,,90983,38949,42.81
2022,CN,1086,126560,101,,91229,42090,46.14
2022,CN,1087,126560,100,,92219,42180,45.74
2022,CN,1088,126560,130,,91225,39508,43.31
2022,CN,1085,141503,131,,90983,40742,44.78
2022,CN,1086,141503,102,,91229,41454,45.44
2022,CN,1087,141503,94,,92219,40587,44.01
2022,CN,1088,141503,134,,91225,41517,45.51
2022,CN,1085,141545,115,,90983,27286,29.99
2022,CN,1086,141545,129,,91229,27381,30.01
2022,CN,1087,141545,114,,92219,28003,30.37
2022,CN,1088,141545,94,,91225,27512,30.16
2022,CN,1085,141547,124,,90983,38025,41.79
2022,CN,1086,141547,116,,91229,40962,44.9
2022,CN,1087,141547,103,,92219,42301,45.87
2022,CN,1088,141547,119,,91225,36928,40.48
2022,CN,1085,141574,91,,90983,34203,37.59
2022,CN,1086,141574,122,,91229,29487,32.32
2022,CN,1087,141574,132,,92219,29267,31.74
2022,CN,1088,141574,101,,91225,30217,33.12
2022,CN,1085,141597,97,,90983,18684,20.54
2022,CN,1086,141597,120,,91229,18692,20.49
2022,CN,1087,141597,129,,92219,19902,21.58
2022,CN,1088,141597,106,,91225,19620,21.51
2022,CN,1085,141605,113,,90983,33657,36.99
2022,CN,1086,141605,127,,91229,33046,36.22
2022,CN,1087,141605,112,,92219,35077,38.04
2022,CN,1088,141605,92,,91225,35929,39.39
2022,CN,1085,141712,110,,90983,37109,40.79
2022,CN,1086,141712,131,,91229,35065,38.44
2022,CN,1087,141712,116,,92219,35583,38.59
2022,CN,1088,141712,99,,91225,36271,39.76
2022,CN,1085,141725,98,,90983,11558,12.7
2022,CN,1086,141725,121,,91229,12316,13.5
2022,CN,1087,141725,130,,92219,12421,13.47
2022,CN,1088,141725,107,,91225,11440,12.54
2022,CN,1085,141726,122,,90983,32147,35.33
2022,CN,1086,141726,114,,91229,33403,36.61
2022,CN,1087,141726,101,,92219,33615,36.45
2022,CN,1088,141726,117,,91225,32292,35.4
2022,CN,1085,141731,102,,90983,10825,11.9
2022,CN,1086,141731,107,,91229,11226,12.31
2022,CN,1087,141731,127,,92219,11705,12.69
2022,CN,1088,141731,112,,91225,11398,12.49
2022,LC,1065,6864,40,,96504,50403,52.23
2022,LC,1066,6864,7,,96461,52460,54.38
2022,LC,1067,6864,12,,96389,53837,55.85
2022,LC,1068,6864,38,,97265,50187,51.6
2022,LC,1065,9716,23,,96504,31445,32.58
2022,LC,1066,9716,29,,96461,28998,30.06
2022,LC,1067,9716,20,,96389,29241,30.34
2022,LC,1068,9716,34,,97265,30337,31.19
2022,LC,1065,10776,41,,96504,57840,59.94
2022,LC,1066,10776,8,,96461,66694,69.14
2022,LC,1067,10776,13,,96389,65715,68.18
2022,LC,1068,10776,39,,97265,58711,60.36
2022,LC,1065,26545,30,,96504,18019,18.67
2022,LC,1066,26545,14,,96461,19792,20.52
2022,LC,1067,26545,16,,96389,18882,19.59
2022,LC,1068,26545,36,,97265,18152,18.66
2022,LC,1065,39101,22,,96504,32882,34.07
2022,LC,1066,39101,28,,96461,32390,33.58
2022,LC,1067,39101,19,,96389,32738,33.96
2022,LC,1068,39101,33,,97265,31952,32.85
2022,LC,1065,41810,11,,96504,56651,58.7
2022,LC,1066,41810,39,,96461,54417,56.41
2022,LC,1067,41810,28,,96389,53491,55.49
2022,LC,1068,41810,24,,97265,53944,55.46
2022,LC,1065,42674,12,,96504,57908,60.01
2022,LC,1066,42674,40,,96461,52894,54.83
2022,LC,1067,42674,29,,96389,54980,57.04
2022,LC,1068,42674,25,,97265,60736,62.44
2022,LC,1065,42940,14,,96504,72000,74.61
2022,LC,1066,42940,34,,96461,68144,70.64
2022,LC,1067,42940,10,,96389,70655,73.3
2022,LC,1068,42940,42,,97265,66466,68.33
2022,LC,1065,44570,32,,96504,55330,57.33
2022,LC,1066,44570,16,,96461,54682,56.69
2022,LC,1067,44570,7,,96389,56218,58.32
2022,LC,1068,44570,44,,97265,55322,56.88
2022,LC,1065,45201,20,,96504,35626,36.92
2022,LC,1066,45201,37,,96461,33421,34.65
2022,LC,1067,45201,45,,96389,31300,32.47
2022,LC,1068,45201,8,,97265,38335,39.41
2022,LC,1065,49544,10,,96504,28712,29.75
2022,LC,1066,49544,38,,96461,27394,28.4
2022,LC,1067,49544,27,,96389,30601,31.75
2022,LC,1068,49544,23,,97265,28955,29.77
2022,LC,1065,54528,39,,96504,11616,12.04
2022,LC,1066,54528,12,,96461,11390,11.81
2022,LC,1067,54528,26,,96389,11592,12.03
2022,LC,1068,54528,28,,97265,11740,12.07
2022,LC,1065,60382,6,,96504,53576,55.52
2022,LC,1066,60382,41,,96461,44497,46.13
2022,LC,1067,60382,30,,96389,48823,50.65
2022,LC,1068,60382,21,,97265,49236,50.62
2022,LC,1065,66576,9,,96504,90132,93.4
2022,LC,1066,66576,32,,96461,88183,91.42
2022,LC,1067,66576,34,,96389,87806,91.1
2022,LC,1068,66576,20,,97265,89697,92.22
2022,LC,1065,67229,18,,96504,20479,21.22
2022,LC,1066,67229,26,,96461,20979,21.75
2022,LC,1067,67229,40,,96389,20725,21.5
2022,LC,1068,67229,14,,97265,21121,21.71
2022,LC,1065,76318,3,Espanhol,24080,8070,33.51
2022,LC,1066,76318,2,Espanhol,23957,7959,33.22
2022,LC,1067,76318,2,Espanhol,24119,9174,38.04
2022,LC,1068,76318,4,Espanhol,24499,8804,35.94
2022,LC,1065,78112,43,,96504,43682,45.26
2022,LC,1066,78112,21,,96461,50530,52.38
2022,LC,1067,78112,21,,96389,48173,49.98
2022,LC,1068,78112,29,,97265,47689,49.03
2022,LC,1065,81994,44,,96504,39153,40.57
2022,LC,1066,81994,22,,96461,41602,43.13
2022,LC,1067,81994,22,,96389,40730,42.26
2022,LC,1068,81994,30,,97265,41225,42.38
2022,LC,1065,86703,33,,96504,41267,42.76
2022,LC,1066,86703,17,,96461,45149,46.81
2022,LC,1067,86703,8,,96389,48170,49.97
2022,LC,1068,86703,45,,97265,42392,43.58
2022,LC,1065,89149,31,,96504,44662,46.28
2022,LC,1066,89149,15,,96461,48337,50.11
2022,LC,1067,89149,17,,96389,48443,50.26
2022,LC,1068,89149,37,,97265,43759,44.99
2022,LC,1065,90238,42,,96504,43396,44.97
2022,LC,1066,90238,6,,96461,51093,52.97
2022,LC,1067,90238,14,,96389,48711,50.54
2022,LC,1068,90238,40,,97265,44803,46.06
2022,LC,1065,96502,26,,96504,68698,71.19
2022,LC,1066,96502,43,,96461,68256,70.76
2022,LC,1067,96502,35,,96389,69516,72.12
2022,LC,1068,96502,15,,97265,71132,73.13
2022,LC,1065,111835,2,Inglês,72424,37897,52.33
2022,LC,1066,111835,3,Inglês,72504,36910,50.91
2022,LC,1067,111835,1,Inglês,72270,38189,52.84
2022,LC,1068,111835,4,Inglês,72766,36459,50.1
2022,LC,1065,111918,1,Inglês,72424,52823,72.94
2022,LC,1066,111918,4,Inglês,72504,51043,70.4
2022,LC,1067,111918,2,Inglês,72270,51891,71.8
2022,LC,1068,111918,5,Inglês,72766,51216,70.38
2022,LC,1065,111926,15,,96504,45856,47.52
2022,LC,1066,111926,35,,96461,45144,46.8
2022,LC,1067,111926,11,,96389,46409,48.15
2022,LC,1068,111926,43,,97265,45925,47.22
2022,LC,1065,111929,7,,96504,31347,32.48
2022,LC,1066,111929,30,,96461,29238,30.31
2022,LC,1067,111929,32,,96389,29931,31.05
2022,LC,1068,111929,18,,97265,31140,32.02
2022,LC,1065,111954,29,,96504,37261,38.61
2022,LC,1066,111954,13,,96461,38114,39.51
2022,LC,1067,111954,15,,96389,35380,36.71
2022,LC,1068,111954,35,,97265,37479,38.53
2022,LC,1065,111961,36,,96504,55807,57.83
2022,LC,1066,111961,20,,96461,56461,58.53
2022,LC,1067,111961,6,,96389,57173,59.31
2022,LC,1068,111961,11,,97265,56218,57.8
2022,LC,1065,118120,8,,96504,22870,23.7
2022,LC,1066,118120,31,,96461,22562,23.39
2022,LC,1067,118120,33,,96389,21730,22.54
2022,LC,1068,118120,19,,97265,22808,23.45
2022,LC,1065,118230,1,Espanhol,24080,16846,69.96
2022,LC,1066,118230,3,Espanhol,23957,16797,70.11
2022,LC,1067,118230,4,Espanhol,24119,16875,69.97
2022,LC,1068,118230,5,Espanhol,24499,17061,69.64
2022,LC,1065,118252,2,Espanhol,24080,9022,37.47
2022,LC,1066,118252,1,Espanhol,23957,8229,34.35
2022,LC,1067,118252,3,Espanhol,24119,8722,36.16
2022,LC,1068,118252,3,Espanhol,24499,8774,35.81
2022,LC,1065,119767,34,,96504,78385,81.22
2022,LC,1066,119767,18,,96461,83244,86.3
2022,LC,1067,119767,41,,96389,75876,78.72
2022,LC,1068,119767,9,,97265,86447,88.88
2022,LC,1065,120124,19,,96504,74656,77.36
2022,LC,1066,120124,36,,96461,70104,72.68
2022,LC,1067,120124,44,,96389,66910,69.42
2022,LC,1068,120124,7,,97265,79286,81.52
2022,LC,1065,120368,38,,96504,7362,7.63
2022,LC,1066,120368,11,,96461,5315,5.51
2022,LC,1067,120368,25,,96389,7472,7.75
2022,LC,1068,120368,27,,97265,6145,6.32
2022,LC,1065,120622,13,,96504,49539,51.33
2022,LC,1066,120622,33,,96461,47804,49.56
2022,LC,1067,120622,9,,96389,49534,51.39
2022,LC,1068,120622,41,,97265,46071,47.37
2022,LC,1065,120626,28,,96504,40880,42.36
2022,LC,1066,120626,45,,96461,39159,40.6
2022,LC,1067,120626,37,,96389,38846,40.3
2022,LC,1068,120626,17,,97265,41616,42.79
2022,LC,1065,140527,4,Espanhol,24080,14969,62.16
2022,LC,1066,140527,5,Espanhol,23957,14582,60.87
2022,LC,1067,140527,1,Espanhol,24119,15428,63.97
2022,LC,1068,140527,2,Espanhol,24499,15259,62.28
2022,LC,1065,140567,5,Espanhol,24080,15808,65.65
2022,LC,1066,140567,4,Espanhol,23957,16145,67.39
2022,LC,1067,140567,5,Espanhol,24119,16073,66.64
2022,LC,1068,140567,1,Espanhol,24499,16242,66.3
2022,LC,1065,140626,5,Inglês,72424,48086,66.4
2022,LC,1066,140626,2,Inglês,72504,47932,66.11
2022,LC,1067,140626,4,Inglês,72270,47829,66.18
2022,LC,1068,140626,3,Inglês,72766,48284,66.36
2022,LC,1065,140731,4,Inglês,72424,52421,72.38
2022,LC,1066,140731,1,Inglês,72504,51953,71.66
2022,LC,1067,140731,5,Inglês,72270,52420,72.53
2022,LC,1068,140731,2,Inglês,72766,52095,71.59
2022,LC,1065,140767,3,Inglês,72424,58094,80.21
2022,LC,1066,140767,5,Inglês,72504,58519,80.71
2022,LC,1067,140767,3,Inglês,72270,57772,79.94
2022,LC,1068,140767,1,Inglês,72766,58300,80.12
2022,LC,1065,140827,21,,96504,47456,49.18
2022,LC,1066,140827,27,,96461,47148,48.88
2022,LC,1067,140827,18,,96389,48951,50.78
2022,LC,1068,140827,32,,97265,48060,49.41
2022,LC,1065,140898,35,,96504,20744,21.5
2022,LC,1066,140898,19,,96461,20756,21.52
2022,LC,1067,140898,42,,96389,20277,21.04
2022,LC,1068,140898,10,,97265,17746,18.25
2022,LC,1065,141203,25,,96504,72054,74.66
2022,LC,1066,141203,9,,96461,74114,76.83
2022,LC,1067,141203,43,,96389,68227,70.78
2022,LC,1068,141203,6,,97265,73041,75.09
2022,LC,1065,141261,45,,96504,46262,47.94
2022,LC,1066,141261,23,,96461,51771,53.67
2022,LC,1067,141261,23,,96389,50803,52.71
2022,LC,1068,141261,31,,97265,49189,50.57
2022,LC,1065,141390,37,,96504,70446,73.0
2022,LC,1066,141390,10,,96461,77690,80.54
2022,LC,1067,141390,24,,96389,72131,74.83
2022,LC,1068,141390,26,,97265,72471,74.51
2022,LC,1065,141410,27,,96504,67059,69.49
2022,LC,1066,141410,44,,96461,65804,68.22
2022,LC,1067,141410,36,,96389,67105,69.62
2022,LC,1068,141410,16,,97265,67811,69.72
2022,LC,1065,141427,16,,96504,9867,10.22
2022,LC,1066,141427,24,,96461,9487,9.84
2022,LC,1067,141427,38,,96389,9076,9.42
2022,LC,1068,141427,12,,97265,10361,10.65
2022,LC,1065,141440,24,,96504,71715,74.31
2022,LC,1066,141440,42,,96461,66075,68.5
2022,LC,1067,141440,31,,96389,68657,71.23
2022,LC,1068,141440,22,,97265,73469,75.53
2022,LC,1065,141464,17,,96504,45381,47.02
2022,LC,1066,141464,25,,96461,46155,47.85
2022,LC,1067,141464,39,,96389,41223,42.77
2022,LC,1068,141464,13,,97265,47666,49.01
2022,MT,1075,5961,143,,90983,31001,34.07
2022,MT,1076,5961,158,,91229,29583,32.43
2022,MT,1077,5961,161,,91225,28423,31.16
2022,MT,1078,5961,173,,92219,27628,29.96
2022,MT,1075,8364,160,,90983,31482,34.6
2022,MT,1076,8364,178,,91229,28763,31.53
2022,MT,1077,8364,163,,91225,30067,32.96
2022,MT,1078,8364,154,,92219,30431,33.0
2022,MT,1075,10322,168,,90983,48569,53.38
2022,MT,1076,10322,141,,91229,53711,58.87
2022,MT,1077,10322,169,,91225,48646,53.33
2022,MT,1078,10322,146,,92219,54985,59.62
2022,MT,1075,10409,180,,90983,38197,41.98
2022,MT,1076,10409,165,,91229,39214,42.98
2022,MT,1077,10409,149,,91225,39558,43.36
2022,MT,1078,10409,137,,92219,38994,42.28
2022,MT,1075,10500,140,,90983,16570,18.21
2022,MT,1076,10500,161,,91229,16899,18.52
2022,MT,1077,10500,145,,91225,16672,18.28
2022,MT,1078,10500,176,,92219,17606,19.09
2022,MT,1075,14797,174,,90983,14443,15.87
2022,MT,1076,14797,169,,91229,14648,16.06
2022,MT,1077,14797,153,,91225,13680,15.0
2022,MT,1078,14797,145,,92219,13278,14.4
2022,MT,1075,19807,178,,90983,7533,8.28
2022,MT,1076,19807,147,,91229,6317,6.92
2022,MT,1077,19807,180,,91225,8372,9.18
2022,MT,1078,19807,141,,92219,5922,6.42
2022,MT,1075,28683,161,,90983,24438,26.86
2022,MT,1076,28683,179,,91229,22533,24.7
2022,MT,1077,28683,164,,91225,23603,25.87
2022,MT,1078,28683,155,,92219,23281,25.25
2022,MT,1075,30053,151,,90983,30547,33.57
2022,MT,1076,30053,170,,91229,30795,33.76
2022,MT,1077,30053,136,,91225,31601,34.64
2022,MT,1078,30053,164,,92219,30177,32.72
2022,MT,1075,30327,173,,90983,56694,62.31
2022,MT,1076,30327,168,,91229,59046,64.72
2022,MT,1077,30327,152,,91225,61638,67.57
2022,MT,1078,30327,144,,92219,64598,70.05
2022,MT,1075,30493,138,,90983,31137,34.22
2022,MT,1076,30493,153,,91229,29757,32.62
2022,MT,1077,30493,159,,91225,29394,32.22
2022,MT,1078,30493,180,,92219,28687,31.11
2022,MT,1075,31516,166,,90983,28584,31.42
2022,MT,1076,31516,139,,91229,34273,37.57
2022,MT,1077,31516,175,,91225,26646,29.21
2022,MT,1078,31516,152,,92219,31174,33.8
2022,MT,1075,32369,163,,90983,17466,19.2
2022,MT,1076,32369,136,,91229,18344,20.11
2022,MT,1077,32369,172,,91225,17081,18.72
2022,MT,1078,32369,149,,92219,18253,19.79
2022,MT,1075,43182,154,,90983,35109,38.59
2022,MT,1076,43182,149,,91229,35261,38.65
2022,MT,1077,43182,139,,91225,37908,41.55
2022,MT,1078,43182,162,,92219,33546,36.38
2022,MT,1075,47309,155,,90983,31679,34.82
2022,MT,1076,47309,150,,91229,33454,36.67
2022,MT,1077,47309,140,,91225,34115,37.4
2022,MT,1078,47309,163,,92219,31877,34.57
2022,MT,1075,53461,158,,90983,22988,25.27
2022,MT,1076,53461,176,,91229,22172,24.3
2022,MT,1077,53461,142,,91225,23550,25.82
2022,MT,1078,53461,158,,92219,23048,24.99
2022,MT,1075,60441,175,,90983,64997,71.44
2022,MT,1076,60441,144,,91229,71153,77.99
2022,MT,1077,60441,177,,91225,64420,70.62
2022,MT,1078,60441,138,,92219,71371,77.39
2022,MT,1075,61248,148,,90983,24673,27.12
2022,MT,1076,61248,172,,91229,23915,26.21
2022,MT,1077,61248,154,,91225,23729,26.01
2022,MT,1078,61248,166,,92219,23724,25.73
2022,MT,1075,63204,169,,90983,22708,24.96
2022,MT,1076,63204,142,,91229,24932,27.33
2022,MT,1077,63204,170,,91225,22930,25.14
2022,MT,1078,63204,147,,92219,24817,26.91
2022,MT,1075,63646,156,,90983,29817,32.77
2022,MT,1076,63646,163,,91229,29407,32.23
2022,MT,1077,63646,147,,91225,29944,32.82
2022,MT,1078,63646,160,,92219,29187,31.65
2022,MT,1075,68123,170,,90983,31200,34.29
2022,MT,1076,68123,143,,91229,36182,39.66
2022,MT,1077,68123,171,,91225,31369,34.39
2022,MT,1078,68123,148,,92219,35506,38.5
2022,MT,1075,68369,167,,90983,25589,28.13
2022,MT,1076,68369,140,,91229,31347,34.36
2022,MT,1077,68369,176,,91225,24695,27.07
2022,MT,1078,68369,153,,92219,29589,32.09
2022,MT,1075,75829,144,,90983,31458,34.58
2022,MT,1076,75829,159,,91229,29594,32.44
2022,MT,1077,75829,162,,91225,29692,32.55
2022,MT,1078,75829,174,,92219,28067,30.44
2022,MT,1075,82581,165,,90983,17381,19.1
2022,MT,1076,82581,138,,91229,19537,21.42
2022,MT,1077,82581,174,,91225,16935,18.56
2022,MT,1078,82581,151,,92219,18670,20.25
2022,MT,1075,85013,159,,90983,21316,23.43
2022,MT,1076,85013,177,,91229,21323,23.37
2022,MT,1077,85013,143,,91225,21983,24.1
2022,MT,1078,85013,159,,92219,21989,23.84
2022,MT,1075,85228,152,,90983,21447,23.57
2022,MT,1076,85228,171,,91229,21904,24.01
2022,MT,1077,85228,137,,91225,23145,25.37
2022,MT,1078,85228,165,,92219,21383,23.19
2022,MT,1075,85343,150,,90983,13217,14.53
2022,MT,1076,85343,174,,91229,13685,15.0
2022,MT,1077,85343,156,,91225,13830,15.16
2022,MT,1078,85343,168,,92219,13902,15.07
2022,MT,1075,85588,179,,90983,58836,64.67
2022,MT,1076,85588,164,,91229,61456,67.36
2022,MT,1077,85588,148,,91225,65931,72.27
2022,MT,1078,85588,136,,92219,70460,76.41
2022,MT,1075,86466,153,,90983,22057,24.24
2022,MT,1076,86466,148,,91229,20909,22.92
2022,MT,1077,86466,138,,91225,21412,23.47
2022,MT,1078,86466,161,,92219,22692,24.61
2022,MT,1075,86499,142,,90983,18030,19.82
2022,MT,1076,86499,157,,91229,19137,20.98
2022,MT,1077,86499,160,,91225,18577,20.36
2022,MT,1078,86499,172,,92219,18813,20.4
2022,MT,1075,86840,137,,90983,28710,31.56
2022,MT,1076,86840,152,,91229,27229,29.85
2022,MT,1077,86840,158,,91225,26971,29.57
2022,MT,1078,86840,179,,92219,26821,29.08
2022,MT,1075,89637,141,,90983,6893,7.58
2022,MT,1076,89637,162,,91229,8293,9.09
2022,MT,1077,89637,146,,91225,7599,8.33
2022,MT,1078,89637,177,,92219,8939,9.69
2022,MT,1075,95509,146,,90983,16833,18.5
2022,MT,1076,95509,155,,91229,15462,16.95
2022,MT,1077,95509,167,,91225,14692,16.11
2022,MT,1078,95509,170,,92219,14856,16.11
2022,MT,1075,95676,177,,90983,51557,56.67
2022,MT,1076,95676,146,,91229,59509,65.23
2022,MT,1077,95676,179,,91225,52023,57.03
2022,MT,1078,95676,140,,92219,61821,67.04
2022,MT,1075,96315,171,,90983,44951,49.41
2022,MT,1076,96315,166,,91229,47402,51.96
2022,MT,1077,96315,150,,91225,51362,56.3
2022,MT,1078,96315,142,,92219,55954,60.68
2022,MT,1075,97590,136,,90983,18797,20.66
2022,MT,1076,97590,151,,91229,19026,20.86
2022,MT,1077,97590,157,,91225,18877,20.69
2022,MT,1078,97590,178,,92219,18040,19.56
2022,MT,1075,111516,162,,90983,36439,40.05
2022,MT,1076,111516,180,,91229,34138,37.42
2022,MT,1077,111516,165,,91225,36760,40.3
2022,MT,1078,111516,156,,92219,39697,43.05
2022,MT,1075,111738,149,,90983,27723,30.47
2022,MT,1076,111738,173,,91229,27578,30.23
2022,MT,1077,111738,155,,91225,27578,30.23
2022,MT,1078,111738,167,,92219,28035,30.4
2022,MT,1075,117651,145,,90983,29774,32.72
2022,MT,1076,117651,154,,91229,28793,31.56
2022,MT,1077,117651,166,,91225,26543,29.1
2022,MT,1078,117651,169,,92219,26115,28.32
2022,MT,1075,117742,172,,90983,30564,33.59
2022,MT,1076,117742,167,,91229,31395,34.41
2022,MT,1077,117742,151,,91225,33204,36.4
2022,MT,1078,117742,143,,92219,38907,42.19
2022,MT,1075,117820,147,,90983,25409,27.93
2022,MT,1076,117820,156,,91229,25702,28.17
2022,MT,1077,117820,168,,91225,25176,27.6
2022,MT,1078,117820,171,,92219,25235,27.36
2022,MT,1075,117877,164,,90983,32646,35.88
2022,MT,1076,117877,137,,91229,37180,40.75
2022,MT,1077,117877,173,,91225,32210,35.31
2022,MT,1078,117877,150,,92219,35622,38.63
2022,MT,1075,117886,176,,90983,17458,19.19
2022,MT,1076,117886,145,,91229,18429,20.2
2022,MT,1077,117886,178,,91225,18385,20.15
2022,MT,1078,117886,139,,92219,18406,19.96
2022,MT,1075,117973,139,,90983,21699,23.85
2022,MT,1076,117973,160,,91229,21297,23.34
2022,MT,1077,117973,144,,91225,21563,23.64
2022,MT,1078,117973,175,,92219,20360,22.08
2023,CH,1191,28657,80,,107388,45952,42.79
2023,CH,1192,28657,70,,107693,46825,43.48
2023,CH,1193,28657,52,,107463,49314,45.89
2023,CH,1194,28657,71,,108362,46059,42.5
2023,CH,1191,48747,59,,107388,71582,66.66
2023,CH,1192,48747,49,,107693,74482,69.16
2023,CH,1193,48747,58,,107463,72166,67.15
2023,CH,1194,48747,88,,108362,67294,62.1
2023,CH,1191,48754,55,,107388,61932,57.67
2023,CH,1192,48754,76,,107693,59258,55.02
2023,CH,1193,48754,46,,107463,64932,60.42
2023,CH,1194,48754,58,,108362,65133,60.11
2023,CH,1191,63635,51,,107388,43733,40.72
2023,CH,1192,63635,72,,107693,43947,40.81
2023,CH,1193,63635,81,,107463,42020,39.1
2023,CH,1194,63635,62,,108362,43645,40.28
2023,CH,1191,95744,70,,107388,53040,49.39
2023,CH,1192,95744,56,,107693,53331,49.52
2023,CH,1193,95744,69,,107463,51854,48.25
2023,CH,1194,95744,80,,108362,49930,46.08
2023,CH,1191,118063,68,,107388,77562,72.23
2023,CH,1192,118063,89,,107693,73448,68.2
2023,CH,1193,118063,67,,107463,76263,70.97
2023,CH,1194,118063,48,,108362,81274,75.0
2023,CH,1191,125684,82,,107388,61664,57.42
2023,CH,1192,125684,60,,107693,67323,62.51
2023,CH,1193,125684,62,,107463,67514,62.83
2023,CH,1194,125684,77,,108362,63806,58.88
2023,CH,1191,125687,47,,107388,63155,58.81
2023,CH,1192,125687,80,,107693,58570,54.39
2023,CH,1193,125687,88,,107463,55285,51.45
2023,CH,1194,125687,55,,108362,59920,55.3
2023,CH,1191,125719,57,,107388,58050,54.06
2023,CH,1192,125719,78,,107693,54792,50.88
2023,CH,1193,125719,48,,107463,58498,54.44
2023,CH,1194,125719,60,,108362,58540,54.02
2023,CH,1191,140166,66,,107388,93082,86.68
2023,CH,1192,140166,87,,107693,89189,82.82
2023,CH,1193,140166,65,,107463,92680,86.24
2023,CH,1194,140166,46,,108362,99599,91.91
2023,CH,1191,140194,52,,107388,44086,41.05
2023,CH,1192,140194,73,,107693,40209,37.34
2023,CH,1193,140194,82,,107463,40039,37.26
2023,CH,1194,140194,63,,108362,42268,39.01
2023,CH,1191,140214,74,,107388,59173,55.1
2023,CH,1192,140214,53,,107693,62365,57.91
2023,CH,1193,140214,54,,107463,61873,57.58
2023,CH,1194,140214,84,,108362,56935,52.54
2023,CH,1191,140376,58,,107388,72103,67.14
2023,CH,1192,140376,48,,107693,75016,69.66
2023,CH,1193,140376,57,,107463,73613,68.5
2023,CH,1194,140376,87,,108362,65804,60.73
2023,CH,1191,140430,78,,107388,33389,31.09
2023,CH,1192,140430,68,,107693,32738,30.4
2023,CH,1193,140430,50,,107463,33305,30.99
2023,CH,1194,140430,69,,108362,34764,32.08
2023,CH,1191,140440,61,,107388,86287,80.35
2023,CH,1192,140440,51,,107693,89955,83.53
2023,CH,1193,140440,60,,107463,87718,81.63
2023,CH,1194,140440,90,,108362,83678,77.22
2023,CH,1191,140453,48,,107388,45732,42.59
2023,CH,1192,140453,81,,107693,42325,39.3
2023,CH,1193,140453,89,,107463,41372,38.5
2023,CH,1194,140453,56,,108362,45164,41.68
2023,CH,1191,140468,87,,107388,54178,50.45
2023,CH,1192,140468,65,,107693,58167,54.01
2023,CH,1193,140468,78,,107463,54530,50.74
2023,CH,1194,140468,74,,108362,56200,51.86
2023,CH,1191,140476,85,,107388,34702,32.31
2023,CH,1192,140476,63,,107693,37086,34.44
2023,CH,1193,140476,76,,107463,34274,31.89
2023,CH,1194,140476,72,,108362,35628,32.88
2023,CH,1191,140499,67,,107388,76441,71.18
2023,CH,1192,140499,88,,107693,72305,67.14
2023,CH,1193,140499,66,,107463,75889,70.62
2023,CH,1194,140499,47,,108362,82759,76.37
2023,CH,1191,140534,76,,107388,64873,60.41
2023,CH,1192,140534,55,,107693,67424,62.61
2023,CH,1193,140534,56,,107463,67026,62.37
2023,CH,1194,140534,86,,108362,64581,59.6
2023,CH,1191,140543,77,,107388,50306,46.85
2023,CH,1192,140543,67,,107693,50364,46.77
2023,CH,1193,140543,49,,107463,53867,50.13
2023,CH,1194,140543,68,,108362,51190,47.24
2023,CH,1191,140571,90,,107388,38520,35.87
2023,CH,1192,140571,47,,107693,39741,36.9
2023,CH,1193,140571,86,,107463,38281,35.62
2023,CH,1194,140571,67,,108362,38657,35.67
2023,CH,1191,140581,49,,107388,59140,55.07
2023,CH,1192,140581,82,,107693,52967,49.18
2023,CH,1193,140581,90,,107463,54346,50.57
2023,CH,1194,140581,57,,108362,58530,54.01
2023,CH,1191,140592,79,,107388,25820,24.04
2023,CH,1192,140592,69,,107693,25844,24.0
2023,CH,1193,140592,51,,107463,25550,23.78
2023,CH,1194,140592,70,,108362,26502,24.46
2023,CH,1191,140612,46,,107388,74766,69.62
2023,CH,1192,140612,79,,107693,76900,71.41
2023,CH,1193,140612,87,,107463,73523,68.42
2023,CH,1194,140612,54,,108362,74801,69.03
2023,CH,1191,140657,73,,107388,50514,47.04
2023,CH,1192,140657,52,,107693,54146,50.28
2023,CH,1193,140657,53,,107463,52409,48.77
2023,CH,1194,140657,83,,108362,50104,46.24
2023,CH,1191,140674,69,,107388,74766,69.62
2023,CH,1192,140674,90,,107693,72545,67.36
2023,CH,1193,140674,68,,107463,73566,68.46
2023,CH,1194,140674,49,,108362,76674,70.76
2023,CH,1191,140815,83,,107388,57564,53.6
2023,CH,1192,140815,61,,107693,59686,55.42
2023,CH,1193,140815,63,,107463,60411,56.22
2023,CH,1194,140815,78,,108362,58814,54.28
2023,CH,1191,140819,71,,107388,33006,30.74
2023,CH,1192,140819,57,,107693,31792,29.52
2023,CH,1193,140819,70,,107463,31870,29.66
2023,CH,1194,140819,81,,108362,31142,28.74
2023,CH,1191,141022,86,,107388,45656,42.51
2023,CH,1192,141022,64,,107693,48219,44.77
2023,CH,1193,141022,77,,107463,45243,42.1
2023,CH,1194,141022,73,,108362,46528,42.94
2023,CH,1191,141046,72,,107388,69988,65.17
2023,CH,1192,141046,58,,107693,73471,68.22
2023,CH,1193,141046,71,,107463,71156,66.21
2023,CH,1194,141046,82,,108362,69915,64.52
2023,CH,1191,141049,60,,107388,69544,64.76
2023,CH,1192,141049,50,,107693,71993,66.85
2023,CH,1193,141049,59,,107463,71067,66.13
2023,CH,1194,141049,89,,108362,67729,62.5
2023,CH,1191,141051,88,,107388,30751,28.64
2023,CH,1192,141051,66,,107693,31320,29.08
2023,CH,1193,141051,79,,107463,30913,28.77
2023,CH,1194,141051,75,,108362,30475,28.12
2023,CH,1191,141104,65,,107388,62827,58.5
2023,CH,1192,141104,86,,107693,58605,54.42
2023,CH,1193,141104,75,,107463,60370,56.18
2023,CH,1194,141104,53,,108362,64674,59.68
2023,CH,1191,141106,50,,107388,34457,32.09
2023,CH,1192,141106,71,,107693,34187,31.74
2023,CH,1193,141106,80,,107463,35079,32.64
2023,CH,1194,141106,61,,108362,35655,32.9
2023,CH,1191,141113,64,,107388,69837,65.03
2023,CH,1192,141113,85,,107693,67931,63.08
2023,CH,1193,141113,74,,107463,70415,65.52
2023,CH,1194,141113,52,,108362,71629,66.1
2023,CH,1191,141118,62,,107388,65590,61.08
2023,CH,1192,141118,83,,107693,60714,56.38
2023,CH,1193,141118,72,,107463,63430,59.02
2023,CH,1194,141118,50,,108362,70963,65.49
2023,CH,1191,141123,84,,107388,37115,34.56
2023,CH,1192,141123,62,,107693,40448,37.56
2023,CH,1193,141123,64,,107463,38846,36.15
2023,CH,1194,141123,79,,108362,37464,34.57
2023,CH,1191,141131,53,,107388,54301,50.57
2023,CH,1192,141131,74,,107693,53783,49.94
2023,CH,1193,141131,83,,107463,52935,49.26
2023,CH,1194,141131,64,,108362,54449,50.25
2023,CH,1191,141136,54,,107388,36852,34.32
2023,CH,1192,141136,75,,107693,33968,31.54
2023,CH,1193,141136,84,,107463,34082,31.72
2023,CH,1194,141136,65,,108362,35929,33.16
2023,CH,1191,141142,89,,107388,89287,83.14
2023,CH,1192,141142,46,,107693,92226,85.64
2023,CH,1193,141142,85,,107463,89433,83.22
2023,CH,1194,141142,66,,108362,92183,85.07
2023,CH,1191,141350,81,,107388,30837,28.72
2023,CH,1192,141350,59,,107693,33860,31.44
2023,CH,1193,141350,61,,107463,34513,32.12
2023,CH,1194,141350,76,,108362,34276,31.63
2023,CH,1191,141363,63,,107388,54702,50.94
2023,CH,1192,141363,84,,107693,51611,47.92
2023,CH,1193,141363,73,,107463,52135,48.51
2023,CH,1194,141363,51,,108362,56901,52.51
2023,CH,1191,141383,75,,107388,85628,79.74
2023,CH,1192,141383,54,,107693,88903,82.55
2023,CH,1193,141383,55,,107463,87896,81.79
2023,CH,1194,141383,85,,108362,84499,77.98
2023,CH,1191,141388,56,,107388,56611,52.72
2023,CH,1192,141388,77,,107693,56655,52.61
2023,CH,1193,141388,47,,107463,57987,53.96
2023,CH,1194,141388,59,,108362,59281,54.71
2023,CN,1221,12018,107,,102132,26203,25.66
2023,CN,1222,12018,100,,102293,24942,24.38
2023,CN,1223,12018,118,,103186,25219,24.44
2023,CN,1224,12018,92,,102489,26421,25.78
2023,CN,1221,26042,135,,102132,21762,21.31
2023,CN,1222,26042,114,,102293,22240,21.74
2023,CN,1223,26042,97,,103186,21927,21.25
2023,CN,1224,26042,112,,102489,21961,21.43
2023,CN,1221,40724,128,,102132,78702,77.06
2023,CN,1222,40724,115,,102293,78780,77.01
2023,CN,1223,40724,91,,103186,83880,81.29
2023,CN,1224,40724,113,,102489,80123,78.18
2023,CN,1221,43890,133,,102132,21139,20.7
2023,CN,1222,43890,112,,102293,19894,19.45
2023,CN,1223,43890,95,,103186,23006,22.3
2023,CN,1224,43890,110,,102489,19950,19.47
2023,CN,1221,47231,120,,102132,11106,10.87
2023,CN,1222,47231,98,,102293,10685,10.45
2023,CN,1223,47231,108,,103186,11756,11.39
2023,CN,1224,47231,128,,102489,12004,11.71
2023,CN,1221,47317,121,,102132,29190,28.58
2023,CN,1222,47317,94,,102293,30406,29.72
2023,CN,1223,47317,104,,103186,28157,27.29
2023,CN,1224,47317,129,,102489,28329,27.64
2023,CN,1221,48492,95,,102132,32298,31.62
2023,CN,1222,48492,127,,102293,30775,30.09
2023,CN,1223,48492,134,,103186,29836,28.91
2023,CN,1224,48492,104,,102489,31597,30.83
2023,CN,1221,48641,102,,102132,31550,30.89
2023,CN,1222,48641,108,,102293,32235,31.51
2023,CN,1223,48641,122,,103186,33677,32.64
2023,CN,1224,48641,132,,102489,32136,31.36
2023,CN,1221,54162,111,,102132,24782,24.26
2023,CN,1222,54162,91,,102293,25239,24.67
2023,CN,1223,54162,114,,103186,24537,23.78
2023,CN,1224,54162,123,,102489,24347,23.76
2023,CN,1221,54804,123,,102132,14629,14.32
2023,CN,1222,54804,134,,102293,15102,14.76
2023,CN,1223,54804,102,,103186,15665,15.18
2023,CN,1224,54804,117,,102489,15547,15.17
2023,CN,1221,60037,116,,102132,39784,38.95
2023,CN,1222,60037,132,,102293,39910,39.02
2023,CN,1223,60037,111,,103186,40992,39.73
2023,CN,1224,60037,97,,102489,40069,39.1
2023,CN,1221,60332,129,,102132,12683,12.42
2023,CN,1222,60332,116,,102293,12799,12.51
2023,CN,1223,60332,92,,103186,11124,10.78
2023,CN,1224,60332,114,,102489,12733,12.42
2023,CN,1221,60689,118,,102132,29683,29.06
2023,CN,1222,60689,96,,102293,31741,31.03
2023,CN,1223,60689,106,,103186,31847,30.86
2023,CN,1224,60689,126,,102489,29809,29.09
2023,CN,1221,60978,104,,102132,28317,27.73
2023,CN,1222,60978,110,,102293,28509,27.87
2023,CN,1223,60978,124,,103186,28101,27.23
2023,CN,1224,60978,134,,102489,27464,26.8
2023,CN,1221,63155,96,,102132,30058,29.43
2023,CN,1222,63155,128,,102293,29522,28.86
2023,CN,1223,63155,135,,103186,29707,28.79
2023,CN,1224,63155,105,,102489,30749,30.0
2023,CN,1221,64023,125,,102132,37679,36.89
2023,CN,1222,64023,120,,102293,39271,38.39
2023,CN,1223,64023,99,,103186,39117,37.91
2023,CN,1224,64023,106,,102489,39210,38.26
2023,CN,1221,66259,124,,102132,39517,38.69
2023,CN,1222,66259,135,,102293,37152,36.32
2023,CN,1223,66259,103,,103186,41155,39.88
2023,CN,1224,66259,118,,102489,39474,38.52
2023,CN,1221,66330,94,,102132,18466,18.08
2023,CN,1222,66330,126,,102293,19015,18.59
2023,CN,1223,66330,133,,103186,19690,19.08
2023,CN,1224,66330,103,,102489,18731,18.28
2023,CN,1221,78578,110,,102132,23111,22.63
2023,CN,1222,78578,129,,102293,23811,23.28
2023,CN,1223,78578,113,,103186,23991,23.25
2023,CN,1224,78578,99,,102489,23390,22.82
2023,CN,1221,82333,117,,102132,12087,11.83
2023,CN,1222,82333,133,,102293,12807,12.52
2023,CN,1223,82333,112,,103186,11852,11.49
2023,CN,1224,82333,98,,102489,11459,11.18
2023,CN,1221,82446,113,,102132,10274,10.06
2023,CN,1222,82446,93,,102293,9543,9.33
2023,CN,1223,82446,116,,103186,10681,10.35
2023,CN,1224,82446,125,,102489,11096,10.83
2023,CN,1221,82754,103,,102132,21613,21.16
2023,CN,1222,82754,109,,102293,21978,21.49
2023,CN,1223,82754,123,,103186,22394,21.7
2023,CN,1224,82754,133,,102489,21544,21.02
2023,CN,1221,83378,92,,102132,94418,92.45
2023,CN,1222,83378,124,,102293,91565,89.51
2023,CN,1223,83378,131,,103186,91128,88.31
2023,CN,1224,83378,101,,102489,92920,90.66
2023,CN,1221,83552,109,,102132,22364,21.9
2023,CN,1222,83552,102,,102293,22162,21.67
2023,CN,1223,83552,120,,103186,21587,20.92
2023,CN,1224,83552,94,,102489,21888,21.36
2023,CN,1221,83558,132,,102132,40109,39.27
2023,CN,1222,83558,119,,102293,42810,41.85
2023,CN,1223,83558,98,,103186,45394,43.99
2023,CN,1224,83558,109,,102489,40578,39.59
2023,CN,1221,84041,97,,102132,19379,18.97
2023,CN,1222,84041,103,,102293,19952,19.5
2023,CN,1223,84041,126,,103186,20948,20.3
2023,CN,1224,84041,119,,102489,19575,19.1
2023,CN,1221,84422,91,,102132,57352,56.15
2023,CN,1222,84422,123,,102293,53871,52.66
2023,CN,1223,84422,130,,103186,54425,52.74
2023,CN,1224,84422,100,,102489,56408,55.04
2023,CN,1221,85436,134,,102132,27962,27.38
2023,CN,1222,85436,113,,102293,29768,29.1
2023,CN,1223,85436,96,,103186,33320,32.29
2023,CN,1224,85436,111,,102489,28413,27.72
2023,CN,1221,86347,98,,102132,22782,22.31
2023,CN,1222,86347,104,,102293,22480,21.98
2023,CN,1223,86347,127,,103186,22739,22.04
2023,CN,1224,86347,120,,102489,23371,22.8
2023,CN,1221,87721,105,,102132,42240,41.36
2023,CN,1222,87721,111,,102293,41231,40.31
2023,CN,1223,87721,125,,103186,40411,39.16
2023,CN,1224,87721,135,,102489,40534,39.55
2023,CN,1221,87989,126,,102132,32218,31.55
2023,CN,1222,87989,121,,102293,32480,31.75
2023,CN,1223,87989,100,,103186,32259,31.26
2023,CN,1224,87989,107,,102489,31650,30.88
2023,CN,1221,88557,119,,102132,29805,29.18
2023,CN,1222,88557,97,,102293,31683,30.97
2023,CN,1223,88557,107,,103186,31501,30.53
2023,CN,1224,88557,127,,102489,29660,28.94
2023,CN,1221,89769,99,,102132,12033,11.78
2023,CN,1222,89769,105,,102293,12402,12.12
2023,CN,1223,89769,128,,103186,11817,11.45
2023,CN,1224,89769,121,,102489,11553,11.27
2023,CN,1221,97149,114,,102132,40640,39.79
2023,CN,1222,97149,130,,102293,40115,39.22
2023,CN,1223,97149,109,,103186,38889,37.69
2023,CN,1224,97149,95,,102489,40755,39.77
2023,CN,1221,97767,122,,102132,18740,18.35
2023,CN,1222,97767,95,,102293,17580,17.19
2023,CN,1223,97767,105,,103186,18413,17.84
2023,CN,1224,97767,130,,102489,18982,18.52
2023,CN,1221,97813,127,,102132,17140,16.78
2023,CN,1222,97813,122,,102293,16971,16.59
2023,CN,1223,97813,101,,103186,15799,15.31
2023,CN,1224,97813,108,,102489,16249,15.85
2023,CN,1221,111466,112,,102132,21646,21.19
2023,CN,1222,111466,92,,102293,19974,19.53
2023,CN,1223,111466,115,,103186,21602,20.94
2023,CN,1224,111466,124,,102489,21529,21.01
2023,CN,1221,111665,100,,102132,31529,30.87
2023,CN,1222,111665,106,,102293,30847,30.16
2023,CN,1223,111665,129,,103186,28967,28.07
2023,CN,1224,111665,122,,102489,29600,28.88
2023,CN,1221,117631,131,,102132,55491,54.33
2023,CN,1222,117631,118,,102293,55878,54.63
2023,CN,1223,117631,94,,103186,60871,58.99
2023,CN,1224,117631,116,,102489,57903,56.5
2023,CN,1221,117711,101,,102132,18538,18.15
2023,CN,1222,117711,107,,102293,16303,15.94
2023,CN,1223,117711,121,,103186,16604,16.09
2023,CN,1224,117711,131,,102489,16424,16.03
2023,CN,1221,117823,108,,102132,11850,11.6
2023,CN,1222,117823,101,,102293,11752,11.49
2023,CN,1223,117823,119,,103186,12625,12.24
2023,CN,1224,117823,93,,102489,10801,10.54
2023,CN,1221,117866,115,,102132,19292,18.89
2023,CN,1222,117866,131,,102293,20172,19.72
2023,CN,1223,117866,110,,103186,21468,20.81
2023,CN,1224,117866,96,,102489,19812,19.33
2023,CN,1221,117887,93,,102132,57116,55.92
2023,CN,1222,117887,125,,102293,56067,54.81
2023,CN,1223,117887,132,,103186,54629,52.94
2023,CN,1224,117887,102,,102489,56921,55.54
2023,CN,1221,126604,130,,102132,52878,51.77
2023,CN,1222,126604,117,,102293,56284,55.02
2023,CN,1223,126604,93,,103186,58208,56.41
2023,CN,1224,126604,115,,102489,56029,54.67
2023,CN,1221,141723,106,,102132,41556,40.69
2023,CN,1222,141723,99,,102293,42042,41.1
2023,CN,1223,141723,117,,103186,41482,40.2
2023,CN,1224,141723,91,,102489,40220,39.24
2023,LC,1201,15035,5,Espanhol,27090,17022,62.83
2023,LC,1202,15035,3,Espanhol,27116,16713,61.64
2023,LC,1203,15035,3,Espanhol,27595,17663,64.01
2023,LC,1204,15035,1,Espanhol,27333,17963,65.72
2023,LC,1201,16384,43,,107388,46206,43.03
2023,LC,1202,16384,26,,107693,44735,41.54
2023,LC,1203,16384,6,,108362,52196,48.17
2023,LC,1204,16384,32,,107463,49322,45.9
2023,LC,1201,40390,44,,107388,100051,93.17
2023,LC,1202,40390,27,,107693,102291,94.98
2023,LC,1203,40390,7,,108362,103408,95.43
2023,LC,1204,40390,33,,107463,101027,94.01
2023,LC,1201,88031,9,,107388,34008,31.67
2023,LC,1202,88031,9,,107693,32023,29.74
2023,LC,1203,88031,38,,108362,31053,28.66
2023,LC,1204,88031,43,,107463,29521,27.47
2023,LC,1201,97007,39,,107388,42357,39.44
2023,LC,1202,97007,29,,107693,46750,43.41
2023,LC,1203,97007,9,,108362,49151,45.36
2023,LC,1204,97007,35,,107463,42795,39.82
2023,LC,1201,111887,10,,107388,74211,69.11
2023,LC,1202,111887,10,,107693,74529,69.21
2023,LC,1203,111887,39,,108362,66855,61.7
2023,LC,1204,111887,44,,107463,64350,59.88
2023,LC,1201,118195,15,,107388,76494,71.23
2023,LC,1202,118195,34,,107693,72735,67.54
2023,LC,1203,118195,37,,108362,73188,67.54
2023,LC,1204,118195,20,,107463,76969,71.62
2023,LC,1201,118301,11,,107388,78826,73.4
2023,LC,1202,118301,11,,107693,79837,74.13
2023,LC,1203,118301,40,,108362,72959,67.33
2023,LC,1204,118301,45,,107463,72125,67.12
2023,LC,1201,120115,17,,107388,63502,59.13
2023,LC,1202,120115,38,,107693,55392,51.44
2023,LC,1203,120115,34,,108362,56594,52.23
2023,LC,1204,120115,22,,107463,61994,57.69
2023,LC,1201,120648,34,,107388,25600,23.84
2023,LC,1202,120648,21,,107693,27517,25.55
2023,LC,1203,120648,19,,108362,29670,27.38
2023,LC,1204,120648,8,,107463,30548,28.43
2023,LC,1201,140595,2,Inglês,80298,22457,27.97
2023,LC,1202,140595,2,Inglês,80577,24555,30.47
2023,LC,1203,140595,1,Inglês,80767,24108,29.85
2023,LC,1204,140595,5,Inglês,80130,22279,27.8
2023,LC,1201,140649,4,Espanhol,27090,10690,39.46
2023,LC,1202,140649,2,Espanhol,27116,11442,42.2
2023,LC,1203,140649,1,Espanhol,27595,11132,40.34
2023,LC,1204,140649,3,Espanhol,27333,11278,41.26
2023,LC,1201,140732,5,Inglês,80298,63636,79.25
2023,LC,1202,140732,1,Inglês,80577,59643,74.02
2023,LC,1203,140732,4,Inglês,80767,63886,79.1
2023,LC,1204,140732,2,Inglês,80130,62810,78.39
2023,LC,1201,140736,3,Inglês,80298,32600,40.6
2023,LC,1202,140736,4,Inglês,80577,33148,41.14
2023,LC,1203,140736,2,Inglês,80767,32922,40.76
2023,LC,1204,140736,1,Inglês,80130,32869,41.02
2023,LC,1201,140743,1,Inglês,80298,70056,87.25
2023,LC,1202,140743,3,Inglês,80577,69815,86.64
2023,LC,1203,140743,3,Inglês,80767,70562,87.36
2023,LC,1204,140743,4,Inglês,80130,68680,85.71
2023,LC,1201,140765,1,Espanhol,27090,12508,46.17
2023,LC,1202,140765,5,Espanhol,27116,13202,48.69
2023,LC,1203,140765,2,Espanhol,27595,13475,48.83
2023,LC,1204,140765,4,Espanhol,27333,13036,47.69
2023,LC,1201,140785,4,Inglês,80298,56055,69.81
2023,LC,1202,140785,5,Inglês,80577,56223,69.78
2023,LC,1203,140785,5,Inglês,80767,56820,70.35
2023,LC,1204,140785,3,Inglês,80130,55938,69.81
2023,LC,1201,140847,22,,107388,75168,70.0
2023,LC,1202,140847,6,,107693,77853,72.29
2023,LC,1203,140847,27,,108362,70026,64.62
2023,LC,1204,140847,29,,107463,69569,64.74
2023,LC,1201,140857,24,,107388,80218,74.7
2023,LC,1202,140857,8,,107693,78517,72.91
2023,LC,1203,140857,29,,108362,80096,73.92
2023,LC,1204,140857,31,,107463,78197,72.77
2023,LC,1201,140858,31,,107388,41699,38.83
2023,LC,1202,140858,14,,107693,46511,43.19
2023,LC,1203,140858,22,,108362,45750,42.22
2023,LC,1204,140858,28,,107463,42504,39.55
2023,LC,1201,140869,20,,107388,37585,35.0
2023,LC,1202,140869,41,,107693,34587,32.12
2023,LC,1203,140869,31,,108362,34274,31.63
2023,LC,1204,140869,13,,107463,39099,36.38
2023,LC,1201,140880,25,,107388,51337,47.81
2023,LC,1202,140880,15,,107693,53140,49.34
2023,LC,1203,140880,23,,108362,53139,49.04
2023,LC,1204,140880,39,,107463,47717,44.4
2023,LC,1201,140884,7,,107388,58623,54.59
2023,LC,1202,140884,44,,107693,55653,51.68
2023,LC,1203,140884,42,,108362,55990,51.67
2023,LC,1204,140884,10,,107463,56951,53.0
2023,LC,1201,140885,30,,107388,63128,58.78
2023,LC,1202,140885,13,,107693,70242,65.22
2023,LC,1203,140885,21,,108362,68317,63.05
2023,LC,1204,140885,27,,107463,64481,60.0
2023,LC,1201,140899,14,,107388,46073,42.9
2023,LC,1202,140899,33,,107693,45927,42.65
2023,LC,1203,140899,36,,108362,44333,40.91
2023,LC,1204,140899,19,,107463,47130,43.86
2023,LC,1201,140905,18,,107388,19127,17.81
2023,LC,1202,140905,39,,107693,18020,16.73
2023,LC,1203,140905,35,,108362,19541,18.03
2023,LC,1204,140905,23,,107463,19461,18.11
2023,LC,1201,140918,16,,107388,58741,54.7
2023,LC,1202,140918,37,,107693,56198,52.18
2023,LC,1203,140918,33,,108362,56905,52.51
2023,LC,1204,140918,21,,107463,57898,53.88
2023,LC,1201,140920,45,,107388,53495,49.81
2023,LC,1202,140920,28,,107693,55855,51.87
2023,LC,1203,140920,8,,108362,59452,54.86
2023,LC,1204,140920,34,,107463,55749,51.88
2023,LC,1201,140942,21,,107388,66600,62.02
2023,LC,1202,140942,42,,107693,62078,57.64
2023,LC,1203,140942,32,,108362,64074,59.13
2023,LC,1204,140942,14,,107463,66884,62.24
2023,LC,1201,140944,29,,107388,26418,24.6
2023,LC,1202,140944,12,,107693,24130,22.41
2023,LC,1203,140944,20,,108362,26069,24.06
2023,LC,1204,140944,26,,107463,27244,25.35
2023,LC,1201,140949,13,,107388,52212,48.62
2023,LC,1202,140949,36,,107693,46701,43.36
2023,LC,1203,140949,45,,108362,44636,41.19
2023,LC,1204,140949,25,,107463,46327,43.11
2023,LC,1201,140959,26,,107388,10895,10.15
2023,LC,1202,140959,16,,107693,11362,10.55
2023,LC,1203,140959,24,,108362,11759,10.85
2023,LC,1204,140959,40,,107463,12161,11.32
2023,LC,1201,140987,23,,107388,19573,18.23
2023,LC,1202,140987,7,,107693,21960,20.39
2023,LC,1203,140987,28,,108362,19422,17.92
2023,LC,1204,140987,30,,107463,18115,16.86
2023,LC,1201,141201,37,,107388,41706,38.84
2023,LC,1202,141201,24,,107693,43087,40.01
2023,LC,1203,141201,15,,108362,44044,40.65
2023,LC,1204,141201,17,,107463,45440,42.28
2023,LC,1201,141204,41,,107388,77645,72.3
2023,LC,1202,141204,31,,107693,80902,75.12
2023,LC,1203,141204,11,,108362,85429,78.84
2023,LC,1204,141204,37,,107463,79087,73.59
2023,LC,1201,141212,40,,107388,58767,54.72
2023,LC,1202,141212,30,,107693,61856,57.44
2023,LC,1203,141212,10,,108362,67569,62.35
2023,LC,1204,141212,36,,107463,59037,54.94
2023,LC,1201,141214,38,,107388,82374,76.71
2023,LC,1202,141214,25,,107693,84637,78.59
2023,LC,1203,141214,16,,108362,85555,78.95
2023,LC,1204,141214,18,,107463,84967,79.07
2023,LC,1201,141229,32,,107388,30911,28.78
2023,LC,1202,141229,19,,107693,32267,29.96
2023,LC,1203,141229,17,,108362,34461,31.8
2023,LC,1204,141229,6,,107463,37409,34.81
2023,LC,1201,141233,6,,107388,62722,58.41
2023,LC,1202,141233,43,,107693,56261,52.24
2023,LC,1203,141233,41,,108362,57041,52.64
2023,LC,1204,141233,9,,107463,64328,59.86
2023,LC,1201,141239,33,,107388,38674,36.01
2023,LC,1202,141239,20,,107693,39860,37.01
2023,LC,1203,141239,18,,108362,38670,35.69
2023,LC,1204,141239,7,,107463,39189,36.47
2023,LC,1201,141243,35,,107388,80715,75.16
2023,LC,1202,141243,22,,107693,84216,78.2
2023,LC,1203,141243,13,,108362,87402,80.66
2023,LC,1204,141243,15,,107463,85750,79.79
2023,LC,1201,141260,36,,107388,42740,39.8
2023,LC,1202,141260,23,,107693,44817,41.62
2023,LC,1203,141260,14,,108362,50771,46.85
2023,LC,1204,141260,16,,107463,47684,44.37
2023,LC,1201,141443,8,,107388,63576,59.2
2023,LC,1202,141443,45,,107693,55735,51.75
2023,LC,1203,141443,43,,108362,56571,52.21
2023,LC,1204,141443,11,,107463,64054,59.61
2023,LC,1201,141448,28,,107388,67200,62.58
2023,LC,1202,141448,18,,107693,71263,66.17
2023,LC,1203,141448,26,,108362,69838,64.45
2023,LC,1204,141448,42,,107463,64448,59.97
2023,LC,1201,141474,19,,107388,77535,72.2
2023,LC,1202,141474,40,,107693,71971,66.83
2023,LC,1203,141474,30,,108362,78245,72.21
2023,LC,1204,141474,12,,107463,81208,75.57
2023,LC,1201,141707,2,Espanhol,27090,6900,25.47
2023,LC,1202,141707,1,Espanhol,27116,7362,27.15
2023,LC,1203,141707,4,Espanhol,27595,6669,24.17
2023,LC,1204,141707,5,Espanhol,27333,6829,24.98
2023,LC,1201,141715,3,Espanhol,27090,16033,59.18
2023,LC,1202,141715,4,Espanhol,27116,15217,56.12
2023,LC,1203,141715,5,Espanhol,27595,15259,55.3
2023,LC,1204,141715,2,Espanhol,27333,14401,52.69
2023,LC,1201,141776,12,,107388,53049,49.4
2023,LC,1202,141776,35,,107693,46532,43.21
2023,LC,1203,141776,44,,108362,40219,37.12
2023,LC,1204,141776,24,,107463,47216,43.94
2023,LC,1201,141802,42,,107388,80302,74.78
2023,LC,1202,141802,32,,107693,83821,77.83
2023,LC,1203,141802,12,,108362,89837,82.9
2023,LC,1204,141802,38,,107463,81020,75.39
2023,LC,1201,141814,27,,107388,69622,64.83
2023,LC,1202,141814,17,,107693,73029,67.81
2023,LC,1203,141814,25,,108362,69894,64.5
2023,LC,1204,141814,41,,107463,64680,60.19
2023,MT,1211,13725,155,,102132,42468,41.58
2023,MT,1212,13725,175,,102293,39849,38.96
2023,MT,1213,13725,142,,103186,42834,41.51
2023,MT,1214,13725,138,,102489,43326,42.27
2023,MT,1211,14366,179,,102132,63386,62.06
2023,MT,1212,14366,168,,102293,64813,63.36
2023,MT,1213,14366,148,,103186,71552,69.34
2023,MT,1214,14366,164,,102489,65733,64.14
2023,MT,1211,14389,177,,102132,43532,42.62
2023,MT,1212,14389,153,,102293,44918,43.91
2023,MT,1213,14389,164,,103186,46178,44.75
2023,MT,1214,14389,146,,102489,45382,44.28
2023,MT,1211,14410,146,,102132,27023,26.46
2023,MT,1212,14410,148,,102293,25411,24.84
2023,MT,1213,14410,170,,103186,24448,23.69
2023,MT,1214,14410,149,,102489,25003,24.4
2023,MT,1211,14887,164,,102132,76594,75.0
2023,MT,1212,14887,177,,102293,75885,74.18
2023,MT,1213,14887,138,,103186,82694,80.14
2023,MT,1214,14887,169,,102489,76646,74.78
2023,MT,1211,14994,141,,102132,42460,41.57
2023,MT,1212,14994,149,,102293,41904,40.96
2023,MT,1213,14994,165,,103186,39536,38.32
2023,MT,1214,14994,156,,102489,42159,41.14
2023,MT,1211,16795,147,,102132,32278,31.6
2023,MT,1212,16795,136,,102293,32082,31.36
2023,MT,1213,16795,175,,103186,30408,29.47
2023,MT,1214,16795,150,,102489,32906,32.11
2023,MT,1211,24523,168,,102132,17723,17.35
2023,MT,1212,24523,158,,102293,18299,17.89
2023,MT,1213,24523,156,,103186,16993,16.47
2023,MT,1214,24523,178,,102489,17826,17.39
2023,MT,1211,27119,162,,102132,58506,57.28
2023,MT,1212,27119,171,,102293,57742,56.45
2023,MT,1213,27119,145,,103186,63124,61.17
2023,MT,1214,27119,141,,102489,63077,61.55
2023,MT,1211,27330,167,,102132,30276,29.64
2023,MT,1212,27330,140,,102293,33784,33.03
2023,MT,1213,27330,174,,103186,29420,28.51
2023,MT,1214,27330,160,,102489,31604,30.84
2023,MT,1211,28932,165,,102132,23246,22.76
2023,MT,1212,28932,178,,102293,21701,21.21
2023,MT,1213,28932,139,,103186,23094,22.38
2023,MT,1214,28932,170,,102489,23153,22.59
2023,MT,1211,31650,137,,102132,53933,52.81
2023,MT,1212,31650,165,,102293,52066,50.9
2023,MT,1213,31650,151,,103186,54123,52.45
2023,MT,1214,31650,167,,102489,52008,50.74
2023,MT,1211,32176,157,,102132,47840,46.84
2023,MT,1212,32176,154,,102293,46051,45.02
2023,MT,1213,32176,159,,103186,46700,45.26
2023,MT,1214,32176,171,,102489,42714,41.68
2023,MT,1211,37441,170,,102132,12529,12.27
2023,MT,1212,37441,160,,102293,12324,12.05
2023,MT,1213,37441,158,,103186,12573,12.18
2023,MT,1214,37441,180,,102489,12054,11.76
2023,MT,1211,39385,144,,102132,29357,28.74
2023,MT,1212,39385,146,,102293,29713,29.05
2023,MT,1213,39385,168,,103186,29348,28.44
2023,MT,1214,39385,147,,102489,31073,30.32
2023,MT,1211,48324,136,,102132,32080,31.41
2023,MT,1212,48324,164,,102293,29572,28.91
2023,MT,1213,48324,150,,103186,34147,33.09
2023,MT,1214,48324,166,,102489,32239,31.46
2023,MT,1211,81742,176,,102132,41855,40.98
2023,MT,1212,81742,152,,102293,46628,45.58
2023,MT,1213,81742,163,,103186,46750,45.31
2023,MT,1214,81742,145,,102489,48739,47.56
2023,MT,1211,81743,169,,102132,56667,55.48
2023,MT,1212,81743,159,,102293,58632,57.32
2023,MT,1213,81743,157,,103186,63044,61.1
2023,MT,1214,81743,179,,102489,54393,53.07
2023,MT,1211,81946,166,,102132,43587,42.68
2023,MT,1212,81946,139,,102293,47885,46.81
2023,MT,1213,81946,173,,103186,42161,40.86
2023,MT,1214,81946,159,,102489,44417,43.34
2023,MT,1211,84857,171,,102132,33086,32.4
2023,MT,1212,84857,141,,102293,35984,35.18
2023,MT,1213,84857,178,,103186,32914,31.9
2023,MT,1214,84857,153,,102489,35718,34.85
2023,MT,1211,85504,175,,102132,30440,29.8
2023,MT,1212,85504,180,,102293,31057,30.36
2023,MT,1213,85504,137,,103186,32757,31.75
2023,MT,1214,85504,144,,102489,32930,32.13
2023,MT,1211,86360,161,,102132,27224,26.66
2023,MT,1212,86360,170,,102293,28192,27.56
2023,MT,1213,86360,144,,103186,27006,26.17
2023,MT,1214,86360,140,,102489,27743,27.07
2023,MT,1211,86783,152,,102132,19735,19.32
2023,MT,1212,86783,163,,102293,19197,18.77
2023,MT,1213,86783,155,,103186,20234,19.61
2023,MT,1214,86783,177,,102489,20137,19.65
2023,MT,1211,98278,140,,102132,25121,24.6
2023,MT,1212,98278,145,,102293,25324,24.76
2023,MT,1213,98278,172,,103186,23943,23.2
2023,MT,1214,98278,162,,102489,24637,24.04
2023,MT,1211,111446,143,,102132,37857,37.07
2023,MT,1212,111446,151,,102293,36785,35.96
2023,MT,1213,111446,167,,103186,35817,34.71
2023,MT,1214,111446,158,,102489,36499,35.61
2023,MT,1211,111754,178,,102132,25667,25.13
2023,MT,1212,111754,167,,102293,25633,25.06
2023,MT,1213,111754,147,,103186,25400,24.62
2023,MT,1214,111754,163,,102489,25129,24.52
2023,MT,1211,117633,158,,102132,27117,26.55
2023,MT,1212,117633,155,,102293,27573,26.95
2023,MT,1213,117633,160,,103186,26277,25.47
2023,MT,1214,117633,172,,102489,25493,24.87
2023,MT,1211,117634,142,,102132,21644,21.19
2023,MT,1212,117634,150,,102293,21622,21.14
2023,MT,1213,117634,166,,103186,21748,21.08
2023,MT,1214,117634,157,,102489,22086,21.55
2023,MT,1211,117706,150,,102132,46256,45.29
2023,MT,1212,117706,161,,102293,45748,44.72
2023,MT,1213,117706,153,,103186,47544,46.08
2023,MT,1214,117706,175,,102489,44868,43.78
2023,MT,1211,125884,149,,102132,32741,32.06
2023,MT,1212,125884,138,,102293,32271,31.55
2023,MT,1213,125884,177,,103186,31267,30.3
2023,MT,1214,125884,152,,102489,32979,32.18
2023,MT,1211,125888,172,,102132,35718,34.97
2023,MT,1212,125888,142,,102293,38334,37.47
2023,MT,1213,125888,179,,103186,36634,35.5
2023,MT,1214,125888,154,,102489,39077,38.13
2023,MT,1211,125902,163,,102132,11502,11.26
2023,MT,1212,125902,172,,102293,11716,11.45
2023,MT,1213,125902,146,,103186,11010,10.67
2023,MT,1214,125902,142,,102489,10800,10.54
2023,MT,1211,125929,145,,102132,35293,34.56
2023,MT,1212,125929,147,,102293,34943,34.16
2023,MT,1213,125929,169,,103186,32028,31.04
2023,MT,1214,125929,148,,102489,35415,34.55
2023,MT,1211,125933,173,,102132,30665,30.02
2023,MT,1212,125933,143,,102293,32237,31.51
2023,MT,1213,125933,180,,103186,30093,29.16
2023,MT,1214,125933,155,,102489,32149,31.37
2023,MT,1211,125935,153,,102132,69492,68.04
2023,MT,1212,125935,173,,102293,67032,65.53
2023,MT,1213,125935,140,,103186,72780,70.53
2023,MT,1214,125935,136,,102489,73603,71.82
2023,MT,1211,125969,180,,102132,51362,50.29
2023,MT,1212,125969,169,,102293,52663,51.48
2023,MT,1213,125969,149,,103186,62042,60.13
2023,MT,1214,125969,165,,102489,53619,52.32
2023,MT,1211,125977,159,,102132,50011,48.97
2023,MT,1212,125977,156,,102293,50148,49.02
2023,MT,1213,125977,161,,103186,49691,48.16
2023,MT,1214,125977,173,,102489,46202,45.08
2023,MT,1211,126028,154,,102132,24830,24.31
2023,MT,1212,126028,174,,102293,25046,24.48
2023,MT,1213,126028,141,,103186,24764,24.0
2023,MT,1214,126028,137,,102489,24285,23.7
2023,MT,1211,126039,174,,102132,72824,71.3
2023,MT,1212,126039,179,,102293,73235,71.59
2023,MT,1213,126039,136,,103186,82927,80.37
2023,MT,1214,126039,143,,102489,81685,79.7
2023,MT,1211,141513,156,,102132,70886,69.41
2023,MT,1212,141513,176,,102293,69221,67.67
2023,MT,1213,141513,143,,103186,73170,70.91
2023,MT,1214,141513,139,,102489,71884,70.14
2023,MT,1211,141540,160,,102132,23639,23.15
2023,MT,1212,141540,157,,102293,23834,23.3
2023,MT,1213,141540,162,,103186,23710,22.98
2023,MT,1214,141540,174,,102489,23901,23.32
2023,MT,1211,141566,148,,102132,32615,31.93
2023,MT,1212,141566,137,,102293,34294,33.53
2023,MT,1213,141566,176,,103186,31340,30.37
2023,MT,1214,141566,151,,102489,33110,32.31
2023,MT,1211,141567,139,,102132,38703,37.9
2023,MT,1212,141567,144,,102293,37873,37.02
2023,MT,1213,141567,171,,103186,34193,33.14
2023,MT,1214,141567,161,,102489,34532,33.69
2023,MT,1211,141570,151,,102132,61134,59.86
2023,MT,1212,141570,162,,102293,59378,58.05
2023,MT,1213,141570,154,,103186,63097,61.15
2023,MT,1214,141570,176,,102489,57828,56.42
2023,MT,1211,141582,138,,102132,25599,25.06
2023,MT,1212,141582,166,,102293,24426,23.88
2023,MT,1213,141582,152,,103186,25065,24.29
2023,MT,1214,141582,168,,102489,24187,23.6
2024,CH,1383,44318,90,,121742,47902,39.35
2024,CH,1384,44318,72,,121959,47558,39.0
2024,CH,1385,44318,68,,121685,47276,38.85
2024,CH,1386,44318,49,,122639,48079,39.2
2024,CH,1383,67577,70,,121742,63392,52.07
2024,CH,1384,67577,88,,121959,60081,49.26
2024,CH,1385,67577,58,,121685,70730,58.13
2024,CH,1386,67577,59,,122639,69285,56.5
2024,CH,1383,82093,65,,121742,63522,52.18
2024,CH,1384,82093,52,,121959,63408,51.99
2024,CH,1385,82093,87,,121685,60998,50.13
2024,CH,1386,82093,76,,122639,61614,50.24
2024,CH,1383,85551,83,,121742,57480,47.21
2024,CH,1384,85551,76,,121959,58894,48.29
2024,CH,1385,85551,72,,121685,59835,49.17
2024,CH,1386,85551,53,,122639,65483,53.39
2024,CH,1383,86938,81,,121742,74097,60.86
2024,CH,1384,86938,74,,121959,72717,59.62
2024,CH,1385,86938,70,,121685,74242,61.01
2024,CH,1386,86938,51,,122639,77699,63.36
2024,CH,1383,88833,55,,121742,60828,49.96
2024,CH,1384,88833,66,,121959,57206,46.91
2024,CH,1385,88833,50,,121685,64854,53.3
2024,CH,1386,88833,63,,122639,61173,49.88
2024,CH,1383,98152,79,,121742,50389,41.39
2024,CH,1384,98152,78,,121959,49826,40.85
2024,CH,1385,98152,77,,121685,52188,42.89
2024,CH,1386,98152,77,,122639,53666,43.76
2024,CH,1383,111879,69,,121742,93502,76.8
2024,CH,1384,111879,87,,121959,90042,73.83
2024,CH,1385,111879,57,,121685,96943,79.67
2024,CH,1386,111879,58,,122639,97444,79.46
2024,CH,1383,118064,66,,121742,59691,49.03
2024,CH,1384,118064,84,,121959,60310,49.45
2024,CH,1385,118064,46,,121685,61819,50.8
2024,CH,1386,118064,80,,122639,61599,50.23
2024,CH,1383,125718,60,,121742,45994,37.78
2024,CH,1384,125718,59,,121959,44853,36.78
2024,CH,1385,125718,75,,121685,44937,36.93
2024,CH,1386,125718,85,,122639,43054,35.11
2024,CH,1383,125794,77,,121742,99236,81.51
2024,CH,1384,125794,79,,121959,99143,81.29
2024,CH,1385,125794,79,,121685,100090,82.25
2024,CH,1386,125794,78,,122639,98798,80.56
2024,CH,1383,125946,49,,121742,32663,26.83
2024,CH,1384,125946,56,,121959,32308,26.49
2024,CH,1385,125946,83,,121685,30630,25.17
2024,CH,1386,125946,90,,122639,31517,25.7
2024,CH,1383,140159,82,,121742,18699,15.36
2024,CH,1384,140159,75,,121959,17559,14.4
2024,CH,1385,140159,71,,121685,17831,14.65
2024,CH,1386,140159,52,,122639,16754,13.66
2024,CH,1383,140161,56,,121742,35072,28.81
2024,CH,1384,140161,67,,121959,35008,28.7
2024,CH,1385,140161,51,,121685,35203,28.93
2024,CH,1386,140161,64,,122639,34187,27.88
2024,CH,1383,140185,52,,121742,58689,48.21
2024,CH,1384,140185,63,,121959,55781,45.74
2024,CH,1385,140185,55,,121685,58210,47.84
2024,CH,1386,140185,68,,122639,56092,45.74
2024,CH,1383,140199,50,,121742,73236,60.16
2024,CH,1384,140199,61,,121959,69355,56.87
2024,CH,1385,140199,53,,121685,73134,60.1
2024,CH,1386,140199,66,,122639,68870,56.16
2024,CH,1383,140423,80,,121742,89216,73.28
2024,CH,1384,140423,73,,121959,90863,74.5
2024,CH,1385,140423,69,,121685,93132,76.54
2024,CH,1386,140423,50,,122639,101297,82.6
2024,CH,1383,140552,54,,121742,50234,41.26
2024,CH,1384,140552,65,,121959,48089,39.43
2024,CH,1385,140552,49,,121685,52474,43.12
2024,CH,1386,140552,62,,122639,49504,40.37
2024,CH,1383,140564,85,,121742,52818,43.39
2024,CH,1384,140564,47,,121959,53565,43.92
2024,CH,1385,140564,89,,121685,52945,43.51
2024,CH,1386,140564,71,,122639,52868,43.11
2024,CH,1383,140574,61,,121742,53184,43.69
2024,CH,1384,140574,60,,121959,52321,42.9
2024,CH,1385,140574,76,,121685,51851,42.61
2024,CH,1386,140574,86,,122639,50628,41.28
2024,CH,1383,140621,53,,121742,50276,41.3
2024,CH,1384,140621,64,,121959,48708,39.94
2024,CH,1385,140621,56,,121685,47896,39.36
2024,CH,1386,140621,69,,122639,47850,39.02
2024,CH,1383,140684,78,,121742,13703,11.26
2024,CH,1384,140684,77,,121959,13937,11.43
2024,CH,1385,140684,78,,121685,13442,11.05
2024,CH,1386,140684,79,,122639,13679,11.15
2024,CH,1383,141010,87,,121742,72530,59.58
2024,CH,1384,141010,69,,121959,75437,61.85
2024,CH,1385,141010,65,,121685,75490,62.04
2024,CH,1386,141010,46,,122639,84152,68.62
2024,CH,1383,141016,63,,121742,59368,48.77
2024,CH,1384,141016,50,,121959,61786,50.66
2024,CH,1385,141016,85,,121685,55746,45.81
2024,CH,1386,141016,74,,122639,56973,46.46
2024,CH,1383,141032,74,,121742,38445,31.58
2024,CH,1384,141032,81,,121959,38922,31.91
2024,CH,1385,141032,62,,121685,38031,31.25
2024,CH,1386,141032,55,,122639,38830,31.66
2024,CH,1383,141033,76,,121742,56484,46.4
2024,CH,1384,141033,83,,121959,56006,45.92
2024,CH,1385,141033,64,,121685,59414,48.83
2024,CH,1386,141033,57,,122639,60478,49.31
2024,CH,1383,141035,47,,121742,72874,59.86
2024,CH,1384,141035,54,,121959,71833,58.9
2024,CH,1385,141035,81,,121685,66955,55.02
2024,CH,1386,141035,88,,122639,66023,53.84
2024,CH,1383,141045,62,,121742,31938,26.23
2024,CH,1384,141045,49,,121959,34179,28.02
2024,CH,1385,141045,84,,121685,28998,23.83
2024,CH,1386,141045,73,,122639,31715,25.86
2024,CH,1383,141067,46,,121742,38975,32.01
2024,CH,1384,141067,53,,121959,38589,31.64
2024,CH,1385,141067,80,,121685,40859,33.58
2024,CH,1386,141067,87,,122639,39971,32.59
2024,CH,1383,141068,68,,121742,57683,47.38
2024,CH,1384,141068,86,,121959,54580,44.75
2024,CH,1385,141068,48,,121685,62008,50.96
2024,CH,1386,141068,82,,122639,56345,45.94
2024,CH,1383,141127,89,,121742,29383,24.14
2024,CH,1384,141127,71,,121959,28255,23.17
2024,CH,1385,141127,67,,121685,28724,23.61
2024,CH,1386,141127,48,,122639,28055,22.88
2024,CH,1383,141143,57,,121742,86356,70.93
2024,CH,1384,141143,68,,121959,83094,68.13
2024,CH,1385,141143,52,,121685,88928,73.08
2024,CH,1386,141143,65,,122639,82157,66.99
2024,CH,1383,141161,48,,121742,76372,62.73
2024,CH,1384,141161,55,,121959,75283,61.73
2024,CH,1385,141161,82,,121685,70622,58.04
2024,CH,1386,141161,89,,122639,69735,56.86
2024,CH,1383,141338,73,,121742,33838,27.79
2024,CH,1384,141338,80,,121959,36223,29.7
2024,CH,1385,141338,61,,121685,34999,28.76
2024,CH,1386,141338,54,,122639,35850,29.23
2024,CH,1383,141374,72,,121742,93147,76.51
2024,CH,1384,141374,90,,121959,94044,77.11
2024,CH,1385,141374,60,,121685,97659,80.26
2024,CH,1386,141374,61,,122639,98439,80.27
2024,CH,1383,141401,71,,121742,48987,40.24
2024,CH,1384,141401,89,,121959,48017,39.37
2024,CH,1385,141401,59,,121685,53031,43.58
2024,CH,1386,141401,60,,122639,53699,43.79
2024,CH,1383,141402,67,,121742,74337,61.06
2024,CH,1384,141402,85,,121959,71401,58.55
2024,CH,1385,141402,47,,121685,79888,65.65
2024,CH,1386,141402,81,,122639,73025,59.54
2024,CH,1383,149741,84,,121742,45577,37.44
2024,CH,1384,149741,46,,121959,48714,39.94
2024,CH,1385,149741,88,,121685,44823,36.84
2024,CH,1386,149741,70,,122639,47888,39.05
2024,CH,1383,149789,59,,121742,70171,57.64
2024,CH,1384,149789,58,,121959,66606,54.61
2024,CH,1385,149789,74,,121685,64815,53.26
2024,CH,1386,149789,84,,122639,64953,52.96
2024,CH,1383,149791,64,,121742,77982,64.06
2024,CH,1384,149791,51,,121959,83131,68.16
2024,CH,1385,149791,86,,121685,74467,61.2
2024,CH,1386,149791,75,,122639,76763,62.59
2024,CH,1383,149795,86,,121742,84048,69.04
2024,CH,1384,149795,48,,121959,88174,72.3
2024,CH,1385,149795,90,,121685,85526,70.28
2024,CH,1386,149795,72,,122639,85521,69.73
2024,CH,1383,149806,51,,121742,60211,49.46
2024,CH,1384,149806,62,,121959,56719,46.51
2024,CH,1385,149806,54,,121685,59961,49.28
2024,CH,1386,149806,67,,122639,58953,48.07
2024,CH,1383,149808,75,,121742,63896,52.48
2024,CH,1384,149808,82,,121959,62779,51.48
2024,CH,1385,149808,63,,121685,68013,55.89
2024,CH,1386,149808,56,,122639,69584,56.74
2024,CH,1383,149830,88,,121742,44691,36.71
2024,CH,1384,149830,70,,121959,46117,37.81
2024,CH,1385,149830,66,,121685,46562,38.26
2024,CH,1386,149830,47,,122639,49205,40.12
2024,CH,1383,149862,58,,121742,55579,45.65
2024,CH,1384,149862,57,,121959,58254,47.77
2024,CH,1385,149862,73,,121685,53560,44.02
2024,CH,1386,149862,83,,122639,55865,45.55
2024,CN,1419,42680,130,,116192,32241,27.75
2024,CN,1420,42680,103,,116270,33206,28.56
2024,CN,1421,42680,125,,117044,31774,27.15
2024,CN,1422,42680,101,,116612,32430,27.81
2024,CN,1419,68866,127,,116192,49753,42.82
2024,CN,1420,68866,100,,116270,52819,45.43
2024,CN,1421,68866,128,,117044,50522,43.16
2024,CN,1422,68866,104,,116612,51816,44.43
2024,CN,1419,76197,103,,116192,14149,12.18
2024,CN,1420,76197,126,,116270,15428,13.27
2024,CN,1421,76197,101,,117044,14086,12.03
2024,CN,1422,76197,117,,116612,15234,13.06
2024,CN,1419,77606,93,,116192,37753,32.49
2024,CN,1420,77606,121,,116270,36883,31.72
2024,CN,1421,77606,107,,117044,37444,31.99
2024,CN,1422,77606,128,,116612,36092,30.95
2024,CN,1419,78441,107,,116192,51800,44.58
2024,CN,1420,78441,130,,116270,49049,42.19
2024,CN,1421,78441,96,,117044,54839,46.85
2024,CN,1422,78441,121,,116612,51017,43.75
2024,CN,1419,84075,91,,116192,53581,46.11
2024,CN,1420,84075,119,,116270,53524,46.03
2024,CN,1421,84075,105,,117044,54291,46.39
2024,CN,1422,84075,126,,116612,53266,45.68
2024,CN,1419,85697,111,,116192,30343,26.11
2024,CN,1420,85697,134,,116270,29435,25.32
2024,CN,1421,85697,92,,117044,30361,25.94
2024,CN,1422,85697,106,,116612,31206,26.76
2024,CN,1419,86002,117,,116192,63424,54.59
2024,CN,1420,86002,93,,116270,63445,54.57
2024,CN,1421,86002,134,,117044,62227,53.17
2024,CN,1422,86002,110,,116612,65064,55.8
2024,CN,1419,87137,102,,116192,25410,21.87
2024,CN,1420,87137,125,,116270,24441,21.02
2024,CN,1421,87137,100,,117044,24855,21.24
2024,CN,1422,87137,116,,116612,23346,20.02
2024,CN,1419,87263,124,,116192,50539,43.5
2024,CN,1420,87263,97,,116270,54211,46.63
2024,CN,1421,87263,131,,117044,49496,42.29
2024,CN,1422,87263,114,,116612,52534,45.05
2024,CN,1419,88293,125,,116192,24364,20.97
2024,CN,1420,88293,98,,116270,24893,21.41
2024,CN,1421,88293,126,,117044,24020,20.52
2024,CN,1422,88293,102,,116612,25163,21.58
2024,CN,1419,89141,116,,116192,37290,32.09
2024,CN,1420,89141,92,,116270,39264,33.77
2024,CN,1421,89141,133,,117044,35261,30.13
2024,CN,1422,89141,109,,116612,37566,32.21
2024,CN,1419,97327,94,,116192,46103,39.68
2024,CN,1420,97327,112,,116270,45236,38.91
2024,CN,1421,97327,111,,117044,47403,40.5
2024,CN,1422,97327,132,,116612,44254,37.95
2024,CN,1419,98061,97,,116192,24518,21.1
2024,CN,1420,98061,115,,116270,23866,20.53
2024,CN,1421,98061,114,,117044,24170,20.65
2024,CN,1422,98061,135,,116612,24472,20.99
2024,CN,1419,111400,96,,116192,59084,50.85
2024,CN,1420,111400,114,,116270,54084,46.52
2024,CN,1421,111400,113,,117044,56558,48.32
2024,CN,1422,111400,134,,116612,53530,45.9
2024,CN,1419,111416,133,,116192,35090,30.2
2024,CN,1420,111416,111,,116270,35369,30.42
2024,CN,1421,111416,117,,117044,34072,29.11
2024,CN,1422,111416,93,,116612,37406,32.08
2024,CN,1419,111460,109,,116192,46508,40.03
2024,CN,1420,111460,132,,116270,44354,38.15
2024,CN,1421,111460,98,,117044,47336,40.44
2024,CN,1422,111460,123,,116612,45371,38.91
2024,CN,1419,111475,106,,116192,47309,40.72
2024,CN,1420,111475,129,,116270,45781,39.37
2024,CN,1421,111475,95,,117044,50666,43.29
2024,CN,1422,111475,120,,116612,47227,40.5
2024,CN,1419,111515,118,,116192,35426,30.49
2024,CN,1420,111515,94,,116270,37712,32.43
2024,CN,1421,111515,135,,117044,34362,29.36
2024,CN,1422,111515,111,,116612,35499,30.44
2024,CN,1419,111650,95,,116192,9866,8.49
2024,CN,1420,111650,113,,116270,10819,9.31
2024,CN,1421,111650,112,,117044,11153,9.53
2024,CN,1422,111650,133,,116612,11665,10.0
2024,CN,1419,111658,115,,116192,11250,9.68
2024,CN,1420,111658,91,,116270,10802,9.29
2024,CN,1421,111658,132,,117044,12550,10.72
2024,CN,1422,111658,108,,116612,12414,10.65
2024,CN,1419,111693,123,,116192,41628,35.83
2024,CN,1420,111693,96,,116270,44066,37.9
2024,CN,1421,111693,130,,117044,42595,36.39
2024,CN,1422,111693,113,,116612,43711,37.48
2024,CN,1419,111726,134,,116192,31387,27.01
2024,CN,1420,111726,107,,116270,30942,26.61
2024,CN,1421,111726,118,,117044,31115,26.58
2024,CN,1422,111726,94,,116612,31196,26.75
2024,CN,1419,117780,114,,116192,66156,56.94
2024,CN,1420,117780,123,,116270,62308,53.59
2024,CN,1421,117780,104,,117044,68057,58.15
2024,CN,1422,117780,125,,116612,63774,54.69
2024,CN,1419,117837,128,,116192,55331,47.62
2024,CN,1420,117837,101,,116270,59510,51.18
2024,CN,1421,117837,123,,117044,60277,51.5
2024,CN,1422,117837,99,,116612,65152,55.87
2024,CN,1419,117859,131,,116192,35449,30.51
2024,CN,1420,117859,109,,116270,36738,31.6
2024,CN,1421,117859,115,,117044,37231,31.81
2024,CN,1422,117859,91,,116612,39600,33.96
2024,CN,1419,117878,120,,116192,32976,28.38
2024,CN,1420,117878,105,,116270,32351,27.82
2024,CN,1421,117878,121,,117044,32856,28.07
2024,CN,1422,117878,97,,116612,32862,28.18
2024,CN,1419,117915,110,,116192,86405,74.36
2024,CN,1420,117915,133,,116270,84000,72.25
2024,CN,1421,117915,91,,117044,87778,75.0
2024,CN,1422,117915,105,,116612,86063,73.8
2024,CN,1419,117932,119,,116192,30240,26.03
2024,CN,1420,117932,104,,116270,30311,26.07
2024,CN,1421,117932,120,,117044,29188,24.94
2024,CN,1422,117932,96,,116612,29379,25.19
2024,CN,1419,117963,113,,116192,39311,33.83
2024,CN,1420,117963,122,,116270,38654,33.25
2024,CN,1421,117963,103,,117044,41143,35.15
2024,CN,1422,117963,124,,116612,38650,33.14
2024,CN,1419,118000,100,,116192,38108,32.8
2024,CN,1420,118000,118,,116270,35403,30.45
2024,CN,1421,118000,110,,117044,38100,32.55
2024,CN,1422,118000,131,,116612,36038,30.9
2024,CN,1419,126592,99,,116192,42798,36.83
2024,CN,1420,126592,117,,116270,41837,35.98
2024,CN,1421,126592,109,,117044,42755,36.53
2024,CN,1422,126592,130,,116612,41105,35.25
2024,CN,1419,141558,122,,116192,43646,37.56
2024,CN,1420,141558,95,,116270,46515,40.01
2024,CN,1421,141558,129,,117044,43795,37.42
2024,CN,1422,141558,112,,116612,44441,38.11
2024,CN,1419,141591,135,,116192,25512,21.96
2024,CN,1420,141591,108,,116270,27419,23.58
2024,CN,1421,141591,119,,117044,26421,22.57
2024,CN,1422,141591,95,,116612,27281,23.39
2024,CN,1419,141594,132,,116192,20085,17.29
2024,CN,1420,141594,110,,116270,19618,16.87
2024,CN,1421,141594,116,,117044,20649,17.64
2024,CN,1422,141594,92,,116612,20567,17.64
2024,CN,1419,141598,92,,116192,44298,38.12
2024,CN,1420,141598,120,,116270,37882,32.58
2024,CN,1421,141598,106,,117044,40265,34.4
2024,CN,1422,141598,127,,116612,38144,32.71
2024,CN,1419,141621,121,,116192,33830,29.12
2024,CN,1420,141621,106,,116270,33067,28.44
2024,CN,1421,141621,122,,117044,33873,28.94
2024,CN,1422,141621,98,,116612,33132,28.41
2024,CN,1419,141661,101,,116192,44582,38.37
2024,CN,1420,141661,124,,116270,38820,33.39
2024,CN,1421,141661,99,,117044,47433,40.53
2024,CN,1422,141661,115,,116612,39786,34.12
2024,CN,1419,141743,126,,116192,57436,49.43
2024,CN,1420,141743,99,,116270,58250,50.1
2024,CN,1421,141743,127,,117044,57905,49.47
2024,CN,1422,141743,103,,116612,56963,48.85
2024,CN,1419,141753,105,,116192,32104,27.63
2024,CN,1420,141753,128,,116270,31910,27.44
2024,CN,1421,141753,94,,117044,31237,26.69
2024,CN,1422,141753,119,,116612,32334,27.73
2024,CN,1419,141775,112,,116192,54802,47.17
2024,CN,1420,141775,135,,116270,52781,45.4
2024,CN,1421,141775,93,,117044,54929,46.93
2024,CN,1422,141775,107,,116612,55359,47.47
2024,CN,1419,141791,108,,116192,37457,32.24
2024,CN,1420,141791,131,,116270,36738,31.6
2024,CN,1421,141791,97,,117044,38517,32.91
2024,CN,1422,141791,122,,116612,37488,32.15
2024,CN,1419,141807,98,,116192,20853,17.95
2024,CN,1420,141807,116,,116270,20261,17.43
2024,CN,1421,141807,108,,117044,20431,17.46
2024,CN,1422,141807,129,,116612,19596,16.8
2024,CN,1419,141808,104,,116192,30885,26.58
2024,CN,1420,141808,127,,116270,30671,26.38
2024,CN,1421,141808,102,,117044,30635,26.17
2024,CN,1422,141808,118,,116612,31127,26.69
2024,LC,1395,17182,31,,121742,30701,25.22
2024,LC,1396,17182,30,,121959,30312,24.85
2024,LC,1397,17182,28,,122639,29251,23.85
2024,LC,1398,17182,29,,121685,28378,23.32
2024,LC,1395,40924,25,,121742,45725,37.56
2024,LC,1396,40924,39,,121959,45970,37.69
2024,LC,1397,40924,27,,122639,46564,37.97
2024,LC,1398,40924,19,,121685,45057,37.03
2024,LC,1395,46766,21,,121742,30352,24.93
2024,LC,1396,46766,20,,121959,29765,24.41
2024,LC,1397,46766,23,,122639,29673,24.2
2024,LC,1398,46766,15,,121685,29316,24.09
2024,LC,1395,61929,1,Inglês,91418,59244,64.81
2024,LC,1396,61929,3,Inglês,91637,59564,65.0
2024,LC,1397,61929,3,Inglês,92004,59508,64.68
2024,LC,1398,61929,5,Inglês,91404,58276,63.76
2024,LC,1395,87876,3,Inglês,91418,85079,93.07
2024,LC,1396,87876,1,Inglês,91637,86625,94.53
2024,LC,1397,87876,2,Inglês,92004,85745,93.2
2024,LC,1398,87876,3,Inglês,91404,84770,92.74
2024,LC,1395,97312,5,Inglês,91418,36645,40.09
2024,LC,1396,97312,4,Inglês,91637,37965,41.43
2024,LC,1397,97312,4,Inglês,92004,37902,41.2
2024,LC,1398,97312,1,Inglês,91404,36040,39.43
2024,LC,1395,111888,4,Espanhol,30324,14179,46.76
2024,LC,1396,111888,3,Espanhol,30322,14445,47.64
2024,LC,1397,111888,1,Espanhol,30635,14098,46.02
2024,LC,1398,111888,4,Espanhol,30281,13592,44.89
2024,LC,1395,111901,23,,121742,51522,42.32
2024,LC,1396,111901,37,,121959,51375,42.12
2024,LC,1397,111901,25,,122639,53406,43.55
2024,LC,1398,111901,17,,121685,52280,42.96
2024,LC,1395,118157,4,Inglês,91418,56187,61.46
2024,LC,1396,118157,5,Inglês,91637,58327,63.65
2024,LC,1397,118157,5,Inglês,92004,58382,63.46
2024,LC,1398,118157,2,Inglês,91404,59075,64.63
2024,LC,1395,118194,2,Inglês,91418,56448,61.75
2024,LC,1396,118194,2,Inglês,91637,52242,57.01
2024,LC,1397,118194,1,Inglês,92004,56717,61.65
2024,LC,1398,118194,4,Inglês,91404,50552,55.31
2024,LC,1395,118217,40,,121742,55185,45.33
2024,LC,1396,118217,6,,121959,59803,49.04
2024,LC,1397,118217,9,,122639,60262,49.14
2024,LC,1398,118217,20,,121685,56659,46.56
2024,LC,1395,118254,26,,121742,101588,83.45
2024,LC,1396,118254,34,,121959,98923,81.11
2024,LC,1397,118254,20,,122639,102808,83.83
2024,LC,1398,118254,32,,121685,99134,81.47
2024,LC,1395,118297,38,,121742,72024,59.16
2024,LC,1396,118297,23,,121959,75277,61.72
2024,LC,1397,118297,7,,122639,76131,62.08
2024,LC,1398,118297,27,,121685,73706,60.57
2024,LC,1395,119743,36,,121742,41989,34.49
2024,LC,1396,119743,19,,121959,44630,36.59
2024,LC,1397,119743,16,,122639,45081,36.76
2024,LC,1398,119743,39,,121685,42775,35.15
2024,LC,1395,120624,22,,121742,23109,18.98
2024,LC,1396,120624,21,,121959,25708,21.08
2024,LC,1397,120624,24,,122639,25498,20.79
2024,LC,1398,120624,16,,121685,23620,19.41
2024,LC,1395,140710,1,Espanhol,30324,11668,38.48
2024,LC,1396,140710,5,Espanhol,30322,11726,38.67
2024,LC,1397,140710,3,Espanhol,30635,12481,40.74
2024,LC,1398,140710,3,Espanhol,30281,12045,39.78
2024,LC,1395,140760,5,Espanhol,30324,9542,31.47
2024,LC,1396,140760,4,Espanhol,30322,9609,31.69
2024,LC,1397,140760,2,Espanhol,30635,12015,39.22
2024,LC,1398,140760,5,Espanhol,30281,10573,34.92
2024,LC,1395,140789,2,Espanhol,30324,9470,31.23
2024,LC,1396,140789,2,Espanhol,30322,9536,31.45
2024,LC,1397,140789,4,Espanhol,30635,10331,33.72
2024,LC,1398,140789,1,Espanhol,30281,9661,31.9
2024,LC,1395,140881,28,,121742,36964,30.36
2024,LC,1396,140881,36,,121959,34405,28.21
2024,LC,1397,140881,22,,122639,37522,30.6
2024,LC,1398,140881,34,,121685,34755,28.56
2024,LC,1395,140892,35,,121742,75874,62.32
2024,LC,1396,140892,18,,121959,80110,65.69
2024,LC,1397,140892,15,,122639,77344,63.07
2024,LC,1398,140892,38,,121685,73231,60.18
2024,LC,1395,140894,14,,121742,38681,31.77
2024,LC,1396,140894,27,,121959,41014,33.63
2024,LC,1397,140894,39,,122639,42108,34.33
2024,LC,1398,140894,42,,121685,40255,33.08
2024,LC,1395,140961,29,,121742,37890,31.12
2024,LC,1396,140961,28,,121959,41117,33.71
2024,LC,1397,140961,29,,122639,38486,31.38
2024,LC,1398,140961,30,,121685,39657,32.59
2024,LC,1395,141202,43,,121742,62219,51.11
2024,LC,1396,141202,15,,121959,64075,52.54
2024,LC,1397,141202,12,,122639,64679,52.74
2024,LC,1398,141202,23,,121685,66225,54.42
2024,LC,1395,141206,9,,121742,112313,92.25
2024,LC,1396,141206,40,,121959,104178,85.42
2024,LC,1397,141206,43,,122639,104354,85.09
2024,LC,1398,141206,12,,121685,111209,91.39
2024,LC,1395,141218,8,,121742,97804,80.34
2024,LC,1396,141218,11,,121959,97350,79.82
2024,LC,1397,141218,42,,122639,89045,72.61
2024,LC,1398,141218,45,,121685,88230,72.51
2024,LC,1395,141221,16,,121742,70348,57.78
2024,LC,1396,141221,32,,121959,65540,53.74
2024,LC,1397,141221,35,,122639,65197,53.16
2024,LC,1398,141221,10,,121685,73247,60.19
2024,LC,1395,141244,44,,121742,96451,79.23
2024,LC,1396,141244,16,,121959,102989,84.45
2024,LC,1397,141244,13,,122639,105093,85.69
2024,LC,1398,141244,24,,121685,100890,82.91
2024,LC,1395,141444,37,,121742,59495,48.87
2024,LC,1396,141444,22,,121959,64056,52.52
2024,LC,1397,141444,6,,122639,63442,51.73
2024,LC,1398,141444,26,,121685,61861,50.84
2024,LC,1395,141460,41,,121742,91405,75.08
2024,LC,1396,141460,7,,121959,95059,77.94
2024,LC,1397,141460,10,,122639,96272,78.5
2024,LC,1398,141460,21,,121685,93949,77.21
2024,LC,1395,141730,3,Espanhol,30324,12749,42.04
2024,LC,1396,141730,1,Espanhol,30322,13050,43.04
2024,LC,1397,141730,5,Espanhol,30635,13180,43.02
2024,LC,1398,141730,2,Espanhol,30281,14176,46.81
2024,LC,1395,141799,32,,121742,48492,39.83
2024,LC,1396,141799,12,,121959,51136,41.93
2024,LC,1397,141799,17,,122639,53010,43.22
2024,LC,1398,141799,35,,121685,47722,39.22
2024,LC,1395,141803,18,,121742,47267,38.83
2024,LC,1396,141803,43,,121959,42081,34.5
2024,LC,1397,141803,31,,122639,43586,35.54
2024,LC,1398,141803,6,,121685,45676,37.54
2024,LC,1395,150425,10,,121742,93243,76.59
2024,LC,1396,150425,41,,121959,82312,67.49
2024,LC,1397,150425,44,,122639,80795,65.88
2024,LC,1398,150425,13,,121685,93157,76.56
2024,LC,1395,150523,34,,121742,34359,28.22
2024,LC,1396,150523,14,,121959,33421,27.4
2024,LC,1397,150523,19,,122639,35320,28.8
2024,LC,1398,150523,37,,121685,35387,29.08
2024,LC,1395,150540,15,,121742,74708,61.37
2024,LC,1396,150540,31,,121959,68537,56.2
2024,LC,1397,150540,34,,122639,66874,54.53
2024,LC,1398,150540,9,,121685,72865,59.88
2024,LC,1395,150588,33,,121742,100901,82.88
2024,LC,1396,150588,13,,121959,103670,85.0
2024,LC,1397,150588,18,,122639,102891,83.9
2024,LC,1398,150588,36,,121685,100911,82.93
2024,LC,1395,150621,13,,121742,102593,84.27
2024,LC,1396,150621,26,,121959,98208,80.53
2024,LC,1397,150621,38,,122639,93330,76.1
2024,LC,1398,150621,41,,121685,92371,75.91
2024,LC,1395,150622,20,,121742,69996,57.5
2024,LC,1396,150622,45,,121959,62481,51.23
2024,LC,1397,150622,33,,122639,67235,54.82
2024,LC,1398,150622,8,,121685,71883,59.07
2024,LC,1395,150627,17,,121742,103652,85.14
2024,LC,1396,150627,33,,121959,97874,80.25
2024,LC,1397,150627,36,,122639,96883,79.0
2024,LC,1398,150627,11,,121685,105563,86.75
2024,LC,1395,150640,30,,121742,42244,34.7
2024,LC,1396,150640,29,,121959,40480,33.19
2024,LC,1397,150640,30,,122639,41390,33.75
2024,LC,1398,150640,31,,121685,40942,33.65
2024,LC,1395,150645,27,,121742,54239,44.55
2024,LC,1396,150645,35,,121959,54710,44.86
2024,LC,1397,150645,21,,122639,59427,48.46
2024,LC,1398,150645,33,,121685,55456,45.57
2024,LC,1395,150665,24,,121742,36585,30.05
2024,LC,1396,150665,38,,121959,34539,28.32
2024,LC,1397,150665,26,,122639,35434,28.89
2024,LC,1398,150665,18,,121685,36939,30.36
2024,LC,1395,150666,39,,121742,73855,60.67
2024,LC,1396,150666,24,,121959,83588,68.54
2024,LC,1397,150666,8,,122639,88077,71.82
2024,LC,1398,150666,28,,121685,79372,65.23
2024,LC,1395,150675,7,,121742,110983,91.16
2024,LC,1396,150675,10,,121959,110811,90.86
2024,LC,1397,150675,41,,122639,100652,82.07
2024,LC,1398,150675,44,,121685,100130,82.29
2024,LC,1395,150676,45,,121742,77653,63.78
2024,LC,1396,150676,17,,121959,85479,70.09
2024,LC,1397,150676,14,,122639,87315,71.2
2024,LC,1398,150676,25,,121685,84524,69.46
2024,LC,1395,150678,6,,121742,95977,78.84
2024,LC,1396,150678,9,,121959,96027,78.74
2024,LC,1397,150678,40,,122639,81858,66.75
2024,LC,1398,150678,43,,121685,81430,66.92
2024,LC,1395,150680,11,,121742,34478,28.32
2024,LC,1396,150680,42,,121959,28183,23.11
2024,LC,1397,150680,45,,122639,29081,23.71
2024,LC,1398,150680,14,,121685,32215,26.47
2024,LC,1395,150747,42,,121742,83508,68.59
2024,LC,1396,150747,8,,121959,93784,76.9
2024,LC,1397,150747,11,,122639,92098,75.1
2024,LC,1398,150747,22,,121685,88659,72.86
2024,LC,1395,150766,12,,121742,93003,76.39
2024,LC,1396,150766,25,,121959,87601,71.83
2024,LC,1397,150766,37,,122639,83707,68.25
2024,LC,1398,150766,40,,121685,80592,66.23
2024,LC,1395,150767,19,,121742,66766,54.84
2024,LC,1396,150767,44,,121959,60289,49.43
2024,LC,1397,150767,32,,122639,63959,52.15
2024,LC,1398,150767,7,,121685,70885,58.25
2024,MT,1407,12877,177,,116192,37843,32.57
2024,MT,1408,12877,136,,116270,44829,38.56
2024,MT,1409,12877,161,,117044,40225,34.37
2024,MT,1410,12877,138,,116612,43476,37.28
2024,MT,1407,13141,148,,116192,33486,28.82
2024,MT,1408,13141,179,,116270,32146,27.65
2024,MT,1409,13141,145,,117044,33295,28.45
2024,MT,1410,13141,165,,116612,31022,26.6
2024,MT,1407,14995,178,,116192,53163,45.75
2024,MT,1408,14995,137,,116270,56045,48.2
2024,MT,1409,14995,162,,117044,55457,47.38
2024,MT,1410,14995,139,,116612,55544,47.63
2024,MT,1407,15394,151,,116192,12682,10.91
2024,MT,1408,15394,174,,116270,12630,10.86
2024,MT,1409,15394,140,,117044,12990,11.1
2024,MT,1410,15394,171,,116612,12900,11.06
2024,MT,1407,17539,163,,116192,28397,24.44
2024,MT,1408,17539,144,,116270,25541,21.97
2024,MT,1409,17539,178,,117044,26014,22.23
2024,MT,1410,17539,155,,116612,26120,22.4
2024,MT,1407,29021,138,,116192,41955,36.11
2024,MT,1408,29021,165,,116270,36489,31.38
2024,MT,1409,29021,156,,117044,39200,33.49
2024,MT,1410,29021,148,,116612,38958,33.41
2024,MT,1407,29740,137,,116192,38382,33.03
2024,MT,1408,29740,164,,116270,35684,30.69
2024,MT,1409,29740,155,,117044,36254,30.97
2024,MT,1410,29740,147,,116612,36845,31.6
2024,MT,1407,35949,140,,116192,44009,37.88
2024,MT,1408,35949,167,,116270,44916,38.63
2024,MT,1409,35949,152,,117044,45788,39.12
2024,MT,1410,35949,175,,116612,43792,37.55
2024,MT,1407,39631,166,,116192,26183,22.53
2024,MT,1408,39631,141,,116270,28554,24.56
2024,MT,1409,39631,175,,117044,25315,21.63
2024,MT,1410,39631,152,,116612,27073,23.22
2024,MT,1407,42136,152,,116192,49615,42.7
2024,MT,1408,42136,175,,116270,44569,38.33
2024,MT,1409,42136,141,,117044,53923,46.07
2024,MT,1410,42136,172,,116612,46022,39.47
2024,MT,1407,49701,175,,116192,24118,20.76
2024,MT,1408,49701,151,,116270,26445,22.74
2024,MT,1409,49701,165,,117044,25656,21.92
2024,MT,1410,49701,136,,116612,26576,22.79
2024,MT,1407,55423,145,,116192,57842,49.78
2024,MT,1408,55423,172,,116270,55979,48.15
2024,MT,1409,55423,150,,117044,58063,49.61
2024,MT,1410,55423,180,,116612,55852,47.9
2024,MT,1407,55806,154,,116192,68511,58.96
2024,MT,1408,55806,154,,116270,70588,60.71
2024,MT,1409,55806,136,,117044,73642,62.92
2024,MT,1410,55806,167,,116612,68475,58.72
2024,MT,1407,60313,158,,116192,49871,42.92
2024,MT,1408,60313,159,,116270,48219,41.47
2024,MT,1409,60313,157,,117044,49680,42.45
2024,MT,1410,60313,157,,116612,48370,41.48
2024,MT,1407,60335,180,,116192,18939,16.3
2024,MT,1408,60335,139,,116270,16941,14.57
2024,MT,1409,60335,164,,117044,18630,15.92
2024,MT,1410,60335,141,,116612,17991,15.43
2024,MT,1407,76177,153,,116192,41392,35.62
2024,MT,1408,76177,176,,116270,40204,34.58
2024,MT,1409,76177,142,,117044,43288,36.98
2024,MT,1410,76177,173,,116612,40558,34.78
2024,MT,1407,79213,164,,116192,44348,38.17
2024,MT,1408,79213,145,,116270,47780,41.09
2024,MT,1409,79213,179,,117044,43270,36.97
2024,MT,1410,79213,156,,116612,45740,39.22
2024,MT,1407,81496,167,,116192,52031,44.78
2024,MT,1408,81496,142,,116270,51281,44.11
2024,MT,1409,81496,176,,117044,51822,44.28
2024,MT,1410,81496,153,,116612,50053,42.92
2024,MT,1407,83799,142,,116192,31108,26.77
2024,MT,1408,83799,169,,116270,29057,24.99
2024,MT,1409,83799,147,,117044,31391,26.82
2024,MT,1410,83799,177,,116612,28715,24.62
2024,MT,1407,84423,173,,116192,38744,33.34
2024,MT,1408,84423,161,,116270,40291,34.65
2024,MT,1409,84423,167,,117044,38719,33.08
2024,MT,1410,84423,142,,116612,42438,36.39
2024,MT,1407,84940,149,,116192,25800,22.2
2024,MT,1408,84940,180,,116270,25511,21.94
2024,MT,1409,84940,146,,117044,25355,21.66
2024,MT,1410,84940,166,,116612,24942,21.39
2024,MT,1407,87519,147,,116192,56365,48.51
2024,MT,1408,87519,178,,116270,49436,42.52
2024,MT,1409,87519,144,,117044,59043,50.45
2024,MT,1410,87519,164,,116612,52235,44.79
2024,MT,1407,95687,171,,116192,20814,17.91
2024,MT,1408,95687,147,,116270,19622,16.88
2024,MT,1409,95687,169,,117044,21479,18.35
2024,MT,1410,95687,144,,116612,21487,18.43
2024,MT,1407,96636,170,,116192,31119,26.78
2024,MT,1408,96636,150,,116270,31084,26.73
2024,MT,1409,96636,172,,117044,30537,26.09
2024,MT,1410,96636,150,,116612,31206,26.76
2024,MT,1407,111549,168,,116192,47138,40.57
2024,MT,1408,111549,146,,116270,50722,43.62
2024,MT,1409,111549,173,,117044,46209,39.48
2024,MT,1410,111549,161,,116612,48628,41.7
2024,MT,1407,111706,165,,116192,30171,25.97
2024,MT,1408,111706,140,,116270,33008,28.39
2024,MT,1409,111706,174,,117044,31960,27.31
2024,MT,1410,111706,151,,116612,33584,28.8
2024,MT,1407,111708,150,,116192,29923,25.75
2024,MT,1408,111708,173,,116270,30748,26.45
2024,MT,1409,111708,139,,117044,32238,27.54
2024,MT,1410,111708,170,,116612,29549,25.34
2024,MT,1407,117618,156,,116192,57877,49.81
2024,MT,1408,117618,156,,116270,56411,48.52
2024,MT,1409,117618,138,,117044,59147,50.53
2024,MT,1410,117618,169,,116612,54945,47.12
2024,MT,1407,117712,160,,116192,32056,27.59
2024,MT,1408,117712,157,,116270,32788,28.2
2024,MT,1409,117712,159,,117044,32584,27.84
2024,MT,1410,117712,158,,116612,31656,27.15
2024,MT,1407,117723,139,,116192,77388,66.6
2024,MT,1408,117723,166,,116270,70714,60.82
2024,MT,1409,117723,151,,117044,75174,64.23
2024,MT,1410,117723,174,,116612,67193,57.62
2024,MT,1407,117747,159,,116192,36079,31.05
2024,MT,1408,117747,158,,116270,36866,31.71
2024,MT,1409,117747,160,,117044,35907,30.68
2024,MT,1410,117747,160,,116612,35604,30.53
2024,MT,1407,117774,179,,116192,41383,35.62
2024,MT,1408,117774,138,,116270,46989,40.41
2024,MT,1409,117774,163,,117044,41635,35.57
2024,MT,1410,117774,140,,116612,46517,39.89
2024,MT,1407,117796,146,,116192,22336,19.22
2024,MT,1408,117796,177,,116270,21077,18.13
2024,MT,1409,117796,143,,117044,21771,18.6
2024,MT,1410,117796,163,,116612,21094,18.09
2024,MT,1407,117797,143,,116192,26572,22.87
2024,MT,1408,117797,170,,116270,27834,23.94
2024,MT,1409,117797,148,,117044,26485,22.63
2024,MT,1410,117797,178,,116612,27466,23.55
2024,MT,1407,125887,144,,116192,50359,43.34
2024,MT,1408,125887,171,,116270,47259,40.65
2024,MT,1409,125887,149,,117044,49624,42.4
2024,MT,1410,125887,179,,116612,47247,40.52
2024,MT,1407,125890,172,,116192,37633,32.39
2024,MT,1408,125890,148,,116270,42617,36.65
2024,MT,1409,125890,170,,117044,37828,32.32
2024,MT,1410,125890,145,,116612,42203,36.19
2024,MT,1407,125923,169,,116192,26323,22.65
2024,MT,1408,125923,149,,116270,28237,24.29
2024,MT,1409,125923,171,,117044,26734,22.84
2024,MT,1410,125923,149,,116612,28508,24.45
2024,MT,1407,125949,136,,116192,19577,16.85
2024,MT,1408,125949,163,,116270,18721,16.1
2024,MT,1409,125949,154,,117044,18159,15.51
2024,MT,1410,125949,146,,116612,19592,16.8
2024,MT,1407,125957,155,,116192,25650,22.08
2024,MT,1408,125957,155,,116270,25013,21.51
2024,MT,1409,125957,137,,117044,24014,20.52
2024,MT,1410,125957,168,,116612,23944,20.53
2024,MT,1407,125992,162,,116192,23210,19.98
2024,MT,1408,125992,143,,116270,24984,21.49
2024,MT,1409,125992,177,,117044,23689,20.24
2024,MT,1410,125992,154,,116612,24508,21.02
2024,MT,1407,125993,157,,116192,50033,43.06
2024,MT,1408,125993,160,,116270,48328,41.57
2024,MT,1409,125993,158,,117044,49060,41.92
2024,MT,1410,125993,159,,116612,47497,40.73
2024,MT,1407,125996,174,,116192,30261,26.04
2024,MT,1408,125996,162,,116270,30224,25.99
2024,MT,1409,125996,168,,117044,31448,26.87
2024,MT,1410,125996,143,,116612,32500,27.87
2024,MT,1407,141550,161,,116192,38079,32.77
2024,MT,1408,141550,153,,116270,38941,33.49
2024,MT,1409,141550,180,,117044,36784,31.43
2024,MT,1410,141550,162,,116612,39087,33.52
2024,MT,1407,141579,176,,116192,42703,36.75
2024,MT,1408,141579,152,,116270,45878,39.46
2024,MT,1409,141579,166,,117044,44200,37.76
2024,MT,1410,141579,137,,116612,47369,40.62
2024,MT,1407,141677,141,,116192,31583,27.18
2024,MT,1408,141677,168,,116270,32030,27.55
2024,MT,1409,141677,153,,117044,32576,27.83
2024,MT,1410,141677,176,,116612,31494,27.01
2025,CH,1447,55300,58,,135418,61832,45.66
2025,CH,1448,55300,53,,135661,62582,46.13
2025,CH,1449,55300,47,,135543,63657,46.96
2025,CH,1450,55300,52,,135380,62784,46.38
2025,CH,1447,55581,82,,135418,65755,48.56
2025,CH,1448,55581,81,,135661,66248,48.83
2025,CH,1449,55581,87,,135543,64051,47.26
2025,CH,1450,55581,79,,135380,65378,48.29
2025,CH,1447,56054,78,,135418,53695,39.65
2025,CH,1448,56054,77,,135661,53784,39.65
2025,CH,1449,56054,70,,135543,54856,40.47
2025,CH,1450,56054,64,,135380,55842,41.25
2025,CH,1447,56368,70,,135418,33490,24.73
2025,CH,1448,56368,85,,135661,32987,24.32
2025,CH,1449,56368,62,,135543,34789,25.67
2025,CH,1450,56368,67,,135380,34043,25.15
2025,CH,1447,83900,71,,135418,84787,62.61
2025,CH,1448,83900,86,,135661,81236,59.88
2025,CH,1449,83900,63,,135543,88038,64.95
2025,CH,1450,83900,68,,135380,87132,64.36
2025,CH,1447,84812,72,,135418,39181,28.93
2025,CH,1448,84812,87,,135661,38130,28.11
2025,CH,1449,84812,64,,135543,38958,28.74
2025,CH,1450,84812,69,,135380,39646,29.28
2025,CH,1447,84849,67,,135418,36049,26.62
2025,CH,1448,84849,64,,135661,35991,26.53
2025,CH,1449,84849,78,,135543,36751,27.11
2025,CH,1450,84849,85,,135380,36524,26.98
2025,CH,1447,85670,61,,135418,77152,56.97
2025,CH,1448,85670,56,,135661,79251,58.42
2025,CH,1449,85670,50,,135543,80696,59.54
2025,CH,1450,85670,55,,135380,78901,58.28
2025,CH,1447,85827,64,,135418,28125,20.77
2025,CH,1448,85827,74,,135661,28644,21.11
2025,CH,1449,85827,75,,135543,27229,20.09
2025,CH,1450,85827,90,,135380,27936,20.64
2025,CH,1447,85913,88,,135418,71848,53.06
2025,CH,1448,85913,69,,135661,73831,54.42
2025,CH,1449,85913,83,,135543,72007,53.12
2025,CH,1450,85913,75,,135380,72844,53.81
2025,CH,1447,87509,48,,135418,39514,29.18
2025,CH,1448,87509,51,,135661,39669,29.24
2025,CH,1449,87509,53,,135543,38692,28.55
2025,CH,1450,87509,61,,135380,38199,28.22
2025,CH,1447,88661,69,,135418,50521,37.31
2025,CH,1448,88661,66,,135661,51225,37.76
2025,CH,1449,88661,80,,135543,49377,36.43
2025,CH,1450,88661,87,,135380,49132,36.29
2025,CH,1447,90024,75,,135418,63604,46.97
2025,CH,1448,90024,90,,135661,60925,44.91
2025,CH,1449,90024,67,,135543,66646,49.17
2025,CH,1450,90024,72,,135380,65459,48.35
2025,CH,1447,95495,74,,135418,27393,20.23
2025,CH,1448,95495,89,,135661,26878,19.81
2025,CH,1449,95495,66,,135543,27884,20.57
2025,CH,1450,95495,71,,135380,27380,20.22
2025,CH,1447,95807,55,,135418,48098,35.52
2025,CH,1448,95807,60,,135661,47223,34.81
2025,CH,1449,95807,57,,135543,48402,35.71
2025,CH,1450,95807,49,,135380,49841,36.82
2025,CH,1447,96978,73,,135418,86786,64.09
2025,CH,1448,96978,88,,135661,85010,62.66
2025,CH,1449,96978,65,,135543,89930,66.35
2025,CH,1450,96978,70,,135380,88744,65.55
2025,CH,1447,111883,50,,135418,32615,24.08
2025,CH,1448,111883,47,,135661,33314,24.56
2025,CH,1449,111883,60,,135543,33082,24.41
2025,CH,1450,111883,57,,135380,32641,24.11
2025,CH,1447,111927,51,,135418,78896,58.26
2025,CH,1448,111927,48,,135661,79228,58.4
2025,CH,1449,111927,61,,135543,75744,55.88
2025,CH,1450,111927,58,,135380,76464,56.48
2025,CH,1447,111941,87,,135418,53629,39.6
2025,CH,1448,111941,68,,135661,54970,40.52
2025,CH,1449,111941,82,,135543,53747,39.65
2025,CH,1450,111941,74,,135380,54987,40.62
2025,CH,1447,111982,52,,135418,39964,29.51
2025,CH,1448,111982,57,,135661,39373,29.02
2025,CH,1449,111982,54,,135543,40427,29.83
2025,CH,1450,111982,46,,135380,39388,29.09
2025,CH,1447,112144,49,,135418,69475,51.3
2025,CH,1448,112144,46,,135661,67349,49.65
2025,CH,1449,112144,59,,135543,61029,45.03
2025,CH,1450,112144,56,,135380,62574,46.22
2025,CH,1447,118057,80,,135418,57172,42.22
2025,CH,1448,118057,79,,135661,56480,41.63
2025,CH,1449,118057,72,,135543,57993,42.79
2025,CH,1450,118057,66,,135380,57633,42.57
2025,CH,1447,118062,77,,135418,86238,63.68
2025,CH,1448,118062,76,,135661,87108,64.21
2025,CH,1449,118062,69,,135543,88125,65.02
2025,CH,1450,118062,63,,135380,89713,66.27
2025,CH,1447,125735,47,,135418,59011,43.58
2025,CH,1448,125735,50,,135661,57972,42.73
2025,CH,1449,125735,52,,135543,57344,42.31
2025,CH,1450,125735,60,,135380,53959,39.86
2025,CH,1447,125788,83,,135418,40830,30.15
2025,CH,1448,125788,82,,135661,40687,29.99
2025,CH,1449,125788,88,,135543,39546,29.18
2025,CH,1450,125788,80,,135380,39931,29.5
2025,CH,1447,140201,60,,135418,45981,33.95
2025,CH,1448,140201,55,,135661,47141,34.75
2025,CH,1449,140201,49,,135543,49930,36.84
2025,CH,1450,140201,54,,135380,49447,36.52
2025,CH,1447,140428,54,,135418,80630,59.54
2025,CH,1448,140428,59,,135661,77514,57.14
2025,CH,1449,140428,56,,135543,78547,57.95
2025,CH,1450,140428,48,,135380,84059,62.09
2025,CH,1447,140432,90,,135418,40462,29.88
2025,CH,1448,140432,71,,135661,39137,28.85
2025,CH,1449,140432,85,,135543,39851,29.4
2025,CH,1450,140432,77,,135380,39263,29.0
2025,CH,1447,140451,85,,135418,71663,52.92
2025,CH,1448,140451,84,,135661,71857,52.97
2025,CH,1449,140451,90,,135543,70910,52.32
2025,CH,1450,140451,82,,135380,72440,53.51
2025,CH,1447,140491,59,,135418,28739,21.22
2025,CH,1448,140491,54,,135661,28998,21.38
2025,CH,1449,140491,48,,135543,29135,21.5
2025,CH,1450,140491,53,,135380,28706,21.2
2025,CH,1447,140518,84,,135418,76949,56.82
2025,CH,1448,140518,83,,135661,77185,56.9
2025,CH,1449,140518,89,,135543,77415,57.11
2025,CH,1450,140518,81,,135380,77845,57.5
2025,CH,1447,140583,57,,135418,81634,60.28
2025,CH,1448,140583,52,,135661,86112,63.48
2025,CH,1449,140583,46,,135543,90277,66.6
2025,CH,1450,140583,51,,135380,82269,60.77
2025,CH,1447,140594,63,,135418,70778,52.27
2025,CH,1448,140594,73,,135661,69570,51.28
2025,CH,1449,140594,74,,135543,68195,50.31
2025,CH,1450,140594,89,,135380,66257,48.94
2025,CH,1447,140932,81,,135418,45548,33.64
2025,CH,1448,140932,80,,135661,46916,34.58
2025,CH,1449,140932,86,,135543,46995,34.67
2025,CH,1450,140932,78,,135380,46728,34.52
2025,CH,1447,141009,65,,135418,77524,57.25
2025,CH,1448,141009,62,,135661,76089,56.09
2025,CH,1449,141009,76,,135543,75064,55.38
2025,CH,1450,141009,83,,135380,74295,54.88
2025,CH,1447,141078,86,,135418,60104,44.38
2025,CH,1448,141078,67,,135661,61520,45.35
2025,CH,1449,141078,81,,135543,60888,44.92
2025,CH,1450,141078,73,,135380,62759,46.36
2025,CH,1447,141102,46,,135418,55508,40.99
2025,CH,1448,141102,49,,135661,56709,41.8
2025,CH,1449,141102,51,,135543,53893,39.76
2025,CH,1450,141102,59,,135380,53141,39.25
2025,CH,1447,141135,62,,135418,70902,52.36
2025,CH,1448,141135,72,,135661,67062,49.43
2025,CH,1449,141135,73,,135543,67595,49.87
2025,CH,1450,141135,88,,135380,64680,47.78
2025,CH,1447,141162,79,,135418,27153,20.05
2025,CH,1448,141162,78,,135661,27565,20.32
2025,CH,1449,141162,71,,135543,26868,19.82
2025,CH,1450,141162,65,,135380,27614,20.4
2025,CH,1447,141167,76,,135418,33366,24.64
2025,CH,1448,141167,75,,135661,33201,24.47
2025,CH,1449,141167,68,,135543,34049,25.12
2025,CH,1450,141167,62,,135380,33134,24.47
2025,CH,1447,141340,66,,135418,24363,17.99
2025,CH,1448,141340,63,,135661,24230,17.86
2025,CH,1449,141340,77,,135543,24143,17.81
2025,CH,1450,141340,84,,135380,23947,17.69
2025,CH,1447,149742,53,,135418,45256,33.42
2025,CH,1448,149742,58,,135661,44968,33.15
2025,CH,1449,149742,55,,135543,46582,34.37
2025,CH,1450,149742,47,,135380,46228,34.15
2025,CH,1447,149784,56,,135418,87444,64.57
2025,CH,1448,149784,61,,135661,85117,62.74
2025,CH,1449,149784,58,,135543,86789,64.03
2025,CH,1450,149784,50,,135380,89914,66.42
2025,CH,1447,149787,89,,135418,59230,43.74
2025,CH,1448,149787,70,,135661,61400,45.26
2025,CH,1449,149787,84,,135543,58085,42.85
2025,CH,1450,149787,76,,135380,60496,44.69
2025,CH,1447,149824,68,,135418,70304,51.92
2025,CH,1448,149824,65,,135661,70723,52.13
2025,CH,1449,149824,79,,135543,68648,50.65
2025,CH,1450,149824,86,,135380,67445,49.82
2025,CN,1483,44307,99,,128018,71872,56.14
2025,CN,1484,44307,95,,127779,74713,58.47
2025,CN,1485,44307,107,,127831,70111,54.85
2025,CN,1486,44307,91,,128180,77091,60.14
2025,CN,1483,60058,108,,128018,11687,9.13
2025,CN,1484,60058,103,,127779,11655,9.12
2025,CN,1485,60058,96,,127831,11432,8.94
2025,CN,1486,60058,102,,128180,11022,8.6
2025,CN,1483,61018,126,,128018,29689,23.19
2025,CN,1484,61018,128,,127779,29370,22.98
2025,CN,1485,61018,128,,127831,30106,23.55
2025,CN,1486,61018,121,,128180,29427,22.96
2025,CN,1483,67752,113,,128018,17507,13.68
2025,CN,1484,67752,104,,127779,15287,11.96
2025,CN,1485,67752,114,,127831,17256,13.5
2025,CN,1486,67752,109,,128180,15635,12.2
2025,CN,1483,76022,95,,128018,72511,56.64
2025,CN,1484,76022,91,,127779,73043,57.16
2025,CN,1485,76022,101,,127831,71360,55.82
2025,CN,1486,76022,97,,128180,72685,56.71
2025,CN,1483,76686,118,,128018,35652,27.85
2025,CN,1484,76686,124,,127779,34105,26.69
2025,CN,1485,76686,119,,127831,35456,27.74
2025,CN,1486,76686,124,,128180,34488,26.91
2025,CN,1483,77992,121,,128018,19305,15.08
2025,CN,1484,77992,119,,127779,18184,14.23
2025,CN,1485,77992,130,,127831,19224,15.04
2025,CN,1486,77992,113,,128180,18630,14.53
2025,CN,1483,78625,101,,128018,69760,54.49
2025,CN,1484,78625,97,,127779,69690,54.54
2025,CN,1485,78625,109,,127831,68199,53.35
2025,CN,1486,78625,93,,128180,68743,53.63
2025,CN,1483,83213,117,,128018,35260,27.54
2025,CN,1484,83213,123,,127779,34129,26.71
2025,CN,1485,83213,118,,127831,34845,27.26
2025,CN,1486,83213,123,,128180,34761,27.12
2025,CN,1483,83614,115,,128018,43925,34.31
2025,CN,1484,83614,106,,127779,44171,34.57
2025,CN,1485,83614,116,,127831,44255,34.62
2025,CN,1486,83614,111,,128180,43909,34.26
2025,CN,1483,84440,111,,128018,23287,18.19
2025,CN,1484,84440,111,,127779,23788,18.62
2025,CN,1485,84440,93,,127831,24110,18.86
2025,CN,1486,84440,105,,128180,23373,18.23
2025,CN,1483,85481,112,,128018,24916,19.46
2025,CN,1484,85481,112,,127779,24498,19.17
2025,CN,1485,85481,94,,127831,24036,18.8
2025,CN,1486,85481,106,,128180,24509,19.12
2025,CN,1483,86643,106,,128018,56132,43.85
2025,CN,1484,86643,108,,127779,53962,42.23
2025,CN,1485,86643,106,,127831,58232,45.55
2025,CN,1486,86643,108,,128180,56016,43.7
2025,CN,1483,86958,133,,128018,25476,19.9
2025,CN,1484,86958,116,,127779,26153,20.47
2025,CN,1485,86958,124,,127831,25766,20.16
2025,CN,1486,86958,127,,128180,25476,19.88
2025,CN,1483,87450,107,,128018,64556,50.43
2025,CN,1484,87450,102,,127779,66751,52.24
2025,CN,1485,87450,95,,127831,63412,49.61
2025,CN,1486,87450,101,,128180,66066,51.54
2025,CN,1483,87716,110,,128018,37828,29.55
2025,CN,1484,87716,110,,127779,38340,30.0
2025,CN,1485,87716,92,,127831,36903,28.87
2025,CN,1486,87716,104,,128180,37936,29.6
2025,CN,1483,88062,92,,128018,75454,58.94
2025,CN,1484,88062,133,,127779,64324,50.34
2025,CN,1485,88062,98,,127831,74769,58.49
2025,CN,1486,88062,130,,128180,63820,49.79
2025,CN,1483,88181,102,,128018,72410,56.56
2025,CN,1484,88181,98,,127779,71881,56.25
2025,CN,1485,88181,110,,127831,71916,56.26
2025,CN,1486,88181,94,,128180,71940,56.12
2025,CN,1483,89916,93,,128018,40287,31.47
2025,CN,1484,89916,134,,127779,39736,31.1
2025,CN,1485,89916,99,,127831,41067,32.13
2025,CN,1486,89916,131,,128180,40136,31.31
2025,CN,1483,95445,127,,128018,36691,28.66
2025,CN,1484,95445,129,,127779,36020,28.19
2025,CN,1485,95445,121,,127831,35618,27.86
2025,CN,1486,95445,133,,128180,35975,28.07
2025,CN,1483,96328,131,,128018,14451,11.29
2025,CN,1484,96328,114,,127779,12709,9.95
2025,CN,1485,96328,134,,127831,14976,11.72
2025,CN,1486,96328,117,,128180,13888,10.83
2025,CN,1483,96748,125,,128018,35305,27.58
2025,CN,1484,96748,127,,127779,34159,26.73
2025,CN,1485,96748,127,,127831,34222,26.77
2025,CN,1486,96748,120,,128180,34084,26.59
2025,CN,1483,97091,124,,128018,28090,21.94
2025,CN,1484,97091,126,,127779,26443,20.69
2025,CN,1485,97091,126,,127831,26723,20.9
2025,CN,1486,97091,119,,128180,27632,21.56
2025,CN,1483,97292,135,,128018,23077,18.03
2025,CN,1484,97292,101,,127779,20169,15.78
2025,CN,1485,97292,113,,127831,19921,15.58
2025,CN,1486,97292,126,,128180,22113,17.25
2025,CN,1483,97320,98,,128018,97923,76.49
2025,CN,1484,97320,94,,127779,100000,78.26
2025,CN,1485,97320,104,,127831,97243,76.07
2025,CN,1486,97320,100,,128180,98008,76.46
2025,CN,1483,97616,128,,128018,68182,53.26
2025,CN,1484,97616,130,,127779,68389,53.52
2025,CN,1485,97616,122,,127831,71380,55.84
2025,CN,1486,97616,134,,128180,66292,51.72
2025,CN,1483,97650,100,,128018,80639,62.99
2025,CN,1484,97650,96,,127779,81674,63.92
2025,CN,1485,97650,108,,127831,80794,63.2
2025,CN,1486,97650,92,,128180,81702,63.74
2025,CN,1483,98246,129,,128018,64251,50.19
2025,CN,1484,98246,131,,127779,64301,50.32
2025,CN,1485,98246,123,,127831,64956,50.81
2025,CN,1486,98246,135,,128180,64611,50.41
2025,CN,1483,111667,103,,128018,41070,32.08
2025,CN,1484,111667,99,,127779,40950,32.05
2025,CN,1485,111667,111,,127831,39375,30.8
2025,CN,1486,111667,95,,128180,40064,31.26
2025,CN,1483,111737,109,,128018,44631,34.86
2025,CN,1484,111737,109,,127779,47180,36.92
2025,CN,1485,111737,91,,127831,46765,36.58
2025,CN,1486,111737,103,,128180,46579,36.34
2025,CN,1483,117652,91,,128018,46111,36.02
2025,CN,1484,117652,132,,127779,43946,34.39
2025,CN,1485,117652,97,,127831,47443,37.11
2025,CN,1486,117652,129,,128180,43736,34.12
2025,CN,1483,117734,116,,128018,35971,28.1
2025,CN,1484,117734,122,,127779,35902,28.1
2025,CN,1485,117734,117,,127831,35861,28.05
2025,CN,1486,117734,122,,128180,34991,27.3
2025,CN,1483,117869,96,,128018,92915,72.58
2025,CN,1484,117869,92,,127779,93966,73.54
2025,CN,1485,117869,102,,127831,90690,70.95
2025,CN,1486,117869,98,,128180,94858,74.0
2025,CN,1483,141522,119,,128018,41752,32.61
2025,CN,1484,141522,125,,127779,42891,33.57
2025,CN,1485,141522,120,,127831,41773,32.68
2025,CN,1486,141522,125,,128180,41454,32.34
2025,CN,1483,141529,130,,128018,28433,22.21
2025,CN,1484,141529,113,,127779,32491,25.43
2025,CN,1485,141529,133,,127831,29528,23.1
2025,CN,1486,141529,116,,128180,33387,26.05
2025,CN,1483,141577,105,,128018,39613,30.94
2025,CN,1484,141577,107,,127779,39404,30.84
2025,CN,1485,141577,105,,127831,40392,31.6
2025,CN,1486,141577,107,,128180,39163,30.55
2025,CN,1483,141590,114,,128018,61547,48.08
2025,CN,1484,141590,105,,127779,61330,48.0
2025,CN,1485,141590,115,,127831,59996,46.93
2025,CN,1486,141590,110,,128180,62758,48.96
2025,CN,1483,141601,122,,128018,38308,29.92
2025,CN,1484,141601,120,,127779,38221,29.91
2025,CN,1485,141601,131,,127831,38754,30.32
2025,CN,1486,141601,114,,128180,38439,29.99
2025,CN,1483,141609,94,,128018,28612,22.35
2025,CN,1484,141609,135,,127779,28375,22.21
2025,CN,1485,141609,100,,127831,30185,23.61
2025,CN,1486,141609,132,,128180,27830,21.71
2025,CN,1483,141642,120,,128018,37721,29.47
2025,CN,1484,141642,118,,127779,38860,30.41
2025,CN,1485,141642,129,,127831,37629,29.44
2025,CN,1486,141642,112,,128180,37913,29.58
2025,CN,1483,141671,134,,128018,43468,33.95
2025,CN,1484,141671,117,,127779,44847,35.1
2025,CN,1485,141671,125,,127831,44627,34.91
2025,CN,1486,141671,128,,128180,44052,34.37
2025,CN,1483,141710,104,,128018,84440,65.96
2025,CN,1484,141710,100,,127779,85150,66.64
2025,CN,1485,141710,112,,127831,83867,65.61
2025,CN,1486,141710,96,,128180,85336,66.58
2025,CN,1483,141754,97,,128018,57941,45.26
2025,CN,1484,141754,93,,127779,57620,45.09
2025,CN,1485,141754,103,,127831,58715,45.93
2025,CN,1486,141754,99,,128180,58758,45.84
2025,LC,1459,17166,44,,135418,78963,58.31
2025,LC,1460,17166,38,,135661,80512,59.35
2025,LC,1461,17166,42,,135380,78837,58.23
2025,LC,1462,17166,42,,135543,78455,57.88
2025,LC,1459,43532,38,,135418,56820,41.96
2025,LC,1460,43532,43,,135661,55307,40.77
2025,LC,1461,43532,40,,135380,55906,41.3
2025,LC,1462,43532,45,,135543,54479,40.19
2025,LC,1459,44047,26,,135418,124573,91.99
2025,LC,1460,44047,31,,135661,124667,91.9
2025,LC,1461,44047,27,,135380,124455,91.93
2025,LC,1462,44047,26,,135543,123950,91.45
2025,LC,1459,66526,42,,135418,69557,51.36
2025,LC,1460,66526,45,,135661,67529,49.78
2025,LC,1461,66526,38,,135380,70207,51.86
2025,LC,1462,66526,40,,135543,70154,51.76
2025,LC,1459,97881,37,,135418,71446,52.76
2025,LC,1460,97881,42,,135661,70528,51.99
2025,LC,1461,97881,39,,135380,70333,51.95
2025,LC,1462,97881,44,,135543,70950,52.35
2025,LC,1459,112036,4,Inglês,102864,61553,59.84
2025,LC,1460,112036,2,Inglês,102831,60998,59.32
2025,LC,1461,112036,5,Inglês,102805,63075,61.35
2025,LC,1462,112036,1,Inglês,103029,59656,57.9
2025,LC,1459,118169,2,Inglês,102864,71065,69.09
2025,LC,1460,118169,3,Inglês,102831,72325,70.33
2025,LC,1461,118169,1,Inglês,102805,72838,70.85
2025,LC,1462,118169,4,Inglês,103029,71217,69.12
2025,LC,1459,118196,27,,135418,107119,79.1
2025,LC,1460,118196,32,,135661,104208,76.82
2025,LC,1461,118196,28,,135380,104359,77.09
2025,LC,1462,118196,27,,135543,107378,79.22
2025,LC,1459,120341,34,,135418,57486,42.45
2025,LC,1460,120341,28,,135661,58366,43.02
2025,LC,1461,120341,24,,135380,56490,41.73
2025,LC,1462,120341,30,,135543,57928,42.74
2025,LC,1459,120714,45,,135418,85474,63.12
2025,LC,1460,120714,39,,135661,85201,62.8
2025,LC,1461,120714,43,,135380,84615,62.5
2025,LC,1462,120714,43,,135543,84854,62.6
2025,LC,1459,140709,3,Espanhol,32554,12690,38.98
2025,LC,1460,140709,1,Espanhol,32830,11323,34.49
2025,LC,1461,140709,2,Espanhol,32575,13032,40.01
2025,LC,1462,140709,5,Espanhol,32514,12224,37.6
2025,LC,1459,140845,33,,135418,94649,69.89
2025,LC,1460,140845,27,,135661,96519,71.15
2025,LC,1461,140845,34,,135380,95057,70.21
2025,LC,1462,140845,36,,135543,94729,69.89
2025,LC,1459,140908,32,,135418,18929,13.98
2025,LC,1460,140908,26,,135661,20216,14.9
2025,LC,1461,140908,33,,135380,19806,14.63
2025,LC,1462,140908,35,,135543,19812,14.62
2025,LC,1459,150505,28,,135418,72891,53.83
2025,LC,1460,150505,33,,135661,72879,53.72
2025,LC,1461,150505,29,,135380,72717,53.71
2025,LC,1462,150505,28,,135543,72850,53.75
2025,LC,1459,150607,40,,135418,52308,38.63
2025,LC,1460,150607,41,,135661,52692,38.84
2025,LC,1461,150607,45,,135380,51592,38.11
2025,LC,1462,150607,38,,135543,54124,39.93
2025,LC,1459,150612,20,,135418,77208,57.01
2025,LC,1460,150612,16,,135661,79309,58.46
2025,LC,1461,150612,19,,135380,76723,56.67
2025,LC,1462,150612,13,,135543,78867,58.19
2025,LC,1459,150642,35,,135418,66113,48.82
2025,LC,1460,150642,29,,135661,65891,48.57
2025,LC,1461,150642,25,,135380,65848,48.64
2025,LC,1462,150642,31,,135543,65006,47.96
2025,LC,1459,150643,25,,135418,62097,45.86
2025,LC,1460,150643,19,,135661,62993,46.43
2025,LC,1461,150643,12,,135380,64632,47.74
2025,LC,1462,150643,23,,135543,63404,46.78
2025,LC,1459,150674,24,,135418,79833,58.95
2025,LC,1460,150674,18,,135661,81035,59.73
2025,LC,1461,150674,11,,135380,79363,58.62
2025,LC,1462,150674,22,,135543,80717,59.55
2025,LC,1459,150761,29,,135418,54657,40.36
2025,LC,1460,150761,34,,135661,51909,38.26
2025,LC,1461,150761,30,,135380,53072,39.2
2025,LC,1462,150761,29,,135543,55328,40.82
2025,LC,1459,150940,11,,135418,57370,42.37
2025,LC,1460,150940,20,,135661,57695,42.53
2025,LC,1461,150940,13,,135380,57449,42.44
2025,LC,1462,150940,18,,135543,57768,42.62
2025,LC,1459,152688,1,Espanhol,32554,18457,56.7
2025,LC,1460,152688,2,Espanhol,32830,18106,55.15
2025,LC,1461,152688,1,Espanhol,32575,17950,55.1
2025,LC,1462,152688,3,Espanhol,32514,18174,55.9
2025,LC,1459,152784,39,,135418,93580,69.1
2025,LC,1460,152784,40,,135661,93670,69.05
2025,LC,1461,152784,44,,135380,90045,66.51
2025,LC,1462,152784,37,,135543,95858,70.72
2025,LC,1459,153392,21,,135418,66265,48.93
2025,LC,1460,153392,17,,135661,67437,49.71
2025,LC,1461,153392,20,,135380,67395,49.78
2025,LC,1462,153392,14,,135543,68666,50.66
2025,LC,1459,153400,13,,135418,58835,43.45
2025,LC,1460,153400,22,,135661,58477,43.11
2025,LC,1461,153400,15,,135380,59619,44.04
2025,LC,1462,153400,20,,135543,58626,43.25
2025,LC,1459,153419,31,,135418,76267,56.32
2025,LC,1460,153419,25,,135661,77919,57.44
2025,LC,1461,153419,32,,135380,77187,57.02
2025,LC,1462,153419,34,,135543,76530,56.46
2025,LC,1459,153420,30,,135418,31077,22.95
2025,LC,1460,153420,24,,135661,29759,21.94
2025,LC,1461,153420,31,,135380,31423,23.21
2025,LC,1462,153420,33,,135543,30861,22.77
2025,LC,1459,153550,41,,135418,59601,44.01
2025,LC,1460,153550,44,,135661,56307,41.51
2025,LC,1461,153550,37,,135380,58090,42.91
2025,LC,1462,153550,39,,135543,59524,43.92
2025,LC,1459,153556,15,,135418,69092,51.02
2025,LC,1460,153556,11,,135661,69065,50.91
2025,LC,1461,153556,21,,135380,68550,50.64
2025,LC,1462,153556,15,,135543,68688,50.68
2025,LC,1459,153681,36,,135418,59082,43.63
2025,LC,1460,153681,30,,135661,59796,44.08
2025,LC,1461,153681,26,,135380,59129,43.68
2025,LC,1462,153681,32,,135543,58756,43.35
2025,LC,1459,153833,5,Espanhol,32554,18160,55.78
2025,LC,1460,153833,4,Espanhol,32830,18702,56.97
2025,LC,1461,153833,5,Espanhol,32575,18295,56.16
2025,LC,1462,153833,2,Espanhol,32514,18759,57.7
2025,LC,1459,153836,3,Inglês,102864,61813,60.09
2025,LC,1460,153836,4,Inglês,102831,64823,63.04
2025,LC,1461,153836,2,Inglês,102805,64832,63.06
2025,LC,1462,153836,5,Inglês,103029,62834,60.99
2025,LC,1459,153875,1,Inglês,102864,72205,70.19
2025,LC,1460,153875,5,Inglês,102831,71527,69.56
2025,LC,1461,153875,4,Inglês,102805,71988,70.02
2025,LC,1462,153875,3,Inglês,103029,72051,69.93
2025,LC,1459,153930,5,Inglês,102864,81212,78.95
2025,LC,1460,153930,1,Inglês,102831,81372,79.13
2025,LC,1461,153930,3,Inglês,102805,79575,77.4
2025,LC,1462,153930,2,Inglês,103029,81087,78.7
2025,LC,1459,153945,2,Espanhol,32554,9243,28.39
2025,LC,1460,153945,3,Espanhol,32830,8861,26.99
2025,LC,1461,153945,3,Espanhol,32575,9781,30.03
2025,LC,1462,153945,4,Espanhol,32514,9387,28.87
2025,LC,1459,154015,4,Espanhol,32554,5354,16.45
2025,LC,1460,154015,5,Espanhol,32830,5779,17.6
2025,LC,1461,154015,4,Espanhol,32575,5863,18.0
2025,LC,1462,154015,1,Espanhol,32514,4862,14.95
2025,LC,1459,154020,18,,135418,111334,82.22
2025,LC,1460,154020,14,,135661,112821,83.16
2025,LC,1461,154020,17,,135380,111015,82.0
2025,LC,1462,154020,11,,135543,113683,83.87
2025,LC,1459,157571,12,,135418,92838,68.56
2025,LC,1460,157571,21,,135661,93080,68.61
2025,LC,1461,157571,14,,135380,92614,68.41
2025,LC,1462,157571,19,,135543,93698,69.13
2025,LC,1459,157593,43,,135418,60723,44.84
2025,LC,1460,157593,37,,135661,64765,47.74
2025,LC,1461,157593,41,,135380,60977,45.04
2025,LC,1462,157593,41,,135543,62026,45.76
2025,LC,1459,157598,17,,135418,47335,34.95
2025,LC,1460,157598,13,,135661,48375,35.66
2025,LC,1461,157598,23,,135380,45563,33.66
2025,LC,1462,157598,17,,135543,46493,34.3
2025,LC,1459,157615,16,,135418,71768,53.0
2025,LC,1460,157615,12,,135661,73145,53.92
2025,LC,1461,157615,22,,135380,68214,50.39
2025,LC,1462,157615,16,,135543,71162,52.5
2025,LC,1459,157619,19,,135418,113214,83.6
2025,LC,1460,157619,15,,135661,114092,84.1
2025,LC,1461,157619,18,,135380,112274,82.93
2025,LC,1462,157619,12,,135543,114036,84.13
2025,LC,1459,157665,14,,135418,80434,59.4
2025,LC,1460,157665,23,,135661,80641,59.44
2025,LC,1461,157665,16,,135380,81223,60.0
2025,LC,1462,157665,21,,135543,80820,59.63
2025,LC,1459,157750,7,,135418,76207,56.28
2025,LC,1460,157750,8,,135661,71741,52.88
2025,LC,1461,157750,8,,135380,72644,53.66
2025,LC,1462,157750,6,,135543,75239,55.51
2025,LC,1459,157751,6,,135418,75434,55.7
2025,LC,1460,157751,9,,135661,87688,64.64
2025,LC,1461,157751,10,,135380,85292,63.0
2025,LC,1462,157751,7,,135543,80010,59.03
2025,LC,1459,157775,10,,135418,60265,44.5
2025,LC,1460,157775,7,,135661,60703,44.75
2025,LC,1461,157775,6,,135380,48174,35.58
2025,LC,1462,157775,8,,135543,50960,37.6
2025,LC,1459,157779,8,,135418,51416,37.97
2025,LC,1460,157779,10,,135661,53937,39.76
2025,LC,1461,157779,7,,135380,49192,36.34
2025,LC,1462,157779,9,,135543,50615,37.34
2025,LC,1459,157781,9,,135418,51379,37.94
2025,LC,1460,157781,6,,135661,60954,44.93
2025,LC,1461,157781,9,,135380,50583,37.36
2025,LC,1462,157781,10,,135543,51024,37.64
2025,LC,1459,158716,23,,135418,54570,40.3
2025,LC,1460,158716,36,,135661,54156,39.92
2025,LC,1461,158716,36,,135380,53344,39.4
2025,LC,1462,158716,25,,135543,53664,39.59
2025,LC,1459,158757,22,,135418,98147,72.48
2025,LC,1460,158757,35,,135661,93829,69.16
2025,LC,1461,158757,35,,135380,93904,69.36
2025,LC,1462,158757,24,,135543,97636,72.03
2025,MT,1471,8460,178,,128018,20192,15.77
2025,MT,1472,8460,169,,127779,20125,15.75
2025,MT,1473,8460,172,,127831,19881,15.55
2025,MT,1474,8460,176,,128180,20014,15.61
2025,MT,1471,15396,156,,128018,42394,33.12
2025,MT,1472,15396,163,,127779,40820,31.95
2025,MT,1473,15396,158,,127831,41255,32.27
2025,MT,1474,15396,161,,128180,40700,31.75
2025,MT,1471,16540,149,,128018,36344,28.39
2025,MT,1472,16540,151,,127779,35874,28.08
2025,MT,1473,16540,136,,127831,35002,27.38
2025,MT,1474,16540,147,,128180,36820,28.73
2025,MT,1471,16995,152,,128018,34955,27.3
2025,MT,1472,16995,154,,127779,34653,27.12
2025,MT,1473,16995,139,,127831,33799,26.44
2025,MT,1474,16995,150,,128180,34514,26.93
2025,MT,1471,27847,175,,128018,19454,15.2
2025,MT,1472,27847,179,,127779,18826,14.73
2025,MT,1473,27847,169,,127831,18458,14.44
2025,MT,1474,27847,173,,128180,18920,14.76
2025,MT,1471,28216,164,,128018,47706,37.27
2025,MT,1472,28216,156,,127779,50850,39.8
2025,MT,1473,28216,163,,127831,48790,38.17
2025,MT,1474,28216,166,,128180,49159,38.35
2025,MT,1471,28587,176,,128018,59942,46.82
2025,MT,1472,28587,180,,127779,60303,47.19
2025,MT,1473,28587,170,,127831,62793,49.12
2025,MT,1474,28587,174,,128180,61609,48.06
2025,MT,1471,31953,150,,128018,55931,43.69
2025,MT,1472,31953,152,,127779,55407,43.36
2025,MT,1473,31953,137,,127831,56143,43.92
2025,MT,1474,31953,148,,128180,55643,43.41
2025,MT,1471,38222,142,,128018,60566,47.31
2025,MT,1472,38222,139,,127779,60246,47.15
2025,MT,1473,38222,150,,127831,59955,46.9
2025,MT,1474,38222,146,,128180,60671,47.33
2025,MT,1471,41895,159,,128018,66094,51.63
2025,MT,1472,41895,166,,127779,64058,50.13
2025,MT,1473,41895,161,,127831,65327,51.1
2025,MT,1474,41895,164,,128180,65657,51.22
2025,MT,1471,44306,167,,128018,42090,32.88
2025,MT,1472,44306,172,,127779,41601,32.56
2025,MT,1473,44306,175,,127831,41346,32.34
2025,MT,1474,44306,179,,128180,41498,32.37
2025,MT,1471,44510,177,,128018,40873,31.93
2025,MT,1472,44510,168,,127779,43027,33.67
2025,MT,1473,44510,171,,127831,41824,32.72
2025,MT,1474,44510,175,,128180,42018,32.78
2025,MT,1471,49136,144,,128018,27236,21.28
2025,MT,1472,49136,141,,127779,26698,20.89
2025,MT,1473,49136,144,,127831,26793,20.96
2025,MT,1474,49136,137,,128180,25845,20.16
2025,MT,1471,49227,165,,128018,43620,34.07
2025,MT,1472,49227,157,,127779,43960,34.4
2025,MT,1473,49227,155,,127831,45071,35.26
2025,MT,1474,49227,158,,128180,44652,34.84
2025,MT,1471,50210,147,,128018,63238,49.4
2025,MT,1472,50210,149,,127779,60447,47.31
2025,MT,1473,50210,153,,127831,59787,46.77
2025,MT,1474,50210,151,,128180,61364,47.87
2025,MT,1471,60344,136,,128018,67876,53.02
2025,MT,1472,60344,146,,127779,66788,52.27
2025,MT,1473,60344,142,,127831,66091,51.7
2025,MT,1474,60344,141,,128180,68498,53.44
2025,MT,1471,63293,141,,128018,51512,40.24
2025,MT,1472,63293,138,,127779,52091,40.77
2025,MT,1473,63293,149,,127831,52164,40.81
2025,MT,1474,63293,145,,128180,51733,40.36
2025,MT,1471,63313,168,,128018,78099,61.01
2025,MT,1472,63313,173,,127779,75475,59.07
2025,MT,1473,63313,176,,127831,74411,58.21
2025,MT,1474,63313,180,,128180,75726,59.08
2025,MT,1471,63713,166,,128018,35532,27.76
2025,MT,1472,63713,158,,127779,37355,29.23
2025,MT,1473,63713,156,,127831,37734,29.52
2025,MT,1474,63713,159,,128180,36364,28.37
2025,MT,1471,83162,154,,128018,57095,44.6
2025,MT,1472,83162,148,,127779,58158,45.51
2025,MT,1473,83162,152,,127831,57879,45.28
2025,MT,1474,83162,154,,128180,56534,44.11
2025,MT,1471,83575,162,,128018,34760,27.15
2025,MT,1472,83575,161,,127779,34360,26.89
2025,MT,1473,83575,166,,127831,34080,26.66
2025,MT,1474,83575,157,,128180,35341,27.57
2025,MT,1471,84096,155,,128018,37925,29.62
2025,MT,1472,84096,162,,127779,37384,29.26
2025,MT,1473,84096,157,,127831,38609,30.2
2025,MT,1474,84096,160,,128180,38142,29.76
2025,MT,1471,84405,180,,128018,25166,19.66
2025,MT,1472,84405,171,,127779,25590,20.03
2025,MT,1473,84405,174,,127831,25357,19.84
2025,MT,1474,84405,178,,128180,25237,19.69
2025,MT,1471,86942,139,,128018,51115,39.93
2025,MT,1472,86942,136,,127779,52859,41.37
2025,MT,1473,86942,147,,127831,51239,40.08
2025,MT,1474,86942,143,,128180,51109,39.87
2025,MT,1471,88952,153,,128018,27767,21.69
2025,MT,1472,88952,147,,127779,26841,21.01
2025,MT,1473,88952,151,,127831,27328,21.38
2025,MT,1474,88952,153,,128180,27110,21.15
2025,MT,1471,95625,143,,128018,72680,56.77
2025,MT,1472,95625,140,,127779,72839,57.0
2025,MT,1473,95625,143,,127831,71948,56.28
2025,MT,1474,95625,136,,128180,72390,56.48
2025,MT,1471,95816,160,,128018,21897,17.1
2025,MT,1472,95816,159,,127779,22087,17.29
2025,MT,1473,95816,164,,127831,22652,17.72
2025,MT,1474,95816,155,,128180,21707,16.93
2025,MT,1471,96778,137,,128018,25974,20.29
2025,MT,1472,96778,145,,127779,24308,19.02
2025,MT,1473,96778,141,,127831,26501,20.73
2025,MT,1474,96778,140,,128180,24960,19.47
2025,MT,1471,96852,163,,128018,87290,68.19
2025,MT,1472,96852,155,,127779,90459,70.79
2025,MT,1473,96852,162,,127831,88047,68.88
2025,MT,1474,96852,165,,128180,87099,67.95
2025,MT,1471,96979,151,,128018,92166,71.99
2025,MT,1472,96979,153,,127779,89885,70.34
2025,MT,1473,96979,138,,127831,94403,73.85
2025,MT,1474,96979,149,,128180,91060,71.04
2025,MT,1471,97593,172,,128018,14851,11.6
2025,MT,1472,97593,176,,127779,14525,11.37
2025,MT,1473,97593,179,,127831,14473,11.32
2025,MT,1474,97593,169,,128180,13711,10.7
2025,MT,1471,111422,173,,128018,32523,25.41
2025,MT,1472,111422,177,,127779,31580,24.71
2025,MT,1473,111422,167,,127831,31840,24.91
2025,MT,1474,111422,171,,128180,32136,25.07
2025,MT,1471,111673,170,,128018,46002,35.93
2025,MT,1472,111673,174,,127779,46657,36.51
2025,MT,1473,111673,177,,127831,46186,36.13
2025,MT,1474,111673,167,,128180,46168,36.02
2025,MT,1471,111771,169,,128018,25579,19.98
2025,MT,1472,111771,167,,127779,26064,20.4
2025,MT,1473,111771,180,,127831,25429,19.89
2025,MT,1474,111771,170,,128180,25556,19.94
2025,MT,1471,117625,157,,128018,61171,47.78
2025,MT,1472,117625,164,,127779,58620,45.88
2025,MT,1473,117625,159,,127831,60467,47.3
2025,MT,1474,117625,162,,128180,58958,46.0
2025,MT,1471,117764,145,,128018,90126,70.4
2025,MT,1472,117764,142,,127779,90645,70.94
2025,MT,1473,117764,145,,127831,90526,70.82
2025,MT,1474,117764,138,,128180,92059,71.82
2025,MT,1471,117856,158,,128018,46977,36.7
2025,MT,1472,117856,165,,127779,43844,34.31
2025,MT,1473,117856,160,,127831,45694,35.75
2025,MT,1474,117856,163,,128180,44319,34.58
2025,MT,1471,125905,138,,128018,44031,34.39
2025,MT,1472,125905,144,,127779,46159,36.12
2025,MT,1473,125905,140,,127831,44777,35.03
2025,MT,1474,125905,142,,128180,46886,36.58
2025,MT,1471,125926,148,,128018,55936,43.69
2025,MT,1472,125926,150,,127779,55974,43.81
2025,MT,1473,125926,154,,127831,55771,43.63
2025,MT,1474,125926,152,,128180,55900,43.61
2025,MT,1471,126023,179,,128018,65125,50.87
2025,MT,1472,126023,170,,127779,67002,52.44
2025,MT,1473,126023,173,,127831,65815,51.49
2025,MT,1474,126023,177,,128180,65051,50.75
2025,MT,1471,141518,161,,128018,49922,39.0
2025,MT,1472,141518,160,,127779,49869,39.03
2025,MT,1473,141518,165,,127831,48644,38.05
2025,MT,1474,141518,156,,128180,50758,39.6
2025,MT,1471,141562,171,,128018,17391,13.58
2025,MT,1472,141562,175,,127779,16762,13.12
2025,MT,1473,141562,178,,127831,16347,12.79
2025,MT,1474,141562,168,,128180,17684,13.8
2025,MT,1471,141568,140,,128018,11505,8.99
2025,MT,1472,141568,137,,127779,10979,8.59
2025,MT,1473,141568,148,,127831,11403,8.92
2025,MT,1474,141568,144,,128180,11168,8.71
2025,MT,1471,153134,146,,128018,77897,60.85
2025,MT,1472,153134,143,,127779,77835,60.91
2025,MT,1473,153134,146,,127831,76591,59.92
2025,MT,1474,153134,139,,128180,76195,59.44
