ano;cor;area;questao;idioma;distrator_mais_escolhido;maior_taxa_escolha;empate_escolha;max_similaridade_com_correta;valor_max_similaridade_com_correta;empate_similaridade_com_correta;coincide_similaridade_com_correta;max_sim_media_outros_distratores;valor_max_sim_media_outros_distratores;empate_sim_media_outros_distratores;coincide_sim_media_outros_distratores;max_diferenca_similaridade;valor_max_diferenca_similaridade;empate_diferenca_similaridade;coincide_diferenca_similaridade
2020;Amarela;CH;46;geral;A;0.1851638107076267;False;E;0.5344122052192688;False;False;C;0.5503429571787516;False;False;A;0.1528570552666983;False;True
2020;Amarela;CH;47;geral;B;0.3241168116456595;False;B;0.4664465188980102;False;True;B;0.4704512357711792;False;True;C;0.0846504072348277;False;False
2020;Amarela;CH;48;geral;A;0.2323949915638042;False;C;0.4780386388301849;False;False;B;0.3253902792930603;False;False;B;-0.0099790096282958;False;False
2020;Amarela;CH;49;geral;E;0.1327775067630493;False;D;0.6673932075500488;False;False;A;0.4449756443500519;False;False;B;0.097347507874171;False;False
2020;Amarela;CH;50;geral;A;0.4549693578470556;False;A;0.3587484359741211;False;True;D;0.3216170767943063;False;False;C;0.1257318059603373;False;False
2020;Amarela;CH;51;geral;E;0.193637130052802;False;A;0.3735263645648956;False;False;E;0.4640530943870544;False;True;E;0.1130014061927795;False;True
2020;Amarela;CH;52;geral;B;0.2144092986114192;False;E;0.5266999006271362;False;False;E;0.5391372541586558;False;False;D;0.2126480440298716;False;False
2020;Amarela;CH;53;geral;A;0.2909010208610741;False;A;0.4431266188621521;False;True;E;0.4365682204564411;False;False;C;0.0433519283930461;False;False
2020;Amarela;CH;54;geral;D;0.1247669773635153;False;D;0.4424676299095154;False;True;D;0.4257885913054148;False;True;C;0.0983942449092865;False;False
2020;Amarela;CH;55;geral;E;0.1574928977272727;False;E;0.4383769333362579;False;True;E;0.3124383836984634;False;True;B;-0.0186782429615657;False;False
2020;Amarela;CH;56;geral;A;0.2299875754348598;False;B;0.5096917152404785;False;False;B;0.4960456689198811;False;False;C;0.0301880836486816;False;False
2020;Amarela;CH;57;geral;C;0.0731144631765749;False;D;0.4830459356307983;False;False;C;0.3952700595060984;False;True;C;0.0238868991533915;False;True
2020;Amarela;CH;58;geral;A;0.3190497335701598;False;C;0.5262681245803833;False;False;C;0.4418647785981496;False;False;B;0.0820163836081822;False;False
2020;Amarela;CH;59;geral;A;0.0991295079054894;False;A;0.4806803464889526;False;True;E;0.3865660528341929;False;False;E;0.0245361427466075;False;False
2020;Amarela;CH;60;geral;A;0.135986512267625;False;A;0.2943091988563537;False;True;E;0.2778925746679305;False;False;E;0.0307694226503372;False;False
2020;Amarela;CH;61;geral;B;0.1299720633231342;False;D;0.5048508644104004;False;False;B;0.2972933650016784;False;True;B;0.0648428201675415;False;True
2020;Amarela;CH;62;geral;E;0.1469021835611574;False;E;0.374368816614151;False;True;E;0.4097773532072703;False;True;B;0.0777180393536885;False;False
2020;Amarela;CH;63;geral;B;0.2544825137582105;False;B;0.4781970083713531;False;True;C;0.4200912117958069;False;False;A;0.0632421274979909;False;False
2020;Amarela;CH;64;geral;B;0.2158465091490495;False;B;0.3944964706897735;False;True;B;0.4066019554932912;False;True;A;0.1433297942082087;False;False
2020;Amarela;CH;65;geral;A;0.4083618429821833;False;A;0.5409114360809326;False;True;E;0.4950634737809499;False;False;C;0.1334605713685353;False;False
2020;Amarela;CH;66;geral;C;0.40483276329232;False;E;0.4632603228092193;False;False;C;0.4470169941584269;False;True;D;0.1135232647260029;False;False
2020;Amarela;CH;67;geral;A;0.249988885431023;False;D;0.5463826060295105;False;False;B;0.4328427712122599;False;False;A;-0.0179983377456665;False;True
2020;Amarela;CH;68;geral;A;0.281188910609561;False;B;0.4290912449359894;False;False;A;0.4622148672739665;False;True;C;0.1063230037689209;False;False
2020;Amarela;CH;69;geral;D;0.2287288399164704;False;D;0.5048800706863403;False;True;B;0.4982552131017049;False;False;B;0.1474236746629079;False;False
2020;Amarela;CH;70;geral;A;0.2933202968756944;False;C;0.4706871807575226;False;False;D;0.4288124938805898;False;False;D;0.0087039073308308;False;False
2020;Amarela;CH;71;geral;A;0.2873875478756569;False;A;0.5848175287246704;False;True;D;0.662760059038798;False;False;B;0.154168059428533;False;False
2020;Amarela;CH;72;geral;A;0.265760362521658;False;D;0.4426708519458771;False;False;E;0.435263454914093;False;False;B;0.0957128703594208;False;False
2020;Amarela;CH;73;geral;E;0.300080056929372;False;D;0.447108656167984;False;False;C;0.3385196725527445;False;False;A;-0.0558391114075978;False;False
2020;Amarela;CH;74;geral;D;0.5235574142456734;False;D;0.5030413866043091;False;True;D;0.3372705678145091;False;True;B;0.0168916136026381;False;False
2020;Amarela;CH;75;geral;D;0.1896145467478771;False;B;0.5511527061462402;False;False;B;0.5640220443407694;False;False;D;0.1202824215094248;False;True
2020;Amarela;CH;76;geral;B;0.1712468872287442;False;B;0.2517478764057159;False;True;E;0.271072452267011;False;False;A;0.0913823743661245;False;False
2020;Amarela;CH;77;geral;A;0.4916896275886588;False;A;0.6908883452415466;False;True;A;0.5593558351198832;False;True;D;-0.0051404039065043;False;False
2020;Amarela;CH;78;geral;C;0.2173216431527883;False;C;0.3873595893383026;False;True;E;0.3510528206825256;False;False;E;0.0505008101463318;False;False
2020;Amarela;CH;79;geral;A;0.285720638591186;False;B;0.3738170862197876;False;False;B;0.3689073622226715;False;False;A;0.1432278752326966;False;True
2020;Amarela;CH;80;geral;B;0.2459402945232904;False;A;0.4502238035202026;False;False;C;0.3858249286810557;False;False;B;0.0913681387901306;False;True
2020;Amarela;CH;81;geral;A;0.2100440371869578;False;D;0.6423114538192749;False;False;B;0.3387244443098704;False;False;A;0.0210797488689422;False;True
2020;Amarela;CH;82;geral;A;0.3204626334519573;False;E;0.3850666284561157;False;False;A;0.2922949095567067;False;True;A;0.0570673694213231;False;True
2020;Amarela;CH;83;geral;B;0.1670890578453603;False;B;0.2997206449508667;False;True;B;0.3779174586137135;False;True;E;0.1087969144185383;False;False
2020;Amarela;CH;84;geral;A;0.3004137194715067;False;B;0.6168609857559204;False;False;B;0.3774267037709554;False;False;E;-0.0440203746159871;False;False
2020;Amarela;CH;85;geral;D;0.2713447171824973;False;A;0.2931417226791382;False;False;A;0.5576612055301666;False;False;B;0.2651020089785258;False;False
2020;Amarela;CH;86;geral;B;0.2721614652796301;False;B;0.529600203037262;False;True;B;0.4758258859316508;False;True;B;-0.0537743171056111;False;True
2020;Amarela;CH;87;geral;A;0.2923083771031781;False;D;0.4046612381935119;False;False;A;0.4498874445756276;False;True;A;0.1697464187939962;False;True
2020;Amarela;CH;88;geral;D;0.1839213418160786;False;C;0.3853738009929657;False;False;A;0.3560191392898559;False;False;A;0.0107328295707702;False;False
2020;Amarela;CH;89;geral;E;0.2290018665007555;False;D;0.5708907842636108;False;False;A;0.4602432350317637;False;False;A;-0.0077613194783528;False;False
2020;Amarela;CH;90;geral;B;0.2171768783045274;False;B;0.3223055005073547;False;True;B;0.481349766254425;False;True;C;0.248533234000206;False;False
2020;Amarela;CN;91;geral;D;0.2833487084870849;False;B;0.7475367784500122;False;False;B;0.6828009684880575;False;False;D;0.0992343425750732;False;True
2020;Amarela;CN;92;geral;A;0.742559180471598;False;B;0.4081579446792602;False;False;B;0.5158247848351797;False;False;D;0.1905329823493957;False;False
2020;Amarela;CN;93;geral;E;0.3319484835895305;False;A;0.4506284594535827;False;False;A;0.6008737087249756;False;False;B;0.1587459246317545;False;False
2020;Amarela;CN;94;geral;A;0.2095449090741253;False;C;0.5745941400527954;False;False;E;0.4381877382596333;False;False;D;0.049919456243515;False;False
2020;Amarela;CN;95;geral;E;0.1757105943152454;False;A;0.5442981123924255;False;False;E;0.4725755552450816;False;True;C;0.1445696055889129;False;False
2020;Amarela;CN;96;geral;E;0.2696608446539137;False;E;0.953081488609314;False;True;B;0.7579738100369772;False;False;A;0.0922999580701192;False;False
2020;Amarela;CN;97;geral;A;0.3707652543155174;False;B;0.6357302665710449;False;False;A;0.5851908326148987;False;True;E;0.0071145097414652;False;False
2020;Amarela;CN;98;geral;D;0.1715037142988972;False;D;0.5972581505775452;False;True;A;0.4601871867974599;False;False;E;0.0762434105078379;False;False
2020;Amarela;CN;99;geral;B;0.2357963723635021;False;B;0.7404049634933472;False;True;C;0.5783009131749471;False;False;D;-0.0335701008637747;False;False
2020;Amarela;CN;100;geral;E;0.3826909762289406;False;B;0.6384834051132202;False;False;A;0.4833799799283345;False;False;A;0.0147574742635091;False;False
2020;Amarela;CN;103;geral;E;0.4463626292466765;False;E;0.62629234790802;False;True;A;0.4191989302635193;False;False;B;0.0472248494625091;False;False
2020;Amarela;CN;104;geral;B;0.2771746662355061;False;E;0.5875660181045532;False;False;C;0.5522135496139526;False;False;B;0.0324394802252451;False;True
2020;Amarela;CN;105;geral;D;0.1978580001846551;False;C;0.5889700651168823;False;False;B;0.6193983952204386;False;False;B;0.2335718671480814;False;False
2020;Amarela;CN;106;geral;D;0.318657990677927;False;A;0.943200707435608;False;False;D;0.8334817886352539;False;True;E;0.0330430070559183;False;False
2020;Amarela;CN;109;geral;B;0.2513401109057301;False;A;0.8213262557983398;False;False;B;0.7283161083857218;False;True;E;-0.0639821688334146;False;False
2020;Amarela;CN;110;geral;E;0.2199972315784616;False;D;0.5504418611526489;False;False;E;0.4240068346261978;False;True;E;-0.0702932029962539;False;True
2020;Amarela;CN;111;geral;E;0.1056539383877513;False;A;0.6718021035194397;False;False;A;0.5586197972297668;False;False;E;-0.0772377749284108;False;True
2020;Amarela;CN;112;geral;A;0.5596567315677771;False;A;0.4360308051109314;False;True;E;0.4382175107796986;False;False;E;0.0830541749795277;False;False
2020;Amarela;CN;113;geral;A;0.1826829831447702;False;C;0.8189743757247925;False;False;C;0.7167842785517374;False;False;B;0.1379944880803426;False;False
2020;Amarela;CN;117;geral;A;0.2544531610521458;False;D;0.6955046653747559;False;False;D;0.4479132791360219;False;False;A;0.0558910469214121;False;True
2020;Amarela;CN;118;geral;D;0.1272786007660713;False;A;0.8169272541999817;False;False;D;0.8713695406913757;False;True;D;0.1605382561683654;False;True
2020;Amarela;CN;119;geral;C;0.4432227663309618;False;B;0.7355770468711853;False;False;C;0.69650266567866;False;True;A;0.1264599760373433;False;False
2020;Amarela;CN;120;geral;A;0.1530890439443648;False;E;0.6260289549827576;False;False;A;0.6581867933273315;False;True;A;0.0853959321975708;False;True
2020;Amarela;CN;122;geral;B;0.3100374151231004;False;A;0.8943718671798706;False;False;B;0.7842629750569662;False;True;C;-0.0174311200777689;False;False
2020;Amarela;CN;123;geral;D;0.381359061951805;False;B;0.7507143020629883;False;False;D;0.6385979255040487;False;True;D;0.0856591065724691;False;True
2020;Amarela;CN;124;geral;D;0.1948968762976975;False;D;0.7620056867599487;False;True;D;0.5962584912776947;False;True;E;-0.00979212919871;False;False
2020;Amarela;CN;125;geral;E;0.2265596160944998;False;E;0.920448124408722;False;True;A;0.7559542854626974;False;False;B;0.0103766322135925;False;False
2020;Amarela;CN;126;geral;C;0.2502191262628592;False;E;0.6031160354614258;False;False;C;0.5453048646450043;False;True;A;0.0187636315822601;False;False
2020;Amarela;CN;127;geral;E;0.2432744220386692;False;D;0.6703804135322571;False;False;A;0.4313042958577474;False;False;B;0.0634785691897074;False;False
2020;Amarela;CN;128;geral;D;0.2431258376080225;False;C;0.9032351970672609;False;False;D;0.8460908532142639;False;True;D;0.0695732831954956;False;True
2020;Amarela;CN;129;geral;C;0.2366563638879918;False;C;0.71361243724823;False;True;B;0.6084833145141602;False;False;A;0.1784121294816336;False;False
2020;Amarela;CN;130;geral;B;0.2824561403508772;False;B;0.8161250948905945;False;True;B;0.7590732375780741;False;True;E;0.0209304690361022;False;False
2020;Amarela;CN;132;geral;C;0.2969529085872576;False;C;0.7507360577583313;False;True;D;0.6974571347236633;False;False;A;0.1436757644017537;False;False
2020;Amarela;CN;133;geral;C;0.42455006922012;False;B;0.7721972465515137;False;False;B;0.7228780190149943;False;False;C;0.0041280587514241;False;True
2020;Amarela;LC;1;espanhol;D;0.2370511598347632;False;A;0.54775071144104;False;False;A;0.3410784602165222;False;False;D;-0.0164437343676884;False;True
2020;Amarela;LC;1;inglês;A;0.2568965517241379;False;D;0.6301780939102173;False;False;D;0.3844929834206899;False;False;A;-0.0793142318725586;False;True
2020;Amarela;LC;2;espanhol;C;0.2570019096117122;False;C;0.5309106111526489;False;True;B;0.3662984569867452;False;False;B;-0.0944782296816508;False;False
2020;Amarela;LC;2;inglês;C;0.2810844115834873;False;C;0.6655158996582031;False;True;B;0.5506058037281036;False;False;A;0.0393966337045034;False;False
2020;Amarela;LC;3;espanhol;D;0.208950469820035;False;A;0.4489514231681824;False;False;A;0.4607332249482472;False;False;D;0.1397954920927684;False;True
2020;Amarela;LC;3;inglês;D;0.5122101628021707;False;B;0.2638603150844574;False;False;D;0.2501428474982579;False;True;C;0.0750182022651036;False;False
2020;Amarela;LC;4;espanhol;A;0.1761146496815286;False;A;0.3996627926826477;False;True;D;0.3493581016858418;False;False;C;0.0715454916159311;False;False
2020;Amarela;LC;4;inglês;E;0.077842098780638;False;B;0.6494477987289429;False;False;B;0.5820897817611694;False;False;C;0.0200893481572469;False;False
2020;Amarela;LC;5;espanhol;B;0.2924768887472107;False;B;0.5891557931900024;False;True;A;0.40869935353597;False;False;D;0.0886276264985402;False;False
2020;Amarela;LC;5;inglês;D;0.2479374461273242;False;E;0.6535784006118774;False;False;C;0.5622290074825287;False;False;B;-0.012408951918284;False;False
2020;Amarela;LC;6;geral;A;0.4097699366106653;False;E;0.7030380964279175;False;False;D;0.6679290334383646;False;False;A;0.0884727835655212;False;True
2020;Amarela;LC;7;geral;C;0.227749966774465;False;C;0.767017126083374;False;True;D;0.4144328832626343;False;False;A;0.0217933505773544;False;False
2020;Amarela;LC;8;geral;C;0.1255595443868279;False;A;0.4648886919021606;False;False;E;0.5144852995872498;False;False;E;0.3227754533290863;False;False
2020;Amarela;LC;9;geral;D;0.3900048778324686;False;B;0.5104660987854004;False;False;E;0.3705912133057912;False;False;C;-0.0211353401343027;False;False
2020;Amarela;LC;10;geral;E;0.3762920899693891;False;A;0.6517834663391113;False;False;A;0.4915869931379954;False;False;E;-0.0434667269388834;False;True
2020;Amarela;LC;11;geral;C;0.2949388406310937;False;E;0.4810793995857239;False;False;B;0.3967435657978058;False;False;D;0.1237215101718902;False;False
2020;Amarela;LC;12;geral;A;0.1299069561364643;False;E;0.5745162963867188;False;False;A;0.5384099880854288;False;True;C;0.1677182416121165;False;False
2020;Amarela;LC;13;geral;B;0.2788273904559162;False;C;0.6617801189422607;False;False;B;0.4063665270805358;False;True;D;0.0743411680062612;False;False
2020;Amarela;LC;14;geral;C;0.247028561291467;False;B;0.4806174337863922;False;False;D;0.5143096347649893;False;False;D;0.1319574614365896;False;False
2020;Amarela;LC;15;geral;E;0.0880957659055641;False;E;0.6285348534584045;False;True;C;0.5033768514792124;False;False;B;0.1760409375031789;False;False
2020;Amarela;LC;16;geral;D;0.3705147514840081;False;B;0.5401985049247742;False;False;E;0.4244569043318431;False;False;C;-0.0149772564570108;False;False
2020;Amarela;LC;17;geral;B;0.464478696075826;False;E;0.6157079935073853;False;False;C;0.510420173406601;False;False;D;0.0767729083697001;False;False
2020;Amarela;LC;18;geral;D;0.169132630459821;False;B;0.4108632206916809;False;False;E;0.6226165890693665;False;False;E;0.2343748211860656;False;False
2020;Amarela;LC;19;geral;A;0.2274721865165551;False;E;0.7018886804580688;False;False;E;0.5236748158931732;False;False;D;0.01324063539505;False;False
2020;Amarela;LC;20;geral;C;0.204470859575978;False;D;0.6535168886184692;False;False;D;0.5634347001711527;False;False;C;0.1443642477194468;False;True
2020;Amarela;LC;21;geral;A;0.193927304964539;False;C;0.5430752038955688;False;False;A;0.581879993279775;False;True;A;0.1459027131398519;False;True
2020;Amarela;LC;22;geral;A;0.4133037694013304;False;D;0.2972585260868072;False;False;A;0.1830794339378674;False;True;C;0.0508323187629382;False;False
2020;Amarela;LC;23;geral;E;0.1443253300256932;False;C;0.7589326500892639;False;False;B;0.66916956504186;False;False;E;0.0058198670546213;False;True
2020;Amarela;LC;24;geral;A;0.250509525919362;False;A;0.388052761554718;False;True;D;0.3581000566482544;False;False;B;0.0734415451685587;False;False
2020;Amarela;LC;25;geral;B;0.3934854863727011;False;C;0.4885784983634949;False;False;B;0.3587800562381744;False;True;E;0.0071702351172764;False;False
2020;Amarela;LC;26;geral;A;0.1525739369485212;False;A;0.5760103464126587;False;True;A;0.6158661246299744;False;True;E;0.2958322366078695;False;False
2020;Amarela;LC;27;geral;B;0.2261386841871615;False;B;0.5323609113693237;False;True;C;0.370079552133878;False;False;C;0.0320303787787755;False;False
2020;Amarela;LC;28;geral;A;0.2527833222444001;False;E;0.5744796991348267;False;False;D;0.4686949948469798;False;False;B;0.0723982354005178;False;False
2020;Amarela;LC;29;geral;A;0.0533670481767367;False;E;0.3917255699634552;False;False;C;0.2960495601097742;False;False;A;0.1101885711153348;False;True
2020;Amarela;LC;30;geral;A;0.0778535980148883;False;A;0.6697234511375427;False;True;A;0.6152900457382202;False;True;E;0.1430107851823172;False;False
2020;Amarela;LC;31;geral;C;0.3097529604825476;False;A;0.6270674467086792;False;False;D;0.5193817615509033;False;False;D;0.0216798484325408;False;False
2020;Amarela;LC;32;geral;C;0.131793598723291;False;B;0.4848721623420715;False;False;C;0.2709604601065318;False;True;E;0.0614443520704904;False;False
2020;Amarela;LC;33;geral;A;0.4799627213420316;False;E;0.5539441108703613;False;False;A;0.5756685137748718;False;True;A;0.1778780817985535;False;True
2020;Amarela;LC;34;geral;E;0.1352813372943732;False;B;0.6937938332557678;False;False;E;0.5600361029307047;False;True;C;0.0822486480077108;False;False
2020;Amarela;LC;35;geral;A;0.4420360664475437;False;E;0.5440143346786499;False;False;D;0.5603248874346415;False;False;B;0.0784987211227417;False;False
2020;Amarela;LC;36;geral;A;0.2434277607837921;False;A;0.5168636441230774;False;True;D;0.4721211592356364;False;False;C;-0.0016589959462483;False;False
2020;Amarela;LC;37;geral;B;0.169281914893617;False;E;0.3360680639743805;False;False;E;0.2922037045160929;False;False;A;0.0642997473478316;False;False
2020;Amarela;LC;38;geral;C;0.1869424348675158;False;B;0.3995725512504577;False;False;E;0.3393905758857727;False;False;C;0.0580050845940907;False;True
2020;Amarela;LC;39;geral;D;0.2312061773320316;False;C;0.4223124384880066;False;False;D;0.3208199143409729;False;True;D;-0.071815401315689;False;True
2020;Amarela;LC;40;geral;B;0.1744897959183673;False;C;0.7109718322753906;False;False;B;0.3568087617556254;False;True;D;0.0375683605670929;False;False
2020;Amarela;LC;41;geral;A;0.0904937231069511;False;E;0.8115214705467224;False;False;A;0.6208208600680033;False;True;C;-0.0368892947832743;False;False
2020;Amarela;LC;42;geral;D;0.285226264418811;False;B;0.5518309473991394;False;False;D;0.5357169707616171;False;True;C;0.0232846736907959;False;False
2020;Amarela;LC;43;geral;A;0.2338387869114126;False;A;0.500948429107666;False;True;E;0.5015125473340353;False;False;E;0.2278262575467428;False;False
2020;Amarela;LC;44;geral;A;0.0434087882822902;False;C;0.5829881429672241;False;False;D;0.5038989782333374;False;False;A;3.1262636184747894e-05;False;True
2020;Amarela;LC;45;geral;D;0.270895290514448;False;D;0.4429323077201843;False;True;B;0.4240959783395131;False;False;B;0.0987622638543447;False;False
2020;Amarela;MT;146;geral;B;0.1847439626910468;False;A;0.9129184484481812;False;False;B;0.8696281711260477;False;True;B;0.1414446632067362;False;True
2020;Amarela;MT;152;geral;B;0.2706110572259941;False;B;0.858978271484375;False;True;D;0.8318002820014954;False;False;A;0.0858509739240011;False;False
2020;Amarela;MT;158;geral;B;0.2405226947407304;False;B;0.8404976725578308;False;True;D;0.8280214866002401;False;False;E;0.0879249374071756;False;False
2020;Azul;CH;46;geral;A;0.337570991699432;False;B;0.4290912449359894;False;False;A;0.4622148672739665;False;True;C;0.1063230037689209;False;False
2020;Azul;CH;47;geral;D;0.2369467383230655;False;D;0.5048800706863403;False;True;B;0.4982552131017049;False;False;B;0.1474236746629079;False;False
2020;Azul;CH;48;geral;A;0.3047202797202797;False;C;0.4706871807575226;False;False;D;0.4288124938805898;False;False;D;0.0087039073308308;False;False
2020;Azul;CH;49;geral;A;0.2892753877157627;False;A;0.5848175287246704;False;True;D;0.662760059038798;False;False;B;0.154168059428533;False;False
2020;Azul;CH;50;geral;A;0.1096974466596712;False;A;0.4806803464889526;False;True;E;0.3865660528341929;False;False;E;0.0245361427466075;False;False
2020;Azul;CH;51;geral;B;0.1398479153920112;False;A;0.2943091988563537;False;False;E;0.2778925746679305;False;False;E;0.0307694226503372;False;False
2020;Azul;CH;52;geral;E;0.1694655820869413;False;E;0.4383769333362579;False;True;E;0.3124383836984634;False;True;B;-0.0186782429615657;False;False
2020;Azul;CH;53;geral;A;0.2247672334659264;False;B;0.5096917152404785;False;False;B;0.4960456689198811;False;False;C;0.0301880836486816;False;False
2020;Azul;CH;54;geral;C;0.0739396589418452;False;D;0.4830459356307983;False;False;C;0.3952700595060984;False;True;C;0.0238868991533915;False;True
2020;Azul;CH;55;geral;A;0.3107942617214835;False;C;0.5262681245803833;False;False;C;0.4418647785981496;False;False;B;0.0820163836081822;False;False
2020;Azul;CH;56;geral;B;0.2827284652383035;False;B;0.529600203037262;False;True;B;0.4758258859316508;False;True;B;-0.0537743171056111;False;True
2020;Azul;CH;57;geral;A;0.2967081071616179;False;D;0.4046612381935119;False;False;A;0.4498874445756276;False;True;A;0.1697464187939962;False;True
2020;Azul;CH;58;geral;D;0.190274194253728;False;C;0.3853738009929657;False;False;A;0.3560191392898559;False;False;A;0.0107328295707702;False;False
2020;Azul;CH;59;geral;E;0.2201951262195388;False;D;0.5708907842636108;False;False;A;0.4602432350317637;False;False;A;-0.0077613194783528;False;False
2020;Azul;CH;60;geral;B;0.2507540983606557;False;A;0.4342187345027923;False;False;B;0.481349766254425;False;True;C;0.1604977250099182;False;False
2020;Azul;CH;61;geral;B;0.2324869990822881;False;B;0.3944964706897735;False;True;B;0.4066019554932912;False;True;A;0.1433297942082087;False;False
2020;Azul;CH;62;geral;A;0.3999125300677892;False;A;0.5409114360809326;False;True;E;0.4950634737809499;False;False;C;0.1334605713685353;False;False
2020;Azul;CH;63;geral;C;0.4221949938736216;False;E;0.4632603228092193;False;False;C;0.4470169941584269;False;True;D;0.1135232647260029;False;False
2020;Azul;CH;64;geral;A;0.2440658666900236;False;D;0.5463826060295105;False;False;B;0.4328427712122599;False;False;A;-0.0179983377456665;False;True
2020;Azul;CH;65;geral;A;0.2747911289969817;False;A;0.4431266188621521;False;True;E;0.4365682204564411;False;False;C;0.0433519283930461;False;False
2020;Azul;CH;66;geral;D;0.1249179035859713;False;D;0.4424676299095154;False;True;D;0.4257885913054148;False;True;C;0.0983942449092865;False;False
2020;Azul;CH;67;geral;A;0.4934803535486129;False;A;0.6908883452415466;False;True;A;0.5593558351198832;False;True;D;-0.0051404039065043;False;False
2020;Azul;CH;68;geral;C;0.2391923262231177;False;C;0.3873595893383026;False;True;E;0.3510528206825256;False;False;E;0.0505008101463318;False;False
2020;Azul;CH;69;geral;A;0.2809996936140412;False;B;0.3738170862197876;False;False;B;0.3689073622226715;False;False;A;0.1432278752326966;False;True
2020;Azul;CH;70;geral;B;0.245467285626697;False;A;0.4502238035202026;False;False;C;0.3858249286810557;False;False;B;0.0913681387901306;False;True
2020;Azul;CH;71;geral;E;0.138356524022053;False;D;0.6673932075500488;False;False;A;0.4449756443500519;False;False;B;0.097347507874171;False;False
2020;Azul;CH;72;geral;A;0.4451013883414356;False;A;0.3587484359741211;False;True;D;0.3216170767943063;False;False;C;0.1257318059603373;False;False
2020;Azul;CH;73;geral;E;0.1837556343267253;False;A;0.3735263645648956;False;False;E;0.4640530943870544;False;True;E;0.1130014061927795;False;True
2020;Azul;CH;74;geral;B;0.2240949087247734;False;E;0.5266999006271362;False;False;E;0.5391372541586558;False;False;D;0.2126480440298716;False;False
2020;Azul;CH;75;geral;A;0.2684466657898198;False;D;0.4426708519458771;False;False;E;0.435263454914093;False;False;B;0.0957128703594208;False;False
2020;Azul;CH;76;geral;E;0.2842013129102844;False;D;0.447108656167984;False;False;C;0.3385196725527445;False;False;A;-0.0558391114075978;False;False
2020;Azul;CH;77;geral;D;0.5108590944916368;False;D;0.5030413866043091;False;True;D;0.3372705678145091;False;True;B;0.0168916136026381;False;False
2020;Azul;CH;78;geral;D;0.1928633975481611;False;B;0.5511527061462402;False;False;B;0.5640220443407694;False;False;D;0.1202824215094248;False;True
2020;Azul;CH;79;geral;B;0.1749737210932025;False;B;0.2517478764057159;False;True;E;0.271072452267011;False;False;A;0.0913823743661245;False;False
2020;Azul;CH;80;geral;A;0.2081471747700394;False;D;0.6423114538192749;False;False;B;0.3387244443098704;False;False;A;0.0210797488689422;False;True
2020;Azul;CH;81;geral;A;0.3312601287722833;False;E;0.3850666284561157;False;False;A;0.2922949095567067;False;True;A;0.0570673694213231;False;True
2020;Azul;CH;82;geral;B;0.1683233349389149;False;B;0.2997206449508667;False;True;B;0.3779174586137135;False;True;E;0.1087969144185383;False;False
2020;Azul;CH;83;geral;A;0.2991494212556997;False;B;0.6168609857559204;False;False;B;0.3774267037709554;False;False;E;-0.0440203746159871;False;False
2020;Azul;CH;84;geral;D;0.2663424465474938;False;A;0.2931417226791382;False;False;A;0.5576612055301666;False;False;B;0.2651020089785258;False;False
2020;Azul;CH;85;geral;A;0.188859649122807;False;E;0.5344122052192688;False;False;C;0.5503429571787516;False;False;A;0.1528570552666983;False;True
2020;Azul;CH;86;geral;B;0.2951279355064844;False;B;0.4664465188980102;False;True;B;0.4704512357711792;False;True;C;0.0846504072348277;False;False
2020;Azul;CH;87;geral;A;0.2285213581599123;False;C;0.4780386388301849;False;False;B;0.3253902792930603;False;False;B;-0.0099790096282958;False;False
2020;Azul;CH;88;geral;B;0.1318416673964445;False;D;0.5048508644104004;False;False;B;0.2972933650016784;False;True;B;0.0648428201675415;False;True
2020;Azul;CH;89;geral;E;0.1498752134506764;False;E;0.374368816614151;False;True;E;0.4097773532072703;False;True;B;0.0777180393536885;False;False
2020;Azul;CH;90;geral;B;0.2300826880168001;False;B;0.4781970977783203;False;True;B;0.3411031067371368;False;True;A;0.009328119456768;False;False
2020;Azul;CN;91;geral;E;0.2092542388457473;False;E;0.920448124408722;False;True;A;0.7559542854626974;False;False;B;0.0103766322135925;False;False
2020;Azul;CN;92;geral;C;0.2603702512747485;False;E;0.6031160354614258;False;False;C;0.5453048646450043;False;True;A;0.0187636315822601;False;False
2020;Azul;CN;93;geral;D;0.2761032626202199;False;A;0.943200707435608;False;False;D;0.8334817886352539;False;True;E;0.0330430070559183;False;False
2020;Azul;CN;95;geral;E;0.2256744955646458;False;D;0.6703804135322571;False;False;A;0.4313042958577474;False;False;B;0.0634785691897074;False;False
2020;Azul;CN;96;geral;D;0.2571099861942015;False;C;0.9032351970672609;False;False;D;0.8460908532142639;False;True;D;0.0695732831954956;False;True
2020;Azul;CN;97;geral;C;0.2728442728442728;False;C;0.71361243724823;False;True;B;0.6084833145141602;False;False;A;0.1784121294816336;False;False
2020;Azul;CN;98;geral;B;0.2923140571848855;False;B;0.8161250948905945;False;True;B;0.7590732375780741;False;True;E;0.0209304690361022;False;False
2020;Azul;CN;99;geral;B;0.2883181441590721;False;A;0.8943718671798706;False;False;B;0.7842629750569662;False;True;C;-0.0174311200777689;False;False
2020;Azul;CN;100;geral;D;0.3758102330713005;False;B;0.7507143020629883;False;False;D;0.6385979255040487;False;True;D;0.0856591065724691;False;True
2020;Azul;CN;101;geral;D;0.2067031400855133;False;D;0.7620056867599487;False;True;D;0.5962584912776947;False;True;E;-0.00979212919871;False;False
2020;Azul;CN;102;geral;E;0.4724789626155332;False;E;0.62629234790802;False;True;A;0.4191989302635193;False;False;B;0.0472248494625091;False;False
2020;Azul;CN;103;geral;C;0.2681669658060656;False;E;0.5875660181045532;False;False;C;0.5522135496139526;False;True;B;0.0324394802252451;False;False
2020;Azul;CN;104;geral;D;0.2007079483289661;False;C;0.5889700651168823;False;False;B;0.6193983952204386;False;False;B;0.2335718671480814;False;False
2020;Azul;CN;105;geral;C;0.443519455431883;False;B;0.7721972465515137;False;False;B;0.7228780190149943;False;False;C;0.0041280587514241;False;True
2020;Azul;CN;108;geral;D;0.2542396249827657;False;B;0.7475367784500122;False;False;B;0.6828009684880575;False;False;D;0.0992343425750732;False;True
2020;Azul;CN;109;geral;A;0.7199668980736518;False;B;0.4081579446792602;False;False;B;0.5158247848351797;False;False;D;0.1905329823493957;False;False
2020;Azul;CN;110;geral;E;0.3396157028592442;False;A;0.4506284594535827;False;False;A;0.6008737087249756;False;False;B;0.1587459246317545;False;False
2020;Azul;CN;111;geral;E;0.200542254491981;False;C;0.5745941400527954;False;False;E;0.4381877382596333;False;True;D;0.049919456243515;False;False
2020;Azul;CN;112;geral;E;0.1768760626809429;False;A;0.5442981123924255;False;False;E;0.4725755552450816;False;True;C;0.1445696055889129;False;False
2020;Azul;CN;114;geral;B;0.2576105950519636;False;A;0.8213262557983398;False;False;B;0.7283161083857218;False;True;E;-0.0639821688334146;False;False
2020;Azul;CN;115;geral;E;0.2337990624138248;False;D;0.5504418611526489;False;False;E;0.4240068346261978;False;True;E;-0.0702932029962539;False;True
2020;Azul;CN;116;geral;E;0.2767779056386651;False;E;0.953081488609314;False;True;B;0.7579738100369772;False;False;A;0.0922999580701192;False;False
2020;Azul;CN;117;geral;A;0.3816243048214368;False;B;0.6357302665710449;False;False;A;0.5851908326148987;False;True;E;0.0071145097414652;False;False
2020;Azul;CN;118;geral;D;0.1696449078965501;False;D;0.5972581505775452;False;True;A;0.4601871867974599;False;False;E;0.0762434105078379;False;False
2020;Azul;CN;121;geral;A;0.2786071937158344;False;D;0.6955046653747559;False;False;D;0.4479132791360219;False;False;A;0.0558910469214121;False;True
2020;Azul;CN;122;geral;D;0.1323286160632236;False;A;0.8169272541999817;False;False;D;0.8713695406913757;False;True;D;0.1605382561683654;False;True
2020;Azul;CN;123;geral;C;0.4343647983815348;False;B;0.7355770468711853;False;False;C;0.69650266567866;False;True;A;0.1264599760373433;False;False
2020;Azul;CN;124;geral;A;0.163693213169027;False;E;0.6260289549827576;False;False;A;0.6581867933273315;False;True;A;0.0853959321975708;False;True
2020;Azul;CN;126;geral;B;0.2363218390804597;False;B;0.7404049634933472;False;True;C;0.5783009131749471;False;False;D;-0.0335701008637747;False;False
2020;Azul;CN;127;geral;E;0.417846634792203;False;B;0.6384834051132202;False;False;A;0.4833799799283345;False;False;A;0.0147574742635091;False;False
2020;Azul;CN;131;geral;C;0.3092423057459631;False;C;0.7507360577583313;False;True;D;0.6974571347236633;False;False;A;0.1436757644017537;False;False
2020;Azul;CN;132;geral;A;0.1123471545462903;False;A;0.6718021035194397;False;True;A;0.5586197972297668;False;True;E;-0.0772377749284108;False;False
2020;Azul;CN;133;geral;A;0.5551161186479651;False;A;0.4360308051109314;False;True;E;0.4382175107796986;False;False;E;0.0830541749795277;False;False
2020;Azul;CN;134;geral;A;0.1911243964129685;False;C;0.8189743757247925;False;False;C;0.7167842785517374;False;False;B;0.1379944880803426;False;False
2020;Azul;LC;1;espanhol;C;0.219959266802444;False;C;0.5309106111526489;False;True;B;0.3662984569867452;False;False;B;-0.0944782296816508;False;False
2020;Azul;LC;1;inglês;D;0.254760460885385;False;E;0.6535784006118774;False;False;C;0.5622290074825287;False;False;B;-0.012408951918284;False;False
2020;Azul;LC;2;espanhol;D;0.2542372881355932;False;A;0.54775071144104;False;False;A;0.3410784602165222;False;False;D;-0.0164437343676884;False;True
2020;Azul;LC;2;inglês;E;0.0829794977556714;False;B;0.6494477987289429;False;False;B;0.5820897817611694;False;False;C;0.0200893481572469;False;False
2020;Azul;LC;3;espanhol;B;0.286679233427584;False;B;0.5891557931900024;False;True;A;0.40869935353597;False;False;D;0.0886276264985402;False;False
2020;Azul;LC;3;inglês;D;0.5213192419825073;False;B;0.2638603150844574;False;False;D;0.2501428474982579;False;True;C;0.0750182022651036;False;False
2020;Azul;LC;4;espanhol;C;0.2036426440571518;False;A;0.3996627926826477;False;False;D;0.3493581016858418;False;False;C;0.0715454916159311;False;True
2020;Azul;LC;4;inglês;C;0.307033527696793;False;C;0.6655158996582031;False;True;B;0.5506058037281036;False;False;A;0.0393966337045034;False;False
2020;Azul;LC;5;espanhol;D;0.1923438970818952;False;A;0.4489514231681824;False;False;A;0.4607332249482472;False;False;D;0.1397954920927684;False;True
2020;Azul;LC;5;inglês;A;0.2378089512358049;False;D;0.6301780939102173;False;False;D;0.3844929834206899;False;False;A;-0.0793142318725586;False;True
2020;Azul;LC;6;geral;A;0.5042865890998163;False;E;0.5440143346786499;False;False;D;0.5603248874346415;False;False;B;0.0784987211227417;False;False
2020;Azul;LC;7;geral;A;0.2365290412876137;False;A;0.5168636441230774;False;True;D;0.4721211592356364;False;False;C;-0.0016589959462483;False;False
2020;Azul;LC;8;geral;D;0.3779351961170143;False;B;0.5401985049247742;False;False;E;0.4244569043318431;False;False;C;-0.0149772564570108;False;False
2020;Azul;LC;9;geral;B;0.4638441036396207;False;E;0.6157079935073853;False;False;C;0.510420173406601;False;False;D;0.0767729083697001;False;False
2020;Azul;LC;10;geral;D;0.1748590903132783;False;B;0.4108632206916809;False;False;E;0.6226165890693665;False;False;E;0.2343748211860656;False;False
2020;Azul;LC;11;geral;A;0.2380452836786432;False;E;0.7018886804580688;False;False;E;0.5236748158931732;False;False;D;0.01324063539505;False;False
2020;Azul;LC;12;geral;C;0.2091191528464534;False;D;0.6535168886184692;False;False;D;0.5634347001711527;False;False;C;0.1443642477194468;False;True
2020;Azul;LC;13;geral;A;0.1858136178772904;False;C;0.5430752038955688;False;False;A;0.581879993279775;False;True;A;0.1459027131398519;False;True
2020;Azul;LC;14;geral;A;0.4000962506015663;False;D;0.2972585260868072;False;False;A;0.1830794339378674;False;True;C;0.0508323187629382;False;False
2020;Azul;LC;15;geral;A;0.0402062756752032;False;C;0.5829881429672241;False;False;D;0.5038989782333374;False;False;A;3.1262636184747894e-05;False;True
2020;Azul;LC;16;geral;D;0.280470218065813;False;D;0.4429323077201843;False;True;B;0.4240959783395131;False;False;B;0.0987622638543447;False;False
2020;Azul;LC;17;geral;A;0.1428009785077756;False;A;0.5760103464126587;False;True;A;0.6158661246299744;False;True;E;0.2958322366078695;False;False
2020;Azul;LC;18;geral;B;0.2046320213650891;False;B;0.5323609113693237;False;True;C;0.370079552133878;False;False;C;0.0320303787787755;False;False
2020;Azul;LC;19;geral;A;0.2532680452935776;False;E;0.5744796991348267;False;False;D;0.4686949948469798;False;False;B;0.0723982354005178;False;False
2020;Azul;LC;20;geral;C;0.133088492479888;False;B;0.4848721623420715;False;False;C;0.2709604601065318;False;True;E;0.0614443520704904;False;False
2020;Azul;LC;21;geral;A;0.466829929592863;False;E;0.5539441108703613;False;False;A;0.5756685137748718;False;True;A;0.1778780817985535;False;True
2020;Azul;LC;22;geral;E;0.1199038671618964;False;B;0.6937938332557678;False;False;E;0.5600361029307047;False;True;C;0.0822486480077108;False;False
2020;Azul;LC;23;geral;D;0.3466177241740954;False;B;0.5104660987854004;False;False;E;0.3705912133057912;False;False;C;-0.0211353401343027;False;False
2020;Azul;LC;24;geral;E;0.3682645206438069;False;A;0.6517834663391113;False;False;A;0.4915869931379954;False;False;E;-0.0434667269388834;False;True
2020;Azul;LC;25;geral;C;0.3089327855956647;False;E;0.4810793995857239;False;False;B;0.3967435657978058;False;False;D;0.1237215101718902;False;False
2020;Azul;LC;26;geral;A;0.1203529771525927;False;E;0.5745162963867188;False;False;A;0.5384099880854288;False;True;C;0.1677182416121165;False;False
2020;Azul;LC;27;geral;A;0.0986586271682614;False;E;0.8115214705467224;False;False;A;0.6208208600680033;False;True;C;-0.0368892947832743;False;False
2020;Azul;LC;28;geral;D;0.2904326523469968;False;B;0.5518309473991394;False;False;D;0.5357169707616171;False;True;C;0.0232846736907959;False;False
2020;Azul;LC;29;geral;A;0.2216346153846153;False;A;0.500948429107666;False;True;E;0.5015125473340353;False;False;E;0.2278262575467428;False;False
2020;Azul;LC;30;geral;A;0.3881673881673881;False;E;0.7030380964279175;False;False;D;0.6679290334383646;False;False;A;0.0884727835655212;False;True
2020;Azul;LC;31;geral;C;0.2315421581476627;False;C;0.767017126083374;False;True;D;0.4144328832626343;False;False;A;0.0217933505773544;False;False
2020;Azul;LC;32;geral;C;0.166695796556847;False;A;0.4648886919021606;False;False;E;0.5144852995872498;False;False;E;0.3227754533290863;False;False
2020;Azul;LC;33;geral;B;0.2210319195452558;False;C;0.6617801189422607;False;False;B;0.4063665270805358;False;True;D;0.0743411680062612;False;False
2020;Azul;LC;34;geral;C;0.2745955400087451;False;B;0.4806174337863922;False;False;D;0.5143096347649893;False;False;D;0.1319574614365896;False;False
2020;Azul;LC;35;geral;E;0.0892474528838165;False;E;0.6285348534584045;False;True;C;0.5033768514792124;False;False;B;0.1760409375031789;False;False
2020;Azul;LC;36;geral;E;0.1618668880828562;False;C;0.7589326500892639;False;False;B;0.66916956504186;False;False;E;0.0058198670546213;False;True
2020;Azul;LC;37;geral;A;0.2279919573389282;False;A;0.388052761554718;False;True;D;0.3581000566482544;False;False;B;0.0734415451685587;False;False
2020;Azul;LC;38;geral;B;0.402128218602207;False;C;0.4885784983634949;False;False;B;0.3587800562381744;False;True;E;0.0071702351172764;False;False
2020;Azul;LC;39;geral;B;0.1540410659676714;False;E;0.3360680639743805;False;False;E;0.2922037045160929;False;False;A;0.0642997473478316;False;False
2020;Azul;LC;40;geral;C;0.1975486977456774;False;B;0.3995725512504577;False;False;E;0.3393905758857727;False;False;C;0.0580050845940907;False;True
2020;Azul;LC;41;geral;C;0.2224653218395834;False;C;0.4223124384880066;False;True;D;0.3208199143409729;False;False;D;-0.071815401315689;False;False
2020;Azul;LC;42;geral;B;0.1804784186819434;False;C;0.7109718322753906;False;False;B;0.3568087617556254;False;True;D;0.0375683605670929;False;False
2020;Azul;LC;43;geral;A;0.0590704385466311;False;E;0.3917255699634552;False;False;C;0.2960495601097742;False;False;A;0.1101885711153348;False;True
2020;Azul;LC;44;geral;A;0.0811732307557809;False;A;0.6697234511375427;False;True;A;0.6152900457382202;False;True;E;0.1430107851823172;False;False
2020;Azul;LC;45;geral;C;0.3217852137351086;False;A;0.6270674467086792;False;False;D;0.5193817615509033;False;False;D;0.0216798484325408;False;False
2020;Azul;MT;140;geral;B;0.2753483239067457;False;B;0.858978271484375;False;True;D;0.8318002820014954;False;False;A;0.0858509739240011;False;False
2020;Azul;MT;151;geral;B;0.2436905254447662;False;B;0.8404976725578308;False;True;D;0.8280214866002401;False;False;E;0.0879249374071756;False;False
2020;Azul;MT;153;geral;B;0.1718620689655172;False;A;0.9129184484481812;False;False;B;0.8696281711260477;False;True;B;0.1414446632067362;False;True
2020;Cinza;CH;46;geral;A;0.3014366565084893;False;A;0.4431266188621521;False;True;E;0.4365682204564411;False;False;C;0.0433519283930461;False;False
2020;Cinza;CH;47;geral;D;0.1194952132288947;False;D;0.4424676299095154;False;True;D;0.4257885913054148;False;True;C;0.0983942449092865;False;False
2020;Cinza;CH;48;geral;A;0.2453093030342606;False;D;0.6423114538192749;False;False;B;0.3387244443098704;False;False;A;0.0210797488689422;False;True
2020;Cinza;CH;49;geral;A;0.3241430375887451;False;E;0.3850666284561157;False;False;A;0.2922949095567067;False;True;A;0.0570673694213231;False;True
2020;Cinza;CH;50;geral;B;0.1790115392989331;False;B;0.2997206449508667;False;True;B;0.3779174586137135;False;True;E;0.1087969144185383;False;False
2020;Cinza;CH;51;geral;A;0.2851664633083493;False;B;0.6168609857559204;False;False;B;0.3774267037709554;False;False;E;-0.0440203746159871;False;False
2020;Cinza;CH;52;geral;D;0.2876992769405;False;A;0.2931417226791382;False;False;A;0.5576612055301666;False;False;B;0.2651020089785258;False;False
2020;Cinza;CH;53;geral;A;0.1823498603351955;False;E;0.5344122052192688;False;False;C;0.5503429571787516;False;False;A;0.1528570552666983;False;True
2020;Cinza;CH;54;geral;B;0.3221941443011502;False;B;0.4664465188980102;False;True;B;0.4704512357711792;False;True;C;0.0846504072348277;False;False
2020;Cinza;CH;55;geral;A;0.2327172870717461;False;C;0.4780386388301849;False;False;B;0.3253902792930603;False;False;B;-0.0099790096282958;False;False
2020;Cinza;CH;56;geral;B;0.2456866504008365;False;B;0.3944964706897735;False;True;B;0.4066019554932912;False;True;A;0.1433297942082087;False;False
2020;Cinza;CH;57;geral;A;0.4228439447422321;False;A;0.5409114360809326;False;True;E;0.4950634737809499;False;False;C;0.1334605713685353;False;False
2020;Cinza;CH;58;geral;C;0.411259749880169;False;E;0.4632603228092193;False;False;C;0.4470169941584269;False;True;D;0.1135232647260029;False;False
2020;Cinza;CH;59;geral;A;0.2514178518453887;False;D;0.5463826060295105;False;False;B;0.4328427712122599;False;False;A;-0.0179983377456665;False;True
2020;Cinza;CH;60;geral;B;0.1315135394409802;False;D;0.5048508644104004;False;False;B;0.2972933650016784;False;True;B;0.0648428201675415;False;True
2020;Cinza;CH;61;geral;E;0.1455828541557762;False;E;0.374368816614151;False;True;E;0.4097773532072703;False;True;B;0.0777180393536885;False;False
2020;Cinza;CH;62;geral;B;0.2517860254399721;False;B;0.4781970083713531;False;True;C;0.4200912117958069;False;False;A;0.0632421274979909;False;False
2020;Cinza;CH;63;geral;A;0.2965384950736768;False;D;0.4426708519458771;False;False;E;0.435263454914093;False;False;B;0.0957128703594208;False;False
2020;Cinza;CH;64;geral;E;0.3229843457026992;False;D;0.447108656167984;False;False;C;0.3385196725527445;False;False;A;-0.0558391114075978;False;False
2020;Cinza;CH;65;geral;D;0.5238925706313219;False;D;0.5030413866043091;False;True;D;0.3372705678145091;False;True;B;0.0168916136026381;False;False
2020;Cinza;CH;66;geral;D;0.1897648083623693;False;B;0.5511527061462402;False;False;B;0.5640220443407694;False;False;D;0.1202824215094248;False;True
2020;Cinza;CH;67;geral;B;0.1767346582984658;False;B;0.2517478764057159;False;True;E;0.271072452267011;False;False;A;0.0913823743661245;False;False
2020;Cinza;CH;68;geral;A;0.4744137389939848;False;A;0.6908883452415466;False;True;A;0.5593558351198832;False;True;D;-0.0051404039065043;False;False
2020;Cinza;CH;69;geral;C;0.2207389957684421;False;C;0.3873595893383026;False;True;E;0.3510528206825256;False;False;E;0.0505008101463318;False;False
2020;Cinza;CH;70;geral;A;0.292153443766347;False;B;0.3738170862197876;False;False;B;0.3689073622226715;False;False;A;0.1432278752326966;False;True
2020;Cinza;CH;71;geral;B;0.2341614635637252;False;A;0.4502238035202026;False;False;C;0.3858249286810557;False;False;B;0.0913681387901306;False;True
2020;Cinza;CH;72;geral;A;0.2792867419453285;False;B;0.4290912449359894;False;False;A;0.4622148672739665;False;True;C;0.1063230037689209;False;False
2020;Cinza;CH;73;geral;D;0.2246999781802313;False;D;0.5048800706863403;False;True;B;0.4982552131017049;False;False;B;0.1474236746629079;False;False
2020;Cinza;CH;74;geral;A;0.2797260751984646;False;C;0.4706871807575226;False;False;D;0.4288124938805898;False;False;D;0.0087039073308308;False;False
2020;Cinza;CH;75;geral;A;0.290940006975933;False;A;0.5848175287246704;False;True;D;0.662760059038798;False;False;B;0.154168059428533;False;False
2020;Cinza;CH;76;geral;E;0.1542047930283224;False;E;0.4383769333362579;False;True;E;0.3124383836984634;False;True;B;-0.0186782429615657;False;False
2020;Cinza;CH;77;geral;A;0.2344151600958396;False;B;0.5096917152404785;False;False;B;0.4960456689198811;False;False;C;0.0301880836486816;False;False
2020;Cinza;CH;78;geral;C;0.0864558342420937;False;D;0.4830459356307983;False;False;C;0.3952700595060984;False;True;C;0.0238868991533915;False;True
2020;Cinza;CH;79;geral;D;0.32150495395225;False;C;0.5262681245803833;False;False;C;0.4418647785981496;False;False;B;0.0820163836081822;False;False
2020;Cinza;CH;80;geral;B;0.2793739373065353;False;B;0.529600203037262;False;True;B;0.4758258859316508;False;True;B;-0.0537743171056111;False;True
2020;Cinza;CH;81;geral;A;0.2786076170510133;False;D;0.4046612381935119;False;False;A;0.4498874445756276;False;True;A;0.1697464187939962;False;True
2020;Cinza;CH;82;geral;D;0.1774489261393399;False;C;0.3853738009929657;False;False;A;0.3560191392898559;False;False;A;0.0107328295707702;False;False
2020;Cinza;CH;83;geral;E;0.2308430372017968;False;D;0.5708907842636108;False;False;A;0.4602432350317637;False;False;A;-0.0077613194783528;False;False
2020;Cinza;CH;84;geral;B;0.2215921483097055;False;A;0.4342187345027923;False;False;B;0.481349766254425;False;True;C;0.1604977250099182;False;False
2020;Cinza;CH;85;geral;E;0.1364547911762141;False;D;0.6673932075500488;False;False;A;0.4449756443500519;False;False;B;0.097347507874171;False;False
2020;Cinza;CH;86;geral;A;0.4452494217256579;False;A;0.3587484359741211;False;True;D;0.3216170767943063;False;False;C;0.1257318059603373;False;False
2020;Cinza;CH;87;geral;E;0.1889121521416732;False;A;0.3735263645648956;False;False;E;0.4640530943870544;False;True;E;0.1130014061927795;False;True
2020;Cinza;CH;88;geral;B;0.2173742309873903;False;E;0.5266999006271362;False;False;E;0.5391372541586558;False;False;D;0.2126480440298716;False;False
2020;Cinza;CH;89;geral;A;0.0972313058643993;False;A;0.4806803464889526;False;True;E;0.3865660528341929;False;False;E;0.0245361427466075;False;False
2020;Cinza;CH;90;geral;A;0.1558356594556873;False;A;0.2943089604377746;False;True;E;0.2224347939093907;False;False;E;0.0226006110509236;False;False
2020;Cinza;CN;91;geral;E;0.2106996659295158;False;D;0.6703804135322571;False;False;A;0.4313042958577474;False;False;B;0.0634785691897074;False;False
2020;Cinza;CN;92;geral;D;0.2862189148455162;False;C;0.9032351970672609;False;False;D;0.8460908532142639;False;True;D;0.0695732831954956;False;True
2020;Cinza;CN;93;geral;C;0.27469890854347;False;C;0.71361243724823;False;True;B;0.6084833145141602;False;False;A;0.1784121294816336;False;False
2020;Cinza;CN;94;geral;B;0.2989642184557439;False;B;0.8161250948905945;False;True;B;0.7590732375780741;False;True;E;0.0209304690361022;False;False
2020;Cinza;CN;95;geral;E;0.2956472583380441;False;E;0.953081488609314;False;True;B;0.7579738100369772;False;False;A;0.0922999580701192;False;False
2020;Cinza;CN;96;geral;A;0.3811271050898485;False;B;0.6357302665710449;False;False;A;0.5851908326148987;False;True;E;0.0071145097414652;False;False
2020;Cinza;CN;97;geral;D;0.163302752293578;False;D;0.5972581505775452;False;True;A;0.4601871867974599;False;False;E;0.0762434105078379;False;False
2020;Cinza;CN;100;geral;A;0.2776209297948428;False;D;0.6955046653747559;False;False;D;0.4479132791360219;False;False;A;0.0558910469214121;False;True
2020;Cinza;CN;101;geral;D;0.1247295644812341;False;A;0.8169272541999817;False;False;D;0.8713695406913757;False;True;D;0.1605382561683654;False;True
2020;Cinza;CN;102;geral;C;0.4434872663936355;False;B;0.7355770468711853;False;False;C;0.69650266567866;False;True;A;0.1264599760373433;False;False
2020;Cinza;CN;103;geral;A;0.1717647058823529;False;E;0.6260289549827576;False;False;A;0.6581867933273315;False;True;A;0.0853959321975708;False;True
2020;Cinza;CN;105;geral;D;0.2492348260112068;False;B;0.7475367784500122;False;False;B;0.6828009684880575;False;False;D;0.0992343425750732;False;True
2020;Cinza;CN;106;geral;A;0.7303312629399586;False;B;0.4081579446792602;False;False;B;0.5158247848351797;False;False;D;0.1905329823493957;False;False
2020;Cinza;CN;107;geral;E;0.3450969320534538;False;A;0.4506284594535827;False;False;A;0.6008737087249756;False;False;B;0.1587459246317545;False;False
2020;Cinza;CN;108;geral;E;0.1974309509245753;False;C;0.5745941400527954;False;False;E;0.4381877382596333;False;True;D;0.049919456243515;False;False
2020;Cinza;CN;109;geral;E;0.1822970557802652;False;A;0.5442981123924255;False;False;E;0.4725755552450816;False;True;C;0.1445696055889129;False;False
2020;Cinza;CN;110;geral;E;0.4401731520255963;False;E;0.62629234790802;False;True;A;0.4191989302635193;False;False;B;0.0472248494625091;False;False
2020;Cinza;CN;111;geral;B;0.277244494635799;False;E;0.5875660181045532;False;False;C;0.5522135496139526;False;False;B;0.0324394802252451;False;True
2020;Cinza;CN;112;geral;D;0.1895643173049779;False;C;0.5889700651168823;False;False;B;0.6193983952204386;False;False;B;0.2335718671480814;False;False
2020;Cinza;CN;113;geral;B;0.3052834808815219;False;A;0.8943718671798706;False;False;B;0.7842629750569662;False;True;C;-0.0174311200777689;False;False
2020;Cinza;CN;114;geral;D;0.3982967110525572;False;B;0.7507143020629883;False;False;D;0.6385979255040487;False;True;D;0.0856591065724691;False;True
2020;Cinza;CN;115;geral;D;0.2041123606079141;False;D;0.7620056867599487;False;True;D;0.5962584912776947;False;True;E;-0.00979212919871;False;False
2020;Cinza;CN;117;geral;C;0.3094375147093434;False;C;0.7507360577583313;False;True;D;0.6974571347236633;False;False;A;0.1436757644017537;False;False
2020;Cinza;CN;118;geral;C;0.4361181672782011;False;B;0.7721972465515137;False;False;B;0.7228780190149943;False;False;C;0.0041280587514241;False;True
2020;Cinza;CN;121;geral;E;0.228078423997367;False;E;0.920448124408722;False;True;A;0.7559542854626974;False;False;B;0.0103766322135925;False;False
2020;Cinza;CN;122;geral;C;0.2516683898862675;False;E;0.6031160354614258;False;False;C;0.5453048646450043;False;True;A;0.0187636315822601;False;False
2020;Cinza;CN;124;geral;B;0.2746512066365008;False;A;0.8213262557983398;False;False;B;0.7283161083857218;False;True;E;-0.0639821688334146;False;False
2020;Cinza;CN;125;geral;E;0.2238377564464521;False;D;0.5504418611526489;False;False;E;0.4240068346261978;False;True;E;-0.0702932029962539;False;True
2020;Cinza;CN;126;geral;A;0.1126422725990029;False;A;0.6718021035194397;False;True;A;0.5586197972297668;False;True;E;-0.0772377749284108;False;False
2020;Cinza;CN;127;geral;A;0.5595747683334117;False;A;0.4360308051109314;False;True;E;0.4382175107796986;False;False;E;0.0830541749795277;False;False
2020;Cinza;CN;128;geral;A;0.195961212577669;False;C;0.8189743757247925;False;False;C;0.7167842785517374;False;False;B;0.1379944880803426;False;False
2020;Cinza;CN;130;geral;D;0.2769252494822067;False;A;0.943200707435608;False;False;D;0.8334817886352539;False;True;E;0.0330430070559183;False;False
2020;Cinza;CN;132;geral;B;0.2327245339860666;False;B;0.7404049634933472;False;True;C;0.5783009131749471;False;False;D;-0.0335701008637747;False;False
2020;Cinza;CN;133;geral;E;0.414620378210556;False;B;0.6384834051132202;False;False;A;0.4833799799283345;False;False;A;0.0147574742635091;False;False
2020;Cinza;LC;1;espanhol;B;0.2917628945342571;False;B;0.5891557931900024;False;True;A;0.40869935353597;False;False;D;0.0886276264985402;False;False
2020;Cinza;LC;1;inglês;C;0.2889860883299921;False;C;0.6655158996582031;False;True;B;0.5506058037281036;False;False;A;0.0393966337045034;False;False
2020;Cinza;LC;2;espanhol;C;0.1995989511028844;False;A;0.3996627926826477;False;False;D;0.3493581016858418;False;False;C;0.0715454916159311;False;True
2020;Cinza;LC;2;inglês;A;0.2391132705739447;False;D;0.6301780939102173;False;False;D;0.3844929834206899;False;False;A;-0.0793142318725586;False;True
2020;Cinza;LC;3;espanhol;D;0.2169956816779765;False;A;0.4489514231681824;False;False;A;0.4607332249482472;False;False;D;0.1397954920927684;False;True
2020;Cinza;LC;3;inglês;D;0.5083125266427136;False;B;0.2638603150844574;False;False;D;0.2501428474982579;False;True;C;0.0750182022651036;False;False
2020;Cinza;LC;4;espanhol;C;0.2174382716049382;False;C;0.5309106111526489;False;True;B;0.3662984569867452;False;False;B;-0.0944782296816508;False;False
2020;Cinza;LC;4;inglês;D;0.2370770819413229;False;E;0.6535784006118774;False;False;C;0.5622290074825287;False;False;B;-0.012408951918284;False;False
2020;Cinza;LC;5;espanhol;D;0.2542870384674803;False;A;0.54775071144104;False;False;A;0.3410784602165222;False;False;D;-0.0164437343676884;False;True
2020;Cinza;LC;5;inglês;E;0.086224706811691;False;B;0.6494477987289429;False;False;B;0.5820897817611694;False;False;C;0.0200893481572469;False;False
2020;Cinza;LC;6;geral;D;0.3821301053731603;False;B;0.5401985049247742;False;False;E;0.4244569043318431;False;False;C;-0.0149772564570108;False;False
2020;Cinza;LC;7;geral;B;0.4710977626882563;False;E;0.6157079935073853;False;False;C;0.510420173406601;False;False;D;0.0767729083697001;False;False
2020;Cinza;LC;8;geral;D;0.1592531337047353;False;B;0.4108632206916809;False;False;E;0.6226165890693665;False;False;E;0.2343748211860656;False;False
2020;Cinza;LC;9;geral;A;0.2412680416866524;False;E;0.7018886804580688;False;False;E;0.5236748158931732;False;False;D;0.01324063539505;False;False
2020;Cinza;LC;10;geral;A;0.038508397876599;False;C;0.5829881429672241;False;False;D;0.5038989782333374;False;False;A;3.1262636184747894e-05;False;True
2020;Cinza;LC;11;geral;D;0.2805962343096234;False;D;0.4429323077201843;False;True;B;0.4240959783395131;False;False;B;0.0987622638543447;False;False
2020;Cinza;LC;12;geral;A;0.3925355604854496;False;E;0.7030380964279175;False;False;D;0.6679290334383646;False;False;A;0.0884727835655212;False;True
2020;Cinza;LC;13;geral;C;0.2455926522439385;False;C;0.767017126083374;False;True;D;0.4144328832626343;False;False;A;0.0217933505773544;False;False
2020;Cinza;LC;14;geral;C;0.1430560389836408;False;A;0.4648886919021606;False;False;E;0.5144852995872498;False;False;E;0.3227754533290863;False;False
2020;Cinza;LC;15;geral;B;0.2561156089492469;False;C;0.6617801189422607;False;False;B;0.4063665270805358;False;True;D;0.0743411680062612;False;False
2020;Cinza;LC;16;geral;C;0.2556580779944289;False;B;0.4806174337863922;False;False;D;0.5143096347649893;False;False;D;0.1319574614365896;False;False
2020;Cinza;LC;17;geral;E;0.0839312894107414;False;E;0.6285348534584045;False;True;C;0.5033768514792124;False;False;B;0.1760409375031789;False;False
2020;Cinza;LC;18;geral;A;0.0352388410336726;False;E;0.3917255699634552;False;False;C;0.2960495601097742;False;False;A;0.1101885711153348;False;True
2020;Cinza;LC;19;geral;A;0.0743542916775371;False;A;0.6697234511375427;False;True;A;0.6152900457382202;False;True;E;0.1430107851823172;False;False
2020;Cinza;LC;20;geral;C;0.3200052267084803;False;A;0.6270674467086792;False;False;D;0.5193817615509033;False;False;D;0.0216798484325408;False;False
2020;Cinza;LC;21;geral;C;0.2043455542976574;False;D;0.6535168886184692;False;False;D;0.5634347001711527;False;False;C;0.1443642477194468;False;True
2020;Cinza;LC;22;geral;A;0.1903621800452725;False;C;0.5430752038955688;False;False;A;0.581879993279775;False;True;A;0.1459027131398519;False;True
2020;Cinza;LC;23;geral;A;0.4007047461608735;False;D;0.2972585260868072;False;False;A;0.1830794339378674;False;True;C;0.0508323187629382;False;False
2020;Cinza;LC;24;geral;A;0.474145066434328;False;E;0.5440143346786499;False;False;D;0.5603248874346415;False;False;B;0.0784987211227417;False;False
2020;Cinza;LC;25;geral;A;0.2619275639909455;False;A;0.5168636441230774;False;True;D;0.4721211592356364;False;False;C;-0.0016589959462483;False;False
2020;Cinza;LC;26;geral;C;0.1295909486510008;False;B;0.4848721623420715;False;False;C;0.2709604601065318;False;True;E;0.0614443520704904;False;False
2020;Cinza;LC;27;geral;A;0.4488178691165585;False;E;0.5539441108703613;False;False;A;0.5756685137748718;False;True;A;0.1778780817985535;False;True
2020;Cinza;LC;28;geral;E;0.1361757668044377;False;B;0.6937938332557678;False;False;E;0.5600361029307047;False;True;C;0.0822486480077108;False;False
2020;Cinza;LC;29;geral;D;0.3530795365449952;False;B;0.5104660987854004;False;False;E;0.3705912133057912;False;False;C;-0.0211353401343027;False;False
2020;Cinza;LC;30;geral;E;0.3636601079575134;False;A;0.6517834663391113;False;False;A;0.4915869931379954;False;False;E;-0.0434667269388834;False;True
2020;Cinza;LC;31;geral;C;0.2982593559617058;False;E;0.4810793995857239;False;False;B;0.3967435657978058;False;False;D;0.1237215101718902;False;False
2020;Cinza;LC;32;geral;A;0.1233311589475973;False;E;0.5745162963867188;False;False;A;0.5384099880854288;False;True;C;0.1677182416121165;False;False
2020;Cinza;LC;33;geral;E;0.1557441253263707;False;C;0.7589326500892639;False;False;B;0.66916956504186;False;False;E;0.0058198670546213;False;True
2020;Cinza;LC;34;geral;A;0.2594865100087032;False;A;0.388052761554718;False;True;D;0.3581000566482544;False;False;B;0.0734415451685587;False;False
2020;Cinza;LC;35;geral;B;0.4086236933797909;False;C;0.4885784983634949;False;False;B;0.3587800562381744;False;True;E;0.0071702351172764;False;False
2020;Cinza;LC;36;geral;A;0.093998868532138;False;E;0.8115214705467224;False;False;A;0.6208208600680033;False;True;C;-0.0368892947832743;False;False
2020;Cinza;LC;37;geral;D;0.2941304537141861;False;B;0.5518309473991394;False;False;D;0.5357169707616171;False;True;C;0.0232846736907959;False;False
2020;Cinza;LC;38;geral;A;0.2257671381936888;False;A;0.500948429107666;False;True;E;0.5015125473340353;False;False;E;0.2278262575467428;False;False
2020;Cinza;LC;39;geral;A;0.1534946470537035;False;A;0.5760103464126587;False;True;A;0.6158661246299744;False;True;E;0.2958322366078695;False;False
2020;Cinza;LC;40;geral;B;0.2271062271062271;False;B;0.5323609113693237;False;True;C;0.370079552133878;False;False;C;0.0320303787787755;False;False
2020;Cinza;LC;41;geral;A;0.2629332868838182;False;E;0.5744796991348267;False;False;D;0.4686949948469798;False;False;B;0.0723982354005178;False;False
2020;Cinza;LC;42;geral;B;0.172346259302781;False;E;0.3360680639743805;False;False;E;0.2922037045160929;False;False;A;0.0642997473478316;False;False
2020;Cinza;LC;43;geral;C;0.1862462933891505;False;B;0.3995725512504577;False;False;E;0.3393905758857727;False;False;C;0.0580050845940907;False;True
2020;Cinza;LC;44;geral;C;0.2243626062322946;False;C;0.4223124384880066;False;True;D;0.3208199143409729;False;False;D;-0.071815401315689;False;False
2020;Cinza;LC;45;geral;B;0.1764961915125136;False;C;0.7109718322753906;False;False;B;0.3568087617556254;False;True;D;0.0375683605670929;False;False
2020;Cinza;MT;139;geral;B;0.2551419023862192;False;B;0.8404976725578308;False;True;D;0.8280214866002401;False;False;E;0.0879249374071756;False;False
2020;Cinza;MT;142;geral;B;0.1618989366707443;False;A;0.9129184484481812;False;False;B;0.8696281711260477;False;True;B;0.1414446632067362;False;True
2020;Cinza;MT;170;geral;B;0.2677788774211791;False;B;0.858978271484375;False;True;D;0.8318002820014954;False;False;A;0.0858509739240011;False;False
2020;Rosa;CH;46;geral;A;0.1118724469627091;False;A;0.4806803464889526;False;True;E;0.3865660528341929;False;False;E;0.0245361427466075;False;False
2020;Rosa;CH;47;geral;A;0.1380885453267744;False;A;0.2943091988563537;False;True;E;0.2778925746679305;False;False;E;0.0307694226503372;False;False
2020;Rosa;CH;48;geral;B;0.2663418060494315;False;B;0.529600203037262;False;True;B;0.4758258859316508;False;True;B;-0.0537743171056111;False;True
2020;Rosa;CH;49;geral;A;0.3261653474054529;False;D;0.4046612381935119;False;False;A;0.4498874445756276;False;True;A;0.1697464187939962;False;True
2020;Rosa;CH;50;geral;D;0.1922163588390501;False;C;0.3853738009929657;False;False;A;0.3560191392898559;False;False;A;0.0107328295707702;False;False
2020;Rosa;CH;51;geral;E;0.2214166446963705;False;D;0.5708907842636108;False;False;A;0.4602432350317637;False;False;A;-0.0077613194783528;False;False
2020;Rosa;CH;52;geral;B;0.2456402372062376;False;A;0.4342187345027923;False;False;B;0.481349766254425;False;True;C;0.1604977250099182;False;False
2020;Rosa;CH;53;geral;A;0.2870826010544815;False;D;0.4426708519458771;False;False;E;0.435263454914093;False;False;B;0.0957128703594208;False;False
2020;Rosa;CH;54;geral;E;0.3155788177339901;False;D;0.447108656167984;False;False;C;0.3385196725527445;False;False;A;-0.0558391114075978;False;False
2020;Rosa;CH;55;geral;D;0.5701604043067457;False;D;0.5030413866043091;False;True;D;0.3372705678145091;False;True;B;0.0168916136026381;False;False
2020;Rosa;CH;56;geral;D;0.1809833472472428;False;B;0.5511527061462402;False;False;B;0.5640220443407694;False;False;D;0.1202824215094248;False;True
2020;Rosa;CH;57;geral;B;0.1641535147491977;False;B;0.2517478764057159;False;True;E;0.271072452267011;False;False;A;0.0913823743661245;False;False
2020;Rosa;CH;58;geral;A;0.4897959183673469;False;A;0.6908883452415466;False;True;A;0.5593558351198832;False;True;D;-0.0051404039065043;False;False
2020;Rosa;CH;59;geral;C;0.2218556156790286;False;C;0.3873595893383026;False;True;E;0.3510528206825256;False;False;E;0.0505008101463318;False;False
2020;Rosa;CH;60;geral;A;0.2847722876736416;False;B;0.3738170862197876;False;False;B;0.3689073622226715;False;False;A;0.1432278752326966;False;True
2020;Rosa;CH;61;geral;B;0.2350098835932352;False;A;0.4502238035202026;False;False;C;0.3858249286810557;False;False;B;0.0913681387901306;False;True
2020;Rosa;CH;62;geral;A;0.1837416970923327;False;E;0.5344122052192688;False;False;C;0.5503429571787516;False;False;A;0.1528570552666983;False;True
2020;Rosa;CH;63;geral;B;0.3125109899771408;False;B;0.4664465188980102;False;True;B;0.4704512357711792;False;True;C;0.0846504072348277;False;False
2020;Rosa;CH;64;geral;A;0.234699261343651;False;C;0.4780386388301849;False;False;B;0.3253902792930603;False;False;B;-0.0099790096282958;False;False
2020;Rosa;CH;65;geral;E;0.1660294440782245;False;E;0.4383769333362579;False;True;E;0.3124383836984634;False;True;B;-0.0186782429615657;False;False
2020;Rosa;CH;66;geral;A;0.236255767963085;False;B;0.5096917152404785;False;False;B;0.4960456689198811;False;False;C;0.0301880836486816;False;False
2020;Rosa;CH;67;geral;C;0.0800632772333787;False;D;0.4830459356307983;False;False;C;0.3952700595060984;False;True;C;0.0238868991533915;False;True
2020;Rosa;CH;68;geral;D;0.3149329228062458;False;C;0.5262681245803833;False;False;C;0.4418647785981496;False;False;B;0.0820163836081822;False;False
2020;Rosa;CH;69;geral;B;0.1339572075040639;False;D;0.5048508644104004;False;False;B;0.2972933650016784;False;True;B;0.0648428201675415;False;True
2020;Rosa;CH;70;geral;E;0.1517535378395007;False;E;0.374368816614151;False;True;E;0.4097773532072703;False;True;B;0.0777180393536885;False;False
2020;Rosa;CH;71;geral;B;0.2526371308016877;False;B;0.4781970083713531;False;True;C;0.4200912117958069;False;False;A;0.0632421274979909;False;False
2020;Rosa;CH;72;geral;A;0.228205917263815;False;D;0.6423114538192749;False;False;B;0.3387244443098704;False;False;A;0.0210797488689422;False;True
2020;Rosa;CH;73;geral;A;0.3099868015838099;False;E;0.3850666284561157;False;False;A;0.2922949095567067;False;True;A;0.0570673694213231;False;True
2020;Rosa;CH;74;geral;B;0.1717278408590793;False;B;0.2997206449508667;False;True;B;0.3779174586137135;False;True;E;0.1087969144185383;False;False
2020;Rosa;CH;75;geral;A;0.2955905650413659;False;B;0.6168609857559204;False;False;B;0.3774267037709554;False;False;E;-0.0440203746159871;False;False
2020;Rosa;CH;76;geral;D;0.2679230363732209;False;A;0.2931417226791382;False;False;A;0.5576612055301666;False;False;B;0.2651020089785258;False;False
2020;Rosa;CH;77;geral;E;0.1355068324618832;False;D;0.6673932075500488;False;False;A;0.4449756443500519;False;False;B;0.097347507874171;False;False
2020;Rosa;CH;78;geral;A;0.4410172922075065;False;A;0.3587484359741211;False;True;D;0.3216170767943063;False;False;C;0.1257318059603373;False;False
2020;Rosa;CH;79;geral;E;0.1889123362349424;False;A;0.3735263645648956;False;False;E;0.4640530943870544;False;True;E;0.1130014061927795;False;True
2020;Rosa;CH;80;geral;B;0.2283565018476157;False;E;0.5266999006271362;False;False;E;0.5391372541586558;False;False;D;0.2126480440298716;False;False
2020;Rosa;CH;81;geral;B;0.2372955864251802;False;B;0.3944964706897735;False;True;B;0.4066019554932912;False;True;A;0.1433297942082087;False;False
2020;Rosa;CH;82;geral;A;0.3915281076801267;False;A;0.5409114360809326;False;True;E;0.4950634737809499;False;False;C;0.1334605713685353;False;False
2020;Rosa;CH;83;geral;C;0.3784128379863706;False;E;0.4632603228092193;False;False;C;0.4470169941584269;False;True;D;0.1135232647260029;False;False
2020;Rosa;CH;84;geral;A;0.2467292189771375;False;D;0.5463826060295105;False;False;B;0.4328427712122599;False;False;A;-0.0179983377456665;False;True
2020;Rosa;CH;85;geral;A;0.2701157010250319;False;B;0.4290912449359894;False;False;A;0.4622148672739665;False;True;C;0.1063230037689209;False;False
2020;Rosa;CH;86;geral;D;0.2184267288814544;False;D;0.5048800706863403;False;True;B;0.4982552131017049;False;False;B;0.1474236746629079;False;False
2020;Rosa;CH;87;geral;C;0.276044188195942;False;C;0.4706871807575226;False;True;D;0.4288124938805898;False;False;D;0.0087039073308308;False;False
2020;Rosa;CH;88;geral;A;0.2900796970630971;False;A;0.5848175287246704;False;True;D;0.662760059038798;False;False;B;0.154168059428533;False;False
2020;Rosa;CH;89;geral;A;0.270848903152064;False;A;0.4431266188621521;False;True;E;0.4365682204564411;False;False;C;0.0433519283930461;False;False
2020;Rosa;CH;90;geral;D;0.1457270968876384;False;B;0.1114839911460876;False;False;D;0.425788660844167;False;True;C;0.3301776324709257;False;False
2020;Rosa;CN;91;geral;A;0.0874780031490228;False;A;0.6718021035194397;False;True;A;0.5586197972297668;False;True;E;-0.0772377749284108;False;False
2020;Rosa;CN;92;geral;A;0.5620860543745079;False;A;0.4360308051109314;False;True;E;0.4382175107796986;False;False;E;0.0830541749795277;False;False
2020;Rosa;CN;93;geral;A;0.1814641383467012;False;C;0.8189743757247925;False;False;C;0.7167842785517374;False;False;B;0.1379944880803426;False;False
2020;Rosa;CN;95;geral;C;0.4682940386307841;False;B;0.7721972465515137;False;False;B;0.7228780190149943;False;False;C;0.0041280587514241;False;True
2020;Rosa;CN;99;geral;C;0.3260285396590067;False;C;0.7507360577583313;False;True;D;0.6974571347236633;False;False;A;0.1436757644017537;False;False
2020;Rosa;CN;100;geral;D;0.3041664735598091;False;A;0.943200707435608;False;False;D;0.8334817886352539;False;True;E;0.0330430070559183;False;False
2020;Rosa;CN;103;geral;B;0.2551176716334772;False;A;0.8213262557983398;False;False;B;0.7283161083857218;False;True;E;-0.0639821688334146;False;False
2020;Rosa;CN;104;geral;E;0.2257032951754182;False;D;0.5504418611526489;False;False;E;0.4240068346261978;False;True;E;-0.0702932029962539;False;True
2020;Rosa;CN;107;geral;A;0.2647767278117472;False;D;0.6955046653747559;False;False;D;0.4479132791360219;False;False;A;0.0558910469214121;False;True
2020;Rosa;CN;108;geral;B;0.2354303715371073;False;B;0.7404049634933472;False;True;C;0.5783009131749471;False;False;D;-0.0335701008637747;False;False
2020;Rosa;CN;109;geral;E;0.4202576220924844;False;B;0.6384834051132202;False;False;A;0.4833799799283345;False;False;A;0.0147574742635091;False;False
2020;Rosa;CN;111;geral;D;0.3601722381702009;False;C;0.7077754735946655;False;False;D;0.6589666207631429;False;True;E;0.0931960741678873;False;False
2020;Rosa;CN;112;geral;D;0.1239233120311197;False;A;0.8169272541999817;False;False;D;0.8713695406913757;False;True;D;0.1605382561683654;False;True
2020;Rosa;CN;113;geral;C;0.4374073387694588;False;B;0.7355770468711853;False;False;C;0.69650266567866;False;True;A;0.1264599760373433;False;False
2020;Rosa;CN;114;geral;A;0.1664195700518903;False;E;0.6260289549827576;False;False;A;0.6581867933273315;False;True;A;0.0853959321975708;False;True
2020;Rosa;CN;116;geral;E;0.244972662403855;False;D;0.6703804135322571;False;False;A;0.4313042958577474;False;False;B;0.0634785691897074;False;False
2020;Rosa;CN;117;geral;D;0.2561937459404287;False;C;0.9032351970672609;False;False;D;0.8460908532142639;False;True;D;0.0695732831954956;False;True
2020;Rosa;CN;118;geral;C;0.2222170729446658;False;C;0.71361243724823;False;True;B;0.6084833145141602;False;False;A;0.1784121294816336;False;False
2020;Rosa;CN;119;geral;B;0.2792207792207792;False;B;0.8161250948905945;False;True;B;0.7590732375780741;False;True;E;0.0209304690361022;False;False
2020;Rosa;CN;120;geral;E;0.4445011127596439;False;E;0.62629234790802;False;True;A;0.4191989302635193;False;False;B;0.0472248494625091;False;False
2020;Rosa;CN;121;geral;B;0.2694302918017601;False;E;0.5875660181045532;False;False;C;0.5522135496139526;False;False;B;0.0324394802252451;False;True
2020;Rosa;CN;122;geral;D;0.182483781278962;False;C;0.5889700651168823;False;False;B;0.6193983952204386;False;False;B;0.2335718671480814;False;False
2020;Rosa;CN;123;geral;E;0.275067247936184;False;E;0.953081488609314;False;True;B;0.7579738100369772;False;False;A;0.0922999580701192;False;False
2020;Rosa;CN;124;geral;A;0.3775481838398813;False;B;0.6357302665710449;False;False;A;0.5851908326148987;False;True;E;0.0071145097414652;False;False
2020;Rosa;CN;125;geral;D;0.1729824886500509;False;D;0.5972581505775452;False;True;A;0.4601871867974599;False;False;E;0.0762434105078379;False;False
2020;Rosa;CN;126;geral;B;0.3111626827570202;False;A;0.8943718671798706;False;False;B;0.7842629750569662;False;True;C;-0.0174311200777689;False;False
2020;Rosa;CN;128;geral;D;0.1994717820405893;False;D;0.7620056867599487;False;True;D;0.5962584912776947;False;True;E;-0.00979212919871;False;False
2020;Rosa;CN;129;geral;D;0.2440492729461887;False;B;0.7475367784500122;False;False;B;0.6828009684880575;False;False;D;0.0992343425750732;False;True
2020;Rosa;CN;130;geral;A;0.6978997635495386;False;B;0.4081579446792602;False;False;B;0.5158247848351797;False;False;D;0.1905329823493957;False;False
2020;Rosa;CN;131;geral;E;0.3221124866694487;False;A;0.4506284594535827;False;False;A;0.6008737087249756;False;False;B;0.1587459246317545;False;False
2020;Rosa;CN;132;geral;E;0.2008249907304412;False;C;0.5745941400527954;False;False;E;0.4381877382596333;False;True;D;0.049919456243515;False;False
2020;Rosa;CN;133;geral;E;0.1823368430817755;False;A;0.5442981123924255;False;False;E;0.4725755552450816;False;True;C;0.1445696055889129;False;False
2020;Rosa;CN;134;geral;E;0.2314076409495549;False;E;0.920448124408722;False;True;A;0.7559542854626974;False;False;B;0.0103766322135925;False;False
2020;Rosa;CN;135;geral;C;0.260251123569476;False;E;0.6031160354614258;False;False;C;0.5453048646450043;False;True;A;0.0187636315822601;False;False
2020;Rosa;LC;1;espanhol;D;0.2030496343550645;False;A;0.4489514231681824;False;False;A;0.4607332249482472;False;False;D;0.1397954920927684;False;True
2020;Rosa;LC;1;inglês;E;0.0746131735062075;False;B;0.6494477987289429;False;False;B;0.5820897817611694;False;False;C;0.0200893481572469;False;False
2020;Rosa;LC;2;espanhol;C;0.1977577078791653;False;A;0.3996627926826477;False;False;D;0.3493581016858418;False;False;C;0.0715454916159311;False;True
2020;Rosa;LC;2;inglês;D;0.2635379061371841;False;E;0.6535784006118774;False;False;C;0.5622290074825287;False;False;B;-0.012408951918284;False;False
2020;Rosa;LC;3;espanhol;B;0.3067102600031138;False;B;0.5891557931900024;False;True;A;0.40869935353597;False;False;D;0.0886276264985402;False;False
2020;Rosa;LC;3;inglês;A;0.2110838946723821;False;D;0.6301780939102173;False;False;D;0.3844929834206899;False;False;A;-0.0793142318725586;False;True
2020;Rosa;LC;4;espanhol;D;0.2649852094037054;False;A;0.54775071144104;False;False;A;0.3410784602165222;False;False;D;-0.0164437343676884;False;True
2020;Rosa;LC;4;inglês;C;0.2909547430951069;False;C;0.6655158996582031;False;True;B;0.5506058037281036;False;False;A;0.0393966337045034;False;False
2020;Rosa;LC;5;espanhol;C;0.2372433105164903;False;C;0.5309106111526489;False;True;B;0.3662984569867452;False;False;B;-0.0944782296816508;False;False
2020;Rosa;LC;5;inglês;D;0.5201936630508059;False;B;0.2638603150844574;False;False;D;0.2501428474982579;False;True;C;0.0750182022651036;False;False
2020;Rosa;LC;6;geral;A;0.0367576103166944;False;E;0.3917255699634552;False;False;C;0.2960495601097742;False;False;A;0.1101885711153348;False;True
2020;Rosa;LC;7;geral;A;0.0778508771929824;False;A;0.6697234511375427;False;True;A;0.6152900457382202;False;True;E;0.1430107851823172;False;False
2020;Rosa;LC;8;geral;C;0.3347694201433156;False;A;0.6270674467086792;False;False;D;0.5193817615509033;False;False;D;0.0216798484325408;False;False
2020;Rosa;LC;9;geral;B;0.1478588978588978;False;E;0.3360680639743805;False;False;E;0.2922037045160929;False;False;A;0.0642997473478316;False;False
2020;Rosa;LC;10;geral;C;0.1487988053932979;False;B;0.3995725512504577;False;False;E;0.3393905758857727;False;False;C;0.0580050845940907;False;True
2020;Rosa;LC;11;geral;D;0.2510533707865168;False;C;0.4223124384880066;False;False;D;0.3208199143409729;False;True;D;-0.071815401315689;False;True
2020;Rosa;LC;12;geral;B;0.1746129216193692;False;C;0.7109718322753906;False;False;B;0.3568087617556254;False;True;D;0.0375683605670929;False;False
2020;Rosa;LC;13;geral;C;0.1364793678665496;False;B;0.4848721623420715;False;False;C;0.2709604601065318;False;True;E;0.0614443520704904;False;False
2020;Rosa;LC;14;geral;A;0.4977826564215148;False;E;0.5539441108703613;False;False;A;0.5756685137748718;False;True;A;0.1778780817985535;False;True
2020;Rosa;LC;15;geral;E;0.1189848963821566;False;B;0.6937938332557678;False;False;E;0.5600361029307047;False;True;C;0.0822486480077108;False;False
2020;Rosa;LC;16;geral;E;0.1314947165343973;False;C;0.7589326500892639;False;False;B;0.66916956504186;False;False;E;0.0058198670546213;False;True
2020;Rosa;LC;17;geral;A;0.2273724870511807;False;A;0.388052761554718;False;True;D;0.3581000566482544;False;False;B;0.0734415451685587;False;False
2020;Rosa;LC;18;geral;B;0.4227256761503337;False;C;0.4885784983634949;False;False;B;0.3587800562381744;False;True;E;0.0071702351172764;False;False
2020;Rosa;LC;19;geral;A;0.3425925925925926;False;E;0.7030380964279175;False;False;D;0.6679290334383646;False;False;A;0.0884727835655212;False;True
2020;Rosa;LC;20;geral;C;0.2326061191343663;False;C;0.767017126083374;False;True;D;0.4144328832626343;False;False;A;0.0217933505773544;False;False
2020;Rosa;LC;21;geral;C;0.1591926283457657;False;A;0.4648886919021606;False;False;E;0.5144852995872498;False;False;E;0.3227754533290863;False;False
2020;Rosa;LC;22;geral;B;0.2450429899982453;False;C;0.6617801189422607;False;False;B;0.4063665270805358;False;True;D;0.0743411680062612;False;False
2020;Rosa;LC;23;geral;C;0.2676006851420791;False;B;0.4806174337863922;False;False;D;0.5143096347649893;False;False;D;0.1319574614365896;False;False
2020;Rosa;LC;24;geral;E;0.084631246435309;False;E;0.6285348534584045;False;True;C;0.5033768514792124;False;False;B;0.1760409375031789;False;False
2020;Rosa;LC;25;geral;A;0.0801930247861373;False;E;0.8115214705467224;False;False;A;0.6208208600680033;False;True;C;-0.0368892947832743;False;False
2020;Rosa;LC;26;geral;D;0.2803791635581691;False;B;0.5518309473991394;False;False;D;0.5357169707616171;False;True;C;0.0232846736907959;False;False
2020;Rosa;LC;27;geral;A;0.2218322218322218;False;A;0.500948429107666;False;True;E;0.5015125473340353;False;False;E;0.2278262575467428;False;False
2020;Rosa;LC;28;geral;D;0.3731166264001757;False;B;0.5104660987854004;False;False;E;0.3705912133057912;False;False;C;-0.0211353401343027;False;False
2020;Rosa;LC;29;geral;E;0.3576225802203591;False;A;0.6517834663391113;False;False;A;0.4915869931379954;False;False;E;-0.0434667269388834;False;True
2020;Rosa;LC;30;geral;C;0.3018751921303412;False;E;0.4810793995857239;False;False;B;0.3967435657978058;False;False;D;0.1237215101718902;False;False
2020;Rosa;LC;31;geral;A;0.1216998508902727;False;E;0.5745162963867188;False;False;A;0.5384099880854288;False;True;C;0.1677182416121165;False;False
2020;Rosa;LC;32;geral;C;0.225253723474364;False;D;0.6535168886184692;False;False;D;0.5634347001711527;False;False;C;0.1443642477194468;False;True
2020;Rosa;LC;33;geral;A;0.2115477497255763;False;C;0.5430752038955688;False;False;A;0.581879993279775;False;True;A;0.1459027131398519;False;True
2020;Rosa;LC;34;geral;A;0.4003336845802599;False;D;0.2972585260868072;False;False;A;0.1830794339378674;False;True;C;0.0508323187629382;False;False
2020;Rosa;LC;35;geral;A;0.1491351303889718;False;A;0.5760103464126587;False;True;A;0.6158661246299744;False;True;E;0.2958322366078695;False;False
2020;Rosa;LC;36;geral;B;0.226673115820948;False;B;0.5323609113693237;False;True;C;0.370079552133878;False;False;C;0.0320303787787755;False;False
2020;Rosa;LC;37;geral;A;0.2595372931208569;False;E;0.5744796991348267;False;False;D;0.4686949948469798;False;False;B;0.0723982354005178;False;False
2020;Rosa;LC;38;geral;D;0.3571899301436668;False;B;0.5401985049247742;False;False;E;0.4244569043318431;False;False;C;-0.0149772564570108;False;False
2020;Rosa;LC;39;geral;B;0.4365312843029638;False;E;0.6157079935073853;False;False;C;0.510420173406601;False;False;D;0.0767729083697001;False;False
2020;Rosa;LC;40;geral;B;0.1678960309097295;False;B;0.4108632206916809;False;True;E;0.6226165890693665;False;False;E;0.2343748211860656;False;False
2020;Rosa;LC;41;geral;A;0.2595510563380281;False;E;0.7018886804580688;False;False;E;0.5236748158931732;False;False;D;0.01324063539505;False;False
2020;Rosa;LC;42;geral;A;0.0446824386604046;False;C;0.5829881429672241;False;False;D;0.5038989782333374;False;False;A;3.1262636184747894e-05;False;True
2020;Rosa;LC;43;geral;D;0.2743284896521356;False;D;0.4429323077201843;False;True;B;0.4240959783395131;False;False;B;0.0987622638543447;False;False
2020;Rosa;LC;44;geral;A;0.4751286449399657;False;E;0.5440143346786499;False;False;D;0.5603248874346415;False;False;B;0.0784987211227417;False;False
2020;Rosa;LC;45;geral;A;0.2586767419383182;False;A;0.5168636441230774;False;True;D;0.4721211592356364;False;False;C;-0.0016589959462483;False;False
2020;Rosa;MT;160;geral;B;0.2625620563262655;False;B;0.858978271484375;False;True;D;0.8318002820014954;False;False;A;0.0858509739240011;False;False
2020;Rosa;MT;170;geral;B;0.1755735805330243;False;A;0.9129184484481812;False;False;B;0.8696281711260477;False;True;B;0.1414446632067362;False;True
2020;Rosa;MT;178;geral;B;0.2392020412897239;False;B;0.8404976725578308;False;True;D;0.8280214866002401;False;False;E;0.0879249374071756;False;False
2022;Amarela;CH;46;geral;D;0.0944352794431255;False;D;0.4076740145683288;False;True;D;0.3642847637335459;False;True;B;0.1027063031991322;False;False
2022;Amarela;CH;47;geral;B;0.2835508297083937;False;D;0.4830267131328583;False;False;B;0.3767598519722621;False;True;B;-0.0157713045676549;False;True
2022;Amarela;CH;48;geral;A;0.2224421375772508;False;A;0.5367887020111084;False;True;C;0.4679286976655324;False;False;E;0.0931415160497029;False;False
2022;Amarela;CH;49;geral;E;0.2046333601933924;False;C;0.5555353164672852;False;False;C;0.50237903992335;False;False;E;0.2485750665267309;False;True
2022;Amarela;CH;50;geral;C;0.0444757496478164;False;D;0.4293599724769592;False;False;C;0.3711619675159454;False;True;C;0.0058944225311279;False;True
2022;Amarela;CH;51;geral;A;0.3235637976214472;False;A;0.6264137029647827;False;True;B;0.5340029994646708;False;False;D;0.101007729768753;False;False
2022;Amarela;CH;52;geral;C;0.170668815471394;False;A;0.6110342741012573;False;False;A;0.4198299348354339;False;False;E;0.0383676886558532;False;False
2022;Amarela;CH;53;geral;E;0.1874596774193548;False;C;0.545383870601654;False;False;A;0.3247406979401906;False;False;E;0.0022691190242766;False;True
2022;Amarela;CH;54;geral;B;0.2973474159477546;False;D;0.4194051325321197;False;False;E;0.374686191479365;False;False;B;0.1093945999940237;False;True
2022;Amarela;CH;55;geral;D;0.3443561721175949;False;C;0.4631566405296325;False;False;C;0.4409854610761006;False;False;C;-0.0221711794535318;False;False
2022;Amarela;CH;56;geral;D;0.1872831437101589;False;C;0.5087989568710327;False;False;D;0.4680251777172088;False;True;B;0.2207256456216176;False;False
2022;Amarela;CH;57;geral;B;0.295598244130321;False;D;0.3803960680961609;False;False;B;0.3129810492197672;False;True;B;0.0274559060732523;False;True
2022;Amarela;CH;58;geral;A;0.1867209874551248;False;A;0.5903759002685547;False;True;A;0.4130870302518208;False;True;D;0.0821649432182312;False;False
2022;Amarela;CH;59;geral;D;0.2952188823885414;False;A;0.4608597457408905;False;False;D;0.4115330278873443;False;True;D;0.0237077176570892;False;True
2022;Amarela;CH;60;geral;A;0.2468050796210441;False;A;0.3773651123046875;False;True;C;0.349205623070399;False;False;C;0.0218403438727061;False;False
2022;Amarela;CH;61;geral;D;0.344331641285956;False;A;0.454438716173172;False;False;D;0.3225373129049936;False;True;D;-0.023155262072881;False;True
2022;Amarela;CH;62;geral;E;0.1884823083743048;False;A;0.4049994647502899;False;False;D;0.2747232367595036;False;False;B;-0.0336921761433283;False;False
2022;Amarela;CH;63;geral;E;0.3483422848604773;False;B;0.5788798928260803;False;False;E;0.3350311120351155;False;True;E;-0.0086924235026041;False;True
2022;Amarela;CH;64;geral;D;0.3537977491831713;False;A;0.4820201396942138;False;False;C;0.5773016214370728;False;False;C;0.2892276048660278;False;False
2022;Amarela;CH;65;geral;D;0.2991798311179346;False;A;0.5441867113113403;False;False;A;0.4676234622796376;False;False;D;0.0150589346885681;False;True
2022;Amarela;CH;66;geral;B;0.1603271818841163;False;C;0.3324377238750458;False;False;B;0.3041792809963226;False;True;B;0.1447566598653792;False;True
2022;Amarela;CH;68;geral;C;0.1841563370614123;False;C;0.6026684045791626;False;True;C;0.3727891544500986;False;True;B;-0.0521413137515386;False;False
2022;Amarela;CH;69;geral;D;0.2278624257365719;False;D;0.4422483146190643;False;True;A;0.3851094444592793;False;False;A;0.0839062531789143;False;False
2022;Amarela;CH;70;geral;A;0.2015416279914443;False;E;0.5675115585327148;False;False;E;0.418897529443105;False;False;B;-0.0967194736003875;False;False
2022;Amarela;CH;71;geral;C;0.4056040051679586;False;C;0.5930050611495972;False;True;B;0.4331244627634684;False;False;A;0.0996394008398055;False;False
2022;Amarela;CH;72;geral;D;0.2890539831227036;False;D;0.472330778837204;False;True;D;0.4661194284756978;False;True;B;0.0477170248826345;False;False
2022;Amarela;CH;73;geral;A;0.1572004840661557;False;E;0.503376841545105;False;False;E;0.369156410296758;False;False;B;-0.0508495966593425;False;False
2022;Amarela;CH;74;geral;B;0.2213512203006303;False;B;0.5273789167404175;False;True;D;0.3766345332066218;False;False;E;0.0377992987632752;False;False
2022;Amarela;CH;75;geral;E;0.2383241758241758;False;E;0.5831904411315918;False;True;D;0.4780548413594563;False;False;D;-0.0033461252848307;False;False
2022;Amarela;CH;76;geral;E;0.2561910139549891;False;A;0.6087250709533691;False;False;A;0.6350875496864319;False;False;C;0.0546826720237731;False;False
2022;Amarela;CH;77;geral;D;0.33019781994348;False;A;0.5043124556541443;False;False;B;0.4015369315942128;False;False;D;0.0400014370679855;False;True
2022;Amarela;CH;78;geral;A;0.1460169834209462;False;C;0.5529884099960327;False;False;A;0.4880070090293884;False;True;A;0.054116278886795;False;True
2022;Amarela;CH;79;geral;A;0.2790246269562053;False;E;0.4222455620765686;False;False;C;0.4524307052294413;False;False;A;0.0409686565399169;False;True
2022;Amarela;CH;80;geral;C;0.280021017743826;False;C;0.4499087631702423;False;True;B;0.4184956649939219;False;False;B;0.0114579896132151;False;False
2022;Amarela;CH;81;geral;D;0.0255571705426356;False;E;0.3855409622192383;False;False;B;0.3614966968695323;False;False;D;0.1189027527968088;False;True
2022;Amarela;CH;82;geral;C;0.2881417500807233;False;C;0.5056291818618774;False;True;D;0.4857244789600372;False;False;D;0.0718264877796173;False;False
2022;Amarela;CH;83;geral;A;0.197317388493859;False;D;0.5452468395233154;False;False;A;0.4801641503969828;False;True;E;0.1174986759821574;False;False
2022;Amarela;CH;84;geral;B;0.4255577109602327;False;B;0.6357235908508301;False;True;B;0.447225014368693;False;True;D;-0.1157213946183521;False;False
2022;Amarela;CH;85;geral;C;0.3144880615135572;False;E;0.5398763418197632;False;False;C;0.5126160184542338;False;True;A;0.0748764276504517;False;False
2022;Amarela;CH;86;geral;D;0.1542471510547159;False;E;0.440308004617691;False;False;E;0.4491364955902099;False;False;B;0.0919408996899922;False;False
2022;Amarela;CH;87;geral;B;0.0888583995803236;False;D;0.5372868776321411;False;False;C;0.4261883199214935;False;False;E;0.0053148965040842;False;False
2022;Amarela;CH;88;geral;E;0.2561291366615422;False;E;0.4525222778320312;False;True;D;0.3025274078051249;False;False;C;0.140410378575325;False;False
2022;Amarela;CH;89;geral;E;0.3079407371523152;False;E;0.5444153547286987;False;True;B;0.535358061393102;False;False;B;0.0840285321076711;False;False
2022;Amarela;CH;90;geral;C;0.2752400936163344;False;D;0.6137244701385498;False;False;C;0.3107641140619914;False;True;E;-0.0656841819485028;False;False
2022;Amarela;CN;91;geral;D;0.2133333333333333;False;B;0.5353342890739441;False;False;C;0.4744195540746053;False;False;C;0.1457485755284627;False;False
2022;Amarela;CN;92;geral;B;0.3539073744814156;False;B;0.9940072298049928;False;True;B;0.9023990035057068;False;True;C;-0.0230332016944885;False;False
2022;Amarela;CN;94;geral;A;0.3505124078936224;False;C;0.545249342918396;False;False;C;0.4759272933006286;False;False;B;-0.0162649154663085;False;False
2022;Amarela;CN;96;geral;D;0.2970695350215973;False;D;0.7433686256408691;False;True;A;0.4381877382596333;False;False;C;-0.0521001517772674;False;False
2022;Amarela;CN;97;geral;C;0.5159774833876497;False;C;0.556781530380249;False;True;C;0.5311020215352377;False;True;E;0.0304384330908458;False;False
2022;Amarela;CN;98;geral;A;0.4236814234272399;False;D;0.6415836215019226;False;False;C;0.4443968534469604;False;False;C;0.0400684773921966;False;False
2022;Amarela;CN;100;geral;B;0.2350648250148292;False;B;0.7675195336341858;False;True;D;0.6637043158213297;False;False;D;0.105677584807078;False;False
2022;Amarela;CN;101;geral;D;0.2072060629154494;False;E;0.7871530652046204;False;False;E;0.6167115767796835;False;False;A;-0.0793109734853108;False;False
2022;Amarela;CN;102;geral;D;0.2255619999153295;False;E;0.4720648527145386;False;False;B;0.4310353696346283;False;False;B;0.0267004966735839;False;False
2022;Amarela;CN;103;geral;C;0.3543483783554916;False;A;0.7396007180213928;False;False;C;0.6321283578872681;False;True;B;0.1171361406644185;False;False
2022;Amarela;CN;104;geral;D;0.1448956260320955;False;E;0.5412806272506714;False;False;B;0.6598451534907023;False;False;D;0.1499600410461425;False;True
2022;Amarela;CN;106;geral;B;0.2806534896516697;False;A;0.8152803182601929;False;False;E;0.5998486677805582;False;False;E;0.1708512107531229;False;False
2022;Amarela;CN;107;geral;B;0.3074708994708994;False;A;0.6428424119949341;False;False;A;0.5572922428448995;False;False;C;0.0580386916796366;False;False
2022;Amarela;CN;109;geral;E;0.3142893444011519;False;D;0.6516073942184448;False;False;D;0.5675451159477234;False;False;A;0.0731530388196309;False;False
2022;Amarela;CN;110;geral;C;0.2701729106628242;False;A;0.8861435651779175;False;False;A;0.8746769626935323;False;False;E;0.0392399628957113;False;False
2022;Amarela;CN;112;geral;E;0.2112193056731583;False;B;0.7674123048782349;False;False;A;0.6353296836217245;False;False;E;-0.0416740775108337;False;True
2022;Amarela;CN;113;geral;E;0.1492252984505969;False;A;0.6525646448135376;False;False;E;0.6063573956489563;False;True;E;-0.0107480883598327;False;True
2022;Amarela;CN;114;geral;B;0.2531967143703955;False;C;0.591193675994873;False;False;D;0.4804271459579468;False;False;B;-0.0505144496758778;False;True
2022;Amarela;CN;115;geral;A;0.4108087519573405;False;B;0.5412496328353882;False;False;A;0.6551393270492554;False;True;A;0.2170146107673645;False;True
2022;Amarela;CN;116;geral;D;0.2431196545008044;False;D;0.6532204151153564;False;True;A;0.5226442714532217;False;False;E;0.0370713869730632;False;False
2022;Amarela;CN;117;geral;B;0.4159329495428377;False;A;0.5491347908973694;False;False;C;0.4636113097270329;False;False;C;0.1071035613616306;False;False
2022;Amarela;CN;120;geral;D;0.370801744949388;False;D;0.5630397796630859;False;True;D;0.4640753865242004;False;True;C;-0.0870468318462371;False;False
2022;Amarela;CN;121;geral;A;0.292364990689013;False;A;0.5208659172058105;False;True;A;0.4886036415894826;False;True;C;0.0465142776568731;False;False
2022;Amarela;CN;122;geral;E;0.3841592545531554;False;E;0.4715308248996734;False;True;C;0.387418121099472;False;False;C;0.0029546320438385;False;False
2022;Amarela;CN;123;geral;B;0.3379649241718207;False;C;0.5335588455200195;False;False;A;0.2833480437596639;False;False;A;-0.0087638298670451;False;False
2022;Amarela;CN;125;geral;B;0.3470416331370971;False;B;0.9866310954093932;False;True;E;0.9100598295529684;False;False;E;0.0022577842076619;False;False
2022;Amarela;CN;127;geral;B;0.2343101549928009;False;A;0.5859602093696594;False;False;B;0.6099152366320292;False;True;B;0.2601420084635417;False;True
2022;Amarela;CN;128;geral;D;0.2772906341339433;False;E;0.767350435256958;False;False;E;0.7503666083017985;False;False;B;0.2069613536198934;False;False
2022;Amarela;CN;131;geral;E;0.3171310017783046;False;C;0.5368117094039917;False;False;C;0.4865936835606892;False;False;A;0.07664555311203;False;False
2022;Amarela;CN;132;geral;E;0.2246039142590866;False;B;0.538652777671814;False;False;D;0.4505214591821034;False;False;D;0.1421707769234975;False;False
2022;Amarela;CN;134;geral;B;0.3291385958222109;False;C;0.5306676626205444;False;False;D;0.4623872439066569;False;False;D;0.0524730781714122;False;False
2022;Amarela;LC;1;espanhol;C;0.2743182149628117;False;B;0.525397777557373;False;False;C;0.3891231715679168;False;True;C;0.1095465123653411;False;True
2022;Amarela;LC;1;inglês;E;0.1015477118360984;False;B;0.3633919060230255;False;False;E;0.3846350808938343;False;True;A;0.1664411673943202;False;False
2022;Amarela;LC;2;espanhol;A;0.2712556511593991;False;E;0.6310631632804871;False;False;E;0.4599172522624333;False;False;A;-0.0292181372642517;False;True
2022;Amarela;LC;2;inglês;D;0.1212661613909942;False;D;0.5234200954437256;False;True;B;0.3936380346616108;False;False;B;-0.0689890484015147;False;False
2022;Amarela;LC;3;espanhol;B;0.1080687445383046;False;D;0.7650741934776306;False;False;D;0.5052153964837393;False;False;A;-0.0556149979432423;False;False
2022;Amarela;LC;3;inglês;D;0.3414674912251378;False;A;0.5065045356750488;False;False;E;0.40409716963768;False;False;B;0.072650949160258;False;False
2022;Amarela;LC;4;espanhol;E;0.1034482758620689;False;D;0.6268041729927063;False;False;E;0.551997164885203;False;True;C;0.1140085955460866;False;False
2022;Amarela;LC;4;inglês;B;0.1267487876929937;False;B;0.675548791885376;False;True;C;0.4539241790771484;False;False;A;0.1157494187355041;False;False
2022;Amarela;LC;5;espanhol;B;0.2503274632513462;False;C;0.5582045316696167;False;False;C;0.4158705373605092;False;False;B;0.0390849709510803;False;True
2022;Amarela;LC;5;inglês;D;0.1252997267607204;False;D;0.466996282339096;False;True;A;0.282760590314865;False;False;C;0.3022357225418089;False;False
2022;Amarela;LC;6;geral;C;0.1937004068151609;False;A;0.4088289141654968;False;False;E;0.2905603249867757;False;False;E;0.0985048164923985;False;False
2022;Amarela;LC;7;geral;E;0.2844140153040677;False;B;0.3722986280918121;False;False;E;0.3570970048507054;False;True;E;0.1285984714825948;False;True
2022;Amarela;LC;8;geral;D;0.1158411459381161;False;D;0.4076575636863708;False;True;A;0.4518482387065887;False;False;A;0.1494995355606079;False;False
2022;Amarela;LC;9;geral;B;0.1753609781603185;False;B;0.6205171942710876;False;True;D;0.4547753532727559;False;False;D;0.1578703721364339;False;False
2022;Amarela;LC;10;geral;C;0.0720492396813902;False;B;0.6011208295822144;False;False;E;0.3333092331886291;False;False;D;-0.0773929556210836;False;False
2022;Amarela;LC;11;geral;C;0.3555242503521835;False;A;0.5937968492507935;False;False;D;0.2519072790940602;False;False;C;-0.0905268639326095;False;True
2022;Amarela;LC;12;geral;A;0.6667068951645345;False;C;0.4582695662975311;False;False;C;0.4084604382514953;False;False;A;-0.0160566767056782;False;True
2022;Amarela;LC;13;geral;C;0.2127788310273889;False;E;0.3748294115066528;False;False;C;0.1907665779193242;False;True;B;-0.0727696369091669;False;False
2022;Amarela;LC;14;geral;A;0.2900044281631174;False;E;0.3008727133274078;False;False;B;0.3578388293584187;False;False;B;0.0889916618665059;False;False
2022;Amarela;LC;15;geral;C;0.1849270925642471;False;C;0.4345095753669739;False;True;E;0.287688081463178;False;False;B;0.0464428265889485;False;False
2022;Amarela;LC;16;geral;E;0.2677171684688668;False;D;0.5480735898017883;False;False;D;0.3879718234141667;False;False;B;-0.0611299748222032;False;False
2022;Amarela;LC;17;geral;B;0.1904646952323476;False;D;0.5246075987815857;False;False;D;0.4168617626031239;False;False;E;-0.0245257318019866;False;False
2022;Amarela;LC;18;geral;E;0.0528178929160465;False;E;0.5961116552352905;False;True;B;0.5506821672121683;False;False;B;0.2078384856383005;False;False
2022;Amarela;LC;19;geral;A;0.3954415495510007;False;A;0.4272315800189972;False;True;B;0.3864063620567322;False;False;D;0.0678766965866088;False;False
2022;Amarela;LC;20;geral;D;0.1580746340678784;False;D;0.4833982288837433;False;True;B;0.5275922815004984;False;False;B;0.069246510664622;False;False
2022;Amarela;LC;21;geral;C;0.1420287520637861;False;C;0.4113878309726715;False;True;B;0.2713253895441691;False;False;B;-0.0077977677186329;False;False
2022;Amarela;LC;22;geral;E;0.2049744435948002;False;E;0.6272871494293213;False;True;B;0.406559407711029;False;False;B;0.0364723801612854;False;False
2022;Amarela;LC;23;geral;A;0.1765037442628231;False;C;0.534181535243988;False;False;C;0.5476263562838236;False;False;B;0.1393961509068807;False;False
2022;Amarela;LC;24;geral;C;0.3321662843575194;False;D;0.4220753610134125;False;False;A;0.5239571134249369;False;False;B;0.2918681850035985;False;False
2022;Amarela;LC;25;geral;A;0.206110865102049;False;D;0.7160771489143372;False;False;E;0.5252558489640554;False;False;C;0.0459252893924713;False;False
2022;Amarela;LC;26;geral;C;0.2247652818632389;False;E;0.6919976472854614;False;False;D;0.4747159878412882;False;False;B;-0.0527695765097936;False;False
2022;Amarela;LC;27;geral;A;0.1850539539378321;False;A;0.4790153503417969;False;True;C;0.4330250223477681;False;False;C;0.0296321709950765;False;False
2022;Amarela;LC;28;geral;A;0.5482311225723265;False;D;0.4061011075973511;False;False;C;0.3228878676891327;False;False;B;-0.0205143690109252;False;False
2022;Amarela;LC;29;geral;C;0.3143248358906206;False;D;0.5190339088439941;False;False;B;0.3204106092453003;False;False;B;0.0856691151857377;False;False
2022;Amarela;LC;30;geral;C;0.2783148058643467;False;C;0.6371780037879944;False;True;E;0.6253813703854879;False;False;D;0.1119856238365173;False;False
2022;Amarela;LC;31;geral;E;0.2863586934632889;False;E;0.5912569761276245;False;True;C;0.2993488808472951;False;False;D;0.0233870397011438;False;False
2022;Amarela;LC;32;geral;B;0.0269063706563706;False;E;0.6658104658126831;False;False;D;0.5688342253367106;False;False;C;0.0435649156570434;False;False
2022;Amarela;LC;33;geral;D;0.176655515698682;False;C;0.5552878975868225;False;False;E;0.5304486453533173;False;False;A;0.1942621966203054;False;False
2022;Amarela;LC;34;geral;B;0.0953033110448723;False;B;0.4530411064624786;False;True;C;0.5043754875659943;False;False;A;0.2883593142032624;False;False
2022;Amarela;LC;35;geral;E;0.3402020364631545;False;D;0.5050958395004272;False;False;C;0.606919914484024;False;False;C;0.176352709531784;False;False
2022;Amarela;LC;36;geral;B;0.081851106639839;False;A;0.6890676617622375;False;False;E;0.4785953164100647;False;False;D;0.2026972323656082;False;False
2022;Amarela;LC;37;geral;B;0.2491940683430045;False;B;0.6370387673377991;False;True;A;0.6049631635348002;False;False;A;-0.0292151172955831;False;False
2022;Amarela;LC;38;geral;D;0.2261209362284977;False;E;0.49952232837677;False;False;E;0.4802617033322652;False;False;A;0.0058201303084691;False;False
2022;Amarela;LC;39;geral;D;0.112652205467301;False;E;0.4630621969699859;False;False;E;0.4953011870384216;False;False;B;0.188743660847346;False;False
2022;Amarela;LC;40;geral;A;0.1440422019087504;False;C;0.5852090120315552;False;False;C;0.4520555635293324;False;False;A;0.0073032279809316;False;True
2022;Amarela;LC;41;geral;C;0.1621741407792417;False;D;0.4568799138069153;False;False;A;0.5251168012619019;False;False;A;0.15651735663414;False;False
2022;Amarela;LC;42;geral;C;0.1171767746103529;False;B;0.4598535001277923;False;False;B;0.4769941568374634;False;False;A;0.1772833863894145;False;False
2022;Amarela;LC;43;geral;D;0.1202047066408768;False;B;0.4041966795921325;False;False;A;0.2637309829394023;False;False;A;0.1979987124602;False;False
2022;Amarela;LC;44;geral;C;0.1249043996296743;False;A;0.6194789409637451;False;False;D;0.6031854152679443;False;False;D;-0.0060915946960449;False;False
2022;Amarela;LC;45;geral;A;0.2564340459862848;False;A;0.5311213135719299;False;True;E;0.4402317802111308;False;False;E;0.1170655886332194;False;False
2022;Amarela;MT;140;geral;E;0.250434487728371;False;C;0.7158187627792358;False;False;B;0.5336176455020905;False;False;E;0.0849912663300833;False;True
2022;Amarela;MT;141;geral;B;0.2479569801414235;False;B;0.9775468111038208;False;True;B;0.9109290639559428;False;True;D;0.0096367200215657;False;False
2022;Amarela;MT;156;geral;B;0.2718125079607693;False;D;0.6488300561904907;False;False;E;0.4705871641635895;False;False;A;-0.0335196455319722;False;False
2022;Amarela;MT;170;geral;B;0.2344690227985422;False;B;0.9153931140899658;False;True;D;0.778689463933309;False;False;A;0.0114406943321228;False;False
2022;Amarela;MT;174;geral;C;0.3194721432511563;False;C;0.9555325508117676;False;True;B;0.8071114222208658;False;False;A;-0.0143369634946187;False;False
2022;Amarela;MT;177;geral;C;0.2310628552040037;False;A;0.964518666267395;False;False;C;0.9060360789299012;False;True;D;-0.0080349445343017;False;False
2022;Azul;CH;46;geral;A;0.2579877360012909;False;E;0.4222455620765686;False;False;C;0.4524307052294413;False;False;A;0.0409686565399169;False;True
2022;Azul;CH;47;geral;C;0.262814050086704;False;C;0.4499087631702423;False;True;B;0.4184956649939219;False;False;B;0.0114579896132151;False;False
2022;Azul;CH;48;geral;E;0.0182191946471038;False;E;0.3855409622192383;False;True;B;0.3614966968695323;False;False;D;0.1189027527968088;False;False
2022;Azul;CH;49;geral;C;0.2749556523141429;False;C;0.5056291818618774;False;True;D;0.4857244789600372;False;False;D;0.0718264877796173;False;False
2022;Azul;CH;50;geral;C;0.4466771577290885;False;C;0.5930050611495972;False;True;B;0.4331244627634684;False;False;A;0.0996394008398055;False;False
2022;Azul;CH;51;geral;A;0.3051675413807024;False;D;0.472330778837204;False;False;D;0.4661194284756978;False;False;B;0.0477170248826345;False;False
2022;Azul;CH;52;geral;A;0.1439396993026724;False;E;0.503376841545105;False;False;E;0.369156410296758;False;False;B;-0.0508495966593425;False;False
2022;Azul;CH;53;geral;B;0.2125812573182056;False;B;0.5273789167404175;False;True;D;0.3766345332066218;False;False;E;0.0377992987632752;False;False
2022;Azul;CH;54;geral;D;0.3654513188674679;False;A;0.4820201396942138;False;False;C;0.5773016214370728;False;False;C;0.2892276048660278;False;False
2022;Azul;CH;55;geral;D;0.2905937992643195;False;A;0.5441867113113403;False;False;A;0.4676234622796376;False;False;D;0.0150589346885681;False;True
2022;Azul;CH;56;geral;B;0.1587730259180136;False;C;0.3324377238750458;False;False;B;0.3041792809963226;False;True;B;0.1447566598653792;False;True
2022;Azul;CH;57;geral;D;0.372511810069851;False;C;0.4631566405296325;False;False;C;0.4409854610761006;False;False;C;-0.0221711794535318;False;False
2022;Azul;CH;58;geral;D;0.1864427357345204;False;C;0.5087989568710327;False;False;D;0.4680251777172088;False;True;B;0.2207256456216176;False;False
2022;Azul;CH;59;geral;B;0.2984098797320203;False;D;0.3803960680961609;False;False;B;0.3129810492197672;False;True;B;0.0274559060732523;False;True
2022;Azul;CH;60;geral;A;0.1824678995396915;False;A;0.5903759002685547;False;True;A;0.4130870302518208;False;True;D;0.0821649432182312;False;False
2022;Azul;CH;61;geral;D;0.1146959186965639;False;D;0.4076740145683288;False;True;D;0.3642847637335459;False;True;B;0.1027063031991322;False;False
2022;Azul;CH;62;geral;B;0.2760347264284272;False;D;0.4830267131328583;False;False;B;0.3767598519722621;False;True;B;-0.0157713045676549;False;True
2022;Azul;CH;63;geral;A;0.2285032169303605;False;A;0.5367887020111084;False;True;C;0.4679286976655324;False;False;E;0.0931415160497029;False;False
2022;Azul;CH;64;geral;E;0.2069676272076951;False;C;0.5555353164672852;False;False;C;0.50237903992335;False;False;E;0.2485750665267309;False;True
2022;Azul;CH;65;geral;C;0.0484183344092963;False;D;0.4293599724769592;False;False;C;0.3711619675159454;False;True;C;0.0058944225311279;False;True
2022;Azul;CH;66;geral;A;0.3302009073233959;False;A;0.6264137029647827;False;True;B;0.5340029994646708;False;False;D;0.101007729768753;False;False
2022;Azul;CH;67;geral;C;0.1859412264036541;False;A;0.6110342741012573;False;False;A;0.4198299348354339;False;False;E;0.0383676886558532;False;False
2022;Azul;CH;68;geral;E;0.1888196747835935;False;C;0.545383870601654;False;False;A;0.3247406979401906;False;False;E;0.0022691190242766;False;True
2022;Azul;CH;69;geral;B;0.2813031161473088;False;D;0.4194051325321197;False;False;E;0.374686191479365;False;False;B;0.1093945999940237;False;True
2022;Azul;CH;70;geral;B;0.0825865827076774;False;D;0.5372868776321411;False;False;C;0.4261883199214935;False;False;E;0.0053148965040842;False;False
2022;Azul;CH;71;geral;E;0.2527614808820554;False;E;0.4525222778320312;False;True;D;0.3025274078051249;False;False;C;0.140410378575325;False;False
2022;Azul;CH;72;geral;E;0.3108730800323363;False;E;0.5444153547286987;False;True;B;0.535358061393102;False;False;B;0.0840285321076711;False;False
2022;Azul;CH;73;geral;C;0.2805237845047084;False;D;0.6137245893478394;False;False;D;0.3804331024487813;False;False;A;-0.1038692692915598;False;False
2022;Azul;CH;74;geral;A;0.2109308628989845;False;D;0.5452468395233154;False;False;A;0.4801641503969828;False;True;E;0.1174986759821574;False;False
2022;Azul;CH;75;geral;B;0.4325493048819916;False;B;0.6357235908508301;False;True;B;0.447225014368693;False;True;D;-0.1157213946183521;False;False
2022;Azul;CH;76;geral;C;0.32194688119012;False;E;0.5398763418197632;False;False;C;0.5126160184542338;False;True;A;0.0748764276504517;False;False
2022;Azul;CH;77;geral;D;0.1451730271668822;False;E;0.440308004617691;False;False;E;0.4491364955902099;False;False;B;0.0919408996899922;False;False
2022;Azul;CH;79;geral;C;0.1955368352841116;False;C;0.6026684045791626;False;True;C;0.3727891544500986;False;True;B;-0.0521413137515386;False;False
2022;Azul;CH;80;geral;D;0.2145229224040175;False;D;0.4422483146190643;False;True;A;0.3851094444592793;False;False;A;0.0839062531789143;False;False
2022;Azul;CH;81;geral;A;0.2031743461008988;False;E;0.5675115585327148;False;False;E;0.418897529443105;False;False;B;-0.0967194736003875;False;False
2022;Azul;CH;82;geral;E;0.241753349253248;False;E;0.5831904411315918;False;True;D;0.4780548413594563;False;False;D;-0.0033461252848307;False;False
2022;Azul;CH;83;geral;E;0.2535074596692678;False;A;0.6087250709533691;False;False;A;0.6350875496864319;False;False;C;0.0546826720237731;False;False
2022;Azul;CH;84;geral;D;0.3316198494292884;False;A;0.5043124556541443;False;False;B;0.4015369315942128;False;False;D;0.0400014370679855;False;True
2022;Azul;CH;85;geral;A;0.1623045134105826;False;C;0.5529884099960327;False;False;A;0.4880070090293884;False;True;A;0.054116278886795;False;True
2022;Azul;CH;86;geral;D;0.2595725734639358;False;A;0.4608597457408905;False;False;D;0.4115330278873443;False;True;D;0.0237077176570892;False;True
2022;Azul;CH;87;geral;A;0.2288698186528497;False;A;0.3773651123046875;False;True;C;0.349205623070399;False;False;C;0.0218403438727061;False;False
2022;Azul;CH;88;geral;D;0.3512605722148031;False;A;0.454438716173172;False;False;D;0.3225373129049936;False;True;D;-0.023155262072881;False;True
2022;Azul;CH;89;geral;E;0.1858593212797799;False;A;0.4049994647502899;False;False;D;0.2747232367595036;False;False;B;-0.0336921761433283;False;False
2022;Azul;CH;90;geral;E;0.3447941105088585;False;B;0.578879714012146;False;False;C;0.226936399936676;False;False;E;-0.0160026003917058;False;True
2022;Azul;CN;91;geral;E;0.3853728328564215;False;E;0.4715308248996734;False;True;C;0.387418121099472;False;False;C;0.0029546320438385;False;False
2022;Azul;CN;92;geral;B;0.3404882154882155;False;C;0.5335588455200195;False;False;A;0.2833480437596639;False;False;A;-0.0087638298670451;False;False
2022;Azul;CN;94;geral;B;0.4120023567039811;False;B;0.9866310954093932;False;True;E;0.9100598295529684;False;False;E;0.0022577842076619;False;False
2022;Azul;CN;97;geral;D;0.3615731188681628;False;D;0.5630397796630859;False;True;D;0.4640753865242004;False;True;C;-0.0870468318462371;False;False
2022;Azul;CN;98;geral;C;0.3245233786456798;False;A;0.5208659172058105;False;False;A;0.4886036415894826;False;False;C;0.0465142776568731;False;True
2022;Azul;CN;99;geral;C/D;0.1447335185652942;True;E;0.5412806272506714;False;False;B;0.6598451534907023;False;False;D;0.1499600410461425;False;True
2022;Azul;CN;101;geral;B;0.2774033195719942;False;A;0.8152803182601929;False;False;E;0.5998486677805582;False;False;E;0.1708512107531229;False;False
2022;Azul;CN;102;geral;B;0.3294325644047819;False;A;0.6428424119949341;False;False;A;0.5572922428448995;False;False;C;0.0580386916796366;False;False
2022;Azul;CN;104;geral;D;0.2104331704028316;False;B;0.5353342890739441;False;False;C;0.4744195540746053;False;False;C;0.1457485755284627;False;False
2022;Azul;CN;105;geral;B;0.3305945308220621;False;B;0.9940072298049928;False;True;B;0.9023990035057068;False;True;C;-0.0230332016944885;False;False
2022;Azul;CN;107;geral;E;0.3212136514749821;False;D;0.6516073942184448;False;False;D;0.5675451159477234;False;False;A;0.0731530388196309;False;False
2022;Azul;CN;108;geral;C;0.2843228200371057;False;A;0.8861435651779175;False;False;A;0.8746769626935323;False;False;E;0.0392399628957113;False;False
2022;Azul;CN;110;geral;E;0.3201431277625763;False;C;0.5368117094039917;False;False;C;0.4865936835606892;False;False;A;0.07664555311203;False;False
2022;Azul;CN;111;geral;E;0.2148388182812894;False;B;0.538652777671814;False;False;D;0.4505214591821034;False;False;D;0.1421707769234975;False;False
2022;Azul;CN;113;geral;B;0.2329165087785777;False;A;0.5859602093696594;False;False;B;0.6099152366320292;False;True;B;0.2601420084635417;False;True
2022;Azul;CN;114;geral;D;0.277504105090312;False;E;0.767350435256958;False;False;E;0.7503666083017985;False;False;B;0.2069613536198934;False;False
2022;Azul;CN;117;geral;E;0.2291500021049972;False;B;0.7674123048782349;False;False;A;0.6353296836217245;False;False;E;-0.0416740775108337;False;True
2022;Azul;CN;118;geral;A;0.1564433966235844;False;A;0.6525646448135376;False;True;E;0.6063573956489563;False;False;E;-0.0107480883598327;False;False
2022;Azul;CN;120;geral;B;0.3303417182825601;False;C;0.5306676626205444;False;False;D;0.4623872439066569;False;False;D;0.0524730781714122;False;False
2022;Azul;CN;122;geral;B;0.2484529572721532;False;C;0.591193675994873;False;False;D;0.4804271459579468;False;False;B;-0.0505144496758778;False;True
2022;Azul;CN;123;geral;A;0.3979015675037923;False;B;0.5412496328353882;False;False;A;0.6551393270492554;False;True;A;0.2170146107673645;False;True
2022;Azul;CN;124;geral;D;0.2269512503157363;False;D;0.6532204151153564;False;True;A;0.5226442714532217;False;False;E;0.0370713869730632;False;False
2022;Azul;CN;125;geral;B;0.4273317044401382;False;A;0.5491347908973694;False;False;C;0.4636113097270329;False;False;C;0.1071035613616306;False;False
2022;Azul;CN;126;geral;C;0.504902167052388;False;C;0.556781530380249;False;True;C;0.5311020215352377;False;True;E;0.0304384330908458;False;False
2022;Azul;CN;127;geral;A;0.4153263157894737;False;D;0.6415836215019226;False;False;C;0.4443968534469604;False;False;C;0.0400684773921966;False;False
2022;Azul;CN;129;geral;B;0.233720832280347;False;B;0.7675195336341858;False;True;D;0.6637043158213297;False;False;D;0.105677584807078;False;False
2022;Azul;CN;130;geral;D;0.2208743997978266;False;E;0.7871530652046204;False;False;E;0.6167115767796835;False;False;A;-0.0793109734853108;False;False
2022;Azul;CN;131;geral;A;0.2245473684210526;False;E;0.4720648527145386;False;False;B;0.4310353696346283;False;False;B;0.0267004966735839;False;False
2022;Azul;CN;132;geral;C;0.30369621958407;False;A;0.7396007180213928;False;False;C;0.6321283578872681;False;True;B;0.1171361406644185;False;False
2022;Azul;CN;133;geral;A;0.2953837081964451;False;C;0.545249342918396;False;False;C;0.4759272933006286;False;False;B;-0.0162649154663085;False;False
2022;Azul;CN;135;geral;D;0.2945361171914463;False;D;0.7433686256408691;False;True;A;0.4381877382596333;False;False;C;-0.0521001517772674;False;False
2022;Azul;LC;1;espanhol;B;0.1103337705873779;False;D;0.7650741934776306;False;False;D;0.5052153964837393;False;False;A;-0.0556149979432423;False;False
2022;Azul;LC;1;inglês;B;0.1187859175361267;False;B;0.675548791885376;False;True;C;0.4539241790771484;False;False;A;0.1157494187355041;False;False
2022;Azul;LC;2;espanhol;C;0.2785142024763292;False;B;0.525397777557373;False;False;C;0.3891231715679168;False;True;C;0.1095465123653411;False;True
2022;Azul;LC;2;inglês;D;0.3224473845810305;False;A;0.5065045356750488;False;False;E;0.40409716963768;False;False;B;0.072650949160258;False;False
2022;Azul;LC;3;espanhol;A;0.2600524475524475;False;E;0.6310631632804871;False;False;E;0.4599172522624333;False;False;A;-0.0292181372642517;False;True
2022;Azul;LC;3;inglês;D;0.1223407225417387;False;D;0.466996282339096;False;True;A;0.282760590314865;False;False;C;0.3022357225418089;False;False
2022;Azul;LC;4;espanhol;B;0.2126512170237574;False;C;0.5582045316696167;False;False;C;0.4158705373605092;False;False;B;0.0390849709510803;False;True
2022;Azul;LC;4;inglês;E;0.0967057509771077;False;B;0.3633919060230255;False;False;E;0.3846350808938343;False;True;A;0.1664411673943202;False;False
2022;Azul;LC;5;espanhol;E;0.1256179121837743;False;D;0.6268041729927063;False;False;E;0.551997164885203;False;True;C;0.1140085955460866;False;False
2022;Azul;LC;5;inglês;D;0.1175879396984924;False;D;0.5234200954437256;False;True;B;0.3936380346616108;False;False;B;-0.0689890484015147;False;False
2022;Azul;LC;6;geral;C;0.1327033357564009;False;D;0.4568799138069153;False;False;A;0.5251168012619019;False;False;A;0.15651735663414;False;False
2022;Azul;LC;7;geral;C;0.2774803783457436;False;C;0.6371780037879944;False;True;E;0.6253813703854879;False;False;D;0.1119856238365173;False;False
2022;Azul;LC;8;geral;B;0.2923535813616026;False;E;0.5912569761276245;False;False;C;0.2993488808472951;False;False;D;0.0233870397011438;False;False
2022;Azul;LC;9;geral;B;0.0206193870565019;False;E;0.6658104658126831;False;False;D;0.5688342253367106;False;False;C;0.0435649156570434;False;False
2022;Azul;LC;10;geral;D;0.2353676737525715;False;E;0.49952232837677;False;False;E;0.4802617033322652;False;False;A;0.0058201303084691;False;False
2022;Azul;LC;11;geral;C;0.1146589259796806;False;E;0.4630621969699859;False;False;E;0.4953011870384216;False;False;B;0.188743660847346;False;False
2022;Azul;LC;12;geral;C;0.1474175757819733;False;C;0.5852090120315552;False;True;C;0.4520555635293324;False;True;A;0.0073032279809316;False;False
2022;Azul;LC;13;geral;D;0.1943693784535957;False;C;0.5552878975868225;False;False;E;0.5304486453533173;False;False;A;0.1942621966203054;False;False
2022;Azul;LC;14;geral;B;0.080204640670319;False;B;0.4530411064624786;False;True;C;0.5043754875659943;False;False;A;0.2883593142032624;False;False
2022;Azul;LC;15;geral;E;0.3435775566923107;False;D;0.5050958395004272;False;False;C;0.606919914484024;False;False;C;0.176352709531784;False;False
2022;Azul;LC;16;geral;C;0.3744917267200773;False;D;0.4220753610134125;False;False;A;0.5239571134249369;False;False;B;0.2918681850035985;False;False
2022;Azul;LC;17;geral;A;0.2299359722949301;False;D;0.7160771489143372;False;False;E;0.5252558489640554;False;False;C;0.0459252893924713;False;False
2022;Azul;LC;18;geral;C;0.2303343563236957;False;E;0.6919976472854614;False;False;D;0.4747159878412882;False;False;B;-0.0527695765097936;False;False
2022;Azul;LC;19;geral;A;0.0726679818028101;False;A;0.6890676617622375;False;True;E;0.4785953164100647;False;False;D;0.2026972323656082;False;False
2022;Azul;LC;20;geral;B;0.2531727166512227;False;B;0.6370387673377991;False;True;A;0.6049631635348002;False;False;A;-0.0292151172955831;False;False
2022;Azul;LC;21;geral;A;0.1868752015478877;False;A;0.4790153503417969;False;True;C;0.4330250223477681;False;False;C;0.0296321709950765;False;False
2022;Azul;LC;22;geral;A;0.5599048617270015;False;D;0.4061011075973511;False;False;C;0.3228878676891327;False;False;B;-0.0205143690109252;False;False
2022;Azul;LC;23;geral;C;0.2960574054664194;False;D;0.5190339088439941;False;False;B;0.3204106092453003;False;False;B;0.0856691151857377;False;False
2022;Azul;LC;24;geral;C;0.0999434891418422;False;B;0.4598535001277923;False;False;B;0.4769941568374634;False;False;A;0.1772833863894145;False;False
2022;Azul;LC;25;geral;B;0.1808219178082191;False;B;0.6205171942710876;False;True;D;0.4547753532727559;False;False;D;0.1578703721364339;False;False
2022;Azul;LC;26;geral;D;0.1181165846972506;False;B;0.4041966795921325;False;False;A;0.2637309829394023;False;False;A;0.1979987124602;False;False
2022;Azul;LC;27;geral;C;0.1105699565287393;False;A;0.6194789409637451;False;False;D;0.6031854152679443;False;False;D;-0.0060915946960449;False;False
2022;Azul;LC;28;geral;A;0.2659995157775805;False;A;0.5311213135719299;False;True;E;0.4402317802111308;False;False;E;0.1170655886332194;False;False
2022;Azul;LC;29;geral;C;0.2127943136383829;False;E;0.3748294115066528;False;False;C;0.1907665779193242;False;True;B;-0.0727696369091669;False;False
2022;Azul;LC;30;geral;A;0.285356796900226;False;E;0.3008727133274078;False;False;B;0.3578388293584187;False;False;B;0.0889916618665059;False;False
2022;Azul;LC;31;geral;C;0.1960285748880009;False;C;0.4345095753669739;False;True;E;0.287688081463178;False;False;B;0.0464428265889485;False;False
2022;Azul;LC;32;geral;E;0.2491438701099875;False;D;0.5480735898017883;False;False;D;0.3879718234141667;False;False;B;-0.0611299748222032;False;False
2022;Azul;LC;33;geral;B;0.176133613038567;False;D;0.5246075987815857;False;False;D;0.4168617626031239;False;False;E;-0.0245257318019866;False;False
2022;Azul;LC;34;geral;E;0.0655889704103845;False;E;0.5961116552352905;False;True;B;0.5506821672121683;False;False;B;0.2078384856383005;False;False
2022;Azul;LC;35;geral;A;0.3604698094930578;False;A;0.4272315800189972;False;True;B;0.3864063620567322;False;False;D;0.0678766965866088;False;False
2022;Azul;LC;36;geral;D;0.1533809120599975;False;D;0.4833982288837433;False;True;B;0.5275922815004984;False;False;B;0.069246510664622;False;False
2022;Azul;LC;37;geral;C;0.1002341353140642;False;B;0.6011208295822144;False;False;E;0.3333092331886291;False;False;D;-0.0773929556210836;False;False
2022;Azul;LC;38;geral;C;0.3613194612468747;False;A;0.5937968492507935;False;False;D;0.2519072790940602;False;False;C;-0.0905268639326095;False;True
2022;Azul;LC;39;geral;A;0.6436206687910936;False;C;0.4582695662975311;False;False;C;0.4084604382514953;False;False;A;-0.0160566767056782;False;True
2022;Azul;LC;40;geral;E;0.2762839147286822;False;B;0.3722986280918121;False;False;E;0.3570970048507054;False;True;E;0.1285984714825948;False;True
2022;Azul;LC;41;geral;D;0.1415654139587454;False;D;0.4076575636863708;False;True;A;0.4518482387065887;False;False;A;0.1494995355606079;False;False
2022;Azul;LC;42;geral;A;0.2024030320135472;False;A;0.4088289141654968;False;True;E;0.2905603249867757;False;False;E;0.0985048164923985;False;False
2022;Azul;LC;43;geral;C;0.172917760103355;False;C;0.4113878309726715;False;True;B;0.2713253895441691;False;False;B;-0.0077977677186329;False;False
2022;Azul;LC;44;geral;E;0.1997901618175215;False;E;0.6272871494293213;False;True;B;0.406559407711029;False;False;B;0.0364723801612854;False;False
2022;Azul;LC;45;geral;A;0.1857321551063228;False;C;0.534181535243988;False;False;C;0.5476263562838236;False;False;B;0.1393961509068807;False;False
2022;Azul;MT;147;geral;B;0.2644216567497995;False;D;0.6488300561904907;False;False;E;0.4705871641635895;False;False;A;-0.0335196455319722;False;False
2022;Azul;MT;150;geral;C;0.3125685364824968;False;C;0.9555325508117676;False;True;B;0.8071114222208658;False;False;A;-0.0143369634946187;False;False
2022;Azul;MT;151;geral;D;0.2409962975429148;False;B;0.9153931140899658;False;False;D;0.778689463933309;False;True;A;0.0114406943321228;False;False
2022;Azul;MT;159;geral;C;0.2310446503791069;False;A;0.964518666267395;False;False;C;0.9060360789299012;False;True;D;-0.0080349445343017;False;False
2022;Azul;MT;167;geral;E;0.2318748946214803;False;C;0.7158187627792358;False;False;B;0.5336176455020905;False;False;E;0.0849912663300833;False;True
2022;Azul;MT;168;geral;B;0.2506320579807854;False;B;0.9775468111038208;False;True;B;0.9109290639559428;False;True;D;0.0096367200215657;False;False
2022;Cinza;CH;46;geral;D;0.2921643573817487;False;A;0.4608597457408905;False;False;D;0.4115330278873443;False;True;D;0.0237077176570892;False;True
2022;Cinza;CH;47;geral;A;0.2485266008282892;False;A;0.3773651123046875;False;True;C;0.349205623070399;False;False;C;0.0218403438727061;False;False
2022;Cinza;CH;48;geral;D;0.3482559298385489;False;A;0.454438716173172;False;False;D;0.3225373129049936;False;True;D;-0.023155262072881;False;True
2022;Cinza;CH;49;geral;E;0.1901688973868706;False;A;0.4049994647502899;False;False;D;0.2747232367595036;False;False;B;-0.0336921761433283;False;False
2022;Cinza;CH;50;geral;E;0.3765653665151152;False;B;0.5788798928260803;False;False;E;0.3350311120351155;False;True;E;-0.0086924235026041;False;True
2022;Cinza;CH;51;geral;E;0.256160778371481;False;E;0.5831904411315918;False;True;D;0.4780548413594563;False;False;D;-0.0033461252848307;False;False
2022;Cinza;CH;52;geral;E;0.2555776892430279;False;A;0.6087250709533691;False;False;A;0.6350875496864319;False;False;C;0.0546826720237731;False;False
2022;Cinza;CH;53;geral;D;0.3329611611771274;False;A;0.5043124556541443;False;False;B;0.4015369315942128;False;False;D;0.0400014370679855;False;True
2022;Cinza;CH;54;geral;A;0.1342431860808492;False;C;0.5529884099960327;False;False;A;0.4880070090293884;False;True;A;0.054116278886795;False;True
2022;Cinza;CH;56;geral;C;0.1845558613537553;False;C;0.6026684045791626;False;True;C;0.3727891544500986;False;True;B;-0.0521413137515386;False;False
2022;Cinza;CH;57;geral;D;0.2241778416347382;False;D;0.4422483146190643;False;True;A;0.3851094444592793;False;False;A;0.0839062531789143;False;False
2022;Cinza;CH;58;geral;A;0.199864444621641;False;E;0.5675115585327148;False;False;E;0.418897529443105;False;False;B;-0.0967194736003875;False;False
2022;Cinza;CH;59;geral;A;0.2105893627216099;False;D;0.5452468395233154;False;False;A;0.4801641503969828;False;True;E;0.1174986759821574;False;False
2022;Cinza;CH;60;geral;B;0.4401642939745583;False;B;0.6357235908508301;False;True;B;0.447225014368693;False;True;D;-0.1157213946183521;False;False
2022;Cinza;CH;61;geral;C;0.3222089314194577;False;E;0.5398763418197632;False;False;C;0.5126160184542338;False;True;A;0.0748764276504517;False;False
2022;Cinza;CH;62;geral;D;0.1438257817485641;False;E;0.440308004617691;False;False;E;0.4491364955902099;False;False;B;0.0919408996899922;False;False
2022;Cinza;CH;63;geral;B;0.0890572055012955;False;D;0.5372868776321411;False;False;C;0.4261883199214935;False;False;E;0.0053148965040842;False;False
2022;Cinza;CH;64;geral;E;0.2717252396166134;False;E;0.4525222778320312;False;True;D;0.3025274078051249;False;False;C;0.140410378575325;False;False
2022;Cinza;CH;65;geral;E;0.3097669964889882;False;E;0.5444153547286987;False;True;B;0.535358061393102;False;False;B;0.0840285321076711;False;False
2022;Cinza;CH;66;geral;C;0.2728178954503768;False;D;0.6137245893478394;False;False;D;0.3804331024487813;False;False;A;-0.1038692692915598;False;False
2022;Cinza;CH;67;geral;A;0.3495242664108099;False;A;0.6264137029647827;False;True;B;0.5340029994646708;False;False;D;0.101007729768753;False;False
2022;Cinza;CH;68;geral;C;0.1720258517513763;False;A;0.6110342741012573;False;False;A;0.4198299348354339;False;False;E;0.0383676886558532;False;False
2022;Cinza;CH;69;geral;E;0.1968849840255591;False;C;0.545383870601654;False;False;A;0.3247406979401906;False;False;E;0.0022691190242766;False;True
2022;Cinza;CH;70;geral;B;0.2873916689963656;False;D;0.4194051325321197;False;False;E;0.374686191479365;False;False;B;0.1093945999940237;False;True
2022;Cinza;CH;71;geral;D;0.1126558005752636;False;D;0.4076740145683288;False;True;D;0.3642847637335459;False;True;B;0.1027063031991322;False;False
2022;Cinza;CH;72;geral;B;0.2857599233288076;False;D;0.4830267131328583;False;False;B;0.3767598519722621;False;True;B;-0.0157713045676549;False;True
2022;Cinza;CH;73;geral;A;0.2291150371732352;False;A;0.5367887020111084;False;True;C;0.4679286976655324;False;False;E;0.0931415160497029;False;False
2022;Cinza;CH;74;geral;E;0.1998961370990293;False;C;0.5555353164672852;False;False;C;0.50237903992335;False;False;E;0.2485750665267309;False;True
2022;Cinza;CH;75;geral;C;0.0504647544580524;False;D;0.4293599724769592;False;False;C;0.3711619675159454;False;True;C;0.0058944225311279;False;True
2022;Cinza;CH;76;geral;D;0.3964898284802552;False;C;0.4631566405296325;False;False;C;0.4409854610761006;False;False;C;-0.0221711794535318;False;False
2022;Cinza;CH;77;geral;D;0.1936270590116744;False;C;0.5087989568710327;False;False;D;0.4680251777172088;False;True;B;0.2207256456216176;False;False
2022;Cinza;CH;78;geral;B;0.3023432198315436;False;D;0.3803960680961609;False;False;B;0.3129810492197672;False;True;B;0.0274559060732523;False;True
2022;Cinza;CH;79;geral;A;0.1865931166806571;False;A;0.5903759002685547;False;True;A;0.4130870302518208;False;True;D;0.0821649432182312;False;False
2022;Cinza;CH;80;geral;D;0.3580015176324933;False;A;0.4820201396942138;False;False;C;0.5773016214370728;False;False;C;0.2892276048660278;False;False
2022;Cinza;CH;81;geral;D;0.2910647833219959;False;A;0.5441867113113403;False;False;A;0.4676234622796376;False;False;D;0.0150589346885681;False;True
2022;Cinza;CH;82;geral;B;0.1694854407658556;False;C;0.3324377238750458;False;False;B;0.3041792809963226;False;True;B;0.1447566598653792;False;True
2022;Cinza;CH;83;geral;C;0.4231061363182091;False;C;0.5930050611495972;False;True;B;0.4331244627634684;False;False;A;0.0996394008398055;False;False
2022;Cinza;CH;84;geral;D;0.2982245681381957;False;D;0.472330778837204;False;True;D;0.4661194284756978;False;True;B;0.0477170248826345;False;False
2022;Cinza;CH;85;geral;A;0.1589702654160846;False;E;0.503376841545105;False;False;E;0.369156410296758;False;False;B;-0.0508495966593425;False;False
2022;Cinza;CH;86;geral;B;0.2239116517285531;False;B;0.5273789167404175;False;True;D;0.3766345332066218;False;False;E;0.0377992987632752;False;False
2022;Cinza;CH;87;geral;A;0.2405296211848474;False;E;0.4222455620765686;False;False;C;0.4524307052294413;False;False;A;0.0409686565399169;False;True
2022;Cinza;CH;88;geral;C;0.2765897917582637;False;C;0.4499087631702423;False;True;B;0.4184956649939219;False;False;B;0.0114579896132151;False;False
2022;Cinza;CH;89;geral;D;0.0254998204237998;False;E;0.3855409622192383;False;False;B;0.3614966968695323;False;False;D;0.1189027527968088;False;True
2022;Cinza;CH;90;geral;C;0.2967291583566015;False;C;0.5056291818618774;False;True;D;0.3714432418346405;False;False;E;0.0767365172505378;False;False
2022;Cinza;CN;91;geral;A;0.3718373683548022;False;C;0.545249342918396;False;False;C;0.4759272933006286;False;False;B;-0.0162649154663085;False;False
2022;Cinza;CN;93;geral;D;0.3094818174183253;False;D;0.7433686256408691;False;True;A;0.4381877382596333;False;False;C;-0.0521001517772674;False;False
2022;Cinza;CN;94;geral;D;0.2467559736278503;False;E;0.4720648527145386;False;False;B;0.4310353696346283;False;False;B;0.0267004966735839;False;False
2022;Cinza;CN;95;geral;C;0.3747899865591398;False;A;0.7396007180213928;False;False;C;0.6321283578872681;False;True;B;0.1171361406644185;False;False
2022;Cinza;CN;96;geral;C;0.5065463701216953;False;C;0.556781530380249;False;True;C;0.5311020215352377;False;True;E;0.0304384330908458;False;False
2022;Cinza;CN;97;geral;A;0.4407784129119032;False;D;0.6415836215019226;False;False;C;0.4443968534469604;False;False;C;0.0400684773921966;False;False
2022;Cinza;CN;99;geral;B;0.2233282930107527;False;B;0.7675195336341858;False;True;D;0.6637043158213297;False;False;D;0.105677584807078;False;False
2022;Cinza;CN;100;geral;D;0.2104953573379269;False;E;0.7871530652046204;False;False;E;0.6167115767796835;False;False;A;-0.0793109734853108;False;False
2022;Cinza;CN;101;geral;B;0.2844787774465762;False;C;0.591193675994873;False;False;D;0.4804271459579468;False;False;B;-0.0505144496758778;False;True
2022;Cinza;CN;102;geral;A;0.4090527376553577;False;B;0.5412496328353882;False;False;A;0.6551393270492554;False;True;A;0.2170146107673645;False;True
2022;Cinza;CN;103;geral;D;0.2395833333333333;False;D;0.6532204151153564;False;True;A;0.5226442714532217;False;False;E;0.0370713869730632;False;False
2022;Cinza;CN;104;geral;B;0.4130571776666806;False;A;0.5491347908973694;False;False;C;0.4636113097270329;False;False;C;0.1071035613616306;False;False
2022;Cinza;CN;106;geral;B;0.3756087321578505;False;C;0.5306676626205444;False;False;D;0.4623872439066569;False;False;D;0.0524730781714122;False;False
2022;Cinza;CN;109;geral;E;0.2249328182734296;False;B;0.7674123048782349;False;False;A;0.6353296836217245;False;False;E;-0.0416740775108337;False;True
2022;Cinza;CN;110;geral;A;0.1529999580131838;False;A;0.6525646448135376;False;True;E;0.6063573956489563;False;False;E;-0.0107480883598327;False;False
2022;Cinza;CN;112;geral;B;0.2318834494919808;False;A;0.5859602093696594;False;False;B;0.6099152366320292;False;True;B;0.2601420084635417;False;True
2022;Cinza;CN;113;geral;D;0.2766698853856165;False;E;0.767350435256958;False;False;E;0.7503666083017985;False;False;B;0.2069613536198934;False;False
2022;Cinza;CN;116;geral;E;0.3397589349460333;False;C;0.5368117094039917;False;False;C;0.4865936835606892;False;False;A;0.07664555311203;False;False
2022;Cinza;CN;117;geral;E;0.2214291712150474;False;B;0.538652777671814;False;False;D;0.4505214591821034;False;False;D;0.1421707769234975;False;False
2022;Cinza;CN;118;geral;E;0.3098999915959324;False;D;0.6516073942184448;False;False;D;0.5675451159477234;False;False;A;0.0731530388196309;False;False
2022;Cinza;CN;119;geral;C;0.254080430758876;False;A;0.8861435651779175;False;False;A;0.8746769626935323;False;False;E;0.0392399628957113;False;False
2022;Cinza;CN;120;geral;D;0.2168943055263711;False;B;0.5353342890739441;False;False;C;0.4744195540746053;False;False;C;0.1457485755284627;False;False
2022;Cinza;CN;121;geral;B;0.3396725440806045;False;B;0.9940072298049928;False;True;B;0.9023990035057068;False;True;C;-0.0230332016944885;False;False
2022;Cinza;CN;124;geral;C;0.1674924420557608;False;E;0.5412806272506714;False;False;B;0.6598451534907023;False;False;D;0.1499600410461425;False;False
2022;Cinza;CN;126;geral;B;0.2754548892717569;False;A;0.8152803182601929;False;False;E;0.5998486677805582;False;False;E;0.1708512107531229;False;False
2022;Cinza;CN;127;geral;B;0.318109243697479;False;A;0.6428424119949341;False;False;A;0.5572922428448995;False;False;C;0.0580386916796366;False;False
2022;Cinza;CN;129;geral;D;0.3643847123057538;False;D;0.5630397796630859;False;True;D;0.4640753865242004;False;True;C;-0.0870468318462371;False;False
2022;Cinza;CN;130;geral;C;0.3034746439225242;False;A;0.5208659172058105;False;False;A;0.4886036415894826;False;False;C;0.0465142776568731;False;True
2022;Cinza;CN;132;geral;E;0.3828436935233051;False;E;0.4715308248996734;False;True;C;0.387418121099472;False;False;C;0.0029546320438385;False;False
2022;Cinza;CN;133;geral;B;0.3309791062344978;False;C;0.5335588455200195;False;False;A;0.2833480437596639;False;False;A;-0.0087638298670451;False;False
2022;Cinza;CN;135;geral;B;0.3263025210084033;False;B;0.9866310954093932;False;True;E;0.9100598295529684;False;False;E;0.0022577842076619;False;False
2022;Cinza;LC;1;espanhol;E;0.1019498607242339;False;D;0.6268041729927063;False;False;E;0.551997164885203;False;True;C;0.1140085955460866;False;False
2022;Cinza;LC;1;inglês;D;0.1401983728964671;False;D;0.466996282339096;False;True;A;0.282760590314865;False;False;C;0.3022357225418089;False;False
2022;Cinza;LC;2;espanhol;B;0.2235998885483421;False;C;0.5582045316696167;False;False;C;0.4158705373605092;False;False;B;0.0390849709510803;False;True
2022;Cinza;LC;2;inglês;E;0.0983377956269522;False;B;0.3633919060230255;False;False;E;0.3846350808938343;False;True;A;0.1664411673943202;False;False
2022;Cinza;LC;3;espanhol;C;0.2802174822250105;False;B;0.525397777557373;False;False;C;0.3891231715679168;False;True;C;0.1095465123653411;False;True
2022;Cinza;LC;3;inglês;D;0.1175584444568431;False;D;0.5234200954437256;False;True;B;0.3936380346616108;False;False;B;-0.0689890484015147;False;False
2022;Cinza;LC;4;espanhol;A;0.2488845510317903;False;E;0.6310631632804871;False;False;E;0.4599172522624333;False;False;A;-0.0292181372642517;False;True
2022;Cinza;LC;4;inglês;D;0.3422740199631963;False;A;0.5065045356750488;False;False;E;0.40409716963768;False;False;B;0.072650949160258;False;False
2022;Cinza;LC;5;espanhol;B;0.1036644837675909;False;D;0.7650741934776306;False;False;D;0.5052153964837393;False;False;A;-0.0556149979432423;False;False
2022;Cinza;LC;5;inglês;B;0.1297339505828545;False;B;0.675548791885376;False;True;C;0.4539241790771484;False;False;A;0.1157494187355041;False;False
2022;Cinza;LC;6;geral;B;0.1934559350370193;False;B;0.6205171942710876;False;True;D;0.4547753532727559;False;False;D;0.1578703721364339;False;False
2022;Cinza;LC;7;geral;A;0.0682676633135859;False;A;0.6890676617622375;False;True;E;0.4785953164100647;False;False;D;0.2026972323656082;False;False
2022;Cinza;LC;8;geral;B;0.2419136392606755;False;B;0.6370387673377991;False;True;A;0.6049631635348002;False;False;A;-0.0292151172955831;False;False
2022;Cinza;LC;9;geral;E;0.0468501431753102;False;E;0.5961116552352905;False;True;B;0.5506821672121683;False;False;B;0.2078384856383005;False;False
2022;Cinza;LC;10;geral;A;0.4339532475807415;False;A;0.4272315800189972;False;True;B;0.3864063620567322;False;False;D;0.0678766965866088;False;False
2022;Cinza;LC;11;geral;D;0.157275221696425;False;D;0.4833982288837433;False;True;B;0.5275922815004984;False;False;B;0.069246510664622;False;False
2022;Cinza;LC;12;geral;C;0.3623165347440436;False;D;0.4220753610134125;False;False;A;0.5239571134249369;False;False;B;0.2918681850035985;False;False
2022;Cinza;LC;13;geral;A;0.2272202539707814;False;D;0.7160771489143372;False;False;E;0.5252558489640554;False;False;C;0.0459252893924713;False;False
2022;Cinza;LC;14;geral;B;0.209746946595354;False;E;0.6919976472854614;False;False;D;0.4747159878412882;False;False;B;-0.0527695765097936;False;True
2022;Cinza;LC;15;geral;D;0.1068304707379134;False;B;0.4041966795921325;False;False;A;0.2637309829394023;False;False;A;0.1979987124602;False;False
2022;Cinza;LC;16;geral;C;0.1135261861241357;False;A;0.6194789409637451;False;False;D;0.6031854152679443;False;False;D;-0.0060915946960449;False;False
2022;Cinza;LC;17;geral;A;0.2689627712522397;False;A;0.5311213135719299;False;True;E;0.4402317802111308;False;False;E;0.1170655886332194;False;False
2022;Cinza;LC;18;geral;C;0.2724092697857455;False;C;0.6371780037879944;False;True;E;0.6253813703854879;False;False;D;0.1119856238365173;False;False
2022;Cinza;LC;19;geral;B;0.2937920598893003;False;E;0.5912569761276245;False;False;C;0.2993488808472951;False;False;D;0.0233870397011438;False;False
2022;Cinza;LC;20;geral;E;0.0213155173785095;False;E;0.6658104658126831;False;True;D;0.5688342253367106;False;False;C;0.0435649156570434;False;False
2022;Cinza;LC;21;geral;D;0.156875223738117;False;D;0.4568799138069153;False;True;A;0.5251168012619019;False;False;A;0.15651735663414;False;False
2022;Cinza;LC;22;geral;C;0.1026263430163151;False;B;0.4598535001277923;False;False;B;0.4769941568374634;False;False;A;0.1772833863894145;False;False
2022;Cinza;LC;23;geral;D;0.2404791277010625;False;E;0.49952232837677;False;False;E;0.4802617033322652;False;False;A;0.0058201303084691;False;False
2022;Cinza;LC;24;geral;D;0.1190258267340522;False;E;0.4630621969699859;False;False;E;0.4953011870384216;False;False;B;0.188743660847346;False;False
2022;Cinza;LC;25;geral;A;0.1251690398536313;False;C;0.5852090120315552;False;False;C;0.4520555635293324;False;False;A;0.0073032279809316;False;True
2022;Cinza;LC;26;geral;C;0.0973976806280636;False;B;0.6011208295822144;False;False;E;0.3333092331886291;False;False;D;-0.0773929556210836;False;False
2022;Cinza;LC;27;geral;C;0.3724382187910382;False;A;0.5937968492507935;False;False;D;0.2519072790940602;False;False;C;-0.0905268639326095;False;True
2022;Cinza;LC;28;geral;A;0.6660300787777512;False;C;0.4582695662975311;False;False;C;0.4084604382514953;False;False;A;-0.0160566767056782;False;True
2022;Cinza;LC;29;geral;C;0.1630521447934938;False;C;0.4113878309726715;False;True;B;0.2713253895441691;False;False;B;-0.0077977677186329;False;False
2022;Cinza;LC;30;geral;E;0.1998724388104919;False;E;0.6272871494293213;False;True;B;0.406559407711029;False;False;B;0.0364723801612854;False;False
2022;Cinza;LC;31;geral;A;0.1929629039961789;False;C;0.534181535243988;False;False;C;0.5476263562838236;False;False;B;0.1393961509068807;False;False
2022;Cinza;LC;32;geral;A;0.1819485381980403;False;A;0.4790153503417969;False;True;C;0.4330250223477681;False;False;C;0.0296321709950765;False;False
2022;Cinza;LC;33;geral;A;0.558861062370394;False;D;0.4061011075973511;False;False;C;0.3228878676891327;False;False;B;-0.0205143690109252;False;False
2022;Cinza;LC;34;geral;C;0.2883489344752041;False;D;0.5190339088439941;False;False;B;0.3204106092453003;False;False;B;0.0856691151857377;False;False
2022;Cinza;LC;35;geral;C;0.2256880733944954;False;E;0.3748294115066528;False;False;C;0.1907665779193242;False;True;B;-0.0727696369091669;False;False
2022;Cinza;LC;36;geral;A;0.2883772803313948;False;E;0.3008727133274078;False;False;B;0.3578388293584187;False;False;B;0.0889916618665059;False;False
2022;Cinza;LC;37;geral;C;0.1950985870519677;False;C;0.4345095753669739;False;True;E;0.287688081463178;False;False;B;0.0464428265889485;False;False
2022;Cinza;LC;38;geral;E;0.2651029429333758;False;B;0.3722986280918121;False;False;E;0.3570970048507054;False;True;E;0.1285984714825948;False;True
2022;Cinza;LC;39;geral;D;0.1389442628179571;False;D;0.4076575636863708;False;True;A;0.4518482387065887;False;False;A;0.1494995355606079;False;False
2022;Cinza;LC;40;geral;A;0.1944477635719122;False;A;0.4088289141654968;False;True;E;0.2905603249867757;False;False;E;0.0985048164923985;False;False
2022;Cinza;LC;41;geral;D;0.1734237829209896;False;C;0.5552878975868225;False;False;E;0.5304486453533173;False;False;A;0.1942621966203054;False;False
2022;Cinza;LC;42;geral;B;0.0961132150687661;False;B;0.4530411064624786;False;True;C;0.5043754875659943;False;False;A;0.2883593142032624;False;False
2022;Cinza;LC;43;geral;E;0.3307698437998087;False;D;0.5050958395004272;False;False;C;0.606919914484024;False;False;C;0.176352709531784;False;False
2022;Cinza;LC;44;geral;E;0.2420356801529149;False;D;0.5480735898017883;False;False;D;0.3879718234141667;False;False;B;-0.0611299748222032;False;False
2022;Cinza;LC;45;geral;B;0.173899183104204;False;D;0.5246075987815857;False;False;D;0.4168617626031239;False;False;E;-0.0245257318019866;False;False
2022;Cinza;MT;146;geral;B;0.2377951432652718;False;B;0.9775468111038208;False;True;B;0.9109290639559428;False;True;D;0.0096367200215657;False;False
2022;Cinza;MT;153;geral;E;0.2441342191573459;False;C;0.7158187627792358;False;False;B;0.5336176455020905;False;False;E;0.0849912663300833;False;True
2022;Cinza;MT;159;geral;C;0.2388160107635385;False;A;0.964518666267395;False;False;C;0.9060360789299012;False;True;D;-0.0080349445343017;False;False
2022;Cinza;MT;164;geral;D;0.23828338447312;False;B;0.9153931140899658;False;False;D;0.778689463933309;False;True;A;0.0114406943321228;False;False
2022;Cinza;MT;168;geral;C;0.3174736842105263;False;C;0.9555325508117676;False;True;B;0.8071114222208658;False;False;A;-0.0143369634946187;False;False
2022;Cinza;MT;171;geral;B;0.2759914029246913;False;D;0.6488300561904907;False;False;E;0.4705871641635895;False;False;A;-0.0335196455319722;False;False
2022;Rosa;CH;46;geral;A;0.2206689365111155;False;D;0.5452468395233154;False;False;A;0.4801641503969828;False;True;E;0.1174986759821574;False;False
2022;Rosa;CH;47;geral;B;0.4602234055330904;False;B;0.6357235908508301;False;True;B;0.447225014368693;False;True;D;-0.1157213946183521;False;False
2022;Rosa;CH;48;geral;C;0.3397626112759644;False;E;0.5398763418197632;False;False;C;0.5126160184542338;False;True;A;0.0748764276504517;False;False
2022;Rosa;CH;49;geral;D;0.1343265649405262;False;E;0.440308004617691;False;False;E;0.4491364955902099;False;False;B;0.0919408996899922;False;False
2022;Rosa;CH;50;geral;B;0.0839804659354735;False;D;0.5372868776321411;False;False;C;0.4261883199214935;False;False;E;0.0053148965040842;False;False
2022;Rosa;CH;51;geral;E;0.2790986728679684;False;E;0.4525222778320312;False;True;D;0.3025274078051249;False;False;C;0.140410378575325;False;False
2022;Rosa;CH;52;geral;E;0.3136123136123136;False;E;0.5444153547286987;False;True;B;0.535358061393102;False;False;B;0.0840285321076711;False;False
2022;Rosa;CH;53;geral;C;0.2694495633362711;False;D;0.6137245893478394;False;False;D;0.3804331024487813;False;False;A;-0.1038692692915598;False;False
2022;Rosa;CH;54;geral;D;0.3762141767680822;False;C;0.4631566405296325;False;False;C;0.4409854610761006;False;False;C;-0.0221711794535318;False;False
2022;Rosa;CH;55;geral;D;0.1961603341633866;False;C;0.5087989568710327;False;False;D;0.4680251777172088;False;True;B;0.2207256456216176;False;False
2022;Rosa;CH;56;geral;B;0.3048844011700124;False;D;0.3803960680961609;False;False;B;0.3129810492197672;False;True;B;0.0274559060732523;False;True
2022;Rosa;CH;57;geral;A;0.1868008500060141;False;A;0.5903759002685547;False;True;A;0.4130870302518208;False;True;D;0.0821649432182312;False;False
2022;Rosa;CH;58;geral;A;0.3404930142925967;False;A;0.6264137029647827;False;True;B;0.5340029994646708;False;False;D;0.101007729768753;False;False
2022;Rosa;CH;59;geral;C;0.1662787898242516;False;A;0.6110342741012573;False;False;A;0.4198299348354339;False;False;E;0.0383676886558532;False;False
2022;Rosa;CH;60;geral;E;0.1910170988199405;False;C;0.545383870601654;False;False;A;0.3247406979401906;False;False;E;0.0022691190242766;False;True
2022;Rosa;CH;61;geral;B;0.2984996790757381;False;D;0.4194051325321197;False;False;E;0.374686191479365;False;False;B;0.1093945999940237;False;True
2022;Rosa;CH;62;geral;A;0.2637199405837248;False;E;0.4222455620765686;False;False;C;0.4524307052294413;False;False;A;0.0409686565399169;False;True
2022;Rosa;CH;63;geral;C;0.268009792511137;False;C;0.4499087631702423;False;True;B;0.4184956649939219;False;False;B;0.0114579896132151;False;False
2022;Rosa;CH;64;geral;D;0.0225895758937527;False;E;0.3855409622192383;False;False;B;0.3614966968695323;False;False;D;0.1189027527968088;False;True
2022;Rosa;CH;65;geral;C;0.281623486003048;False;C;0.5056291818618774;False;True;D;0.4857244789600372;False;False;D;0.0718264877796173;False;False
2022;Rosa;CH;66;geral;D;0.2899662596401028;False;A;0.4608597457408905;False;False;D;0.4115330278873443;False;True;D;0.0237077176570892;False;True
2022;Rosa;CH;67;geral;A;0.2379461238909631;False;A;0.3773651123046875;False;True;C;0.349205623070399;False;False;C;0.0218403438727061;False;False
2022;Rosa;CH;68;geral;D;0.3552272362293239;False;A;0.454438716173172;False;False;D;0.3225373129049936;False;True;D;-0.023155262072881;False;True
2022;Rosa;CH;69;geral;E;0.1947634728134286;False;A;0.4049994647502899;False;False;D;0.2747232367595036;False;False;B;-0.0336921761433283;False;False
2022;Rosa;CH;70;geral;E;0.3501306007635121;False;B;0.5788798928260803;False;False;E;0.3350311120351155;False;True;E;-0.0086924235026041;False;True
2022;Rosa;CH;71;geral;C;0.4175943415183056;False;C;0.5930050611495972;False;True;B;0.4331244627634684;False;False;A;0.0996394008398055;False;False
2022;Rosa;CH;72;geral;A;0.2931048354654437;False;D;0.472330778837204;False;False;D;0.4661194284756978;False;False;B;0.0477170248826345;False;False
2022;Rosa;CH;73;geral;A;0.1524505278368723;False;E;0.503376841545105;False;False;E;0.369156410296758;False;False;B;-0.0508495966593425;False;False
2022;Rosa;CH;74;geral;B;0.2186570164857257;False;B;0.5273789167404175;False;True;D;0.3766345332066218;False;False;E;0.0377992987632752;False;False
2022;Rosa;CH;75;geral;D;0.3514925073319673;False;A;0.4820201396942138;False;False;C;0.5773016214370728;False;False;C;0.2892276048660278;False;False
2022;Rosa;CH;76;geral;D;0.3002090368226403;False;A;0.5441867113113403;False;False;A;0.4676234622796376;False;False;D;0.0150589346885681;False;True
2022;Rosa;CH;77;geral;B;0.1656826123629353;False;C;0.3324377238750458;False;False;B;0.3041792809963226;False;True;B;0.1447566598653792;False;True
2022;Rosa;CH;78;geral;E;0.2466696180625427;False;E;0.5831904411315918;False;True;D;0.4780548413594563;False;False;D;-0.0033461252848307;False;False
2022;Rosa;CH;79;geral;E;0.2574886413895701;False;A;0.6087250709533691;False;False;A;0.6350875496864319;False;False;C;0.0546826720237731;False;False
2022;Rosa;CH;80;geral;D;0.3303722164161106;False;A;0.5043124556541443;False;False;B;0.4015369315942128;False;False;D;0.0400014370679855;False;True
2022;Rosa;CH;81;geral;A;0.1431101094655505;False;C;0.5529884099960327;False;False;A;0.4880070090293884;False;True;A;0.054116278886795;False;True
2022;Rosa;CH;82;geral;B;0.1159938887101962;False;D;0.4076740145683288;False;False;D;0.3642847637335459;False;False;B;0.1027063031991322;False;True
2022;Rosa;CH;83;geral;B;0.2744561939608379;False;D;0.4830267131328583;False;False;B;0.3767598519722621;False;True;B;-0.0157713045676549;False;True
2022;Rosa;CH;84;geral;A;0.2371931804441578;False;A;0.5367887020111084;False;True;C;0.4679286976655324;False;False;E;0.0931415160497029;False;False
2022;Rosa;CH;85;geral;E;0.2028349373817098;False;C;0.5555353164672852;False;False;C;0.50237903992335;False;False;E;0.2485750665267309;False;True
2022;Rosa;CH;86;geral;C;0.0555243069505825;False;D;0.4293599724769592;False;False;C;0.3711619675159454;False;True;C;0.0058944225311279;False;True
2022;Rosa;CH;88;geral;C;0.2024408909654811;False;C;0.6026684045791626;False;True;C;0.3727891544500986;False;True;B;-0.0521413137515386;False;False
2022;Rosa;CH;89;geral;D;0.2246960302761897;False;D;0.4422483146190643;False;True;A;0.3851094444592793;False;False;A;0.0839062531789143;False;False
2022;Rosa;CH;90;geral;A;0.2099107788762961;False;B;0.4659737050533294;False;False;B;0.2011299108465511;False;False;E;-0.1093636428316434;False;False
2022;Rosa;CN;92;geral;B;0.2390381300710472;False;A;0.5859602093696594;False;False;B;0.6099152366320292;False;True;B;0.2601420084635417;False;True
2022;Rosa;CN;93;geral;D;0.2736075443101924;False;E;0.767350435256958;False;False;E;0.7503666083017985;False;False;B;0.2069613536198934;False;False
2022;Rosa;CN;96;geral;E;0.2190680460930271;False;B;0.7674123048782349;False;False;A;0.6353296836217245;False;False;E;-0.0416740775108337;False;True
2022;Rosa;CN;97;geral;A;0.156108026249369;False;A;0.6525646448135376;False;True;E;0.6063573956489563;False;False;E;-0.0107480883598327;False;False
2022;Rosa;CN;99;geral;E;0.3447565385585737;False;C;0.5368117094039917;False;False;C;0.4865936835606892;False;False;A;0.07664555311203;False;False
2022;Rosa;CN;100;geral;E;0.2163617245005257;False;B;0.538652777671814;False;False;D;0.4505214591821034;False;False;D;0.1421707769234975;False;False
2022;Rosa;CN;101;geral;E;0.3835184250378596;False;E;0.4715308248996734;False;True;C;0.387418121099472;False;False;C;0.0029546320438385;False;False
2022;Rosa;CN;102;geral;B;0.3326462793925882;False;C;0.5335588455200195;False;False;A;0.2833480437596639;False;False;A;-0.0087638298670451;False;False
2022;Rosa;CN;104;geral;B;0.3771154331901995;False;B;0.9866310954093932;False;True;E;0.9100598295529684;False;False;E;0.0022577842076619;False;False
2022;Rosa;CN;106;geral;D;0.3590616723420355;False;D;0.5630397796630859;False;True;D;0.4640753865242004;False;True;C;-0.0870468318462371;False;False
2022;Rosa;CN;107;geral;C;0.3090213553051959;False;A;0.5208659172058105;False;False;A;0.4886036415894826;False;False;C;0.0465142776568731;False;True
2022;Rosa;CN;109;geral;C;0.1600639246362183;False;E;0.5412806272506714;False;False;B;0.6598451534907023;False;False;D;0.1499600410461425;False;False
2022;Rosa;CN;111;geral;B;0.2651154962763495;False;A;0.8152803182601929;False;False;E;0.5998486677805582;False;False;E;0.1708512107531229;False;False
2022;Rosa;CN;112;geral;B;0.3276246581106669;False;A;0.6428424119949341;False;False;A;0.5572922428448995;False;False;C;0.0580386916796366;False;False
2022;Rosa;CN;115;geral;B;0.337469504500715;False;C;0.5306676626205444;False;False;D;0.4623872439066569;False;False;D;0.0524730781714122;False;False
2022;Rosa;CN;117;geral;B;0.2482642541552703;False;C;0.591193675994873;False;False;D;0.4804271459579468;False;False;B;-0.0505144496758778;False;True
2022;Rosa;CN;118;geral;A;0.3964248159831756;False;B;0.5412496328353882;False;False;A;0.6551393270492554;False;True;A;0.2170146107673645;False;True
2022;Rosa;CN;119;geral;D;0.2324035508435357;False;D;0.6532204151153564;False;True;A;0.5226442714532217;False;False;E;0.0370713869730632;False;False
2022;Rosa;CN;120;geral;B;0.4147777450691787;False;A;0.5491347908973694;False;False;C;0.4636113097270329;False;False;C;0.1071035613616306;False;False
2022;Rosa;CN;121;geral;E;0.3363613424173606;False;D;0.6516073942184448;False;False;D;0.5675451159477234;False;False;A;0.0731530388196309;False;False
2022;Rosa;CN;122;geral;C;0.2602947368421052;False;A;0.8861435651779175;False;False;A;0.8746769626935323;False;False;E;0.0392399628957113;False;False
2022;Rosa;CN;123;geral;A;0.2908601245581552;False;C;0.545249342918396;False;False;C;0.4759272933006286;False;False;B;-0.0162649154663085;False;False
2022;Rosa;CN;125;geral;D;0.2904202953426732;False;D;0.7433686256408691;False;True;A;0.4381877382596333;False;False;C;-0.0521001517772674;False;False
2022;Rosa;CN;126;geral;C;0.5093340060544904;False;C;0.556781530380249;False;True;C;0.5311020215352377;False;True;E;0.0304384330908458;False;False
2022;Rosa;CN;127;geral;A;0.4243214811697875;False;D;0.6415836215019226;False;False;C;0.4443968534469604;False;False;C;0.0400684773921966;False;False
2022;Rosa;CN;129;geral;B;0.2308242521142761;False;B;0.7675195336341858;False;True;D;0.6637043158213297;False;False;D;0.105677584807078;False;False
2022;Rosa;CN;130;geral;D;0.212416926053672;False;E;0.7871530652046204;False;False;E;0.6167115767796835;False;False;A;-0.0793109734853108;False;False
2022;Rosa;CN;131;geral;D;0.2151451409339503;False;B;0.5353342890739441;False;False;C;0.4744195540746053;False;False;C;0.1457485755284627;False;False
2022;Rosa;CN;132;geral;B;0.3263622974963181;False;B;0.9940072298049928;False;True;B;0.9023990035057068;False;True;C;-0.0230332016944885;False;False
2022;Rosa;CN;134;geral;A;0.2214652199512154;False;E;0.4720648527145386;False;False;B;0.4310353696346283;False;False;B;0.0267004966735839;False;False
2022;Rosa;CN;135;geral;C;0.3101795400075684;False;A;0.7396007180213928;False;False;C;0.6321283578872681;False;True;B;0.1171361406644185;False;False
2022;Rosa;LC;1;espanhol;B;0.2147641442211771;False;C;0.5582045316696167;False;False;C;0.4158705373605092;False;False;B;0.0390849709510803;False;True
2022;Rosa;LC;1;inglês;D;0.3133779264214046;False;A;0.5065045356750488;False;False;E;0.40409716963768;False;False;B;0.072650949160258;False;False
2022;Rosa;LC;2;espanhol;A;0.2455089820359281;False;E;0.6310631632804871;False;False;E;0.4599172522624333;False;False;A;-0.0292181372642517;False;True
2022;Rosa;LC;2;inglês;B;0.1238706079196876;False;B;0.675548791885376;False;True;C;0.4539241790771484;False;False;A;0.1157494187355041;False;False
2022;Rosa;LC;3;espanhol;C;0.2569186875891583;False;B;0.525397777557373;False;False;C;0.3891231715679168;False;True;C;0.1095465123653411;False;True
2022;Rosa;LC;3;inglês;D;0.126541315627964;False;D;0.466996282339096;False;True;A;0.282760590314865;False;False;C;0.3022357225418089;False;False
2022;Rosa;LC;4;espanhol;B;0.0982321072141431;False;D;0.7650741934776306;False;False;D;0.5052153964837393;False;False;A;-0.0556149979432423;False;False
2022;Rosa;LC;4;inglês;D;0.1224717845569337;False;D;0.5234200954437256;False;True;B;0.3936380346616108;False;False;B;-0.0689890484015147;False;False
2022;Rosa;LC;5;espanhol;E;0.1139763499073942;False;D;0.6268041729927063;False;False;E;0.551997164885203;False;True;C;0.1140085955460866;False;False
2022;Rosa;LC;5;inglês;E;0.0889818688981868;False;B;0.3633919060230255;False;False;E;0.3846350808938343;False;True;A;0.1664411673943202;False;False
2022;Rosa;LC;6;geral;D;0.1491041725119243;False;D;0.4833982288837433;False;True;B;0.5275922815004984;False;False;B;0.069246510664622;False;False
2022;Rosa;LC;7;geral;E;0.2716;False;D;0.5480735898017883;False;False;D;0.3879718234141667;False;False;B;-0.0611299748222032;False;False
2022;Rosa;LC;8;geral;B;0.166760134593815;False;D;0.5246075987815857;False;False;D;0.4168617626031239;False;False;E;-0.0245257318019866;False;False
2022;Rosa;LC;9;geral;D;0.1960533162550534;False;C;0.5552878975868225;False;False;E;0.5304486453533173;False;False;A;0.1942621966203054;False;False
2022;Rosa;LC;10;geral;B;0.0959589891465417;False;B;0.4530411064624786;False;True;C;0.5043754875659943;False;False;A;0.2883593142032624;False;False
2022;Rosa;LC;11;geral;E;0.3364407457789869;False;D;0.5050958395004272;False;False;C;0.606919914484024;False;False;C;0.176352709531784;False;False
2022;Rosa;LC;12;geral;E;0.2903148281663061;False;B;0.3722986280918121;False;False;E;0.3570970048507054;False;True;E;0.1285984714825948;False;True
2022;Rosa;LC;13;geral;D;0.1202356618973187;False;D;0.4076575636863708;False;True;A;0.4518482387065887;False;False;A;0.1494995355606079;False;False
2022;Rosa;LC;14;geral;C;0.1803226193811792;False;A;0.4088289141654968;False;False;E;0.2905603249867757;False;False;E;0.0985048164923985;False;False
2022;Rosa;LC;15;geral;C;0.2207974353836906;False;E;0.3748294115066528;False;False;C;0.1907665779193242;False;True;B;-0.0727696369091669;False;False
2022;Rosa;LC;16;geral;A;0.2941529355303151;False;E;0.3008727133274078;False;False;B;0.3578388293584187;False;False;B;0.0889916618665059;False;False
2022;Rosa;LC;17;geral;C;0.1820401953719272;False;C;0.4345095753669739;False;True;E;0.287688081463178;False;False;B;0.0464428265889485;False;False
2022;Rosa;LC;18;geral;A;0.1889445223312637;False;A;0.4790153503417969;False;True;C;0.4330250223477681;False;False;C;0.0296321709950765;False;False
2022;Rosa;LC;19;geral;A;0.5571090901806819;False;D;0.4061011075973511;False;False;C;0.3228878676891327;False;False;B;-0.0205143690109252;False;False
2022;Rosa;LC;20;geral;C;0.3166433006208692;False;D;0.5190339088439941;False;False;B;0.3204106092453003;False;False;B;0.0856691151857377;False;False
2022;Rosa;LC;21;geral;C;0.1623137317737542;False;C;0.4113878309726715;False;True;B;0.2713253895441691;False;False;B;-0.0077977677186329;False;False
2022;Rosa;LC;22;geral;E;0.1902988063766722;False;E;0.6272871494293213;False;True;B;0.406559407711029;False;False;B;0.0364723801612854;False;False
2022;Rosa;LC;23;geral;C;0.1698052728584021;False;C;0.534181535243988;False;True;C;0.5476263562838236;False;True;B;0.1393961509068807;False;False
2022;Rosa;LC;24;geral;C;0.099607497596924;False;B;0.6011208295822144;False;False;E;0.3333092331886291;False;False;D;-0.0773929556210836;False;False
2022;Rosa;LC;25;geral;C;0.3665558803507788;False;A;0.5937968492507935;False;False;D;0.2519072790940602;False;False;C;-0.0905268639326095;False;True
2022;Rosa;LC;26;geral;A;0.6414724024673556;False;C;0.4582695662975311;False;False;C;0.4084604382514953;False;False;A;-0.0160566767056782;False;True
2022;Rosa;LC;27;geral;D;0.2188527878058564;False;E;0.49952232837677;False;False;E;0.4802617033322652;False;False;A;0.0058201303084691;False;False
2022;Rosa;LC;28;geral;C;0.1205036692465011;False;E;0.4630621969699859;False;False;E;0.4953011870384216;False;False;B;0.188743660847346;False;False
2022;Rosa;LC;29;geral;A;0.1355755755755755;False;C;0.5852090120315552;False;False;C;0.4520555635293324;False;False;A;0.0073032279809316;False;True
2022;Rosa;LC;30;geral;D;0.151255112679445;False;D;0.4568799138069153;False;True;A;0.5251168012619019;False;False;A;0.15651735663414;False;False
2022;Rosa;LC;31;geral;C;0.1087767130427809;False;B;0.4598535001277923;False;False;B;0.4769941568374634;False;False;A;0.1772833863894145;False;False
2022;Rosa;LC;32;geral;C;0.27405539545309;False;C;0.6371780037879944;False;True;E;0.6253813703854879;False;False;D;0.1119856238365173;False;False
2022;Rosa;LC;33;geral;B;0.2850200803212851;False;E;0.5912569761276245;False;False;C;0.2993488808472951;False;False;D;0.0233870397011438;False;False
2022;Rosa;LC;34;geral;B;0.026665598975016;False;E;0.6658104658126831;False;False;D;0.5688342253367106;False;False;C;0.0435649156570434;False;False
2022;Rosa;LC;35;geral;D;0.1225454836899895;False;B;0.4041966795921325;False;False;A;0.2637309829394023;False;False;A;0.1979987124602;False;False
2022;Rosa;LC;36;geral;C;0.1178660049627791;False;A;0.6194789409637451;False;False;D;0.6031854152679443;False;False;D;-0.0060915946960449;False;False
2022;Rosa;LC;37;geral;A;0.2579234534221295;False;A;0.5311213135719299;False;True;E;0.4402317802111308;False;False;E;0.1170655886332194;False;False
2022;Rosa;LC;38;geral;C;0.3249098918702442;False;D;0.4220753610134125;False;False;A;0.5239571134249369;False;False;B;0.2918681850035985;False;False
2022;Rosa;LC;39;geral;A;0.209598589856582;False;D;0.7160771489143372;False;False;E;0.5252558489640554;False;False;C;0.0459252893924713;False;False
2022;Rosa;LC;40;geral;C;0.2292160089920115;False;E;0.6919976472854614;False;False;D;0.4747159878412882;False;False;B;-0.0527695765097936;False;False
2022;Rosa;LC;41;geral;E;0.0676953907815631;False;E;0.5961116552352905;False;True;B;0.5506821672121683;False;False;B;0.2078384856383005;False;False
2022;Rosa;LC;42;geral;A;0.353795538436848;False;A;0.4272315800189972;False;True;B;0.3864063620567322;False;False;D;0.0678766965866088;False;False
2022;Rosa;LC;43;geral;B;0.1949441128159929;False;B;0.6205171942710876;False;True;D;0.4547753532727559;False;False;D;0.1578703721364339;False;False
2022;Rosa;LC;44;geral;B;0.1018551909283968;False;A;0.6890676617622375;False;False;E;0.4785953164100647;False;False;D;0.2026972323656082;False;False
2022;Rosa;LC;45;geral;B;0.2490180360721443;False;B;0.6370387673377991;False;True;A;0.6049631635348002;False;False;A;-0.0292151172955831;False;False
2022;Rosa;MT;136;geral;D;0.253100693714526;False;B;0.9153931140899658;False;False;D;0.778689463933309;False;True;A;0.0114406943321228;False;False
2022;Rosa;MT;143;geral;C;0.2417637901291707;False;A;0.964518666267395;False;False;C;0.9060360789299012;False;True;D;-0.0080349445343017;False;False
2022;Rosa;MT;156;geral;C;0.3261254425897825;False;C;0.9555325508117676;False;True;B;0.8071114222208658;False;False;A;-0.0143369634946187;False;False
2022;Rosa;MT;168;geral;B;0.2782425010561892;False;D;0.6488300561904907;False;False;E;0.4705871641635895;False;False;A;-0.0335196455319722;False;False
2022;Rosa;MT;169;geral;B;0.2351008718359095;False;B;0.9775468111038208;False;True;B;0.9109290639559428;False;True;D;0.0096367200215657;False;False
2022;Rosa;MT;176;geral;E;0.2298550236008091;False;C;0.7158187627792358;False;False;B;0.5336176455020905;False;False;E;0.0849912663300833;False;True
2023;Amarela;CH;46;geral;E;0.0544757321703823;False;E;0.4593047201633453;False;True;B;0.3995522956053416;False;False;A;0.0454118649164835;False;False
2023;Amarela;CH;47;geral;A;0.4159412097230073;False;C;0.3911616206169128;False;False;E;0.3219195405642192;False;False;D;0.047839492559433;False;False
2023;Amarela;CH;48;geral;C;0.0981597405535862;False;C;0.6127707362174988;False;True;C;0.5393665631612142;False;True;D;0.0884111225605011;False;False
2023;Amarela;CH;49;geral;B;0.1042348955392433;False;B;0.3604775071144104;False;True;D;0.4046227733294169;False;False;C;0.1187580823898316;False;False
2023;Amarela;CH;50;geral;A;0.0985603127466827;False;A;0.5133432745933533;False;True;A;0.5109943350156149;False;True;C;0.0768291254838308;False;False
2023;Amarela;CH;51;geral;C;0.0574319241763201;False;C;0.3575356602668762;False;True;A;0.3588417669137319;False;False;D;0.1775913735230764;False;False
2023;Amarela;CH;52;geral;E;0.1983200241072774;False;C;0.3231381177902221;False;False;D;0.3059445122877757;False;False;B;0.0559978187084197;False;False
2023;Amarela;CH;53;geral;B;0.1773202096768111;False;B;0.5701677799224854;False;True;A;0.6125317414601644;False;False;E;0.1444236040115356;False;False
2023;Amarela;CH;54;geral;B;0.0772414312050867;False;B;0.5554634928703308;False;True;B;0.5918504397074381;False;True;E;0.1099034051100412;False;False
2023;Amarela;CH;55;geral;B;0.1823655590260791;False;E;0.3081112504005432;False;False;A;0.3469723612070083;False;False;A;0.0678792148828506;False;False
2023;Amarela;CH;56;geral;E;0.1860605602960054;False;D;0.716264009475708;False;False;D;0.410525639851888;False;False;A;0.0077014863491057;False;False
2023;Amarela;CH;57;geral;E;0.2618428490672696;False;D;0.5591880083084106;False;False;D;0.5081720550855001;False;False;C;0.0637527505556742;False;False
2023;Amarela;CH;58;geral;D;0.1805801136149881;False;E;0.4443708658218384;False;False;C;0.3517468770345052;False;False;D;0.0959917505582173;False;True
2023;Amarela;CH;59;geral;D;0.2799031293752601;False;C;0.566115140914917;False;False;B;0.5158526400725046;False;False;E;0.2051570018132528;False;False
2023;Amarela;CH;60;geral;C;0.1268876472364844;False;D;0.5924948453903198;False;False;D;0.5478244622548422;False;False;E;-0.0290465056896209;False;False
2023;Amarela;CH;61;geral;E;0.1783158846124877;False;B;0.4862957298755646;False;False;E;0.4331531922022502;False;True;A;0.1911233762900034;False;False
2023;Amarela;CH;62;geral;E;0.263265075234755;False;E;0.4215331077575683;False;True;B;0.3261746267477671;False;False;A;-0.025519515077273;False;False
2023;Amarela;CH;63;geral;B;0.2399909437379721;False;E;0.6163651943206787;False;False;B;0.5993310511112213;False;True;B;-0.0022107064723968;False;True
2023;Amarela;CH;64;geral;C;0.1960473712001207;False;A;0.5257076025009155;False;False;C;0.4093789358933766;False;True;C;0.0202356477578481;False;True
2023;Amarela;CH;65;geral;A;0.2637599093997735;False;A;0.5424678325653076;False;True;E;0.59901495774587;False;False;E;0.2512940963109334;False;False
2023;Amarela;CH;66;geral;D;0.2455815709969788;False;C;0.3586666584014892;False;False;C;0.3575484156608581;False;False;B;0.0040936966737111;False;False
2023;Amarela;CH;67;geral;C;0.1500207680398746;False;B;0.3496782779693603;False;False;C;0.3502708673477173;False;True;A;0.1306942055622736;False;False
2023;Amarela;CH;68;geral;E;0.2946502678638799;False;B;0.4700877070426941;False;False;E;0.3691356182098388;False;True;E;0.1379309743642807;False;True
2023;Amarela;CH;69;geral;A;0.2630203401386311;False;C;0.5341954231262207;False;False;C;0.3688496549924214;False;False;A;-0.0389617085456847;False;True
2023;Amarela;CH;70;geral;B;0.1967089371980676;False;B;0.4447427690029144;False;True;D;0.3600891927878062;False;False;E;0.0857514043649037;False;False
2023;Amarela;CH;71;geral;C;0.2326996485127933;False;C;0.5779986381530762;False;True;C;0.5397209723790487;False;True;A;0.1849521199862162;False;False
2023;Amarela;CH;72;geral;A;0.3222457147172091;False;D;0.54135662317276;False;False;D;0.4434020618597666;False;False;B;-0.0550130506356558;False;False
2023;Amarela;CH;73;geral;D;0.2549805315087136;False;E;0.4000373780727386;False;False;E;0.2739733159542084;False;False;D;0.016122634212176;False;True
2023;Amarela;CH;74;geral;D;0.1663455362877328;False;A;0.4385137557983398;False;False;E;0.4636960625648498;False;False;C;0.1255932847658792;False;False
2023;Amarela;CH;75;geral;D;0.2284494161218397;False;C;0.5207982063293457;False;False;D;0.6049416661262512;False;True;B;0.1090612014134725;False;False
2023;Amarela;CH;76;geral;C;0.184139937285126;False;E;0.3801394402980804;False;False;C;0.5083867609500885;False;True;C;0.2259567081928253;False;True
2023;Amarela;CH;77;geral;A;0.160108650545139;False;D;0.4463818967342376;False;False;A;0.4207432866096496;False;True;A;0.0599234700202942;False;True
2023;Amarela;CH;78;geral;D;0.2117419501649789;False;D;0.4645724892616272;False;True;B;0.5083652834097544;False;False;A;0.0781155973672866;False;False
2023;Amarela;CH;79;geral;D;0.1052214592922357;False;B;0.6011452674865723;False;False;A;0.4657449821631114;False;False;D;-0.0118751029173532;False;True
2023;Amarela;CH;80;geral;E;0.2304433348464215;False;E;0.4655757844448089;False;True;A;0.3601764539877574;False;False;A;-0.0648100872834523;False;False
2023;Amarela;CH;81;geral;C;0.2325643065499867;False;E;0.6653692126274109;False;False;E;0.5969372987747192;False;False;C;0.0785295069217682;False;True
2023;Amarela;CH;82;geral;D;0.2018877222243281;False;C;0.3652815222740173;False;False;D;0.4211791853109995;False;True;D;0.1446169118086497;False;True
2023;Amarela;CH;83;geral;B;0.1686970338983051;False;B;0.4510501325130462;False;True;B;0.3317261189222336;False;True;A;-0.0009578416744867;False;False
2023;Amarela;CH;84;geral;A;0.2422016959418534;False;C;0.404505580663681;False;False;E;0.3366620739301045;False;False;E;0.1139744569857915;False;False
2023;Amarela;CH;85;geral;C;0.1756516475617599;False;C;0.3728648424148559;False;True;E;0.4270404577255249;False;False;B;0.1845010370016098;False;False
2023;Amarela;CH;86;geral;B;0.1761279830566166;False;D;0.7283336520195007;False;False;D;0.3925713102022807;False;False;B;0.0464954276879628;False;True
2023;Amarela;CH;87;geral;D;0.050361072252259;False;C;0.5880951285362244;False;False;C;0.3750793884197871;False;False;B;0.0541030168533325;False;False
2023;Amarela;CH;88;geral;E;0.1162579473206176;False;D;0.3686063289642334;False;False;C;0.4324481884638468;False;False;C;0.0999719897905985;False;False
2023;Amarela;CH;89;geral;E;0.0939084373817631;False;D;0.4345981180667877;False;False;E;0.428015778462092;False;True;E;0.1256232957045236;False;True
2023;Amarela;CH;90;geral;A;0.1022873589335757;False;C;0.6945615410804749;False;False;C;0.2961146334807078;False;False;E;-0.0078431454797585;False;False
2023;Amarela;CN;91;geral;E;0.2989589471616578;False;E;0.6570941209793091;False;True;E;0.3929291367530823;False;True;B;-0.078757256269455;False;False
2023;Amarela;CN;92;geral;E;0.5396494812951902;False;B;0.5325966477394104;False;False;D;0.5707812507947286;False;False;E;0.1554036537806193;False;True
2023;Amarela;CN;94;geral;E;0.3389284169975234;False;C;0.5554147958755493;False;False;C;0.5353362560272217;False;False;E;0.1329908967018127;False;True
2023;Amarela;CN;95;geral;E;0.3433938536508685;False;C;0.920397162437439;False;False;E;0.8489851951599121;False;True;A;0.1378894845644632;False;False
2023;Amarela;CN;98;geral;A;0.3314339607812316;False;B;0.7521768808364868;False;False;E;0.6046286225318909;False;False;E;-0.0301584601402282;False;False
2023;Amarela;CN;99;geral;A;0.2644007858546169;False;B;0.7264851331710815;False;False;B;0.611695925394694;False;False;D;-0.0469575524330139;False;False
2023;Amarela;CN;100;geral;E;0.3667492235719621;False;E;0.6461708545684814;False;True;C;0.5817737380663554;False;False;B;0.0916438897450765;False;False
2023;Amarela;CN;101;geral;B;0.4991749823210497;False;C;0.8238124847412109;False;False;E;0.4817750155925751;False;False;B;0.0154739618301392;False;True
2023;Amarela;CN;103;geral;E;0.2896722471115303;False;C;0.5650959014892578;False;False;B;0.5873457193374634;False;False;D;0.1888063251972199;False;False
2023;Amarela;CN;104;geral;C;0.3240427706580706;False;C;0.5702334046363831;False;True;D;0.555943896373113;False;False;A;0.050311436255773;False;False
2023;Amarela;CN;105;geral;C;0.4336818932305999;False;B;0.5187146067619324;False;False;B;0.443311075369517;False;False;C;0.0094786683718363;False;True
2023;Amarela;CN;106;geral;D;0.2890164321094425;False;E;0.9461459517478944;False;False;D;0.9385166565577188;False;True;D;0.0443090597788492;False;True
2023;Amarela;CN;107;geral;C;0.3163686382393397;False;C;0.6107616424560547;False;True;D;0.4625624815622965;False;False;E;0.0342854559421539;False;False
2023;Amarela;CN;108;geral;E;0.29340305079415;False;B;0.7657281756401062;False;False;B;0.7586448589960734;False;False;D;0.0787407358487447;False;False
2023;Amarela;CN;109;geral;E;0.2807072691552063;False;E;0.6061496734619141;False;True;B;0.4844675163427989;False;False;A;0.2098578959703445;False;False
2023;Amarela;CN;110;geral;E;0.3771188107130216;False;E;0.5268881320953369;False;True;C;0.5107368727525076;False;False;A;0.3124901354312897;False;False
2023;Amarela;CN;111;geral;C;0.1890883381122589;False;D;0.4326682686805725;False;False;B;0.5063433647155762;False;False;C;0.1471319496631622;False;True
2023;Amarela;CN;112;geral;C;0.3082307601557277;False;D;0.5910694599151611;False;False;C;0.6195250948270162;False;True;C;0.0307218035062154;False;True
2023;Amarela;CN;113;geral;A;0.3946789279258036;False;B;0.7633995413780212;False;False;B;0.6354781985282898;False;False;A;-0.015644371509552;False;True
2023;Amarela;CN;115;geral;D;0.0822725129655822;False;D;0.7367655634880066;False;True;D;0.6365078389644623;False;True;B;-0.0669875542322794;False;False
2023;Amarela;CN;116;geral;B;0.3417781274586939;False;C;0.3673615455627441;False;False;D;0.523515651623408;False;False;D;0.2136741677920023;False;False
2023;Amarela;CN;117;geral;E;0.1453723717822755;False;C;0.8577355146408081;False;False;E;0.7120507558186849;False;True;B;0.0774591962496439;False;False
2023;Amarela;CN;118;geral;C;0.1968875265267625;False;C;0.5045602917671204;False;True;D;0.5734272499879202;False;False;D;0.1170299251874288;False;False
2023;Amarela;CN;120;geral;D;0.2302551401501749;False;C;0.8909783363342285;False;False;C;0.7373802860577902;False;False;A;-0.0789532363414764;False;False
2023;Amarela;CN;121;geral;E;0.2146872665801784;False;E;0.5258585214614868;False;True;B;0.414888580640157;False;False;D;-0.0588191151618956;False;False
2023;Amarela;CN;122;geral;D;0.3454838582831976;False;A;0.4812915325164795;False;False;D;0.3567114075024922;False;True;D;-0.0577365259329477;False;True
2023;Amarela;CN;123;geral;E;0.2914553104478786;False;E;0.5659182667732239;False;True;A;0.5458555221557617;False;False;A;0.1170170903205872;False;False
2023;Amarela;CN;124;geral;C;0.0282099638535282;False;E;0.5352245569229126;False;False;E;0.5528267025947571;False;False;D;0.0828498502572377;False;False
2023;Amarela;CN;125;geral;D;0.278609898966073;False;D;0.3812312483787536;False;True;C;0.4748334884643554;False;False;C;0.1725896000862121;False;False
2023;Amarela;CN;127;geral;E;0.2664282345543153;False;D;0.4635155797004699;False;False;D;0.4984657665093739;False;False;C;0.1916842559973399;False;False
2023;Amarela;CN;130;geral;B;0.1917155569555459;False;C;0.9837725758552552;False;False;C;0.9540217717488608;False;False;E;0.0073860287666319;False;False
2023;Amarela;CN;131;geral;A;0.3451149990171024;False;A;0.4496641755104065;False;True;A;0.596585750579834;False;True;C;0.1483336488405863;False;False
2023;Amarela;CN;134;geral;B;0.5410571024067956;False;C;0.4552751779556274;False;False;D;0.6142332951227824;False;False;A;0.1823177436987558;False;False
2023;Amarela;LC;1;espanhol;C;0.2823100644799551;False;E;0.5520697832107544;False;False;E;0.525061845779419;False;False;E;-0.0270079374313354;False;False
2023;Amarela;LC;1;inglês;D;0.1159181995683896;False;A;0.4213874936103821;False;False;E;0.4345782001813252;False;False;E;0.1577566464742024;False;False
2023;Amarela;LC;2;espanhol;E;0.2403765102556898;False;C;0.4222683012485504;False;False;E;0.41300830245018;False;True;E;0.0095213055610656;False;True
2023;Amarela;LC;2;inglês;C;0.4298200514138817;False;C;0.4156413674354553;False;True;A;0.3408849736054738;False;False;A;0.1873478492101034;False;False
2023;Amarela;LC;3;espanhol;C;0.1638330757341576;False;D;0.5135453939437866;False;False;D;0.3025450507799784;False;False;B;0.0639301985502242;False;False
2023;Amarela;LC;3;inglês;C;0.0495935795863772;False;A;0.542792797088623;False;False;E;0.3678225477536519;False;False;E;0.1502257784207662;False;False
2023;Amarela;LC;4;espanhol;C;0.192879170171012;False;D;0.5993285179138184;False;False;C;0.4410874545574188;False;True;B;0.2161492357651393;False;False
2023;Amarela;LC;4;inglês;A;0.2652158254874723;False;A;0.4444462656974792;False;True;A;0.2300106684366861;False;True;C;0.0726398179928461;False;False
2023;Amarela;LC;5;espanhol;C;0.2471578947368421;False;E;0.3771554231643677;False;False;D;0.4193230718374252;False;False;D;0.1773567944765091;False;False
2023;Amarela;LC;5;inglês;B;0.1403382140647556;False;B;0.6036778688430786;False;True;B;0.39235853155454;False;True;E;0.0119003256162007;False;False
2023;Amarela;LC;6;geral;A;0.1193373901284651;False;A;0.6836386322975159;False;True;D;0.5186011095841726;False;False;E;0.0286473135153453;False;False
2023;Amarela;LC;7;geral;B;0.4191873589164785;False;D;0.4534466564655304;False;False;D;0.6224103569984436;False;False;E;0.2101481755574544;False;False
2023;Amarela;LC;8;geral;D;0.1336838152459632;False;D;0.7068634033203125;False;True;C;0.6363660097122192;False;False;B;0.0841360489527384;False;False
2023;Amarela;LC;9;geral;A;0.5940508423586041;False;A;0.3231606483459472;False;True;C;0.3684824109077453;False;False;C;0.0829518139362335;False;False
2023;Amarela;LC;10;geral;B;0.1037852873736044;False;D;0.5080398917198181;False;False;D;0.4942401746908824;False;False;C;0.0783648490905762;False;False
2023;Amarela;LC;11;geral;B;0.1336287838954405;False;B;0.47449791431427;False;True;A;0.4823415875434875;False;False;A;0.2909018993377685;False;False
2023;Amarela;LC;12;geral;B;0.2590272799305739;False;B;0.3066383004188537;False;True;B;0.2934067547321319;False;True;C;0.1009097318165004;False;False
2023;Amarela;LC;13;geral;E;0.1130638105294916;False;C;0.5438548922538757;False;False;E;0.2146401231487591;False;True;D;0.0628996801873048;False;False
2023;Amarela;LC;14;geral;E;0.2075563909774436;False;D;0.4804823398590088;False;False;B;0.3939770460128784;False;False;A;0.0717474420865376;False;False
2023;Amarela;LC;15;geral;D;0.1511584173311268;False;E;0.447401612997055;False;False;E;0.3250896036624908;False;False;D;0.0479130794604619;False;True
2023;Amarela;LC;16;geral;B;0.574238102387029;False;A;0.5754062533378601;False;False;B;0.4328817824522654;False;True;B;0.027608315149943;False;True
2023;Amarela;LC;17;geral;E;0.1373198359236819;False;C;0.5902249813079834;False;False;E;0.5135192573070526;False;True;B;0.0275143682956695;False;False
2023;Amarela;LC;18;geral;B;0.1668167830068302;False;E;0.50846928358078;False;False;E;0.3451853990554809;False;False;D;-0.0871841708819071;False;False
2023;Amarela;LC;19;geral;B;0.3327691902666516;False;C;0.3902108073234558;False;False;B;0.386564979950587;False;True;B;0.0112663606802622;False;True
2023;Amarela;LC;20;geral;B;0.406097285918352;False;B;0.6047464609146118;False;True;C;0.4675823052724202;False;False;E;-0.0122849941253661;False;False
2023;Amarela;LC;21;geral;B;0.2962935145893575;False;D;0.6376328468322754;False;False;B;0.4074892898400624;False;True;E;-0.0457163304090499;False;False
2023;Amarela;LC;22;geral;B;0.0723837427691383;False;B;0.5393497943878174;False;True;B;0.4257359107335408;False;True;E;0.0244213243325551;False;False
2023;Amarela;LC;23;geral;C;0.3401186809885074;False;D;0.4634568691253662;False;False;E;0.3906240065892537;False;False;C;0.0032326281070709;False;True
2023;Amarela;LC;24;geral;D;0.3291006086107145;False;D;0.5106697082519531;False;True;E;0.5042470097541809;False;False;B;0.0836573342482248;False;False
2023;Amarela;LC;25;geral;B;0.1212974434057889;False;B;0.6356738805770874;False;True;D;0.5432812968889872;False;False;E;0.0433207054932912;False;False
2023;Amarela;LC;26;geral;C;0.2095022624434389;False;C;0.6670441031455994;False;True;D;0.3157553573449452;False;False;B;0.0011283506949742;False;False
2023;Amarela;LC;27;geral;C;0.0174905228390196;False;D;0.6465764045715332;False;False;E;0.4535370667775472;False;False;B;-0.0227402846018472;False;False
2023;Amarela;LC;28;geral;B;0.2413572824289794;False;B;0.6203216910362244;False;True;B;0.581026166677475;False;True;B;-0.0392955243587493;False;True
2023;Amarela;LC;29;geral;B;0.1717828292316363;False;E;0.7231792211532593;False;False;D;0.395986517270406;False;False;B;-0.033325786391894;False;True
2023;Amarela;LC;30;geral;C;0.26163096580233;False;E;0.4186458587646484;False;False;D;0.3888753056526184;False;False;D;0.1418372541666031;False;False
2023;Amarela;LC;31;geral;E;0.1008712633318311;False;A;0.4827116727828979;False;False;E;0.5169891715049744;False;True;C;0.2552758703629176;False;False
2023;Amarela;LC;32;geral;B;0.0711735748374732;False;D;0.3779160678386688;False;False;C;0.3753859351078669;False;False;C;0.0348728547493617;False;False
2023;Amarela;LC;33;geral;B;0.2511284983448691;False;A;0.3775157928466797;False;False;B;0.4125301589568456;False;True;B;0.2075456877549489;False;True
2023;Amarela;LC;34;geral;D;0.1498439908274125;False;D;0.5817368030548096;False;True;C;0.5304162998994192;False;False;C;0.1297381122907003;False;False
2023;Amarela;LC;35;geral;B;0.2656308922241496;False;D;0.3167969584465027;False;False;D;0.435917317867279;False;False;A;0.1646948059399922;False;False
2023;Amarela;LC;36;geral;D;0.1850165562913907;False;E;0.4714800119400024;False;False;D;0.4378195802370707;False;True;D;0.1138805548350016;False;True
2023;Amarela;LC;37;geral;B;0.2594041528739091;False;C;0.6945493221282959;False;False;C;0.579586923122406;False;False;E;0.094748576482137;False;False
2023;Amarela;LC;38;geral;B;0.1859063688749953;False;E;0.5804873704910278;False;False;E;0.4941105345884959;False;False;C;0.1105419794718424;False;False
2023;Amarela;LC;39;geral;C;0.3111345487419014;False;E;0.3196098804473877;False;False;A;0.3391488740841548;False;False;A;0.1702903310457865;False;False
2023;Amarela;LC;40;geral;A;0.1596192912497178;False;A;0.4932655096054077;False;True;C;0.5725151300430298;False;False;C;0.1948102116584777;False;False
2023;Amarela;LC;41;geral;C;0.3600452318130418;False;D;0.6390323042869568;False;False;D;0.581526497999827;False;False;A;0.0573308567206065;False;False
2023;Amarela;LC;42;geral;A;0.2058181544482914;False;C;0.5370047092437744;False;False;C;0.4485107660293579;False;False;A;0.0820356607437133;False;True
2023;Amarela;LC;43;geral;C;0.2517966662904015;False;C;0.7473710179328918;False;True;C;0.6702657341957092;False;True;A;0.0498529175917308;False;False
2023;Amarela;LC;44;geral;E;0.2275485208215564;False;E;0.5751561522483826;False;True;E;0.3785933057467143;False;True;D;-0.0662756562232971;False;False
2023;Amarela;LC;45;geral;D;0.1468028184935378;False;B;0.4697713851928711;False;False;D;0.5171679457028707;False;True;D;0.069175918896993;False;True
2023;Amarela;MT;139;geral;A;0.197884721239286;False;B;0.6771546602249146;False;False;B;0.5414654711882273;False;False;E;0.0435008505980173;False;False
2023;Amarela;MT;144;geral;C;0.3672627235213205;False;E;0.6372810006141663;False;False;B;0.5708907842636108;False;False;A;0.0891270240147908;False;False
2023;Amarela;MT;145;geral;D;0.2010463378176382;False;D;0.9903360605239868;False;True;C;0.9754331906636556;False;False;A;0.0211243629455566;False;False
2023;Amarela;MT;148;geral;D;0.2973824050383782;False;D;0.8323774337768555;False;True;C;0.8513289292653402;False;False;A;0.1179227431615194;False;False
2023;Amarela;MT;157;geral;E;0.2802424910443648;False;D;0.908283531665802;False;False;E;0.7484796643257141;False;True;C;0.1577592094739278;False;False
2023;Amarela;MT;160;geral;B;0.3564056098329656;False;B;0.5621543526649475;False;True;B;0.4721112747987111;False;True;A;0.1218149363994598;False;False
2023;Amarela;MT;168;geral;B;0.1090515545060999;False;B;0.9926007390022278;False;True;D;0.9414295156796774;False;False;D;0.0270601709683737;False;False
2023;Amarela;MT;169;geral;D;0.2576139135909341;False;B;0.6044655442237854;False;False;B;0.5403250753879547;False;False;A;0.0326980849107106;False;False
2023;Amarela;MT;174;geral;A;0.2415732546705998;False;C;0.7894023656845093;False;False;C;0.5239280760288239;False;False;D;0.1499544183413188;False;False
2023;Amarela;MT;177;geral;E;0.1974294473704897;False;E;0.4077721536159515;False;True;B;0.4054066936175028;False;False;A;0.0650528669357299;False;False
2023;Azul;CH;46;geral;D;0.1207227555053642;False;B;0.6011452674865723;False;False;A;0.4657449821631114;False;False;D;-0.0118751029173532;False;True
2023;Azul;CH;47;geral;E;0.2338293463929177;False;E;0.4655757844448089;False;True;A;0.3601764539877574;False;False;A;-0.0648100872834523;False;False
2023;Azul;CH;48;geral;C;0.2327592718483269;False;E;0.6653692126274109;False;False;E;0.5969372987747192;False;False;C;0.0785295069217682;False;True
2023;Azul;CH;49;geral;D;0.1998040397949954;False;C;0.3864004611968994;False;False;D;0.4211791853109995;False;True;D;0.1284303466478983;False;True
2023;Azul;CH;50;geral;C;0.2491614216258998;False;C;0.5779986381530762;False;True;C;0.5397209723790487;False;True;A;0.1849521199862162;False;False
2023;Azul;CH;51;geral;A;0.3492972606352915;False;D;0.54135662317276;False;False;D;0.4434020618597666;False;False;B;-0.0550130506356558;False;False
2023;Azul;CH;52;geral;D;0.2452958256344507;False;E;0.4000373780727386;False;False;E;0.2739733159542084;False;False;D;0.016122634212176;False;True
2023;Azul;CH;53;geral;D;0.1722837970293297;False;A;0.4385137557983398;False;False;E;0.4636960625648498;False;False;C;0.1255932847658792;False;False
2023;Azul;CH;54;geral;D;0.2264984703705102;False;C;0.5207982063293457;False;False;D;0.6102706988652548;False;True;B;0.1149201691150665;False;False
2023;Azul;CH;55;geral;C;0.1709379128137384;False;E;0.3801394402980804;False;False;C;0.5083867609500885;False;True;C;0.2259567081928253;False;True
2023;Azul;CH;56;geral;A;0.1543707611152976;False;D;0.4463818967342376;False;False;A;0.4207432866096496;False;True;A;0.0599234700202942;False;True
2023;Azul;CH;57;geral;D;0.2054339622641509;False;D;0.4664890170097351;False;True;B;0.5083652834097544;False;False;A;0.0814612954854965;False;False
2023;Azul;CH;58;geral;C;0.0992666515460799;False;C;0.6127707362174988;False;True;C;0.5393665631612142;False;True;D;0.0884111225605011;False;False
2023;Azul;CH;59;geral;B;0.1086126752579267;False;B;0.3604775071144104;False;True;D;0.4046227733294169;False;False;C;0.1187580823898316;False;False
2023;Azul;CH;60;geral;B;0.1010421386497508;False;A;0.5133432745933533;False;False;A;0.5109943350156149;False;False;C;0.0768291254838308;False;False
2023;Azul;CH;61;geral;C;0.0632543753771876;False;C;0.3808425366878509;False;True;A;0.3588417669137319;False;False;D;0.1786820789178212;False;False
2023;Azul;CH;62;geral;B;0.1671068517959553;False;B;0.4510501325130462;False;True;B;0.3317261189222336;False;True;A;-0.0009578416744867;False;False
2023;Azul;CH;63;geral;A;0.2351208459214501;False;C;0.404505580663681;False;False;E;0.3366620739301045;False;False;E;0.1139744569857915;False;False
2023;Azul;CH;64;geral;C;0.1713930160645599;False;C;0.3728648424148559;False;True;E;0.4270404577255249;False;False;B;0.1845010370016098;False;False
2023;Azul;CH;65;geral;D;0.1547807712625462;False;D;0.7283336520195007;False;True;D;0.4021135369936624;False;True;B;0.052779068549474;False;False
2023;Azul;CH;66;geral;D;0.0395654961716893;False;C;0.5880951285362244;False;False;C;0.3750793884197871;False;False;B;0.0541030168533325;False;False
2023;Azul;CH;67;geral;E;0.1164150943396226;False;D;0.3686063289642334;False;False;C;0.4324481884638468;False;False;C;0.0999719897905985;False;False
2023;Azul;CH;68;geral;E;0.0888645711482585;False;D;0.4345981180667877;False;False;E;0.428015778462092;False;True;E;0.1256232957045236;False;True
2023;Azul;CH;69;geral;C;0.1041548737688214;False;C;0.6945615410804749;False;True;C;0.4470548133055369;False;True;E;0.0349467396736145;False;False
2023;Azul;CH;70;geral;E;0.1732727616884346;False;D;0.716264009475708;False;False;D;0.410525639851888;False;False;A;0.0077014863491057;False;False
2023;Azul;CH;71;geral;E;0.2574598606482884;False;D;0.5591880083084106;False;False;D;0.5081720550855001;False;False;C;0.0637527505556742;False;False
2023;Azul;CH;72;geral;D;0.2006267225431343;False;E;0.475225567817688;False;False;C;0.3573697408040364;False;False;D;0.101960947116216;False;True
2023;Azul;CH;73;geral;E;0.1961036504634008;False;C;0.3231381177902221;False;False;D;0.3059445122877757;False;False;B;0.0559978187084197;False;False
2023;Azul;CH;74;geral;B;0.1664459495251428;False;B;0.5701677799224854;False;True;A;0.6125317414601644;False;False;E;0.1444236040115356;False;False
2023;Azul;CH;75;geral;B;0.0803672636590342;False;B;0.5554634928703308;False;True;B;0.5918504397074381;False;True;E;0.1099034051100412;False;False
2023;Azul;CH;76;geral;B;0.1782758229713897;False;E;0.3293023109436035;False;False;A;0.3414425800244013;False;False;A;0.0623494337002436;False;False
2023;Azul;CH;77;geral;C;0.140933742936246;False;B;0.3496782779693603;False;False;C;0.3502708673477173;False;True;A;0.1306942055622736;False;False
2023;Azul;CH;78;geral;E;0.287765695449551;False;B;0.4700877070426941;False;False;E;0.3691356182098388;False;True;E;0.1379309743642807;False;True
2023;Azul;CH;79;geral;A;0.2735637428234668;False;C;0.5341954231262207;False;False;C;0.3688496549924214;False;False;A;-0.0389617085456847;False;True
2023;Azul;CH;80;geral;B;0.2000606474111136;False;B;0.4447427690029144;False;True;D;0.3633939921855926;False;False;E;0.0892641345659892;False;False
2023;Azul;CH;81;geral;D;0.2758620689655172;False;C;0.566115140914917;False;False;B;0.5158526400725046;False;False;E;0.2051570018132528;False;False
2023;Azul;CH;82;geral;C;0.1298676676904409;False;D;0.5924948453903198;False;False;D;0.5478244622548422;False;False;E;-0.0290465056896209;False;False
2023;Azul;CH;83;geral;E;0.1743616980917333;False;B;0.4862957298755646;False;False;E;0.4331531922022502;False;True;A;0.1911233762900034;False;False
2023;Azul;CH;84;geral;E;0.2486137485757691;False;E;0.4189096689224243;False;True;B;0.3381081124146779;False;False;A;-0.026854266722997;False;False
2023;Azul;CH;85;geral;B;0.2363615656201359;False;E;0.6163651943206787;False;False;B;0.5993310511112213;False;True;B;-0.0022107064723968;False;True
2023;Azul;CH;86;geral;C;0.1933928232390355;False;A;0.5257076025009155;False;False;C;0.4093789358933766;False;True;C;0.0202356477578481;False;True
2023;Azul;CH;87;geral;A;0.26504972291809;False;A;0.5424678325653076;False;True;E;0.59901495774587;False;False;E;0.2512940963109334;False;False
2023;Azul;CH;88;geral;D;0.2425128107800341;False;C;0.3586666584014892;False;False;C;0.3582302431265513;False;False;B;0.0020493368307749;False;False
2023;Azul;CH;89;geral;E;0.0563785852309324;False;E;0.4593047201633453;False;True;B;0.3995522956053416;False;False;A;0.0454118649164835;False;False
2023;Azul;CH;90;geral;A;0.3761899343876815;False;C;0.3911616206169128;False;False;A;0.2924663921197255;False;True;E;0.0536549935738245;False;False
2023;Azul;CN;91;geral;E;0.2916128021310769;False;E;0.5659182667732239;False;True;A;0.5458555221557617;False;False;A;0.1170170903205872;False;False
2023;Azul;CN;92;geral;D;0.0219281071344662;False;E;0.5352245569229126;False;False;E;0.5528267025947571;False;False;D;0.0828498502572377;False;True
2023;Azul;CN;93;geral;D;0.2950993066165236;False;D;0.3812312483787536;False;True;C;0.4748334884643554;False;False;C;0.1725896000862121;False;False
2023;Azul;CN;95;geral;E;0.2654596755231601;False;D;0.4635155797004699;False;False;D;0.4984657665093739;False;False;C;0.1916842559973399;False;False
2023;Azul;CN;97;geral;E;0.28539519573651;False;C;0.5650959014892578;False;False;B;0.5873457193374634;False;False;D;0.1888063251972199;False;False
2023;Azul;CN;98;geral;C;0.3288524847154726;False;C;0.5702334046363831;False;True;D;0.555943896373113;False;False;A;0.050311436255773;False;False
2023;Azul;CN;99;geral;C;0.4600109666301112;False;B;0.5187146067619324;False;False;B;0.443311075369517;False;False;C;0.0094786683718363;False;True
2023;Azul;CN;100;geral;D;0.2867056102246442;False;E;0.9461459517478944;False;False;D;0.9385166565577188;False;True;D;0.0443090597788492;False;True
2023;Azul;CN;101;geral;C;0.3201505115039392;False;C;0.6107616424560547;False;True;D;0.4625624815622965;False;False;E;0.0342854559421539;False;False
2023;Azul;CN;102;geral;E;0.3098282218213193;False;B;0.7657281756401062;False;False;B;0.7586448589960734;False;False;D;0.0787407358487447;False;False
2023;Azul;CN;103;geral;E;0.3023392500293875;False;E;0.6061496734619141;False;True;B;0.4844675163427989;False;False;A;0.2098578959703445;False;False
2023;Azul;CN;104;geral;E;0.3939429602604841;False;E;0.5268881320953369;False;True;C;0.5107368727525076;False;False;A;0.3124901354312897;False;False
2023;Azul;CN;105;geral;C;0.1830831340885039;False;D;0.4326682686805725;False;False;B;0.5063433647155762;False;False;C;0.1471319496631622;False;True
2023;Azul;CN;106;geral;A;0.26959689740275;False;B;0.7264851331710815;False;False;B;0.611695925394694;False;False;D;-0.0469575524330139;False;False
2023;Azul;CN;107;geral;E;0.3784684119767988;False;E;0.6461708545684814;False;True;C;0.5817737380663554;False;False;B;0.0916438897450765;False;False
2023;Azul;CN;108;geral;B;0.5058169140976928;False;C;0.8238124847412109;False;False;E;0.4817750155925751;False;False;B;0.0154739618301392;False;True
2023;Azul;CN;111;geral;E;0.2930487566085765;False;E;0.6570941209793091;False;True;E;0.3929291367530823;False;True;B;-0.078757256269455;False;False
2023;Azul;CN;112;geral;E;0.5158838967448783;False;B;0.5325966477394104;False;False;D;0.5707812507947286;False;False;E;0.1554036537806193;False;True
2023;Azul;CN;114;geral;B;0.2009815469179426;False;C;0.9837725758552552;False;False;C;0.9540217717488608;False;False;E;0.0073860287666319;False;False
2023;Azul;CN;115;geral;A;0.359766375289091;False;A;0.4496641755104065;False;True;A;0.596585750579834;False;True;C;0.1483336488405863;False;False
2023;Azul;CN;120;geral;A;0.3003762050317423;False;B;0.7521768808364868;False;False;E;0.6046286225318909;False;False;E;-0.0301584601402282;False;False
2023;Azul;CN;121;geral;E;0.3277525094102886;False;C;0.5554147958755493;False;False;C;0.5353362560272217;False;False;E;0.1329908967018127;False;True
2023;Azul;CN;122;geral;E;0.3272042968596855;False;C;0.920397162437439;False;False;E;0.8489851951599121;False;True;A;0.1378894845644632;False;False
2023;Azul;CN;123;geral;B;0.5631661442006269;False;C;0.4552751779556274;False;False;D;0.6142332951227824;False;False;A;0.1823177436987558;False;False
2023;Azul;CN;125;geral;C;0.2341992868618;False;C;0.8909783363342285;False;True;C;0.7373802860577902;False;True;A;-0.0789532363414764;False;False
2023;Azul;CN;126;geral;E;0.2155040583460769;False;E;0.5258585214614868;False;True;B;0.414888580640157;False;False;D;-0.0588191151618956;False;False
2023;Azul;CN;127;geral;D;0.3476930320150659;False;A;0.4812915325164795;False;False;D;0.3567114075024922;False;True;D;-0.0577365259329477;False;True
2023;Azul;CN;128;geral;D;0.0792649478880965;False;D;0.7367655634880066;False;True;D;0.6365078389644623;False;True;B;-0.0669875542322794;False;False
2023;Azul;CN;129;geral;B;0.3339869793709311;False;C;0.3673615455627441;False;False;D;0.523515651623408;False;False;D;0.2136741677920023;False;False
2023;Azul;CN;130;geral;E;0.1503939168267158;False;C;0.8577355146408081;False;False;E;0.7120507558186849;False;True;B;0.0774591962496439;False;False
2023;Azul;CN;131;geral;C;0.2025316455696202;False;C;0.5045602917671204;False;True;D;0.5734272499879202;False;False;D;0.1170299251874288;False;False
2023;Azul;CN;133;geral;C;0.3108897690286655;False;D;0.5910694599151611;False;False;C;0.6195250948270162;False;True;C;0.0307218035062154;False;True
2023;Azul;CN;134;geral;A;0.4024308959027641;False;B;0.7633995413780212;False;False;B;0.6354781985282898;False;False;A;-0.015644371509552;False;True
2023;Azul;LC;1;espanhol;C;0.2328223378045442;False;E;0.3979400396347046;False;False;D;0.4236107220252355;False;False;D;0.1816444446643193;False;False
2023;Azul;LC;1;inglês;C;0.0485952133194588;False;A;0.5427926778793335;False;False;E;0.3524106840292613;False;False;E;0.1467992166678111;False;False
2023;Azul;LC;2;espanhol;C;0.2910161599561764;False;E;0.4998199641704559;False;False;E;0.4797390003999074;False;False;E;-0.0200809637705484;False;False
2023;Azul;LC;2;inglês;C;0.4374544697679259;False;C;0.4156413674354553;False;True;A;0.3408849736054738;False;False;A;0.1873478492101034;False;False
2023;Azul;LC;3;espanhol;C;0.1668720054757015;False;D;0.5993285179138184;False;False;C;0.4410874545574188;False;True;B;0.2161492357651393;False;False
2023;Azul;LC;3;inglês;A;0.2618700541441066;False;A;0.4444459676742553;False;True;B;0.2271961321433384;False;False;C;0.075823093454043;False;False
2023;Azul;LC;4;espanhol;E;0.2310642377756471;False;C;0.4222683012485504;False;False;E;0.41300830245018;False;True;E;0.0095213055610656;False;True
2023;Azul;LC;4;inglês;B;0.1444606870627545;False;B;0.6036773920059204;False;True;B;0.4199090252319972;False;True;E;0.037844623128573;False;False
2023;Azul;LC;5;espanhol;C;0.165341376473814;False;D;0.5135453939437866;False;False;D;0.304784893989563;False;False;B;0.0676255772511164;False;False
2023;Azul;LC;5;inglês;D;0.0778212144904873;False;A;0.4213872253894806;False;False;D;0.4008406003316243;False;True;E;0.1323419411977132;False;False
2023;Azul;LC;6;geral;C;0.2599014555986008;False;C;0.7473710179328918;False;True;C;0.6702657341957092;False;True;A;0.0498529175917308;False;False
2023;Azul;LC;7;geral;E;0.2680451269667585;False;E;0.5751561522483826;False;True;E;0.3785933057467143;False;True;D;-0.0662756562232971;False;False
2023;Azul;LC;8;geral;D;0.1388930722891566;False;E;0.4807003736495971;False;False;D;0.518107275168101;False;True;D;0.0701152483622232;False;True
2023;Azul;LC;9;geral;A;0.5684353331323485;False;A;0.3231606483459472;False;True;C;0.3684824109077453;False;False;C;0.0829518139362335;False;False
2023;Azul;LC;10;geral;D;0.1030939476061427;False;D;0.5080398917198181;False;True;D;0.4942401746908824;False;True;C;0.0783648490905762;False;False
2023;Azul;LC;11;geral;B;0.1446086727594117;False;B;0.47449791431427;False;True;A;0.4813122948010762;False;False;A;0.2898726065953572;False;False
2023;Azul;LC;12;geral;B;0.2636445987770816;False;D;0.3167969584465027;False;False;D;0.435917317867279;False;False;A;0.1646948059399922;False;False
2023;Azul;LC;13;geral;D;0.1756104914078987;False;E;0.4840481281280517;False;False;D;0.4407298763593038;False;True;D;0.1167908509572346;False;True
2023;Azul;LC;14;geral;B;0.2791985235960981;False;A;0.3775157928466797;False;False;B;0.4125301589568456;False;True;B;0.2075456877549489;False;True
2023;Azul;LC;15;geral;D;0.1358033997964645;False;D;0.5817368030548096;False;True;C;0.5316247642040253;False;False;C;0.1309465765953064;False;False
2023;Azul;LC;16;geral;B;0.2628728325873547;False;C;0.6945493221282959;False;False;C;0.579586923122406;False;False;E;0.094748576482137;False;False
2023;Azul;LC;17;geral;B;0.1658380414312617;False;E;0.5804873704910278;False;False;E;0.4941105345884959;False;False;C;0.1105419794718424;False;False
2023;Azul;LC;18;geral;C;0.3235482533820703;False;E;0.3280782401561737;False;False;A;0.33461694419384;False;False;A;0.1657584011554718;False;False
2023;Azul;LC;19;geral;A;0.136810023704707;False;A;0.4932655096054077;False;True;C;0.5725151300430298;False;False;C;0.1948102116584777;False;False
2023;Azul;LC;20;geral;C;0.3637597556837462;False;D;0.6390323042869568;False;False;D;0.581526497999827;False;False;A;0.0573308567206065;False;False
2023;Azul;LC;21;geral;A;0.1898205620133168;False;C;0.5370047092437744;False;False;C;0.4490221341451009;False;False;A;0.0833385288715362;False;True
2023;Azul;LC;22;geral;A;0.1166635285257013;False;A;0.6836386322975159;False;True;D;0.5186011095841726;False;False;E;0.0286473135153453;False;False
2023;Azul;LC;23;geral;B;0.4023001508295626;False;D;0.4534466564655304;False;False;D;0.6224103569984436;False;False;E;0.2101481755574544;False;False
2023;Azul;LC;24;geral;D;0.1284859433216665;False;D;0.7224098443984985;False;True;C;0.6363660097122192;False;False;B;0.0822306672732035;False;False
2023;Azul;LC;25;geral;C;0.1498379926154773;False;E;0.447401612997055;False;False;E;0.3250896036624908;False;False;D;0.0479130794604619;False;False
2023;Azul;LC;26;geral;B;0.5678779890792695;False;A;0.5754062533378601;False;False;B;0.4328817824522654;False;True;B;0.027608315149943;False;True
2023;Azul;LC;27;geral;E;0.1423068207568547;False;C;0.5902249813079834;False;False;E;0.5135192573070526;False;True;B;0.0275143682956695;False;False
2023;Azul;LC;28;geral;B;0.1939866034469782;False;E;0.5147713422775269;False;False;E;0.355743537346522;False;False;D;-0.0825443565845489;False;False
2023;Azul;LC;29;geral;B;0.2420861540788926;False;B;0.3066383004188537;False;True;B;0.2934067547321319;False;True;C;0.1009097318165004;False;False
2023;Azul;LC;30;geral;E;0.1260059696981146;False;C;0.5438548922538757;False;False;E;0.2146401231487591;False;True;D;0.0628996801873048;False;False
2023;Azul;LC;31;geral;E;0.2153405666063894;False;D;0.4804823398590088;False;False;B;0.3932646016279856;False;False;A;0.0721931308507919;False;False
2023;Azul;LC;32;geral;B;0.3486030991969234;False;C;0.3902108073234558;False;False;B;0.386564979950587;False;True;B;0.0112663606802622;False;True
2023;Azul;LC;33;geral;B;0.4031942142534278;False;B;0.6047464609146118;False;True;C;0.4675823052724202;False;False;E;-0.0122849941253661;False;False
2023;Azul;LC;34;geral;B;0.302093531139393;False;D;0.6376328468322754;False;False;B;0.4075292547543843;False;True;E;-0.0504798789819081;False;False
2023;Azul;LC;35;geral;B;0.0830254128647915;False;B;0.5393497943878174;False;True;B;0.4257359107335408;False;True;E;0.0244213243325551;False;False
2023;Azul;LC;36;geral;C;0.3376026520003014;False;D;0.4634568691253662;False;False;E;0.3906240065892537;False;False;C;0.0032326281070709;False;True
2023;Azul;LC;37;geral;D;0.3141199517781796;False;D;0.5106697082519531;False;True;E;0.5042470097541809;False;False;B;0.0836573342482248;False;False
2023;Azul;LC;38;geral;B;0.1186887716654107;False;B;0.6356738805770874;False;True;D;0.5444304645061493;False;False;E;0.0371285776297251;False;False
2023;Azul;LC;39;geral;B;0.1951532054422794;False;E;0.7231792211532593;False;False;D;0.395986517270406;False;False;B;-0.033325786391894;False;True
2023;Azul;LC;40;geral;C;0.2750141429379596;False;E;0.4186458587646484;False;False;D;0.3888753056526184;False;False;D;0.1418372541666031;False;False
2023;Azul;LC;41;geral;E;0.10481864112812;False;A;0.4827116727828979;False;False;E;0.5169891715049744;False;True;C;0.2552758703629176;False;False
2023;Azul;LC;42;geral;B;0.075666088006642;False;D;0.3839691281318664;False;False;C;0.3753859351078669;False;False;C;0.0316886256138484;False;False
2023;Azul;LC;43;geral;C;0.2016708248280033;False;C;0.6670441031455994;False;True;D;0.3157553573449452;False;False;B;0.0011283506949742;False;False
2023;Azul;LC;44;geral;C;0.0230517156955064;False;D;0.6465764045715332;False;False;E;0.4535370667775472;False;False;B;-0.0227402846018472;False;False
2023;Azul;LC;45;geral;B;0.2466631475755976;False;B;0.6243425607681274;False;True;B;0.581026166677475;False;True;D;-0.0150569279988607;False;False
2023;Azul;MT;139;geral;C;0.3682870461044302;False;E;0.6372810006141663;False;False;B;0.5708907842636108;False;False;A;0.0891270240147908;False;False
2023;Azul;MT;140;geral;C;0.2016239752088808;False;D;0.9903360605239868;False;False;C;0.9754331906636556;False;True;A;0.0211243629455566;False;False
2023;Azul;MT;146;geral;D;0.2966597323075715;False;D;0.8323774337768555;False;True;C;0.8513289292653402;False;False;A;0.1179227431615194;False;False
2023;Azul;MT;154;geral;A;0.2419778239235199;False;C;0.7894023656845093;False;False;C;0.5239280760288239;False;False;D;0.1499544183413188;False;False
2023;Azul;MT;160;geral;E;0.278032889830841;False;D;0.908283531665802;False;False;E;0.7484796643257141;False;True;C;0.1577592094739278;False;False
2023;Azul;MT;164;geral;E;0.1964873765093304;False;E;0.4077721536159515;False;True;B;0.4054066936175028;False;False;A;0.0650528669357299;False;False
2023;Azul;MT;166;geral;A;0.1984562338374735;False;B;0.6771546602249146;False;False;B;0.5414654711882273;False;False;E;0.0435008505980173;False;False
2023;Azul;MT;170;geral;B;0.3655635378636203;False;B;0.5621543526649475;False;True;B;0.4721112747987111;False;True;A;0.1218149363994598;False;False
2023;Azul;MT;179;geral;B;0.1134715635166385;False;B;0.9926007390022278;False;True;D;0.9414295156796774;False;False;D;0.0270601709683737;False;False
2023;Azul;MT;180;geral;D;0.2598916627414037;False;B;0.604465663433075;False;False;A;0.4776039024194081;False;False;E;-0.0148691236972808;False;False
2023;Cinza;CH;46;geral;C;0.1640642594399819;False;E;0.3801394402980804;False;False;C;0.5083867609500885;False;True;C;0.2259567081928253;False;True
2023;Cinza;CH;47;geral;A;0.1446559736171488;False;D;0.4463818967342376;False;False;A;0.4207432866096496;False;True;A;0.0599234700202942;False;True
2023;Cinza;CH;48;geral;D;0.2042800825980852;False;B;0.4609987437725067;False;False;B;0.5083652834097544;False;False;A;0.0784830003976821;False;False
2023;Cinza;CH;49;geral;A;0.1357505166259628;False;B;0.3496782779693603;False;False;C;0.3502708673477173;False;False;A;0.1306942055622736;False;True
2023;Cinza;CH;50;geral;E;0.2856284952895695;False;B;0.4700877070426941;False;False;E;0.3691356182098388;False;True;E;0.1379309743642807;False;True
2023;Cinza;CH;51;geral;A;0.2740344801626139;False;C;0.5341954231262207;False;False;C;0.3688496549924214;False;False;A;-0.0389617085456847;False;True
2023;Cinza;CH;52;geral;B;0.19912916181825;False;B;0.4447427690029144;False;True;D;0.3603290220101674;False;False;E;0.0855354915062586;False;False
2023;Cinza;CH;53;geral;E;0.2041092288622619;False;C;0.3231381177902221;False;False;D;0.3059445122877757;False;False;B;0.0559978187084197;False;False
2023;Cinza;CH;54;geral;B;0.1735503025292194;False;B;0.5701677799224854;False;True;A;0.6125317414601644;False;False;E;0.1444236040115356;False;False
2023;Cinza;CH;55;geral;B;0.0786521070209013;False;B;0.5554634928703308;False;True;B;0.5918504397074381;False;True;E;0.1099034051100412;False;False
2023;Cinza;CH;56;geral;B;0.1803783215733373;False;E;0.3270273506641388;False;False;A;0.3454157362381617;False;False;A;0.066322589914004;False;False
2023;Cinza;CH;57;geral;C;0.091684835726637;False;C;0.6127707362174988;False;True;C;0.5393665631612142;False;True;D;0.0884111225605011;False;False
2023;Cinza;CH;58;geral;B;0.1211711203818544;False;B;0.3604775071144104;False;True;D;0.4046227733294169;False;False;C;0.1187580823898316;False;False
2023;Cinza;CH;59;geral;B;0.0975032851511169;False;A;0.5133432745933533;False;False;A;0.5109943350156149;False;False;C;0.0768291254838308;False;False
2023;Cinza;CH;60;geral;C;0.0595081659470621;False;C;0.3858155906200409;False;True;A;0.3588417669137319;False;False;D;0.1616700639327367;False;False
2023;Cinza;CH;61;geral;D;0.2831502107164358;False;C;0.566115140914917;False;False;B;0.5158526400725046;False;False;E;0.2051570018132528;False;False
2023;Cinza;CH;62;geral;C;0.1285880892366728;False;D;0.5924948453903198;False;False;D;0.5478244622548422;False;False;E;-0.0290465056896209;False;False
2023;Cinza;CH;63;geral;E;0.1747923166560162;False;B;0.4862957298755646;False;False;E;0.4331531922022502;False;True;A;0.1911233762900034;False;False
2023;Cinza;CH;64;geral;E;0.2709242811982538;False;E;0.426291674375534;False;True;B;0.3380320270856221;False;False;A;-0.0225848952929179;False;False
2023;Cinza;CH;65;geral;D;0.0418279529482505;False;C;0.5880951285362244;False;False;C;0.3750793884197871;False;False;B;0.0541030168533325;False;False
2023;Cinza;CH;66;geral;E;0.1149624060150376;False;D;0.3686063289642334;False;False;C;0.4324481884638468;False;False;C;0.0999719897905985;False;False
2023;Cinza;CH;67;geral;E;0.098059128864816;False;D;0.4345981180667877;False;False;E;0.428015778462092;False;True;E;0.1256232957045236;False;True
2023;Cinza;CH;68;geral;C;0.1026518713560278;False;C;0.6945615410804749;False;True;C;0.4514263172944386;False;True;E;0.0297715167204539;False;False
2023;Cinza;CH;69;geral;E;0.1753374048103747;False;D;0.716264009475708;False;False;D;0.410525639851888;False;False;A;0.0077014863491057;False;False
2023;Cinza;CH;70;geral;E;0.261583666089053;False;D;0.5591880083084106;False;False;D;0.5081720550855001;False;False;C;0.0637527505556742;False;False
2023;Cinza;CH;71;geral;D;0.1859687359086126;False;E;0.4747950434684753;False;False;A;0.3538759847482045;False;False;D;0.1018293698628742;False;True
2023;Cinza;CH;72;geral;B;0.1485860601724592;False;B;0.4510501325130462;False;True;B;0.3317261189222336;False;True;A;-0.0009578416744867;False;False
2023;Cinza;CH;73;geral;A;0.2382460505975945;False;C;0.404505580663681;False;False;E;0.3366620739301045;False;False;E;0.1139744569857915;False;False
2023;Cinza;CH;74;geral;C;0.1690236196780502;False;C;0.3728648424148559;False;True;E;0.4270404577255249;False;False;B;0.1845010370016098;False;False
2023;Cinza;CH;75;geral;B;0.164113950250254;False;D;0.7283336520195007;False;False;D;0.3962309757868448;False;False;B;0.0543342232704162;False;True
2023;Cinza;CH;76;geral;B;0.2354249943434648;False;E;0.6163651943206787;False;False;B;0.5993310511112213;False;True;B;-0.0022107064723968;False;True
2023;Cinza;CH;77;geral;C;0.2055972541771961;False;A;0.5257076025009155;False;False;C;0.4093789358933766;False;True;C;0.0202356477578481;False;True
2023;Cinza;CH;78;geral;A;0.278232652907218;False;A;0.5424678325653076;False;True;E;0.59901495774587;False;False;E;0.2512940963109334;False;False
2023;Cinza;CH;79;geral;D;0.2471570516453209;False;C;0.3586666584014892;False;False;C;0.3555521468321482;False;False;B;-0.0005972683429717;False;False
2023;Cinza;CH;80;geral;C;0.2257236668302072;False;C;0.5779986381530762;False;True;C;0.5397209723790487;False;True;A;0.1849521199862162;False;False
2023;Cinza;CH;81;geral;A;0.3413575821605101;False;D;0.54135662317276;False;False;D;0.4434020618597666;False;False;B;-0.0550130506356558;False;False
2023;Cinza;CH;82;geral;D;0.2522209201224814;False;E;0.4000373780727386;False;False;E;0.2739733159542084;False;False;D;0.016122634212176;False;True
2023;Cinza;CH;83;geral;D;0.1695337256677229;False;A;0.4385137557983398;False;False;E;0.4636960625648498;False;False;C;0.1255932847658792;False;False
2023;Cinza;CH;84;geral;D;0.223020223020223;False;C;0.5207982063293457;False;False;D;0.6060845851898193;False;True;B;0.1122305691242218;False;False
2023;Cinza;CH;85;geral;E;0.0542773083886541;False;E;0.4593047201633453;False;True;B;0.3995522956053416;False;False;A;0.0454118649164835;False;False
2023;Cinza;CH;86;geral;A;0.3833522512296632;False;C;0.3911616206169128;False;False;E;0.3493871291478475;False;False;D;0.061365673939387;False;False
2023;Cinza;CH;87;geral;D;0.1209893300154582;False;B;0.6011452674865723;False;False;A;0.4657449821631114;False;False;D;-0.0118751029173532;False;True
2023;Cinza;CH;88;geral;E;0.2486321270895438;False;E;0.4655757844448089;False;True;A;0.3601764539877574;False;False;A;-0.0648100872834523;False;False
2023;Cinza;CH;89;geral;C;0.2376795162509448;False;E;0.6653692126274109;False;False;E;0.5969372987747192;False;False;C;0.0785295069217682;False;True
2023;Cinza;CH;90;geral;D;0.2017437910470295;False;C;0.074358657002449;False;False;D;0.4211791853109995;False;True;B;0.3941619520386059;False;False
2023;Cinza;CN;91;geral;A;0.3095977666810836;False;B;0.7264851331710815;False;False;B;0.611695925394694;False;False;D;-0.0469575524330139;False;False
2023;Cinza;CN;92;geral;E;0.3739578417492528;False;E;0.6461708545684814;False;True;C;0.5817737380663554;False;False;B;0.0916438897450765;False;False
2023;Cinza;CN;93;geral;B;0.5110674267741301;False;C;0.8238124847412109;False;False;E;0.4817750155925751;False;False;B;0.0154739618301392;False;True
2023;Cinza;CN;95;geral;C;0.2097053726169844;False;C;0.9837725758552552;False;True;C;0.9540217717488608;False;True;E;0.0073860287666319;False;False
2023;Cinza;CN;96;geral;A;0.33755456797892;False;A;0.4496641755104065;False;True;A;0.596585750579834;False;True;C;0.1483336488405863;False;False
2023;Cinza;CN;100;geral;E;0.29798356982823;False;E;0.5659182667732239;False;True;A;0.5458555221557617;False;False;A;0.1170170903205872;False;False
2023;Cinza;CN;101;geral;D;0.0267699202012657;False;E;0.5352245569229126;False;False;E;0.5528267025947571;False;False;D;0.0828498502572377;False;True
2023;Cinza;CN;102;geral;D;0.2857423718150362;False;D;0.3812312483787536;False;True;C;0.4748334884643554;False;False;C;0.1725896000862121;False;False
2023;Cinza;CN;104;geral;E;0.2714796901419527;False;D;0.4635155797004699;False;False;D;0.4984657665093739;False;False;C;0.1916842559973399;False;False
2023;Cinza;CN;106;geral;D;0.2288578730096324;False;C;0.8909783363342285;False;False;C;0.7373802860577902;False;False;A;-0.0789532363414764;False;False
2023;Cinza;CN;107;geral;E;0.2093187989453386;False;E;0.5258585214614868;False;True;B;0.414888580640157;False;False;D;-0.0588191151618956;False;False
2023;Cinza;CN;108;geral;D;0.3332414878960834;False;A;0.4812915325164795;False;False;D;0.3567114075024922;False;True;D;-0.0577365259329477;False;True
2023;Cinza;CN;110;geral;C;0.3161683713611329;False;D;0.5910694599151611;False;False;C;0.6195250948270162;False;True;C;0.0307218035062154;False;True
2023;Cinza;CN;111;geral;A;0.4084473808400188;False;B;0.7633995413780212;False;False;B;0.6354781985282898;False;False;A;-0.015644371509552;False;True
2023;Cinza;CN;113;geral;D;0.0723526404781565;False;D;0.7367655634880066;False;True;D;0.6365078389644623;False;True;B;-0.0669875542322794;False;False
2023;Cinza;CN;114;geral;B;0.3449470493287666;False;C;0.3673615455627441;False;False;D;0.523515651623408;False;False;D;0.2136741677920023;False;False
2023;Cinza;CN;115;geral;B;0.1517260360147833;False;C;0.8577355146408081;False;False;E;0.7120507558186849;False;False;B;0.0774591962496439;False;True
2023;Cinza;CN;116;geral;C;0.1826582776248525;False;C;0.5045602917671204;False;True;D;0.5734272499879202;False;False;D;0.1170299251874288;False;False
2023;Cinza;CN;117;geral;B;0.5613027573457106;False;C;0.4552751779556274;False;False;D;0.6142332951227824;False;False;A;0.1823177436987558;False;False
2023;Cinza;CN;119;geral;E;0.2838598009519688;False;C;0.5650959014892578;False;False;B;0.5873457193374634;False;False;D;0.1888063251972199;False;False
2023;Cinza;CN;120;geral;C;0.3317859952793076;False;C;0.5702334046363831;False;True;D;0.555943896373113;False;False;A;0.050311436255773;False;False
2023;Cinza;CN;121;geral;C;0.4510790518495224;False;B;0.5187146067619324;False;False;B;0.443311075369517;False;False;C;0.0094786683718363;False;True
2023;Cinza;CN;122;geral;D;0.2953176072145867;False;E;0.9461459517478944;False;False;D;0.9385166565577188;False;True;D;0.0443090597788492;False;True
2023;Cinza;CN;123;geral;E;0.2816962353959324;False;E;0.6570941209793091;False;True;E;0.3929291367530823;False;True;B;-0.078757256269455;False;False
2023;Cinza;CN;124;geral;E;0.5059999213125074;False;B;0.5325966477394104;False;False;D;0.5707812507947286;False;False;E;0.1554036537806193;False;True
2023;Cinza;CN;128;geral;A;0.2928124631181399;False;B;0.7521768808364868;False;False;E;0.6046286225318909;False;False;E;-0.0301584601402282;False;False
2023;Cinza;CN;129;geral;E;0.3236406619385343;False;C;0.5554147958755493;False;False;C;0.5353362560272217;False;False;E;0.1329908967018127;False;True
2023;Cinza;CN;130;geral;E;0.3151784660186533;False;C;0.920397162437439;False;False;E;0.8489851951599121;False;True;A;0.1378894845644632;False;False
2023;Cinza;CN;131;geral;C;0.3225603275203716;False;C;0.6107616424560547;False;True;D;0.4625624815622965;False;False;E;0.0342854559421539;False;False
2023;Cinza;CN;132;geral;E;0.2677487983610432;False;B;0.7657281756401062;False;False;B;0.7586448589960734;False;False;D;0.0787407358487447;False;False
2023;Cinza;CN;133;geral;E;0.281892923173754;False;E;0.6061496734619141;False;True;B;0.4844675163427989;False;False;A;0.2098578959703445;False;False
2023;Cinza;CN;134;geral;E;0.3578632209265679;False;E;0.5268881320953369;False;True;C;0.5107368727525076;False;False;A;0.3124901354312897;False;False
2023;Cinza;CN;135;geral;C;0.184227104496417;False;D;0.4326682686805725;False;False;B;0.5063433647155762;False;False;C;0.1471319496631622;False;True
2023;Cinza;LC;1;espanhol;C;0.1693515076414704;False;D;0.5135453343391418;False;False;E;0.350279594461123;False;False;B;0.095094030102094;False;False
2023;Cinza;LC;1;inglês;A;0.2441830469999484;False;A;0.4444462656974792;False;True;A;0.2300106684366861;False;True;C;0.0726398179928461;False;False
2023;Cinza;LC;2;espanhol;C;0.2160638151560995;False;D;0.5993285179138184;False;False;C;0.4410874545574188;False;True;B;0.2161492357651393;False;False
2023;Cinza;LC;2;inglês;D;0.0817914755450188;False;A;0.4213872253894806;False;False;D;0.3978480497996012;False;True;E;0.1287202636400858;False;False
2023;Cinza;LC;3;espanhol;E;0.2202479338842975;False;C;0.4222683906555176;False;False;E;0.3618271350860595;False;True;E;0.0211129784584045;False;True
2023;Cinza;LC;3;inglês;B;0.147417986132671;False;B;0.6036773920059204;False;True;B;0.4199090252319972;False;True;E;0.037844623128573;False;False
2023;Cinza;LC;4;espanhol;C;0.2344438325991189;False;E;0.3979400396347046;False;False;D;0.4236107220252355;False;False;D;0.1816444446643193;False;False
2023;Cinza;LC;4;inglês;C;0.0536608018162117;False;A;0.5427926778793335;False;False;E;0.3524106840292613;False;False;E;0.1467992166678111;False;False
2023;Cinza;LC;5;espanhol;C;0.2754441536978377;False;E;0.5019230842590332;False;False;E;0.4759333928426106;False;False;E;-0.0259896914164225;False;False
2023;Cinza;LC;5;inglês;C;0.4200939160947417;False;C;0.4156412780284881;False;True;A;0.3081235984961191;False;False;A;0.1545865486065546;False;False
2023;Cinza;LC;6;geral;B;0.3176099447928794;False;C;0.3902108073234558;False;False;B;0.386564979950587;False;True;B;0.0112663606802622;False;True
2023;Cinza;LC;7;geral;B;0.434288073876647;False;B;0.6047464609146118;False;True;C;0.4675823052724202;False;False;E;-0.0122849941253661;False;False
2023;Cinza;LC;8;geral;B;0.291641656662665;False;D;0.6376328468322754;False;False;B;0.408425360918045;False;True;E;-0.0463509360949198;False;False
2023;Cinza;LC;9;geral;C;0.2503558318975204;False;C;0.7473710179328918;False;True;C;0.6702657341957092;False;True;A;0.0498529175917308;False;False
2023;Cinza;LC;10;geral;E;0.2905017450369647;False;E;0.5751561522483826;False;True;E;0.3785933057467143;False;True;D;-0.0662756562232971;False;False
2023;Cinza;LC;11;geral;D;0.1313926042486231;False;E;0.4723364114761352;False;False;D;0.5218428373336792;False;True;D;0.0738508105278015;False;True
2023;Cinza;LC;12;geral;A;0.1209466037594548;False;A;0.4932655096054077;False;True;C;0.5725151300430298;False;False;C;0.1948102116584777;False;False
2023;Cinza;LC;13;geral;C;0.3728343208580214;False;D;0.6390323042869568;False;False;D;0.581526497999827;False;False;A;0.0573308567206065;False;False
2023;Cinza;LC;14;geral;A;0.2000299670362601;False;C;0.5370047092437744;False;False;C;0.4536975224812825;False;False;A;0.0875679949919383;False;True
2023;Cinza;LC;15;geral;C;0.0660763198379047;False;B;0.5393497943878174;False;False;B;0.4257359107335408;False;False;E;0.0244213243325551;False;False
2023;Cinza;LC;16;geral;C;0.3295403503518491;False;D;0.4634568691253662;False;False;E;0.3906240065892537;False;False;C;0.0032326281070709;False;True
2023;Cinza;LC;17;geral;D;0.3219247331960307;False;D;0.5106697082519531;False;True;E;0.5042470097541809;False;False;B;0.0836573342482248;False;False
2023;Cinza;LC;18;geral;B;0.1224994380759721;False;B;0.6356738805770874;False;True;D;0.550750732421875;False;False;E;0.0455351968606313;False;False
2023;Cinza;LC;19;geral;B;0.2629269938880348;False;A;0.3775157928466797;False;False;B;0.4125301589568456;False;True;B;0.2075456877549489;False;True
2023;Cinza;LC;20;geral;D;0.1301092977990717;False;D;0.5817368030548096;False;True;C;0.5369807382424673;False;False;C;0.1363025506337484;False;False
2023;Cinza;LC;21;geral;B;0.2556013488197827;False;C;0.6945493221282959;False;False;C;0.579586923122406;False;False;E;0.094748576482137;False;False
2023;Cinza;LC;22;geral;B;0.1661228010952327;False;E;0.5804873704910278;False;False;E;0.4941105345884959;False;False;C;0.1105419794718424;False;False
2023;Cinza;LC;23;geral;C;0.3250899280575539;False;E;0.329563558101654;False;False;A;0.3328925321499507;False;False;A;0.1640339891115824;False;False
2023;Cinza;LC;24;geral;B;0.2695789355068925;False;D;0.3167969584465027;False;False;D;0.435917317867279;False;False;A;0.1646948059399922;False;False
2023;Cinza;LC;25;geral;D;0.1896118507406713;False;E;0.477640688419342;False;False;D;0.4391058882077535;False;True;D;0.1151668628056843;False;True
2023;Cinza;LC;26;geral;B;0.2408616677925392;False;B;0.3066383004188537;False;True;B;0.2934067547321319;False;True;C;0.1009097318165004;False;False
2023;Cinza;LC;27;geral;E;0.1198843583389652;False;C;0.5438548922538757;False;False;E;0.2146401231487591;False;True;D;0.0628996801873048;False;False
2023;Cinza;LC;28;geral;E;0.2121734567669877;False;D;0.4804823398590088;False;False;B;0.3923274477322896;False;False;A;0.0773872137069701;False;False
2023;Cinza;LC;29;geral;A;0.1199174019147737;False;A;0.6836386322975159;False;True;D;0.5186011095841726;False;False;E;0.0286473135153453;False;False
2023;Cinza;LC;30;geral;B;0.3954798017720378;False;D;0.4534466564655304;False;False;D;0.6224103569984436;False;False;E;0.2101481755574544;False;False
2023;Cinza;LC;31;geral;D;0.1248548417306611;False;D;0.7129418849945068;False;True;C;0.6363660097122192;False;False;B;0.080200562874476;False;False
2023;Cinza;LC;32;geral;C;0.1995105421686747;False;C;0.6670441031455994;False;True;D;0.3157553573449452;False;False;B;0.0011283506949742;False;False
2023;Cinza;LC;33;geral;C;0.0192855002995805;False;D;0.6465764045715332;False;False;E;0.4535370667775472;False;False;B;-0.0227402846018472;False;False
2023;Cinza;LC;34;geral;B;0.2432979640808368;False;B;0.6220343112945557;False;True;B;0.581026166677475;False;True;A;-0.0330639481544494;False;False
2023;Cinza;LC;35;geral;B;0.1925298132453311;False;E;0.7231792211532593;False;False;D;0.395986517270406;False;False;B;-0.033325786391894;False;True
2023;Cinza;LC;36;geral;C;0.2798034361167379;False;E;0.4186458587646484;False;False;D;0.3888753056526184;False;False;D;0.1418372541666031;False;False
2023;Cinza;LC;37;geral;E;0.0964899122478061;False;A;0.4827116727828979;False;False;E;0.5169891715049744;False;True;C;0.2552758703629176;False;False
2023;Cinza;LC;38;geral;B;0.0718814481335584;False;D;0.3942308127880096;False;False;C;0.3753859351078669;False;False;C;0.0261185119549433;False;False
2023;Cinza;LC;39;geral;C;0.1615021008403361;False;E;0.447401612997055;False;False;E;0.3250896036624908;False;False;D;0.0479130794604619;False;False
2023;Cinza;LC;40;geral;B;0.5507110427376083;False;A;0.5754062533378601;False;False;B;0.4328817824522654;False;True;B;0.027608315149943;False;True
2023;Cinza;LC;41;geral;E;0.1504741119807345;False;C;0.5902249813079834;False;False;E;0.5135192573070526;False;True;B;0.0275143682956695;False;False
2023;Cinza;LC;42;geral;B;0.2018819824548249;False;E;0.5273232460021973;False;False;E;0.3584753771622975;False;False;D;-0.0781174302101134;False;False
2023;Cinza;LC;43;geral;A;0.557632398753894;False;A;0.3231606483459472;False;True;C;0.3684824109077453;False;False;C;0.0829518139362335;False;False
2023;Cinza;LC;44;geral;D;0.151144005710636;False;D;0.5080398917198181;False;True;D;0.4942401746908824;False;True;C;0.0783648490905762;False;False
2023;Cinza;LC;45;geral;B;0.1387012012012012;False;B;0.47449791431427;False;True;A;0.4809633096059163;False;False;A;0.2895236214001973;False;False
2023;Cinza;MT;137;geral;A;0.282719836400818;False;C;0.7894023656845093;False;False;C;0.5239280760288239;False;False;D;0.1499544183413188;False;False
2023;Cinza;MT;149;geral;D;0.2903696689943583;False;D;0.8323774337768555;False;True;C;0.8513289292653402;False;False;A;0.1179227431615194;False;False
2023;Cinza;MT;155;geral;C;0.3625516834022445;False;A;0.959473729133606;False;False;D;0.9585713744163512;False;False;C;0.0502530336380006;False;True
2023;Cinza;MT;159;geral;A;0.1915404288805823;False;B;0.6771546602249146;False;False;B;0.5414654711882273;False;False;E;0.0435008505980173;False;False
2023;Cinza;MT;161;geral;C;0.3826655120837597;False;E;0.6372810006141663;False;False;B;0.5708907842636108;False;False;A;0.0891270240147908;False;False
2023;Cinza;MT;162;geral;D;0.2040181209375615;False;D;0.9903360605239868;False;True;C;0.9754331906636556;False;False;A;0.0211243629455566;False;False
2023;Cinza;MT;164;geral;B;0.1116753267202015;False;B;0.9926007390022278;False;True;D;0.9414295156796774;False;False;D;0.0270601709683737;False;False
2023;Cinza;MT;165;geral;D;0.2562869530942057;False;B;0.6044655442237854;False;False;B;0.5403250753879547;False;False;A;0.0326980849107106;False;False
2023;Cinza;MT;169;geral;E;0.1904818092428712;False;E;0.4077721536159515;False;True;B;0.4054066936175028;False;False;A;0.0650528669357299;False;False
2023;Cinza;MT;174;geral;E;0.2764858899574334;False;D;0.908283531665802;False;False;E;0.7484796643257141;False;True;C;0.1577592094739278;False;False
2023;Cinza;MT;180;geral;B;0.3450573715547494;False;B;0.5621540546417236;False;True;B;0.4228278895219167;False;True;A;0.0562609632809956;False;False
2023;Rosa;CH;46;geral;D;0.032002997938917;False;C;0.5880951285362244;False;False;C;0.3750793884197871;False;False;B;0.0541030168533325;False;False
2023;Rosa;CH;47;geral;E;0.0992572586090479;False;D;0.3686063289642334;False;False;C;0.4324481884638468;False;False;C;0.0999719897905985;False;False
2023;Rosa;CH;48;geral;E;0.0897224306076519;False;D;0.4345981180667877;False;False;E;0.428015778462092;False;True;E;0.1256232957045236;False;True
2023;Rosa;CH;49;geral;C;0.1060174069627851;False;C;0.6945615410804749;False;True;C;0.4515004158020019;False;True;E;0.0398214260737102;False;False
2023;Rosa;CH;50;geral;B;0.1486263323825251;False;B;0.4510501325130462;False;True;B;0.3317261189222336;False;True;A;-0.0009578416744867;False;False
2023;Rosa;CH;51;geral;A;0.2297231300950449;False;C;0.404505580663681;False;False;E;0.3366620739301045;False;False;E;0.1139744569857915;False;False
2023;Rosa;CH;52;geral;C;0.1673666841671041;False;C;0.3728648424148559;False;True;E;0.4270404577255249;False;False;B;0.1845010370016098;False;False
2023;Rosa;CH;53;geral;D;0.1547873737942424;False;D;0.7283336520195007;False;True;D;0.3992689748605092;False;True;B;0.0556578338146209;False;False
2023;Rosa;CH;54;geral;D;0.123668417104276;False;B;0.6011452674865723;False;False;A;0.4657449821631114;False;False;D;-0.0118751029173532;False;True
2023;Rosa;CH;55;geral;E;0.259533103137667;False;E;0.4655757844448089;False;True;A;0.3601764539877574;False;False;A;-0.0648100872834523;False;False
2023;Rosa;CH;56;geral;C;0.2352365906868276;False;E;0.6653692126274109;False;False;E;0.5969372987747192;False;False;C;0.0785295069217682;False;True
2023;Rosa;CH;57;geral;D;0.199339165696692;False;C;0.3904511630535126;False;False;D;0.4211791853109995;False;True;D;0.1168995598951975;False;True
2023;Rosa;CH;58;geral;C;0.1552916416115454;False;E;0.3801394402980804;False;False;C;0.5083867609500885;False;True;C;0.2259567081928253;False;True
2023;Rosa;CH;59;geral;A;0.1533123265061144;False;D;0.4463818967342376;False;False;A;0.4207432866096496;False;True;A;0.0599234700202942;False;True
2023;Rosa;CH;60;geral;D;0.200781191316758;False;B;0.4961335659027099;False;False;B;0.5083653330802917;False;False;A;0.0262268533309301;False;False
2023;Rosa;CH;61;geral;C;0.2384150688529511;False;C;0.5779986381530762;False;True;C;0.5397209723790487;False;True;A;0.1849521199862162;False;False
2023;Rosa;CH;62;geral;A;0.3446671170156871;False;D;0.54135662317276;False;False;D;0.4434020618597666;False;False;B;-0.0550130506356558;False;False
2023;Rosa;CH;63;geral;D;0.2428195488721804;False;E;0.4000373780727386;False;False;E;0.2739733159542084;False;False;D;0.016122634212176;False;True
2023;Rosa;CH;64;geral;D;0.1768088705130614;False;A;0.4385137557983398;False;False;E;0.4636960625648498;False;False;C;0.1255932847658792;False;False
2023;Rosa;CH;65;geral;D;0.2235683648130032;False;C;0.5207982063293457;False;False;D;0.6049949725468954;False;True;B;0.1098924378554026;False;False
2023;Rosa;CH;66;geral;E;0.0586579599189371;False;E;0.4593047201633453;False;True;B;0.3995522956053416;False;False;A;0.0454118649164835;False;False
2023;Rosa;CH;67;geral;A;0.3921465377816226;False;C;0.3911616802215576;False;False;E;0.3786443173885345;False;False;D;0.0711638728777568;False;False
2023;Rosa;CH;68;geral;C;0.1552580111328418;False;B;0.3496782779693603;False;False;C;0.3502708673477173;False;True;A;0.1306942055622736;False;False
2023;Rosa;CH;69;geral;E;0.2848601083032491;False;B;0.4700877070426941;False;False;D;0.3363800644874573;False;False;E;0.121570681532224;False;True
2023;Rosa;CH;70;geral;A;0.2655518647138759;False;C;0.5341954231262207;False;False;C;0.3688496549924214;False;False;A;-0.0389617085456847;False;True
2023;Rosa;CH;71;geral;B;0.2098927966898627;False;B;0.4447427690029144;False;True;D;0.3654220600922902;False;False;E;0.0738558769226074;False;False
2023;Rosa;CH;72;geral;B;0.2376375697271219;False;E;0.6163651943206787;False;False;B;0.5993310511112213;False;True;B;-0.0022107064723968;False;True
2023;Rosa;CH;73;geral;C;0.2016648461335643;False;A;0.5257076025009155;False;False;C;0.4093789358933766;False;True;C;0.0202356477578481;False;True
2023;Rosa;CH;74;geral;A;0.2566945764501773;False;A;0.5424678325653076;False;True;E;0.59901495774587;False;False;E;0.2512940963109334;False;False
2023;Rosa;CH;75;geral;D;0.2499623153451914;False;C;0.3586666584014892;False;False;C;0.3560608824094136;False;False;E;0.0024231125911076;False;False
2023;Rosa;CH;76;geral;D;0.2687478791991856;False;C;0.566115140914917;False;False;B;0.5158526400725046;False;False;E;0.2051570018132528;False;False
2023;Rosa;CH;77;geral;C;0.1266734547648678;False;D;0.5924948453903198;False;False;D;0.5478244622548422;False;False;E;-0.0290465056896209;False;False
2023;Rosa;CH;78;geral;E;0.1712346842601319;False;B;0.4862957298755646;False;False;E;0.4331531922022502;False;True;A;0.1911233762900034;False;False
2023;Rosa;CH;79;geral;E;0.2503588968643748;False;E;0.4341391623020172;False;True;B;0.3409362733364105;False;False;A;-0.0250477890173594;False;False
2023;Rosa;CH;80;geral;D;0.1704266334126894;False;D;0.716264009475708;False;True;D;0.410525639851888;False;True;A;0.0077014863491057;False;False
2023;Rosa;CH;81;geral;E;0.2576169955394269;False;D;0.5591880083084106;False;False;D;0.5081720550855001;False;False;C;0.0637527505556742;False;False
2023;Rosa;CH;82;geral;D;0.188407978923598;False;E;0.4702546000480652;False;False;C;0.3556461334228515;False;False;D;0.0946850180625915;False;True
2023;Rosa;CH;83;geral;E;0.205942236633738;False;C;0.3231381177902221;False;False;D;0.3059445122877757;False;False;B;0.0559978187084197;False;False
2023;Rosa;CH;84;geral;B;0.1731277865941207;False;B;0.5701677799224854;False;True;A;0.6125317414601644;False;False;E;0.1444236040115356;False;False
2023;Rosa;CH;85;geral;B;0.0822532027128862;False;B;0.5554634928703308;False;True;B;0.5918504397074381;False;True;E;0.1099034051100412;False;False
2023;Rosa;CH;86;geral;B;0.1865691338938954;False;E;0.3252910375595093;False;False;A;0.3481541623671849;False;False;A;0.0690610160430272;False;False
2023;Rosa;CH;87;geral;C;0.1143462149285336;False;C;0.6127707362174988;False;True;C;0.5393665631612142;False;True;D;0.0884111225605011;False;False
2023;Rosa;CH;88;geral;B;0.1351891667609671;False;B;0.3604775071144104;False;True;D;0.4046227733294169;False;False;C;0.1187580823898316;False;False
2023;Rosa;CH;89;geral;A;0.1105497322977151;False;A;0.5133432745933533;False;True;A;0.5109943350156149;False;True;C;0.0768291254838308;False;False
2023;Rosa;CH;90;geral;C;0.0653575063133692;False;A;0.1585041433572769;False;False;A;0.3588417669137319;False;False;D;0.2611094837387403;False;False
2023;Rosa;CN;91;geral;D;0.0638464245220315;False;D;0.7367655634880066;False;True;D;0.6365078389644623;False;True;B;-0.0669875542322794;False;False
2023;Rosa;CN;92;geral;B;0.3724561678146524;False;C;0.3673615455627441;False;False;D;0.523515651623408;False;False;D;0.2136741677920023;False;False
2023;Rosa;CN;93;geral;B;0.1605083088954056;False;C;0.8577355146408081;False;False;E;0.7120507558186849;False;False;B;0.0774591962496439;False;True
2023;Rosa;CN;94;geral;C;0.1769444335822938;False;C;0.5045602917671204;False;True;D;0.5734272499879202;False;False;D;0.1170299251874288;False;False
2023;Rosa;CN;95;geral;C;0.3147249823957437;False;D;0.5910694599151611;False;False;C;0.6195250948270162;False;True;C;0.0307218035062154;False;True
2023;Rosa;CN;96;geral;A;0.3821459294596074;False;B;0.7633995413780212;False;False;B;0.6354781985282898;False;False;A;-0.015644371509552;False;True
2023;Rosa;CN;99;geral;D;0.237707803637786;False;C;0.8909783363342285;False;False;C;0.7373802860577902;False;False;A;-0.0789532363414764;False;False
2023;Rosa;CN;100;geral;E;0.2287011309826634;False;E;0.5258585214614868;False;True;B;0.414888580640157;False;False;D;-0.0588191151618956;False;False
2023;Rosa;CN;101;geral;D;0.3348462320995383;False;A;0.4812915325164795;False;False;D;0.3567114075024922;False;True;D;-0.0577365259329477;False;True
2023;Rosa;CN;102;geral;B;0.5655388226090358;False;C;0.4552751779556274;False;False;D;0.6142332951227824;False;False;A;0.1823177436987558;False;False
2023;Rosa;CN;104;geral;E;0.364547447541497;False;C;0.5554147958755493;False;False;C;0.5353362560272217;False;False;E;0.1329908967018127;False;True
2023;Rosa;CN;105;geral;E;0.3429845840832616;False;C;0.920397162437439;False;False;E;0.8489851951599121;False;True;A;0.1378894845644632;False;False
2023;Rosa;CN;108;geral;A;0.3037202206313812;False;B;0.7521768808364868;False;False;E;0.6046286225318909;False;False;E;-0.0301584601402282;False;False
2023;Rosa;CN;109;geral;B;0.199513954217623;False;C;0.9837725758552552;False;False;C;0.9540217717488608;False;False;E;0.0073860287666319;False;False
2023;Rosa;CN;110;geral;A;0.3330464716006884;False;A;0.4496641755104065;False;True;A;0.596585750579834;False;True;C;0.1483336488405863;False;False
2023;Rosa;CN;114;geral;D;0.2706972742559931;False;E;0.6570941209793091;False;False;E;0.3929291367530823;False;False;B;-0.078757256269455;False;False
2023;Rosa;CN;115;geral;E;0.505184083884346;False;B;0.5325966477394104;False;False;D;0.5707812507947286;False;False;E;0.1554036537806193;False;True
2023;Rosa;CN;117;geral;A;0.2415952408907674;False;B;0.7264851331710815;False;False;B;0.611695925394694;False;False;D;-0.0469575524330139;False;False
2023;Rosa;CN;118;geral;E;0.3612491683951004;False;E;0.6461708545684814;False;True;C;0.5817737380663554;False;False;B;0.0916438897450765;False;False
2023;Rosa;CN;119;geral;B;0.5160431992487087;False;C;0.8238124847412109;False;False;E;0.4817750155925751;False;False;B;0.0154739618301392;False;True
2023;Rosa;CN;121;geral;C;0.320880926302613;False;C;0.6107616424560547;False;True;D;0.4625624815622965;False;False;E;0.0342854559421539;False;False
2023;Rosa;CN;122;geral;E;0.2809587217043941;False;B;0.7657281756401062;False;False;B;0.7586448589960734;False;False;D;0.0787407358487447;False;False
2023;Rosa;CN;123;geral;E;0.2799233086825527;False;E;0.6061496734619141;False;True;B;0.4844675163427989;False;False;A;0.2098578959703445;False;False
2023;Rosa;CN;124;geral;E;0.3690224622368318;False;E;0.5268881320953369;False;True;C;0.5107368727525076;False;False;A;0.3124901354312897;False;False
2023;Rosa;CN;125;geral;A;0.1830236651672208;False;D;0.4326682686805725;False;False;B;0.5063433647155762;False;False;C;0.1471319496631622;False;False
2023;Rosa;CN;126;geral;C;0.2849933495031688;False;C;0.5650959014892578;False;True;B;0.5873457193374634;False;False;D;0.1888063251972199;False;False
2023;Rosa;CN;127;geral;C;0.3344162198129085;False;C;0.5702334046363831;False;True;D;0.555943896373113;False;False;A;0.050311436255773;False;False
2023;Rosa;CN;128;geral;C;0.446604600219058;False;B;0.5187146067619324;False;False;B;0.443311075369517;False;False;C;0.0094786683718363;False;True
2023;Rosa;CN;129;geral;D;0.2967403228334117;False;E;0.9461459517478944;False;False;D;0.9385166565577188;False;True;D;0.0443090597788492;False;True
2023;Rosa;CN;130;geral;E;0.2917057902973396;False;E;0.5659182667732239;False;True;A;0.5458555221557617;False;False;A;0.1170170903205872;False;False
2023;Rosa;CN;131;geral;C;0.0306597317273473;False;E;0.5352245569229126;False;False;E;0.5528267025947571;False;False;D;0.0828498502572377;False;False
2023;Rosa;CN;132;geral;D;0.2828519996869374;False;D;0.3812312483787536;False;True;C;0.4748334884643554;False;False;C;0.1725896000862121;False;False
2023;Rosa;CN;134;geral;E;0.2761427676894176;False;D;0.4635155797004699;False;False;D;0.4984657665093739;False;False;C;0.1916842559973399;False;False
2023;Rosa;LC;1;espanhol;E;0.2300824175824175;False;C;0.4222683012485504;False;False;E;0.41300830245018;False;True;E;0.0095213055610656;False;True
2023;Rosa;LC;1;inglês;C;0.4097455221184122;False;C;0.4156413674354553;False;True;A;0.3408849736054738;False;False;A;0.1873478492101034;False;False
2023;Rosa;LC;2;espanhol;C;0.2402802582772359;False;E;0.3811923861503601;False;False;D;0.4173270712296168;False;False;D;0.1753607938687007;False;False
2023;Rosa;LC;2;inglês;A;0.2425732325846185;False;A;0.4444462656974792;False;True;A;0.2300106684366861;False;True;C;0.0726398179928461;False;False
2023;Rosa;LC;3;espanhol;C;0.154216535974687;False;D;0.5135453343391418;False;False;E;0.350279594461123;False;False;B;0.095094030102094;False;False
2023;Rosa;LC;3;inglês;C;0.046344613794885;False;A;0.542792797088623;False;False;E;0.3618051409721374;False;False;E;0.1572160720825195;False;False
2023;Rosa;LC;4;espanhol;C;0.2805547926393847;False;E;0.5520697832107544;False;False;E;0.525061845779419;False;False;E;-0.0270079374313354;False;False
2023;Rosa;LC;4;inglês;D;0.0756902078378657;False;A;0.4213874936103821;False;False;E;0.4345782001813252;False;False;E;0.1577566464742024;False;False
2023;Rosa;LC;5;espanhol;C;0.1659580304484981;False;D;0.5621367692947388;False;False;C;0.441087394952774;False;True;B;0.229443185031414;False;False
2023;Rosa;LC;5;inglês;B;0.1283633158795168;False;B;0.6036778688430786;False;True;B;0.4047362009684245;False;True;E;-0.0006752610206604;False;False
2023;Rosa;LC;6;geral;C;0.1841798563855784;False;C;0.6670441031455994;False;True;D;0.3157553573449452;False;False;B;0.0011283506949742;False;False
2023;Rosa;LC;7;geral;C;0.0163669807425203;False;D;0.6465764045715332;False;False;E;0.4535370667775472;False;False;B;-0.0227402846018472;False;False
2023;Rosa;LC;8;geral;B;0.2315592203898051;False;B;0.6118221282958984;False;True;B;0.581026166677475;False;True;D;-0.0104094346364339;False;False
2023;Rosa;LC;9;geral;B;0.1598081103365564;False;E;0.7231792211532593;False;False;D;0.395986517270406;False;False;B;-0.033325786391894;False;True
2023;Rosa;LC;10;geral;C;0.247072951065746;False;E;0.4186458587646484;False;False;D;0.3888753056526184;False;False;D;0.1418372541666031;False;False
2023;Rosa;LC;11;geral;E;0.0923284792073262;False;A;0.4827116727828979;False;False;E;0.5169891715049744;False;True;C;0.2552758703629176;False;False
2023;Rosa;LC;12;geral;D;0.0569008171527101;False;D;0.3813596367835998;False;True;C;0.3753859351078669;False;False;C;0.0160132298866908;False;False
2023;Rosa;LC;13;geral;B;0.0683799218515178;False;B;0.5393497943878174;False;True;B;0.4257359107335408;False;True;E;0.0244213243325551;False;False
2023;Rosa;LC;14;geral;C;0.3108031992790357;False;D;0.4634568691253662;False;False;E;0.3906240065892537;False;False;C;0.0032326281070709;False;True
2023;Rosa;LC;15;geral;D;0.3423035118623739;False;D;0.5106697082519531;False;True;E;0.5042470097541809;False;False;B;0.0836573342482248;False;False
2023;Rosa;LC;16;geral;B;0.1287073097663271;False;B;0.6356738805770874;False;True;D;0.5491783916950226;False;False;E;0.043955385684967;False;False
2023;Rosa;LC;17;geral;B;0.3412210305257631;False;C;0.3902108073234558;False;False;B;0.386564979950587;False;True;B;0.0112663606802622;False;True
2023;Rosa;LC;18;geral;B;0.4351560156015601;False;B;0.6047464609146118;False;True;C;0.4675823052724202;False;False;E;-0.0122849941253661;False;False
2023;Rosa;LC;19;geral;B;0.2840593836694909;False;D;0.6376328468322754;False;False;B;0.407239278157552;False;True;E;-0.0439511934916179;False;False
2023;Rosa;LC;20;geral;B;0.230705674691103;False;B;0.3066383004188537;False;True;B;0.2934067547321319;False;True;C;0.1009097318165004;False;False
2023;Rosa;LC;21;geral;E;0.1118406242965408;False;C;0.5438548922538757;False;False;E;0.2146401231487591;False;True;D;0.0628996801873048;False;False
2023;Rosa;LC;22;geral;E;0.2095002436921231;False;D;0.4804823398590088;False;False;B;0.3988467454910278;False;False;A;0.0800707439581553;False;False
2023;Rosa;LC;23;geral;C;0.1514003974354167;False;E;0.447401612997055;False;False;E;0.3250896036624908;False;False;D;0.0479130794604619;False;False
2023;Rosa;LC;24;geral;B;0.5724034495688038;False;A;0.5754062533378601;False;False;B;0.4328817824522654;False;True;B;0.027608315149943;False;True
2023;Rosa;LC;25;geral;E;0.1504830645464456;False;C;0.5902249813079834;False;False;E;0.5135192573070526;False;True;B;0.0275143682956695;False;False
2023;Rosa;LC;26;geral;B;0.1672288434150363;False;E;0.5257404446601868;False;False;E;0.3672440350055694;False;False;D;-0.077992816766103;False;False
2023;Rosa;LC;27;geral;A;0.1290915915915916;False;A;0.6836386322975159;False;True;D;0.5186011095841726;False;False;E;0.0286473135153453;False;False
2023;Rosa;LC;28;geral;B;0.4000826073896065;False;D;0.4534466564655304;False;False;D;0.6224103569984436;False;False;E;0.2101481755574544;False;False
2023;Rosa;LC;29;geral;D;0.1263453965872867;False;D;0.7226678729057312;False;True;C;0.6363660097122192;False;False;B;0.0917732218901316;False;False
2023;Rosa;LC;30;geral;A;0.135579231692677;False;A;0.4932655096054077;False;True;C;0.5725151300430298;False;False;C;0.1948102116584777;False;False
2023;Rosa;LC;31;geral;C;0.3731427285006753;False;D;0.6390323042869568;False;False;D;0.581526497999827;False;False;A;0.0573308567206065;False;False
2023;Rosa;LC;32;geral;A;0.2111302782569564;False;C;0.5370047092437744;False;False;C;0.4527877966562907;False;False;A;0.0846445560455322;False;True
2023;Rosa;LC;33;geral;B;0.2591786170132892;False;C;0.6945493221282959;False;False;C;0.579586923122406;False;False;E;0.094748576482137;False;False
2023;Rosa;LC;34;geral;B;0.188105793072357;False;E;0.5804873704910278;False;False;E;0.4941105345884959;False;False;C;0.1105419794718424;False;False
2023;Rosa;LC;35;geral;C;0.3127041946749784;False;E;0.3304831683635711;False;False;A;0.3378899246454239;False;False;A;0.1690313816070557;False;False
2023;Rosa;LC;36;geral;B;0.2472977030475904;False;A;0.3775157928466797;False;False;B;0.4125301589568456;False;True;B;0.2075456877549489;False;True
2023;Rosa;LC;37;geral;D;0.1308965361954441;False;D;0.5817368030548096;False;True;C;0.5378428399562836;False;False;C;0.1371646523475647;False;False
2023;Rosa;LC;38;geral;A;0.560193700964751;False;A;0.3231606483459472;False;True;C;0.3684824109077453;False;False;C;0.0829518139362335;False;False
2023;Rosa;LC;39;geral;D;0.1387250666766838;False;D;0.5080398917198181;False;True;D;0.4942401746908824;False;True;C;0.0783648490905762;False;False
2023;Rosa;LC;40;geral;B;0.1409620443442314;False;B;0.47449791431427;False;True;A;0.4795416196187337;False;False;A;0.2881019314130147;False;False
2023;Rosa;LC;41;geral;C;0.2477773192782383;False;C;0.7473710179328918;False;True;C;0.6702657341957092;False;True;A;0.0498529175917308;False;False
2023;Rosa;LC;42;geral;E;0.2208558965102286;False;E;0.5751561522483826;False;True;E;0.3785933057467143;False;True;D;-0.0662756562232971;False;False
2023;Rosa;LC;43;geral;D;0.1460969473960875;False;E;0.4765933156013489;False;False;D;0.5242796142896017;False;True;D;0.076287587483724;False;True
2023;Rosa;LC;44;geral;B;0.3335719129058992;False;D;0.3167969584465027;False;False;D;0.435917317867279;False;False;A;0.1646948059399922;False;False
2023;Rosa;LC;45;geral;D;0.1909289042537201;False;E;0.4843194186687469;False;False;D;0.4386670192082723;False;True;D;0.1147279938062031;False;True
2023;Rosa;MT;138;geral;E;0.1617255944931164;False;E;0.4077721536159515;False;True;B;0.4054066936175028;False;False;A;0.0650528669357299;False;False
2023;Rosa;MT;141;geral;A;0.2852838752592245;False;C;0.7894023656845093;False;False;C;0.5239280760288239;False;False;D;0.1499544183413188;False;False
2023;Rosa;MT;148;geral;B;0.1011152416356877;False;B;0.9926007390022278;False;True;D;0.9414295156796774;False;False;D;0.0270601709683737;False;False
2023;Rosa;MT;149;geral;D;0.2405197041443274;False;B;0.6044655442237854;False;False;B;0.5403250753879547;False;False;A;0.0326980849107106;False;False
2023;Rosa;MT;158;geral;B;0.3533469195798714;False;B;0.5621543526649475;False;True;B;0.4721112747987111;False;True;A;0.1218149363994598;False;False
2023;Rosa;MT;162;geral;E;0.280961908124436;False;D;0.908283531665802;False;False;E;0.7484796643257141;False;True;C;0.1577592094739278;False;False
2023;Rosa;MT;170;geral;D;0.2936448817971537;False;D;0.8323774337768555;False;True;C;0.8513289292653402;False;False;A;0.1179227431615194;False;False
2023;Rosa;MT;171;geral;C;0.3725866457803015;False;E;0.6372810006141663;False;False;B;0.5708907842636108;False;False;A;0.0891270240147908;False;False
2023;Rosa;MT;172;geral;C;0.208385629118293;False;D;0.9903360605239868;False;False;C;0.9754331906636556;False;True;A;0.0211243629455566;False;False
2023;Rosa;MT;173;geral;A;0.199138268703486;False;B;0.6771546602249146;False;False;B;0.5414654711882273;False;False;E;0.0435008505980173;False;False
2024;Amarela;CH;46;geral;B;0.2844957522608934;False;C;0.5556164979934692;False;False;E;0.4728962381680806;False;False;A;0.0009749829769135;False;False
2024;Amarela;CH;47;geral;C;0.2293543414968316;False;E;0.5161073207855225;False;False;D;0.3927889764308929;False;False;B;0.0027922143538792;False;False
2024;Amarela;CH;48;geral;B;0.1570358205891409;False;C;0.5334295034408569;False;False;E;0.3586737811565399;False;False;E;-0.0498571097850799;False;False
2024;Amarela;CH;49;geral;B;0.3037386394932525;False;D;0.6545560359954834;False;False;D;0.4674169619878133;False;False;B;-0.0243531862894694;False;True
2024;Amarela;CH;50;geral;E;0.2685422870246774;False;E;0.6033077239990234;False;True;C;0.4407700995604197;False;False;C;0.1556093792120616;False;False
2024;Amarela;CH;51;geral;B;0.1160910087719298;False;D;0.3843908607959747;False;False;D;0.4167850216229756;False;False;E;0.1022208531697591;False;False
2024;Amarela;CH;52;geral;C;0.1832745695409578;False;C;0.623503565788269;False;True;A;0.3886686066786448;False;False;B;-0.0085205137729644;False;False
2024;Amarela;CH;53;geral;B;0.2655161766219508;False;D;0.6347097158432007;False;False;E;0.5313858886559805;False;False;E;0.1545589168866475;False;False
2024;Amarela;CH;54;geral;A;0.2139797841356861;False;A;0.3897428512573242;False;True;D;0.4766459167003631;False;False;B;0.1759896179040272;False;False
2024;Amarela;CH;55;geral;A;0.1309735725044502;False;B;0.4082672595977783;False;False;E;0.4372193316618601;False;False;E;0.098746637503306;False;False
2024;Amarela;CH;56;geral;B;0.4065274778017758;False;C;0.2469432651996612;False;False;A;0.4103235602378845;False;False;B;0.284964735309283;False;True
2024;Amarela;CH;57;geral;B;0.233772923964558;False;C;0.4614927172660827;False;False;B;0.496957004070282;False;True;A;0.1746373573939005;False;False
2024;Amarela;CH;58;geral;A;0.1513457911880679;False;D;0.5996299982070923;False;False;A;0.4723171691099803;False;True;C;-0.0104666948318482;False;False
2024;Amarela;CH;59;geral;E;0.2266717038156403;False;E;0.6040126085281372;False;True;C;0.5332728425661722;False;False;D;0.0809780359268189;False;False
2024;Amarela;CH;60;geral;D;0.3643214359114887;False;D;0.5225996375083923;False;True;E;0.4120693405469258;False;False;E;0.0172561009724934;False;False
2024;Amarela;CH;61;geral;C;0.1698526892771497;False;C;0.7446646690368652;False;True;C;0.6368008852005005;False;True;E;0.0389153063297271;False;False
2024;Amarela;CH;62;geral;C;0.1948920123414466;False;D;0.5132226943969727;False;False;B;0.3755586544672647;False;False;C;0.1002555290857951;False;True
2024;Amarela;CH;63;geral;A;0.2699458050353296;False;D;0.4629555642604828;False;False;A;0.4804836312929789;False;True;C;0.0375767052173614;False;False
2024;Amarela;CH;64;geral;E;0.2795993963506654;False;D;0.6722838282585144;False;False;A;0.4318459431330363;False;False;B;0.1054889857769013;False;False
2024;Amarela;CH;65;geral;A;0.2656951825818618;False;C;0.5322037935256958;False;False;A;0.4369668861230214;False;True;B;0.1493807931741078;False;False
2024;Amarela;CH;66;geral;C;0.1943405933802092;False;D;0.5315366983413696;False;False;D;0.4215000371138255;False;False;C;-0.0356155335903168;False;True
2024;Amarela;CH;67;geral;C;0.3123647975826666;False;B;0.3523468971252441;False;False;B;0.3853697578112284;False;False;E;0.1234698096911113;False;False
2024;Amarela;CH;68;geral;A;0.1390345016616987;False;C;0.4152736663818359;False;False;A;0.3828493058681488;False;True;A;0.1312058866024018;False;True
2024;Amarela;CH;69;geral;B;0.1522261096247513;False;E;0.4076622724533081;False;False;C;0.3423155844211578;False;False;B;-0.0004428724447886;False;True
2024;Amarela;CH;70;geral;B;0.2646544332018521;False;E;0.6073130369186401;False;False;A;0.3738032976786296;False;False;B;-0.010793204108874;False;True
2024;Amarela;CH;71;geral;C;0.2470996087046063;False;E;0.4055018424987793;False;False;D;0.3762309352556864;False;False;C;0.0440802375475564;False;True
2024;Amarela;CH;72;geral;A;0.2359928591046415;False;E;0.4136642813682556;False;False;E;0.2794153491655985;False;False;D;-0.1291822666923204;False;False
2024;Amarela;CH;73;geral;D;0.082785672504559;False;D;0.5048548579216003;False;True;E;0.4108252227306366;False;False;E;0.1512697041034699;False;False
2024;Amarela;CH;74;geral;C;0.1674045094203644;False;A;0.5277283191680908;False;False;A;0.4478657344977061;False;False;B;0.0161243279774984;False;False
2024;Amarela;CH;75;geral;E;0.4439862542955326;False;D;0.5549578070640564;False;False;D;0.5325538714726766;False;False;B;0.1043772399425507;False;False
2024;Amarela;CH;76;geral;C;0.1646291208791208;False;D;0.5586767196655273;False;False;C;0.3805707991123199;False;True;C;0.0195790231227875;False;True
2024;Amarela;CH;77;geral;E;0.5012374535954902;False;A;0.4955027401447296;False;False;A;0.443909615278244;False;False;C;0.1005332767963409;False;False
2024;Amarela;CH;78;geral;B;0.2330571124024344;False;C;0.5124160647392273;False;False;B;0.4756263097127278;False;True;B;0.0262857874234517;False;True
2024;Amarela;CH;79;geral;D;0.0677669503156739;False;C;0.5515554547309875;False;False;B;0.1651773204406102;False;False;B;0.0882066910465558;False;False
2024;Amarela;CH;80;geral;C;0.2643713706490739;False;A;0.5177651047706604;False;False;B;0.3116828997929891;False;False;C;0.0032014399766921;False;True
2024;Amarela;CH;81;geral;E;0.3633547854217572;False;D;0.6266913414001465;False;False;D;0.5024261474609375;False;False;A;0.0997545818487803;False;False
2024;Amarela;CH;82;geral;E;0.1904860250585157;False;D;0.5948445796966553;False;False;C;0.4109063645203908;False;False;B;0.0444005727767944;False;False
2024;Amarela;CH;83;geral;D;0.1705661417594156;False;D;0.533124566078186;False;True;C;0.4927301009496053;False;False;A;0.1041404604911804;False;False
2024;Amarela;CH;84;geral;D;0.176660818109884;False;A;0.5038448572158813;False;False;A;0.3773088653882344;False;False;D;0.0209283530712127;False;True
2024;Amarela;CH;85;geral;B;0.1704482948294829;False;D;0.3450435996055603;False;False;E;0.3935275773207347;False;False;E;0.0955492953459422;False;False
2024;Amarela;CH;86;geral;B;0.2256030323914541;False;A;0.5835024118423462;False;False;B;0.4547743896643321;False;True;C;0.0426768759886423;False;False
2024;Amarela;CH;87;geral;D;0.109085279851388;False;A;0.4844700992107391;False;False;E;0.3760026097297668;False;False;B;-0.0328630904356638;False;False
2024;Amarela;CH;88;geral;C;0.23308451721647;False;B;0.4891889691352844;False;False;A;0.4662185410658518;False;False;A;0.0718399385611216;False;False
2024;Amarela;CH;89;geral;B;0.2184260375408989;False;C;0.5761605501174927;False;False;C;0.4062289595603943;False;False;A;0.0509007175763448;False;False
2024;Amarela;CH;90;geral;B;0.0701790562600955;False;D;0.5324649810791016;False;False;D;0.4417077253262202;False;False;E;0.0396584918101628;False;False
2024;Amarela;CN;91;geral;E;0.5707657434299072;False;E;0.5591223835945129;False;True;B;0.3697717090447743;False;False;B;-0.0959460834662119;False;False
2024;Amarela;CN;92;geral;C;0.267229154849688;False;E;0.6544671058654785;False;False;D;0.5624924302101135;False;False;D;0.0330522060394287;False;False
2024;Amarela;CN;93;geral;A;0.2124176057835424;False;D;0.3898613154888153;False;False;A;0.4002904593944549;False;True;B;0.278591697414716;False;False
2024;Amarela;CN;95;geral;C;0.2390226628895184;False;D;0.8091166615486145;False;False;C;0.8172788619995117;False;True;C;0.0350002646446228;False;True
2024;Amarela;CN;96;geral;D;0.1815249370812803;False;B;0.4366901516914367;False;False;E;0.455505500237147;False;False;C;0.1453652679920197;False;False
2024;Amarela;CN;97;geral;D;0.2342377444035137;False;D;0.9965630173683168;False;True;B;0.9950899084409078;False;False;A;0.0039543708165487;False;False
2024;Amarela;CN;98;geral;E;0.4529838852488047;False;A;0.4578772187232971;False;False;B;0.4321808516979217;False;False;B;0.1277876198291778;False;False
2024;Amarela;CN;99;geral;E;0.1985473870682019;False;B;0.612083911895752;False;False;B;0.544554591178894;False;False;C;0.0021762251853942;False;False
2024;Amarela;CN;101;geral;D;0.1548387096774193;False;C;0.5481312274932861;False;False;D;0.5185802578926086;False;True;B;0.1967095534006755;False;False
2024;Amarela;CN;105;geral;A;0.3618386079313889;False;A;0.46905317902565;False;True;A;0.5007710059483846;False;True;D;0.0727713505427043;False;False
2024;Amarela;CN;107;geral;B;0.2304612768369588;False;B;0.7138720750808716;False;True;D;0.7541629672050476;False;False;A;0.1070848107337951;False;False
2024;Amarela;CN;108;geral;B;0.2795546415147862;False;E;0.8544937372207642;False;False;B;0.8239627083142599;False;True;C;0.0511422355969747;False;False
2024;Amarela;CN;112;geral;D;0.2139541476205662;False;C;0.5382408499717712;False;False;B;0.573900580406189;False;False;E;0.1493369738260905;False;False
2024;Amarela;CN;113;geral;D;0.3414616856879563;False;D;0.4089734852313995;False;True;B;0.5428261260191599;False;False;C;0.1774179438749949;False;False
2024;Amarela;CN;116;geral;D;0.3575806965949757;False;C;0.5924242734909058;False;False;B;0.6085530122121176;False;False;A;0.0555249055226644;False;False
2024;Amarela;CN;117;geral;B;0.2617173650996242;False;B;0.994896650314331;False;True;A;0.9003773729006449;False;False;A;0.0389878551165262;False;False
2024;Amarela;CN;118;geral;D;0.2704237348285896;False;D;0.8429672718048096;False;True;E;0.7481328447659811;False;False;E;0.1252087553342183;False;False
2024;Amarela;CN;119;geral;A;0.1603887351918848;False;E;0.5809375643730164;False;False;E;0.5235956211884817;False;False;A;0.0547471940517425;False;True
2024;Amarela;CN;120;geral;A;0.2147951037786056;False;B;0.9712494611740112;False;False;B;0.9235620101292928;False;False;E;-0.0321768919626871;False;False
2024;Amarela;CN;121;geral;B;0.3632498316975516;False;C;0.6800152063369751;False;False;D;0.4458483060201009;False;False;A;0.1035273422797521;False;False
2024;Amarela;CN;123;geral;B;0.1325839509237261;False;E;0.8814656138420105;False;False;D;0.855086882909139;False;False;B;0.2239476442337036;False;True
2024;Amarela;CN;125;geral;C;0.3292090615804587;False;C;0.61675626039505;False;True;C;0.6153040925661722;False;True;E;0.0338338216145833;False;False
2024;Amarela;CN;126;geral;C;0.400297619047619;False;A;0.5743728280067444;False;False;B;0.468623012304306;False;False;D;0.0199777483940125;False;False
2024;Amarela;CN;127;geral;E;0.2673239236825306;False;B;0.6491546034812927;False;False;A;0.3985954225063324;False;False;A;0.0971440970897675;False;False
2024;Amarela;CN;128;geral;E;0.2666690298110666;False;A;0.5482420325279236;False;False;A;0.455371081829071;False;False;B;0.1167384386062622;False;False
2024;Amarela;CN;129;geral;B;0.2017301283414876;False;A;0.7889742851257324;False;False;E;0.796287735303243;False;False;C;0.2302528023719787;False;False
2024;Amarela;CN;130;geral;B;0.1680138977522512;False;C;0.6671950817108154;False;False;C;0.4060188631216685;False;False;A;0.0006266633669535;False;False
2024;Amarela;CN;131;geral;A;0.1969213307795985;False;C;0.5318846106529236;False;False;E;0.6137431263923645;False;False;D;0.2191159625848135;False;False
2024;Amarela;CN;132;geral;C;0.1822726466938486;False;C;0.5761324167251587;False;True;A;0.5127307176589966;False;False;A;0.1305663287639618;False;False
2024;Amarela;CN;133;geral;A;0.1077146500425049;False;A;0.598419189453125;False;True;E;0.5021896560986837;False;False;C;0.0626987516880035;False;False
2024;Amarela;CN;134;geral;C;0.2603871242200794;False;B;0.4541428983211517;False;False;B;0.5082912147045135;False;False;E;0.1457900206247965;False;False
2024;Amarela;LC;1;espanhol;A;0.2131056504234346;False;B;0.2539390921592712;False;False;A;0.3668166995048523;False;True;A;0.1469508260488511;False;True
2024;Amarela;LC;1;inglês;B;0.0279603027144605;False;B;0.5136420726776123;False;True;D;0.3928157389163971;False;False;C;0.1345833043257394;False;False
2024;Amarela;LC;2;espanhol;C;0.3388487208008899;False;E;0.4973077774047851;False;False;A;0.148205262919267;False;False;B;0.1067211429278055;False;False
2024;Amarela;LC;2;inglês;B;0.2864406010259204;False;C;0.3907181918621063;False;False;B;0.4099033822615941;False;True;B;0.1439556827147802;False;True
2024;Amarela;LC;3;espanhol;A;0.2305230940456316;False;E;0.487615168094635;False;False;A;0.3651799261569977;False;True;C;-0.0461384256680806;False;False
2024;Amarela;LC;3;inglês;A;0.1547435315478892;False;D;0.7014299035072327;False;False;D;0.4704112907250722;False;False;E;-0.0910348743200302;False;False
2024;Amarela;LC;4;espanhol;C;0.2760924018925689;False;E;0.7075422406196594;False;False;D;0.6555711527665457;False;False;C;0.017147680123647;False;True
2024;Amarela;LC;4;inglês;C;0.2340193539593839;False;D;0.68278968334198;False;False;B;0.5159038503964742;False;False;C;0.0101639628410339;False;True
2024;Amarela;LC;5;espanhol;A;0.1724185917060952;False;D;0.5462818145751953;False;False;A;0.3859929541746775;False;True;A;0.0826038221518199;False;True
2024;Amarela;LC;5;inglês;B;0.1162093403598037;False;E;0.6061766743659973;False;False;E;0.4740235606829325;False;False;D;0.0459081530570983;False;False
2024;Amarela;LC;6;geral;C;0.2264622334782162;False;C;0.4260537326335907;False;True;C;0.2469502091407775;False;True;B;-0.03922434647878;False;False
2024;Amarela;LC;7;geral;B;0.1167304537998906;False;B;0.4377341270446777;False;True;B;0.2250060439109801;False;True;D;-0.0606480321536461;False;False
2024;Amarela;LC;8;geral;A;0.0718681619256017;False;B;0.4786102771759033;False;False;B;0.3526228467623393;False;False;E;-0.0538519422213236;False;False
2024;Amarela;LC;9;geral;B;0.089546621043627;False;D;0.522821843624115;False;False;D;0.2622618079185485;False;False;A;-0.0914413295686245;False;False
2024;Amarela;LC;10;geral;D;0.0399111566717922;False;D;0.4951773881912231;False;True;B;0.418548693259557;False;False;A;0.0117364525794983;False;False
2024;Amarela;LC;11;geral;D;0.0783120169619041;False;D;0.4997100830078125;False;True;E;0.2628337740898132;False;False;A;0.0849131147066752;False;False
2024;Amarela;LC;12;geral;C;0.2133816788670726;False;C;0.4234355092048645;False;True;A;0.3959116240342458;False;False;A;0.0666388173898061;False;False
2024;Amarela;LC;13;geral;E;0.1081782482499573;False;E;0.4428317248821258;False;True;A;0.4457512398560841;False;False;C;0.2490936070680618;False;False
2024;Amarela;LC;14;geral;A;0.4592311375607086;False;A;0.6668744087219238;False;True;D;0.6455313165982565;False;False;C;0.0513181388378143;False;False
2024;Amarela;LC;15;geral;D;0.2034605389139652;False;C;0.6195836067199707;False;False;A;0.4537940770387649;False;False;A;0.2745310515165329;False;False
2024;Amarela;LC;16;geral;D;0.073194046155947;False;B;0.5080541372299194;False;False;B;0.4315221707026164;False;False;C;0.0759754478931427;False;False
2024;Amarela;LC;17;geral;A;0.1525499042931364;False;E;0.7079875469207764;False;False;A;0.402938852707545;False;True;A;-0.0588601728280385;False;True
2024;Amarela;LC;18;geral;E;0.1435652025294821;False;E;0.4207111299037933;False;True;A;0.4173137942949931;False;False;A;0.2086837391058604;False;False
2024;Amarela;LC;19;geral;A;0.2550078621726943;False;B;0.5721964836120605;False;False;B;0.4151199162006378;False;False;C;-0.0497242510318756;False;False
2024;Amarela;LC;20;geral;B;0.2207534246575342;False;D;0.6377049684524536;False;False;A;0.4482620358467102;False;False;C;-0.0707415441672007;False;False
2024;Amarela;LC;21;geral;B;0.315683187294633;False;B;0.5599493980407715;False;True;D;0.3971536457538605;False;False;A;-0.0011878311634063;False;False
2024;Amarela;LC;22;geral;D;0.1423783303122542;False;D;0.4312246441841125;False;True;B;0.3481198002894719;False;False;E;0.0546069840590159;False;False
2024;Amarela;LC;23;geral;A;0.1211800095713406;False;E;0.6061053276062012;False;False;D;0.5394678711891174;False;False;C;0.11126775542895;False;False
2024;Amarela;LC;24;geral;A;0.1076912554290209;False;B;0.3071233630180359;False;False;C;0.5474591155846914;False;False;C;0.3124905129273733;False;False
2024;Amarela;LC;25;geral;C;0.0993542656052478;False;E;0.5130641460418701;False;False;C;0.3086258769035339;False;True;C;0.0283640027046203;False;True
2024;Amarela;LC;26;geral;A;0.0635723562786246;False;B;0.4825767278671264;False;False;C;0.2572059333324432;False;False;C;-0.0007103979587554;False;False
2024;Amarela;LC;27;geral;A;0.3197004411312109;False;E;0.5668787956237793;False;False;E;0.4911542634169261;False;False;A;0.0849856634934743;False;True
2024;Amarela;LC;28;geral;D;0.3415135024129787;False;C;0.4292556345462799;False;False;D;0.4137126704057057;False;True;B;0.0511184185743331;False;False
2024;Amarela;LC;29;geral;E;0.2148191285283639;False;A;0.6385179758071899;False;False;B;0.4889016846815745;False;False;C;-0.0156494975090026;False;False
2024;Amarela;LC;30;geral;D;0.2372357946747186;False;D;0.5784980058670044;False;True;D;0.3264402945836385;False;True;E;-0.0056764433781306;False;False
2024;Amarela;LC;31;geral;A;0.2158507360492982;False;E;0.6412750482559204;False;False;E;0.5606822570164999;False;False;C;0.0569596091906229;False;False
2024;Amarela;LC;32;geral;C;0.1963013698630137;False;E;0.7456824779510498;False;False;C;0.6977300643920898;False;True;A;0.0939494172732035;False;False
2024;Amarela;LC;33;geral;A;0.0556050431684253;False;D;0.5830973386764526;False;False;D;0.636591504017512;False;False;A;0.0687556068102518;False;True
2024;Amarela;LC;34;geral;E;0.0702504790583082;False;A;0.6290892362594604;False;False;A;0.5309522151947021;False;False;C;0.1527005583047867;False;False
2024;Amarela;LC;35;geral;D;0.3973648186173854;False;E;0.3619385361671448;False;False;D;0.1844822963078816;False;True;D;0.1228999284406503;False;True
2024;Amarela;LC;36;geral;A;0.297607984856307;False;A;0.549294114112854;False;True;A;0.5468284885088602;False;True;C;0.0764791667461395;False;False
2024;Amarela;LC;37;geral;D;0.2113843413932461;False;C;0.5780580639839172;False;False;C;0.4295319418112437;False;False;E;-0.0003044605255126;False;False
2024;Amarela;LC;38;geral;A;0.2793200356432929;False;A;0.5671588182449341;False;True;C;0.4061068346103032;False;False;C;-0.0747302720944086;False;False
2024;Amarela;LC;39;geral;E;0.3532130507720223;False;D;0.503331184387207;False;False;E;0.4681281050046285;False;True;A;-0.0066443979740142;False;False
2024;Amarela;LC;40;geral;D;0.0540401617435405;False;D;0.3535381555557251;False;True;A;0.4084246655305226;False;False;A;0.1805030604203542;False;False
2024;Amarela;LC;41;geral;D;0.1431163140959813;False;D;0.4542917609214782;False;True;E;0.3953828513622284;False;False;B;0.0773712297280629;False;False
2024;Amarela;LC;42;geral;C;0.2577047154917976;False;A;0.5664522647857666;False;False;C;0.4988674422105153;False;True;C;-0.0628649095694224;False;True
2024;Amarela;LC;43;geral;C;0.2775797051765512;False;C;0.6419894695281982;False;True;B;0.4683642983436584;False;False;E;0.0620523194471995;False;False
2024;Amarela;LC;44;geral;B;0.2486269394480296;False;B;0.5734980702400208;False;True;C;0.3881914814313252;False;False;C;0.0757180054982503;False;False
2024;Amarela;LC;45;geral;B;0.1817651899602249;False;D;0.4603733420372009;False;False;D;0.3768883049488067;False;False;B;-0.0368890563646952;False;True
2024;Amarela;MT;143;geral;B;0.2604827561762308;False;B;0.5899678468704224;False;True;C;0.5346842507521311;False;False;C;0.0256710747877756;False;False
2024;Amarela;MT;147;geral;B;0.3497356937595345;False;B;0.9481351971626282;False;True;D/E;0.8899988730748495;True;False;D/E;0.0176790555318197;True;False
2024;Amarela;MT;156;geral;A;0.3175210948025243;False;C;0.9252402782440186;False;False;A;0.7226116061210632;False;True;E;0.011315902074178;False;False
2024;Amarela;MT;158;geral;B;0.2697167601334563;False;D;0.9438881278038024;False;False;B;0.9196036060651144;False;True;A;0.0043384035428365;False;False
2024;Amarela;MT;161;geral;E;0.3711629227438873;False;B;0.8032615780830383;False;False;B;0.7205253839492798;False;False;E;-0.0513721903165181;False;True
2024;Amarela;MT;166;geral;D;0.1187251843448667;False;C;0.6978088021278381;False;False;D;0.4949953456719716;False;True;E;0.1256253818670909;False;False
2024;Amarela;MT;167;geral;C;0.3217970993936385;False;D;0.9497711062431335;False;False;E;0.6399516463279724;False;False;E;0.1782733201980591;False;False
2024;Amarela;MT;171;geral;E;0.2447589656273278;False;A;0.8595899343490601;False;False;C;0.5948008199532827;False;False;C;0.1794043680032095;False;False
2024;Amarela;MT;175;geral;D;0.2468592518986443;False;D;0.9852616786956788;False;True;E;0.9688438971837362;False;False;E;0.0246082146962484;False;False
2024;Amarela;MT;178;geral;D;0.1594192609421035;False;C;0.949743390083313;False;False;E;0.8772341211636862;False;False;D;0.0452940265337625;False;True
2024;Azul;CH;46;geral;A;0.2828323993886907;False;D;0.6347097158432007;False;False;E;0.5313858886559805;False;False;E;0.1545589168866475;False;False
2024;Azul;CH;47;geral;A;0.2137399395524162;False;A;0.3897428512573242;False;True;D;0.4766459167003631;False;False;B;0.1759896179040272;False;False
2024;Azul;CH;48;geral;B;0.1276516308590435;False;B;0.4082672595977783;False;True;E;0.4372193316618601;False;False;E;0.098746637503306;False;False
2024;Azul;CH;49;geral;B;0.4176690451919809;False;C;0.2469432651996612;False;False;A;0.4103235602378845;False;False;B;0.284964735309283;False;True
2024;Azul;CH;50;geral;C;0.1606912473687784;False;C;0.7446646690368652;False;True;C;0.6368008852005005;False;True;E;0.0389153063297271;False;False
2024;Azul;CH;51;geral;C;0.1976198571914315;False;D;0.5132226943969727;False;False;B;0.3755586544672647;False;False;C;0.1002555290857951;False;True
2024;Azul;CH;52;geral;A;0.2742242140286549;False;D;0.4629555642604828;False;False;A;0.4804836312929789;False;True;C;0.0375767052173614;False;False
2024;Azul;CH;53;geral;E;0.285151072290385;False;D;0.6722838282585144;False;False;A;0.4318459431330363;False;False;B;0.1054889857769013;False;False
2024;Azul;CH;54;geral;A;0.2640035327286932;False;C;0.5322037935256958;False;False;A;0.4369668861230214;False;True;B;0.1493807931741078;False;False
2024;Azul;CH;55;geral;C;0.1837802929880017;False;D;0.5315366983413696;False;False;D;0.4215000371138255;False;False;C;-0.0356155335903168;False;True
2024;Azul;CH;56;geral;C;0.3081213440348252;False;B;0.3523468971252441;False;False;B;0.3853697578112284;False;False;E;0.1234698096911113;False;False
2024;Azul;CH;57;geral;A;0.1252165053489556;False;C;0.4152736663818359;False;False;A;0.3828493058681488;False;True;A;0.1312058866024018;False;True
2024;Azul;CH;58;geral;B;0.2461559442228359;False;C;0.4614927172660827;False;False;B;0.496957004070282;False;True;A;0.1746373573939005;False;False
2024;Azul;CH;59;geral;A;0.1390523487193442;False;D;0.5996299982070923;False;False;A;0.4723171691099803;False;True;C;-0.0104666948318482;False;False
2024;Azul;CH;60;geral;E;0.2280875136314067;False;E;0.6040126085281372;False;True;C;0.5332728425661722;False;False;D;0.0809780359268189;False;False
2024;Azul;CH;61;geral;D;0.3562593448416474;False;D;0.5225996375083923;False;True;E;0.4120693405469258;False;False;E;0.0172561009724934;False;False
2024;Azul;CH;62;geral;B;0.2904514718939963;False;D;0.6545560359954834;False;False;D;0.4674169619878133;False;False;B;-0.0243531862894694;False;True
2024;Azul;CH;63;geral;E;0.2418049510337323;False;E;0.6033077239990234;False;True;C;0.4407700995604197;False;False;C;0.1556093792120616;False;False
2024;Azul;CH;64;geral;B;0.1269218968397368;False;D;0.3843908607959747;False;False;D;0.4167850216229756;False;False;E;0.1022208531697591;False;False
2024;Azul;CH;65;geral;C;0.1858825932988286;False;C;0.623503565788269;False;True;A;0.3886686066786448;False;False;B;-0.0085205137729644;False;False
2024;Azul;CH;66;geral;D;0.171639506004831;False;A;0.5038448572158813;False;False;A;0.3773088653882344;False;False;D;0.0209283530712127;False;True
2024;Azul;CH;67;geral;B;0.1630785974220317;False;D;0.3450435996055603;False;False;E;0.3935275773207347;False;False;E;0.0955492953459422;False;False
2024;Azul;CH;68;geral;B;0.2175408719346049;False;A;0.5835024118423462;False;False;B;0.4547743896643321;False;True;C;0.0426768759886423;False;False
2024;Azul;CH;69;geral;D;0.1038072879452893;False;A;0.4844700992107391;False;False;E;0.3760026097297668;False;False;B;-0.0328630904356638;False;False
2024;Azul;CH;70;geral;C;0.2258218199142448;False;B;0.4891889691352844;False;False;A;0.4662185410658518;False;False;A;0.0718399385611216;False;False
2024;Azul;CH;71;geral;B;0.2178123295144571;False;C;0.5761605501174927;False;False;C;0.4062289595603943;False;False;A;0.0509007175763448;False;False
2024;Azul;CH;72;geral;B;0.0725971370143149;False;D;0.5324652194976807;False;False;E;0.6448755661646525;False;False;E;0.1306009093920389;False;False
2024;Azul;CH;73;geral;C;0.2651156453316075;False;A;0.5177651047706604;False;False;B;0.3116828997929891;False;False;C;0.0032014399766921;False;True
2024;Azul;CH;74;geral;E;0.3607502131287297;False;D;0.6266913414001465;False;False;D;0.5024261474609375;False;False;A;0.0997545818487803;False;False
2024;Azul;CH;75;geral;E;0.1991404011461318;False;D;0.5948445796966553;False;False;C;0.4109063645203908;False;False;B;0.0444005727767944;False;False
2024;Azul;CH;76;geral;D;0.1576844262295082;False;D;0.533124566078186;False;True;C;0.4927301009496053;False;False;A;0.1041404604911804;False;False
2024;Azul;CH;77;geral;D;0.0659662008228773;False;C;0.5515554547309875;False;False;B;0.1651773204406102;False;False;B;0.0882066910465558;False;False
2024;Azul;CH;78;geral;E;0.5115430520034101;False;A;0.4955027401447296;False;False;A;0.443909615278244;False;False;C;0.1005332767963409;False;False
2024;Azul;CH;79;geral;B;0.248467302452316;False;C;0.5124160647392273;False;False;B;0.4756263097127278;False;True;B;0.0262857874234517;False;True
2024;Azul;CH;80;geral;D;0.0894778183805198;False;D;0.5048548579216003;False;True;E;0.4108252227306366;False;False;E;0.1512697041034699;False;False
2024;Azul;CH;81;geral;C;0.1669392204960479;False;A;0.5277283191680908;False;False;A;0.4478657344977061;False;False;B;0.0161243279774984;False;False
2024;Azul;CH;82;geral;E;0.4297032407881706;False;D;0.5549578070640564;False;False;D;0.5325538714726766;False;False;B;0.1043772399425507;False;False
2024;Azul;CH;83;geral;C;0.1653239571243258;False;D;0.5586767196655273;False;False;C;0.3805707991123199;False;True;C;0.0195790231227875;False;True
2024;Azul;CH;84;geral;B;0.2684868780754511;False;C;0.5556164979934692;False;False;E;0.4728962381680806;False;False;A;0.0009749829769135;False;False
2024;Azul;CH;85;geral;C;0.2357559826579729;False;E;0.5161073207855225;False;False;D;0.3927889764308929;False;False;B;0.0027922143538792;False;False
2024;Azul;CH;86;geral;B;0.1596933560477001;False;C;0.5334295034408569;False;False;E;0.3586737811565399;False;False;E;-0.0498571097850799;False;False
2024;Azul;CH;87;geral;B;0.1572842033435687;False;E;0.4076622724533081;False;False;C;0.3423155844211578;False;False;B;-0.0004428724447886;False;True
2024;Azul;CH;88;geral;B;0.2701080841487947;False;E;0.6073130369186401;False;False;A;0.3738032976786296;False;False;B;-0.010793204108874;False;True
2024;Azul;CH;89;geral;C;0.241200545702592;False;E;0.4055018424987793;False;False;D;0.3762309352556864;False;False;C;0.0440802375475564;False;True
2024;Azul;CH;90;geral;A;0.2322274881516587;False;D;0.3810092806816101;False;False;E;0.2052408158779144;False;False;E;0.0251224040985107;False;False
2024;Azul;CN;91;geral;A;0.1553148128284887;False;E;0.5809375643730164;False;False;E;0.5235956211884817;False;False;A;0.0547471940517425;False;True
2024;Azul;CN;92;geral;D;0.2274405764887247;False;B;0.9712494611740112;False;False;B;0.9235620101292928;False;False;E;-0.0321768919626871;False;False
2024;Azul;CN;93;geral;B;0.3754741286767337;False;C;0.6800152063369751;False;False;D;0.4458483060201009;False;False;A;0.1035273422797521;False;False
2024;Azul;CN;94;geral;D;0.2154330483311272;False;C;0.5382408499717712;False;False;B;0.573900580406189;False;False;E;0.1493369738260905;False;False
2024;Azul;CN;95;geral;D;0.3651196908433821;False;D;0.4089734852313995;False;True;B;0.5428261260191599;False;False;C;0.1774179438749949;False;False
2024;Azul;CN;98;geral;D;0.3485444531864674;False;C;0.5924242734909058;False;False;B;0.6085530122121176;False;False;A;0.0555249055226644;False;False
2024;Azul;CN;99;geral;B;0.2608540161647951;False;B;0.994896650314331;False;True;A;0.9003773729006449;False;False;A;0.0389878551165262;False;False
2024;Azul;CN;100;geral;D;0.2792321741933173;False;D;0.8429672718048096;False;True;E;0.7481328447659811;False;False;E;0.1252087553342183;False;False
2024;Azul;CN;102;geral;C;0.3370657890029693;False;C;0.61675626039505;False;True;C;0.6153040925661722;False;True;E;0.0338338216145833;False;False
2024;Azul;CN;103;geral;C;0.3967606993457042;False;A;0.5743728280067444;False;False;B;0.468623012304306;False;False;D;0.0199777483940125;False;False
2024;Azul;CN;104;geral;E;0.2792419095297693;False;B;0.6491546034812927;False;False;A;0.3985954225063324;False;False;A;0.0971440970897675;False;False
2024;Azul;CN;105;geral;E;0.2838626517240145;False;A;0.5482420325279236;False;False;A;0.455371081829071;False;False;B;0.1167384386062622;False;False
2024;Azul;CN;106;geral;E;0.1938170121515368;False;A;0.7889742851257324;False;False;E;0.796287735303243;False;True;C;0.2302528023719787;False;False
2024;Azul;CN;107;geral;B;0.1611969111969112;False;C;0.6671950817108154;False;False;C;0.4060188631216685;False;False;A;0.0006266633669535;False;False
2024;Azul;CN;108;geral;E;0.189876587372563;False;C;0.5318846106529236;False;False;E;0.6137431263923645;False;True;D;0.2191159625848135;False;False
2024;Azul;CN;109;geral;C;0.1766956273016554;False;C;0.5761324167251587;False;True;A;0.5127307176589966;False;False;A;0.1305663287639618;False;False
2024;Azul;CN;110;geral;A;0.0990601436586498;False;A;0.598419189453125;False;True;E;0.5021896560986837;False;False;C;0.0626987516880035;False;False
2024;Azul;CN;111;geral;C;0.2522429138220681;False;B;0.4541428983211517;False;False;B;0.5082912147045135;False;False;E;0.1457900206247965;False;False
2024;Azul;CN;114;geral;B;0.1207568766319705;False;E;0.8814656138420105;False;False;D;0.855086882909139;False;False;B;0.2239476442337036;False;True
2024;Azul;CN;115;geral;E;0.5811293781272338;False;E;0.5591223835945129;False;True;B;0.3697717090447743;False;False;B;-0.0959460834662119;False;False
2024;Azul;CN;116;geral;C;0.2655769368338221;False;E;0.6544671058654785;False;False;D;0.5624924302101135;False;False;D;0.0330522060394287;False;False
2024;Azul;CN;117;geral;A;0.2004362752109855;False;D;0.3898613154888153;False;False;A;0.4002904593944549;False;True;B;0.278591697414716;False;False
2024;Azul;CN;120;geral;A;0.3313190546000644;False;A;0.46905317902565;False;True;A;0.5007710059483846;False;True;D;0.0727713505427043;False;False
2024;Azul;CN;122;geral;C;0.2458442069138097;False;D;0.8091166615486145;False;False;C;0.8172788619995117;False;True;C;0.0350002646446228;False;True
2024;Azul;CN;123;geral;D;0.197467267654003;False;B;0.4366901516914367;False;False;E;0.455505500237147;False;False;C;0.1453652679920197;False;False
2024;Azul;CN;124;geral;D;0.2333118694998927;False;D;0.9965630173683168;False;True;B;0.9950899084409078;False;False;A;0.0039543708165487;False;False
2024;Azul;CN;125;geral;E;0.4479982827090265;False;A;0.4578772187232971;False;False;B;0.4321808516979217;False;False;B;0.1277876198291778;False;False
2024;Azul;CN;126;geral;C;0.1797933574058846;False;B;0.612083911895752;False;False;B;0.544554591178894;False;False;C;0.0021762251853942;False;True
2024;Azul;CN;128;geral;D;0.1594944866103394;False;C;0.5481312274932861;False;False;D;0.5185802578926086;False;True;B;0.1967095534006755;False;False
2024;Azul;CN;134;geral;B;0.2307802485050309;False;B;0.7138720750808716;False;True;D;0.7541629672050476;False;False;A;0.1070848107337951;False;False
2024;Azul;CN;135;geral;B;0.2893502774297476;False;E;0.8544937372207642;False;False;B;0.8239627083142599;False;True;C;0.0511422355969747;False;False
2024;Azul;LC;1;espanhol;A;0.246191848497324;False;D;0.5462818145751953;False;False;A;0.3859929541746775;False;True;A;0.0826038221518199;False;True
2024;Azul;LC;1;inglês;A;0.1775625140797476;False;D;0.7014299035072327;False;False;D;0.4704112907250722;False;False;E;-0.0910348743200302;False;False
2024;Azul;LC;2;espanhol;C;0.3668265935572309;False;E;0.4973077774047851;False;False;A;0.148205262919267;False;False;B;0.1067211429278055;False;False
2024;Azul;LC;2;inglês;B;0.2513863216266174;False;C;0.3907181918621063;False;False;B;0.4099033822615941;False;True;B;0.1439556827147802;False;True
2024;Azul;LC;3;espanhol;A;0.1963476589317589;False;B;0.2539390921592712;False;False;A;0.3668166995048523;False;True;A;0.1469508260488511;False;True
2024;Azul;LC;3;inglês;B;0.0337898720490178;False;B;0.5136420726776123;False;True;D;0.3928157389163971;False;False;C;0.1345833043257394;False;False
2024;Azul;LC;4;espanhol;A;0.2168062611561169;False;E;0.487615168094635;False;False;A;0.3651799261569977;False;True;C;-0.0461384256680806;False;False
2024;Azul;LC;4;inglês;B;0.1324404761904762;False;E;0.6061766743659973;False;False;E;0.4740235606829325;False;False;D;0.0459081530570983;False;False
2024;Azul;LC;5;espanhol;C;0.2767563117453347;False;E;0.7075422406196594;False;False;D;0.6555711527665457;False;False;C;0.017147680123647;False;True
2024;Azul;LC;5;inglês;C;0.2686620988099531;False;D;0.68278968334198;False;False;B;0.5159038503964742;False;False;C;0.0101639628410339;False;True
2024;Azul;LC;6;geral;B;0.0912510165356465;False;D;0.522821843624115;False;False;D;0.2622618079185485;False;False;A;-0.0914413295686245;False;False
2024;Azul;LC;7;geral;D;0.0417935702199661;False;D;0.4951773881912231;False;True;B;0.418548693259557;False;False;A;0.0117364525794983;False;False
2024;Azul;LC;8;geral;D;0.0728382502543235;False;D;0.4997100830078125;False;True;E;0.2628337740898132;False;False;A;0.0849131147066752;False;False
2024;Azul;LC;9;geral;D;0.0407271988624822;False;D;0.3535381555557251;False;True;A;0.4084246655305226;False;False;A;0.1805030604203542;False;False
2024;Azul;LC;10;geral;D;0.1055696631115625;False;D;0.4542917609214782;False;True;E;0.3953828513622284;False;False;B;0.0773712297280629;False;False
2024;Azul;LC;11;geral;C;0.2817962730389328;False;A;0.5664522647857666;False;False;C;0.4988674422105153;False;True;C;-0.0628649095694224;False;True
2024;Azul;LC;12;geral;C;0.095657177673222;False;E;0.5130641460418701;False;False;C;0.3086258769035339;False;True;C;0.0283640027046203;False;True
2024;Azul;LC;13;geral;E;0.0507177681473456;False;B;0.4825767278671264;False;False;C;0.2572059333324432;False;False;C;-0.0007103979587554;False;False
2024;Azul;LC;14;geral;A;0.3162066045723963;False;E;0.5668787956237793;False;False;E;0.4911542634169261;False;False;A;0.0849856634934743;False;True
2024;Azul;LC;15;geral;A;0.1987659762009695;False;E;0.6412750482559204;False;False;E;0.5606822570164999;False;False;C;0.0569596091906229;False;False
2024;Azul;LC;16;geral;C;0.1981698017285205;False;E;0.7456824779510498;False;False;C;0.6977300643920898;False;True;A;0.0939494172732035;False;False
2024;Azul;LC;17;geral;D;0.0433296096950001;False;D;0.5830973386764526;False;True;D;0.636591504017512;False;True;A;0.0687556068102518;False;False
2024;Azul;LC;18;geral;C;0.2741132228885049;False;C;0.6419894695281982;False;True;B;0.4683642983436584;False;False;E;0.0620523194471995;False;False
2024;Azul;LC;19;geral;B;0.2652638723909723;False;B;0.5734980702400208;False;True;C;0.3881914814313252;False;False;C;0.0757180054982503;False;False
2024;Azul;LC;20;geral;A;0.1758901322482197;False;D;0.4603733420372009;False;False;D;0.3768883049488067;False;False;B;-0.0368890563646952;False;False
2024;Azul;LC;21;geral;B;0.207528597128407;False;D;0.6377049684524536;False;False;A;0.4482620358467102;False;False;C;-0.0707415441672007;False;False
2024;Azul;LC;22;geral;B;0.326559001153559;False;B;0.5599493980407715;False;True;D;0.3971536457538605;False;False;A;-0.0011878311634063;False;False
2024;Azul;LC;23;geral;D;0.2182095625635808;False;C;0.5780580639839172;False;False;C;0.4295319418112437;False;False;E;-0.0003044605255126;False;False
2024;Azul;LC;24;geral;A;0.2913131998642687;False;A;0.5671588182449341;False;True;C;0.4061068346103032;False;False;C;-0.0747302720944086;False;False
2024;Azul;LC;25;geral;E;0.3758603153076792;False;D;0.503331184387207;False;False;E;0.4681281050046285;False;True;A;-0.0066443979740142;False;False
2024;Azul;LC;26;geral;E;0.0607744164775229;False;A;0.6290892362594604;False;False;A;0.5309522151947021;False;False;C;0.1527005583047867;False;False
2024;Azul;LC;27;geral;D;0.4033946539282447;False;E;0.3619385361671448;False;False;D;0.1844822963078816;False;True;D;0.1228999284406503;False;True
2024;Azul;LC;28;geral;A;0.2952143977094553;False;A;0.549294114112854;False;True;A;0.5468284885088602;False;True;C;0.0764791667461395;False;False
2024;Azul;LC;29;geral;D;0.3584784010315925;False;C;0.4292556345462799;False;False;D;0.4137126704057057;False;True;B;0.0511184185743331;False;False
2024;Azul;LC;30;geral;E;0.2094050490978899;False;A;0.6385179758071899;False;False;B;0.4889016846815745;False;False;C;-0.0156494975090026;False;False
2024;Azul;LC;31;geral;D;0.2418431986921871;False;D;0.5784980058670044;False;True;D;0.3264402945836385;False;True;E;-0.0056764433781306;False;False
2024;Azul;LC;32;geral;C;0.2372587659690133;False;C;0.4234355092048645;False;True;A;0.3959116240342458;False;False;A;0.0666388173898061;False;False
2024;Azul;LC;33;geral;E;0.1077105575326215;False;E;0.4428317248821258;False;True;A;0.4457512398560841;False;False;C;0.2490936070680618;False;False
2024;Azul;LC;34;geral;A;0.4094758681677494;False;A;0.6668744087219238;False;True;D;0.6455313165982565;False;False;C;0.0513181388378143;False;False
2024;Azul;LC;35;geral;E;0.1368810955924831;False;E;0.4207111299037933;False;True;A;0.4173137942949931;False;False;A;0.2086837391058604;False;False
2024;Azul;LC;36;geral;A;0.2738345660582208;False;B;0.5721964836120605;False;False;B;0.4151199162006378;False;False;C;-0.0497242510318756;False;False
2024;Azul;LC;37;geral;D;0.1484213030622302;False;D;0.4312246441841125;False;True;B;0.3481198002894719;False;False;E;0.0546069840590159;False;False
2024;Azul;LC;38;geral;A;0.139987104218278;False;E;0.6061053276062012;False;False;D;0.5394678711891174;False;False;C;0.11126775542895;False;False
2024;Azul;LC;39;geral;A;0.1417534544959499;False;B;0.3071233630180359;False;False;C;0.5474591155846914;False;False;C;0.3124905129273733;False;False
2024;Azul;LC;40;geral;C;0.2340093073813648;False;C;0.4260537326335907;False;True;C;0.2469502091407775;False;True;B;-0.03922434647878;False;False
2024;Azul;LC;41;geral;B;0.1136803504125496;False;B;0.4377341270446777;False;True;B;0.2250060439109801;False;True;D;-0.0606480321536461;False;False
2024;Azul;LC;42;geral;C;0.0916315717973101;False;B;0.4786102771759033;False;False;B;0.3526228467623393;False;False;E;-0.0538519422213236;False;False
2024;Azul;LC;43;geral;C;0.2046535326086956;False;C;0.6195836067199707;False;True;A;0.4537940770387649;False;False;A;0.2745310515165329;False;False
2024;Azul;LC;44;geral;D;0.0823421464011418;False;B;0.5080541372299194;False;False;B;0.4315221707026164;False;False;C;0.0759754478931427;False;False
2024;Azul;LC;45;geral;A;0.1907545887151597;False;E;0.7079875469207764;False;False;A;0.402938852707545;False;True;A;-0.0588601728280385;False;True
2024;Azul;MT;139;geral;D;0.1109243096294176;False;C;0.6978088021278381;False;False;D;0.4949953456719716;False;True;E;0.1256253818670909;False;False
2024;Azul;MT;140;geral;C;0.3592173975248587;False;D;0.9497711062431335;False;False;E;0.6399516463279724;False;False;E;0.1782733201980591;False;False
2024;Azul;MT;144;geral;E;0.2502415458937198;False;A;0.8595899343490601;False;False;C;0.5948008199532827;False;False;C;0.1794043680032095;False;False
2024;Azul;MT;147;geral;A;0.1471703512914073;False;C;0.949743390083313;False;False;E;0.8772341211636862;False;False;D;0.0452940265337625;False;False
2024;Azul;MT;152;geral;D;0.2461169565528595;False;D;0.9852616786956788;False;True;E;0.9688438971837362;False;False;E;0.0246082146962484;False;False
2024;Azul;MT;156;geral;A;0.3103127460101624;False;C;0.9252402782440186;False;False;A;0.7226116061210632;False;True;E;0.011315902074178;False;False
2024;Azul;MT;159;geral;B;0.2534842893482856;False;D;0.9438881278038024;False;False;B;0.9196036060651144;False;True;A;0.0043384035428365;False;False
2024;Azul;MT;162;geral;C;0.2453789941252328;False;B;0.5899678468704224;False;False;C;0.5346842507521311;False;True;C;0.0256710747877756;False;True
2024;Azul;MT;171;geral;B;0.3247651824765182;False;B;0.9481351971626282;False;True;D/E;0.8899988730748495;True;False;D/E;0.0176790555318197;True;False
2024;Azul;MT;173;geral;E;0.3656761891107208;False;B;0.8032615780830383;False;False;B;0.7205253839492798;False;False;E;-0.0513721903165181;False;True
2024;Cinza;CH;46;geral;D;0.1664673523080602;False;A;0.5038448572158813;False;False;A;0.3773088653882344;False;False;D;0.0209283530712127;False;True
2024;Cinza;CH;47;geral;B;0.1580871050384286;False;D;0.3450435996055603;False;False;E;0.3935275773207347;False;False;E;0.0955492953459422;False;False
2024;Cinza;CH;48;geral;B;0.2104309165526675;False;A;0.5835024118423462;False;False;B;0.4547743896643321;False;True;C;0.0426768759886423;False;False
2024;Cinza;CH;49;geral;A;0.26534937782032;False;C;0.5322037935256958;False;False;A;0.4369668861230214;False;True;B;0.1493807931741078;False;False
2024;Cinza;CH;50;geral;C;0.1676755240928832;False;D;0.5315366983413696;False;False;D;0.4215000371138255;False;False;C;-0.0356155335903168;False;True
2024;Cinza;CH;51;geral;C;0.3287024363536819;False;B;0.3523468971252441;False;False;B;0.3853697578112284;False;False;E;0.1234698096911113;False;False
2024;Cinza;CH;52;geral;A;0.121580547112462;False;C;0.4152736663818359;False;False;A;0.3828493058681488;False;True;A;0.1312058866024018;False;True
2024;Cinza;CH;53;geral;C;0.1586704510481141;False;C;0.7446646690368652;False;True;C;0.6368008852005005;False;True;E;0.0389153063297271;False;False
2024;Cinza;CH;54;geral;C;0.1996031202956069;False;D;0.5132226943969727;False;False;B;0.3755586544672647;False;False;C;0.1002555290857951;False;True
2024;Cinza;CH;55;geral;A;0.2773273119162475;False;D;0.4629555642604828;False;False;A;0.4804836312929789;False;True;C;0.0375767052173614;False;False
2024;Cinza;CH;56;geral;E;0.2921086852371501;False;D;0.6722838282585144;False;False;A;0.4318459431330363;False;False;B;0.1054889857769013;False;False
2024;Cinza;CH;57;geral;D;0.1014329195307958;False;A;0.4844700992107391;False;False;E;0.3760026097297668;False;False;B;-0.0328630904356638;False;False
2024;Cinza;CH;58;geral;C;0.1982549187339606;False;B;0.4891889691352844;False;False;A;0.4662185410658518;False;False;A;0.0718399385611216;False;False
2024;Cinza;CH;59;geral;B;0.2226824592633164;False;C;0.5761605501174927;False;False;C;0.4062289595603943;False;False;A;0.0509007175763448;False;False
2024;Cinza;CH;60;geral;B;0.0619399411724468;False;D;0.5324652194976807;False;False;E;0.6448755661646525;False;False;E;0.1306009093920389;False;False
2024;Cinza;CH;61;geral;C;0.2678717878622197;False;A;0.5177651047706604;False;False;B;0.3116828997929891;False;False;C;0.0032014399766921;False;True
2024;Cinza;CH;62;geral;E;0.3963174646634039;False;D;0.6266913414001465;False;False;D;0.5024261474609375;False;False;A;0.0997545818487803;False;False
2024;Cinza;CH;63;geral;E;0.1865162374404169;False;D;0.5948445796966553;False;False;C;0.4109063645203908;False;False;B;0.0444005727767944;False;False
2024;Cinza;CH;64;geral;D;0.1622270218382529;False;D;0.533124566078186;False;True;C;0.4927301009496053;False;False;A;0.1041404604911804;False;False
2024;Cinza;CH;65;geral;B;0.1589812057101776;False;E;0.4076622724533081;False;False;C;0.3423155844211578;False;False;B;-0.0004428724447886;False;True
2024;Cinza;CH;66;geral;B;0.269158366704316;False;E;0.6073130369186401;False;False;A;0.3738032976786296;False;False;B;-0.010793204108874;False;True
2024;Cinza;CH;67;geral;C;0.2487926841798814;False;E;0.4055018424987793;False;False;D;0.3762309352556864;False;False;C;0.0440802375475564;False;True
2024;Cinza;CH;68;geral;A;0.2341015718639772;False;E;0.4136642813682556;False;False;E;0.2794153491655985;False;False;D;-0.1291822666923204;False;False
2024;Cinza;CH;69;geral;D;0.0761332417582417;False;D;0.5048548579216003;False;True;E;0.4108252227306366;False;False;E;0.1512697041034699;False;False
2024;Cinza;CH;70;geral;C;0.1668322768545485;False;A;0.5277283191680908;False;False;A;0.4478657344977061;False;False;B;0.0161243279774984;False;False
2024;Cinza;CH;71;geral;E;0.4437045173692159;False;D;0.5549578070640564;False;False;D;0.5325538714726766;False;False;B;0.1043772399425507;False;False
2024;Cinza;CH;72;geral;C;0.1576944177753394;False;D;0.5586767196655273;False;False;C;0.3805707991123199;False;True;C;0.0195790231227875;False;True
2024;Cinza;CH;73;geral;B;0.2618597130964257;False;C;0.4614927172660827;False;False;B;0.496957004070282;False;True;A;0.1746373573939005;False;False
2024;Cinza;CH;74;geral;A;0.1489646646749768;False;D;0.5996299982070923;False;False;A;0.4723171691099803;False;True;C;-0.0104666948318482;False;False
2024;Cinza;CH;75;geral;E;0.2257842597688497;False;E;0.6040126085281372;False;True;C;0.5332728425661722;False;False;D;0.0809780359268189;False;False
2024;Cinza;CH;76;geral;D;0.3518188057652711;False;D;0.5225996375083923;False;True;E;0.4120693405469258;False;False;E;0.0172561009724934;False;False
2024;Cinza;CH;77;geral;B;0.2429688571820551;False;C;0.5124160647392273;False;False;B;0.4756263097127278;False;True;B;0.0262857874234517;False;True
2024;Cinza;CH;78;geral;E;0.4979382860284516;False;A;0.4955027401447296;False;False;A;0.443909615278244;False;False;C;0.1005332767963409;False;False
2024;Cinza;CH;79;geral;D;0.0652576048232392;False;C;0.5515554547309875;False;False;B;0.1651773204406102;False;False;B;0.0882066910465558;False;False
2024;Cinza;CH;80;geral;B;0.2667902760609806;False;D;0.6347097158432007;False;False;E;0.5313858886559805;False;False;E;0.1545589168866475;False;False
2024;Cinza;CH;81;geral;A;0.204581412946275;False;A;0.3897428512573242;False;True;D;0.4766459167003631;False;False;B;0.1759896179040272;False;False
2024;Cinza;CH;82;geral;A;0.1367788461538461;False;B;0.4082672595977783;False;False;E;0.4372193316618601;False;False;E;0.098746637503306;False;False
2024;Cinza;CH;83;geral;B;0.399098510133159;False;C;0.2469432651996612;False;False;A;0.4103235602378845;False;False;B;0.284964735309283;False;True
2024;Cinza;CH;84;geral;B;0.300186322545028;False;D;0.6545560359954834;False;False;D;0.4674169619878133;False;False;B;-0.0243531862894694;False;True
2024;Cinza;CH;85;geral;E;0.2335166723960123;False;E;0.6033077239990234;False;True;C;0.4407700995604197;False;False;C;0.1556093792120616;False;False
2024;Cinza;CH;86;geral;B;0.1382340777502068;False;D;0.3843908607959747;False;False;D;0.4167850216229756;False;False;E;0.1022208531697591;False;False
2024;Cinza;CH;87;geral;C;0.1879727685325264;False;C;0.623503565788269;False;True;A;0.3886686066786448;False;False;B;-0.0085205137729644;False;False
2024;Cinza;CH;88;geral;B;0.2641944702682229;False;C;0.5556164979934692;False;False;E;0.4728962381680806;False;False;A;0.0009749829769135;False;False
2024;Cinza;CH;89;geral;C;0.2380821257701442;False;E;0.5161073207855225;False;False;D;0.3927889764308929;False;False;B;0.0027922143538792;False;False
2024;Cinza;CH;90;geral;B;0.150754975978037;False;C;0.5334295034408569;False;False;E;0.3586737811565399;False;False;E;-0.0498571097850799;False;False
2024;Cinza;CN;94;geral;B;0.252141021981159;False;B;0.7138720750808716;False;True;D;0.7541629672050476;False;False;A;0.1070848107337951;False;False
2024;Cinza;CN;95;geral;B;0.2760035682426405;False;E;0.8544937372207642;False;False;B;0.8239627083142599;False;True;C;0.0511422355969747;False;False
2024;Cinza;CN;97;geral;A;0.3645343032377692;False;A;0.46905317902565;False;True;A;0.5007710059483846;False;True;D;0.0727713505427043;False;False
2024;Cinza;CN;99;geral;D;0.1463023081588241;False;C;0.5481312274932861;False;False;D;0.5185802578926086;False;True;B;0.1967095534006755;False;False
2024;Cinza;CN;102;geral;E;0.4455502051007668;False;A;0.4578772187232971;False;False;B;0.4321808516979217;False;False;B;0.1277876198291778;False;False
2024;Cinza;CN;103;geral;E;0.2075498626324615;False;B;0.612083911895752;False;False;B;0.544554591178894;False;False;C;0.0021762251853942;False;False
2024;Cinza;CN;105;geral;A;0.0994863380181208;False;A;0.598419189453125;False;True;E;0.5021896560986837;False;False;C;0.0626987516880035;False;False
2024;Cinza;CN;106;geral;C;0.249554494261886;False;B;0.4541428983211517;False;False;B;0.5082912147045135;False;False;E;0.1457900206247965;False;False
2024;Cinza;CN;108;geral;E;0.5771096369213211;False;E;0.5591223835945129;False;True;B;0.3697717090447743;False;False;B;-0.0959460834662119;False;False
2024;Cinza;CN;109;geral;C;0.2691429386997788;False;E;0.6544671058654785;False;False;D;0.5624924302101135;False;False;D;0.0330522060394287;False;False
2024;Cinza;CN;110;geral;A;0.1902841233580811;False;D;0.3898613154888153;False;False;A;0.4002904593944549;False;True;B;0.278591697414716;False;False
2024;Cinza;CN;112;geral;C;0.2514173649491888;False;D;0.8091166615486145;False;False;C;0.8172788619995117;False;True;C;0.0350002646446228;False;True
2024;Cinza;CN;113;geral;D;0.1813998287671233;False;B;0.4366901516914367;False;False;E;0.455505500237147;False;False;C;0.1453652679920197;False;False
2024;Cinza;CN;114;geral;D;0.2309804900666975;False;D;0.9965630173683168;False;True;B;0.9950899084409078;False;False;A;0.0039543708165487;False;False
2024;Cinza;CN;116;geral;C;0.3441055823078295;False;C;0.61675626039505;False;True;C;0.6153040925661722;False;True;E;0.0338338216145833;False;False
2024;Cinza;CN;117;geral;C;0.408418048867487;False;A;0.5743728280067444;False;False;B;0.468623012304306;False;False;D;0.0199777483940125;False;False
2024;Cinza;CN;118;geral;E;0.2698056001426788;False;B;0.6491546034812927;False;False;A;0.3985954225063324;False;False;A;0.0971440970897675;False;False
2024;Cinza;CN;119;geral;E;0.2706616729088639;False;A;0.5482420325279236;False;False;A;0.455371081829071;False;False;B;0.1167384386062622;False;False
2024;Cinza;CN;120;geral;B;0.1910469056536472;False;A;0.7889742851257324;False;False;E;0.796287735303243;False;False;C;0.2302528023719787;False;False
2024;Cinza;CN;121;geral;B;0.1650267379679144;False;C;0.6671950817108154;False;False;C;0.4060188631216685;False;False;A;0.0006266633669535;False;False
2024;Cinza;CN;122;geral;A;0.1948983232251159;False;C;0.5318846106529236;False;False;E;0.6137431263923645;False;False;D;0.2191159625848135;False;False
2024;Cinza;CN;123;geral;C;0.1802062149916158;False;C;0.5761324167251587;False;True;A;0.5127307176589966;False;False;A;0.1305663287639618;False;False
2024;Cinza;CN;125;geral;B;0.1253880463871543;False;E;0.8814656138420105;False;False;D;0.855086882909139;False;False;B;0.2239476442337036;False;True
2024;Cinza;CN;126;geral;A;0.1604863438636525;False;E;0.5809375643730164;False;False;E;0.5235956211884817;False;False;A;0.0547471940517425;False;True
2024;Cinza;CN;127;geral;D;0.240690443856765;False;B;0.9712494611740112;False;False;B;0.9235620101292928;False;False;E;-0.0321768919626871;False;False
2024;Cinza;CN;128;geral;B;0.3579581936220304;False;C;0.6800152063369751;False;False;D;0.4458483060201009;False;False;A;0.1035273422797521;False;False
2024;Cinza;CN;129;geral;D;0.3698722979239495;False;C;0.5924242734909058;False;False;B;0.6085530122121176;False;False;A;0.0555249055226644;False;False
2024;Cinza;CN;130;geral;B;0.2595131005925609;False;B;0.994896650314331;False;True;A;0.9003773729006449;False;False;A;0.0389878551165262;False;False
2024;Cinza;CN;131;geral;D;0.2608571428571428;False;D;0.8429672718048096;False;True;E;0.7481328447659811;False;False;E;0.1252087553342183;False;False
2024;Cinza;CN;132;geral;D;0.2074845706539188;False;C;0.5382408499717712;False;False;B;0.573900580406189;False;False;E;0.1493369738260905;False;False
2024;Cinza;CN;133;geral;D;0.3273344045706124;False;D;0.4089734852313995;False;True;B;0.5428261260191599;False;False;C;0.1774179438749949;False;False
2024;Cinza;LC;1;espanhol;C;0.3737790617691567;False;E;0.4973077774047851;False;False;A;0.148205262919267;False;False;B;0.1067211429278055;False;False
2024;Cinza;LC;1;inglês;C;0.2531407892940052;False;D;0.68278968334198;False;False;B;0.5159038503964742;False;False;C;0.0101639628410339;False;True
2024;Cinza;LC;2;espanhol;B;0.1994765119162419;False;B;0.2539390921592712;False;True;A;0.3668166995048523;False;False;A;0.1469508260488511;False;False
2024;Cinza;LC;2;inglês;D;0.1343849226672129;False;E;0.6061766743659973;False;False;E;0.4740235606829325;False;False;D;0.0459081530570983;False;True
2024;Cinza;LC;3;espanhol;A;0.2156456953642384;False;D;0.5462818145751953;False;False;A;0.3859929541746775;False;True;A;0.0826038221518199;False;True
2024;Cinza;LC;3;inglês;B;0.0403468050245767;False;B;0.5136420726776123;False;True;D;0.3928157389163971;False;False;C;0.1345833043257394;False;False
2024;Cinza;LC;4;espanhol;A;0.2222835079977937;False;E;0.487615168094635;False;False;A;0.3651799261569977;False;True;C;-0.0461384256680806;False;False
2024;Cinza;LC;4;inglês;B;0.2670198222829801;False;C;0.3907181918621063;False;False;B;0.4099033822615941;False;True;B;0.1439556827147802;False;True
2024;Cinza;LC;5;espanhol;C;0.2568313552304719;False;E;0.7075422406196594;False;False;D;0.6555711527665457;False;False;C;0.017147680123647;False;True
2024;Cinza;LC;5;inglês;A;0.1788973578972553;False;D;0.7014299035072327;False;False;D;0.4704112907250722;False;False;E;-0.0910348743200302;False;False
2024;Cinza;LC;6;geral;C;0.2853537076198922;False;C;0.6419894695281982;False;True;B;0.4683642983436584;False;False;E;0.0620523194471995;False;False
2024;Cinza;LC;7;geral;B;0.2513500581037665;False;B;0.5734980702400208;False;True;C;0.3881914814313252;False;False;C;0.0757180054982503;False;False
2024;Cinza;LC;8;geral;A;0.174192226244962;False;D;0.4603733420372009;False;False;D;0.3768883049488067;False;False;B;-0.0368890563646952;False;False
2024;Cinza;LC;9;geral;A;0.2058692904239691;False;E;0.6412750482559204;False;False;E;0.5606822570164999;False;False;C;0.0569596091906229;False;False
2024;Cinza;LC;10;geral;C;0.1912743658894616;False;E;0.7456824779510498;False;False;C;0.6977300643920898;False;True;A;0.0939494172732035;False;False
2024;Cinza;LC;11;geral;A;0.0388720291881201;False;D;0.5830973386764526;False;False;D;0.636591504017512;False;False;A;0.0687556068102518;False;True
2024;Cinza;LC;12;geral;D;0.0426650283295788;False;D;0.3535381555557251;False;True;A;0.4084246655305226;False;False;A;0.1805030604203542;False;False
2024;Cinza;LC;13;geral;D;0.1016879795396419;False;D;0.4542917609214782;False;True;E;0.3953828513622284;False;False;B;0.0773712297280629;False;False
2024;Cinza;LC;14;geral;C;0.2765361219328822;False;A;0.5664522647857666;False;False;C;0.4988674422105153;False;True;C;-0.0628649095694224;False;True
2024;Cinza;LC;15;geral;B;0.2178312594010666;False;D;0.6377049684524536;False;False;A;0.4482620358467102;False;False;C;-0.0707415441672007;False;False
2024;Cinza;LC;16;geral;B;0.3249342756666325;False;B;0.5599493980407715;False;True;D;0.3971536457538605;False;False;A;-0.0011878311634063;False;False
2024;Cinza;LC;17;geral;D;0.2165279104681315;False;C;0.5780580639839172;False;False;C;0.4295319418112437;False;False;E;-0.0003044605255126;False;False
2024;Cinza;LC;18;geral;A;0.2889389748318137;False;A;0.5671588182449341;False;True;C;0.4061068346103032;False;False;C;-0.0747302720944086;False;False
2024;Cinza;LC;19;geral;E;0.3740614334470989;False;D;0.503331184387207;False;False;E;0.4681281050046285;False;True;A;-0.0066443979740142;False;False
2024;Cinza;LC;20;geral;C;0.2285714285714285;False;C;0.4260537326335907;False;True;C;0.2469502091407775;False;True;B;-0.03922434647878;False;False
2024;Cinza;LC;21;geral;B;0.119894912825412;False;B;0.4377341270446777;False;True;B;0.2250060439109801;False;True;D;-0.0606480321536461;False;False
2024;Cinza;LC;22;geral;B;0.0792886886476892;False;B;0.4786102771759033;False;True;B;0.3526228467623393;False;True;E;-0.0538519422213236;False;False
2024;Cinza;LC;23;geral;C;0.1902600505084977;False;C;0.6195836067199707;False;True;A;0.4537940770387649;False;False;A;0.2745310515165329;False;False
2024;Cinza;LC;24;geral;D;0.0825716234652114;False;B;0.5080541372299194;False;False;B;0.4315221707026164;False;False;C;0.0759754478931427;False;False
2024;Cinza;LC;25;geral;A;0.1552030023882634;False;E;0.7079875469207764;False;False;A;0.402938852707545;False;True;A;-0.0588601728280385;False;True
2024;Cinza;LC;26;geral;D;0.1572849379678047;False;D;0.4312246441841125;False;True;B;0.3481198002894719;False;False;E;0.0546069840590159;False;False
2024;Cinza;LC;27;geral;A;0.1289485366936447;False;E;0.6061053276062012;False;False;D;0.5394678711891174;False;False;C;0.11126775542895;False;False
2024;Cinza;LC;28;geral;A;0.1211168449471993;False;B;0.3071233630180359;False;False;C;0.5474591155846914;False;False;C;0.3124905129273733;False;False
2024;Cinza;LC;29;geral;D;0.2585875899897155;False;D;0.5784980058670044;False;True;D;0.3264402945836385;False;True;E;-0.0056764433781306;False;False
2024;Cinza;LC;30;geral;D;0.3281975949713036;False;C;0.4292556345462799;False;False;D;0.4137126704057057;False;True;B;0.0511184185743331;False;False
2024;Cinza;LC;31;geral;E;0.2040543779748656;False;A;0.6385179758071899;False;False;B;0.4889016846815745;False;False;C;-0.0156494975090026;False;False
2024;Cinza;LC;32;geral;E;0.070999248685199;False;A;0.6290892362594604;False;False;A;0.5309522151947021;False;False;C;0.1527005583047867;False;False
2024;Cinza;LC;33;geral;D;0.3851910066288526;False;E;0.3619385361671448;False;False;D;0.1844822963078816;False;True;D;0.1228999284406503;False;True
2024;Cinza;LC;34;geral;A;0.2938665932401734;False;A;0.549294114112854;False;True;A;0.5468284885088602;False;True;C;0.0764791667461395;False;False
2024;Cinza;LC;35;geral;C;0.2266242430462896;False;C;0.4234355092048645;False;True;A;0.3959116240342458;False;False;A;0.0666388173898061;False;False
2024;Cinza;LC;36;geral;E;0.1071318835137072;False;E;0.4428317248821258;False;True;A;0.4457512398560841;False;False;C;0.2490936070680618;False;False
2024;Cinza;LC;37;geral;A;0.4082100794302931;False;A;0.6668744087219238;False;True;D;0.6455313165982565;False;False;C;0.0513181388378143;False;False
2024;Cinza;LC;38;geral;E;0.1512145056448854;False;E;0.4207111299037933;False;True;A;0.4173137942949931;False;False;A;0.2086837391058604;False;False
2024;Cinza;LC;39;geral;A;0.268028558740136;False;B;0.5721964836120605;False;False;B;0.4151199162006378;False;False;C;-0.0497242510318756;False;False
2024;Cinza;LC;40;geral;C;0.1203352146399863;False;E;0.5130641460418701;False;False;C;0.3086258769035339;False;True;C;0.0283640027046203;False;True
2024;Cinza;LC;41;geral;A;0.0749760569161308;False;B;0.4825767278671264;False;False;C;0.2572059333324432;False;False;C;-0.0007103979587554;False;False
2024;Cinza;LC;42;geral;A;0.3020255936494901;False;E;0.5668787956237793;False;False;E;0.4911542634169261;False;False;A;0.0849856634934743;False;True
2024;Cinza;LC;43;geral;B;0.1326065343343961;False;D;0.522821843624115;False;False;D;0.2622618079185485;False;False;A;-0.0914413295686245;False;False
2024;Cinza;LC;44;geral;D;0.0602776258205689;False;D;0.4951773881912231;False;True;B;0.418548693259557;False;False;A;0.0117364525794983;False;False
2024;Cinza;LC;45;geral;D;0.0934186221522884;False;D;0.4997100830078125;False;True;E;0.2628337740898132;False;False;A;0.0849131147066752;False;False
2024;Cinza;MT;142;geral;E;0.391110317743663;False;B;0.8032615780830383;False;False;B;0.7205253839492798;False;False;E;-0.0513721903165181;False;True
2024;Cinza;MT;144;geral;B;0.3493282835500929;False;B;0.9481351971626282;False;True;D/E;0.8899988730748495;True;False;D/E;0.0176790555318197;True;False
2024;Cinza;MT;154;geral;B;0.2548823592416723;False;B;0.5899678468704224;False;True;C;0.5346842507521311;False;False;C;0.0256710747877756;False;False
2024;Cinza;MT;160;geral;B;0.2593810306625688;False;D;0.9438881278038024;False;False;B;0.9196036060651144;False;True;A;0.0043384035428365;False;False
2024;Cinza;MT;164;geral;D;0.1580395098774693;False;C;0.949743390083313;False;False;E;0.8772341211636862;False;False;D;0.0452940265337625;False;True
2024;Cinza;MT;169;geral;A;0.3114748240002858;False;C;0.9252402782440186;False;False;A;0.7226116061210632;False;True;E;0.011315902074178;False;False
2024;Cinza;MT;172;geral;D;0.2471962283020215;False;D;0.9852616786956788;False;True;E;0.9688438971837362;False;False;E;0.0246082146962484;False;False
2024;Cinza;MT;174;geral;D;0.1302406970930648;False;C;0.6978088021278381;False;False;D;0.4949953456719716;False;True;E;0.1256253818670909;False;False
2024;Cinza;MT;175;geral;C;0.321003963011889;False;D;0.9497711062431335;False;False;E;0.6399516463279724;False;False;E;0.1782733201980591;False;False
2024;Cinza;MT;179;geral;E;0.2483382174254878;False;A;0.8595899343490601;False;False;C;0.5948008199532827;False;False;C;0.1794043680032095;False;False
2024;Verde;CH;46;geral;B;0.1359249419914584;False;E;0.4076622724533081;False;False;C;0.3423155844211578;False;False;B;-0.0004428724447886;False;True
2024;Verde;CH;47;geral;B;0.2787161025502994;False;E;0.6073130369186401;False;False;A;0.3738032976786296;False;False;B;-0.010793204108874;False;True
2024;Verde;CH;48;geral;C;0.2613119504059836;False;E;0.4055018424987793;False;False;D;0.3762309352556864;False;False;C;0.0440802375475564;False;True
2024;Verde;CH;49;geral;A;0.2599043255625926;False;E;0.4136642813682556;False;False;E;0.2794153491655985;False;False;D;-0.1291822666923204;False;False
2024;Verde;CH;50;geral;D;0.062592742479428;False;D;0.5048548579216003;False;True;E;0.4108252227306366;False;False;E;0.1512697041034699;False;False
2024;Verde;CH;51;geral;C;0.1599622984481772;False;A;0.5277283191680908;False;False;A;0.4478657344977061;False;False;B;0.0161243279774984;False;False
2024;Verde;CH;52;geral;E;0.4877194164617095;False;D;0.5549578070640564;False;False;D;0.5325538714726766;False;False;B;0.1043772399425507;False;False
2024;Verde;CH;53;geral;C;0.1500420804578353;False;D;0.5586767196655273;False;False;C;0.3805707991123199;False;True;C;0.0195790231227875;False;True
2024;Verde;CH;54;geral;C;0.2785709475385547;False;A;0.5177651047706604;False;False;B;0.3116828997929891;False;False;C;0.0032014399766921;False;True
2024;Verde;CH;55;geral;E;0.403643465669933;False;D;0.6266913414001465;False;False;D;0.5024261474609375;False;False;A;0.0997545818487803;False;False
2024;Verde;CH;56;geral;E;0.1845671521035598;False;D;0.5948445796966553;False;False;C;0.4109063645203908;False;False;B;0.0444005727767944;False;False
2024;Verde;CH;57;geral;D;0.1535583049590398;False;D;0.533124566078186;False;True;C;0.4927301009496053;False;False;A;0.1041404604911804;False;False
2024;Verde;CH;58;geral;D;0.0980742037573227;False;A;0.4844700992107391;False;False;E;0.3760026097297668;False;False;B;-0.0328630904356638;False;False
2024;Verde;CH;59;geral;C;0.2116077744467275;False;B;0.4891889691352844;False;False;A;0.4662185410658518;False;False;A;0.0718399385611216;False;False
2024;Verde;CH;60;geral;B;0.2222634633553785;False;C;0.5761605501174927;False;False;C;0.4062289595603943;False;False;A;0.0509007175763448;False;False
2024;Verde;CH;61;geral;B;0.0651214499882087;False;D;0.5324652194976807;False;False;E;0.6448755661646525;False;False;E;0.1306009093920389;False;False
2024;Verde;CH;62;geral;A;0.2654244027361256;False;C;0.5322037935256958;False;False;A;0.4369668861230214;False;True;B;0.1493807931741078;False;False
2024;Verde;CH;63;geral;C;0.1924270011464023;False;D;0.5315366983413696;False;False;D;0.4215000371138255;False;False;C;-0.0356155335903168;False;True
2024;Verde;CH;64;geral;C;0.3074040311961916;False;B;0.3523468971252441;False;False;B;0.3853697578112284;False;False;E;0.1234698096911113;False;False
2024;Verde;CH;65;geral;A;0.150944032366824;False;C;0.4152736663818359;False;False;A;0.3828493058681488;False;True;A;0.1312058866024018;False;True
2024;Verde;CH;66;geral;C;0.1658344017814967;False;C;0.7446646690368652;False;True;C;0.6368008852005005;False;True;E;0.0389153063297271;False;False
2024;Verde;CH;67;geral;C;0.1898507664258221;False;D;0.5132226943969727;False;False;B;0.3755586544672647;False;False;C;0.1002555290857951;False;True
2024;Verde;CH;68;geral;A;0.2787880832686663;False;D;0.4629555642604828;False;False;A;0.4804836312929789;False;True;C;0.0375767052173614;False;False
2024;Verde;CH;69;geral;E;0.2903356383875864;False;D;0.6722838282585144;False;False;A;0.4318459431330363;False;False;B;0.1054889857769013;False;False
2024;Verde;CH;70;geral;B;0.2660826625177568;False;C;0.5556164979934692;False;False;E;0.4728962381680806;False;False;A;0.0009749829769135;False;False
2024;Verde;CH;71;geral;C;0.2324338946371813;False;E;0.5161073207855225;False;False;D;0.3927889764308929;False;False;B;0.0027922143538792;False;False
2024;Verde;CH;72;geral;B;0.1517893315327481;False;C;0.5334295034408569;False;False;E;0.3586737811565399;False;False;E;-0.0498571097850799;False;False
2024;Verde;CH;73;geral;B;0.2939718118526065;False;D;0.6545560359954834;False;False;D;0.4674169619878133;False;False;B;-0.0243531862894694;False;True
2024;Verde;CH;74;geral;E;0.245500287036099;False;E;0.6033077239990234;False;True;C;0.4407700995604197;False;False;C;0.1556093792120616;False;False
2024;Verde;CH;75;geral;B;0.1295005414185165;False;D;0.3843908607959747;False;False;D;0.4167850216229756;False;False;E;0.1022208531697591;False;False
2024;Verde;CH;76;geral;C;0.1797627496704856;False;C;0.623503565788269;False;True;A;0.3886686066786448;False;False;B;-0.0085205137729644;False;False
2024;Verde;CH;77;geral;B;0.2300331372151214;False;C;0.5124160647392273;False;False;B;0.4756263097127278;False;True;B;0.0262857874234517;False;True
2024;Verde;CH;78;geral;D;0.0682455488361093;False;C;0.5515554547309875;False;False;B;0.1651773204406102;False;False;B;0.0882066910465558;False;False
2024;Verde;CH;79;geral;E;0.512673005989645;False;A;0.4955027401447296;False;False;A;0.443909615278244;False;False;C;0.1005332767963409;False;False
2024;Verde;CH;80;geral;D;0.1738851134327348;False;A;0.5038448572158813;False;False;A;0.3773088653882344;False;False;D;0.0209283530712127;False;True
2024;Verde;CH;81;geral;B;0.1679283541737073;False;D;0.3450435996055603;False;False;E;0.3935275773207347;False;False;E;0.0955492953459422;False;False
2024;Verde;CH;82;geral;B;0.2221695397432858;False;A;0.5835024118423462;False;False;B;0.4547743896643321;False;True;C;0.0426768759886423;False;False
2024;Verde;CH;83;geral;B;0.2463094308887908;False;C;0.4614927172660827;False;False;B;0.496957004070282;False;True;A;0.1746373573939005;False;False
2024;Verde;CH;84;geral;A;0.1506710044733631;False;D;0.5996299982070923;False;False;A;0.4723171691099803;False;True;C;-0.0104666948318482;False;False
2024;Verde;CH;85;geral;E;0.2247496180614496;False;E;0.6040126085281372;False;True;C;0.5332728425661722;False;False;D;0.0809780359268189;False;False
2024;Verde;CH;86;geral;D;0.3473520249221183;False;D;0.5225996375083923;False;True;E;0.4120693405469258;False;False;E;0.0172561009724934;False;False
2024;Verde;CH;87;geral;B;0.2598657445077298;False;D;0.6347097158432007;False;False;E;0.5313858886559805;False;False;E;0.1545589168866475;False;False
2024;Verde;CH;88;geral;A;0.2133505189607218;False;A;0.3897428512573242;False;True;D;0.4766459167003631;False;False;B;0.1759896179040272;False;False
2024;Verde;CH;89;geral;A;0.1415707515233581;False;B;0.4082672595977783;False;False;E;0.4372193316618601;False;False;E;0.098746637503306;False;False
2024;Verde;CH;90;geral;B;0.3912910980936579;False;C;0.174230694770813;False;False;A;0.4103235801060994;False;False;A;0.3566909929116567;False;False
2024;Verde;CN;91;geral;A;0.1063822309692837;False;A;0.598419189453125;False;True;E;0.5021896560986837;False;False;C;0.0626987516880035;False;False
2024;Verde;CN;92;geral;C;0.2586601019869878;False;B;0.4541428983211517;False;False;B;0.5082912147045135;False;False;E;0.1457900206247965;False;False
2024;Verde;CN;94;geral;E;0.2785611308414501;False;A;0.5482420325279236;False;False;A;0.455371081829071;False;False;B;0.1167384386062622;False;False
2024;Verde;CN;95;geral;E;0.1996623641543277;False;A;0.7889742851257324;False;False;E;0.796287735303243;False;True;C;0.2302528023719787;False;False
2024;Verde;CN;96;geral;B;0.1523153194332126;False;C;0.6671950817108154;False;False;C;0.4060188631216685;False;False;A;0.0006266633669535;False;False
2024;Verde;CN;97;geral;A;0.1923969615979744;False;C;0.5318846106529236;False;False;E;0.6137431263923645;False;False;D;0.2191159625848135;False;False
2024;Verde;CN;98;geral;C;0.1787748786834517;False;C;0.5761324167251587;False;True;A;0.5127307176589966;False;False;A;0.1305663287639618;False;False
2024;Verde;CN;100;geral;C;0.3621308016877637;False;C;0.61675626039505;False;True;C;0.6153040925661722;False;True;E;0.0338338216145833;False;False
2024;Verde;CN;101;geral;C;0.4103267560057683;False;A;0.5743728280067444;False;False;B;0.468623012304306;False;False;D;0.0199777483940125;False;False
2024;Verde;CN;102;geral;E;0.2827341166537677;False;B;0.6491546034812927;False;False;A;0.3985954225063324;False;False;A;0.0971440970897675;False;False
2024;Verde;CN;104;geral;B;0.1189069423929099;False;E;0.8814656138420105;False;False;D;0.855086882909139;False;False;B;0.2239476442337036;False;True
2024;Verde;CN;105;geral;E;0.1518862612612612;False;E;0.5809375643730164;False;True;E;0.5235956211884817;False;True;A;0.0547471940517425;False;False
2024;Verde;CN;106;geral;D;0.2321805888153261;False;B;0.9712494611740112;False;False;B;0.9235620101292928;False;False;E;-0.0321768919626871;False;False
2024;Verde;CN;107;geral;B;0.3629077615298087;False;C;0.6800152063369751;False;False;D;0.4458483060201009;False;False;A;0.1035273422797521;False;False
2024;Verde;CN;108;geral;D;0.359807333966178;False;C;0.5924242734909058;False;False;B;0.6085530122121176;False;False;A;0.0555249055226644;False;False
2024;Verde;CN;109;geral;B;0.2577228907184575;False;B;0.994896650314331;False;True;A;0.9003773729006449;False;False;A;0.0389878551165262;False;False
2024;Verde;CN;110;geral;D;0.2775900900900901;False;D;0.8429672718048096;False;True;E;0.7481328447659811;False;False;E;0.1252087553342183;False;False
2024;Verde;CN;111;geral;D;0.207779419005416;False;C;0.5382408499717712;False;False;B;0.573900580406189;False;False;E;0.1493369738260905;False;False
2024;Verde;CN;112;geral;D;0.339276921994795;False;D;0.4089734852313995;False;True;B;0.5428261260191599;False;False;C;0.1774179438749949;False;False
2024;Verde;CN;118;geral;B;0.2317545217819691;False;B;0.7138720750808716;False;True;D;0.7541629672050476;False;False;A;0.1070848107337951;False;False
2024;Verde;CN;119;geral;B;0.2829883115054217;False;E;0.8544937372207642;False;False;B;0.8239627083142599;False;True;C;0.0511422355969747;False;False
2024;Verde;CN;121;geral;A;0.344925803502356;False;A;0.46905317902565;False;True;A;0.5007710059483846;False;True;D;0.0727713505427043;False;False
2024;Verde;CN;123;geral;D;0.1474797321113852;False;C;0.5481312274932861;False;False;D;0.5185802578926086;False;True;B;0.1967095534006755;False;False
2024;Verde;CN;126;geral;E;0.4404489637943774;False;A;0.4578772187232971;False;False;B;0.4321808516979217;False;False;B;0.1277876198291778;False;False
2024;Verde;CN;127;geral;C;0.1755706397495867;False;B;0.612083911895752;False;False;B;0.544554591178894;False;False;C;0.0021762251853942;False;True
2024;Verde;CN;129;geral;C;0.2449611312392275;False;D;0.8091166615486145;False;False;C;0.8172788619995117;False;True;C;0.0350002646446228;False;True
2024;Verde;CN;130;geral;D;0.1932453825857519;False;B;0.4366901516914367;False;False;E;0.455505500237147;False;False;C;0.1453652679920197;False;False
2024;Verde;CN;131;geral;D;0.2352982579623438;False;D;0.9965630173683168;False;True;B;0.9950899084409078;False;False;A;0.0039543708165487;False;False
2024;Verde;CN;132;geral;E;0.5582148388005068;False;E;0.5591223835945129;False;True;B;0.3697717090447743;False;False;B;-0.0959460834662119;False;False
2024;Verde;CN;133;geral;C;0.2838094567970729;False;E;0.6544671058654785;False;False;D;0.5624924302101135;False;False;D;0.0330522060394287;False;False
2024;Verde;CN;134;geral;A;0.1981480829489842;False;D;0.3898613154888153;False;False;A;0.4002904593944549;False;True;B;0.278591697414716;False;False
2024;Verde;LC;1;espanhol;A;0.2533948940793047;False;E;0.487615168094635;False;False;A;0.3651799261569977;False;True;C;-0.0461384256680806;False;False
2024;Verde;LC;1;inglês;B;0.2518889435328832;False;C;0.3907181918621063;False;False;B;0.4099033822615941;False;True;B;0.1439556827147802;False;True
2024;Verde;LC;2;espanhol;C;0.2613837161886638;False;E;0.7075422406196594;False;False;D;0.6555711527665457;False;False;C;0.017147680123647;False;True
2024;Verde;LC;2;inglês;B;0.035017195944437;False;B;0.5136420726776123;False;True;D;0.3928157389163971;False;False;C;0.1345833043257394;False;False
2024;Verde;LC;3;espanhol;A;0.1926680244399185;False;D;0.5462818145751953;False;False;A;0.3859929541746775;False;True;A;0.0826038221518199;False;True
2024;Verde;LC;3;inglês;A;0.1478964545982921;False;D;0.7014299035072327;False;False;D;0.4704112907250722;False;False;E;-0.0910348743200302;False;False
2024;Verde;LC;4;espanhol;C;0.3462426960184808;False;E;0.4973077774047851;False;False;A;0.148205262919267;False;False;B;0.1067211429278055;False;False
2024;Verde;LC;4;inglês;C;0.2284307141258115;False;D;0.68278968334198;False;False;B;0.5159038503964742;False;False;C;0.0101639628410339;False;True
2024;Verde;LC;5;espanhol;B;0.1850441876274643;False;B;0.2539390921592712;False;True;A;0.3668166995048523;False;False;A;0.1469508260488511;False;False
2024;Verde;LC;5;inglês;B;0.1172759407579757;False;E;0.6061766743659973;False;False;E;0.4740235606829325;False;False;D;0.0459081530570983;False;False
2024;Verde;LC;6;geral;D;0.1503160301237224;False;D;0.4312246441841125;False;True;B;0.3481198002894719;False;False;E;0.0546069840590159;False;False
2024;Verde;LC;7;geral;A;0.1187705965431434;False;E;0.6061053276062012;False;False;D;0.5394678711891174;False;False;C;0.11126775542895;False;False
2024;Verde;LC;8;geral;A;0.0870237734960825;False;B;0.3071233630180359;False;False;C;0.5474591155846914;False;False;C;0.3124905129273733;False;False
2024;Verde;LC;9;geral;C;0.2310794461621185;False;C;0.4260537326335907;False;True;C;0.2469502091407775;False;True;B;-0.03922434647878;False;False
2024;Verde;LC;10;geral;B;0.1129763303676347;False;B;0.4377341270446777;False;True;B;0.2250060439109801;False;True;D;-0.0606480321536461;False;False
2024;Verde;LC;11;geral;C;0.0735180520570948;False;B;0.4786102771759033;False;False;B;0.3526228467623393;False;False;E;-0.0538519422213236;False;False
2024;Verde;LC;12;geral;D;0.2052031864475143;False;C;0.6195836067199707;False;False;A;0.4537940770387649;False;False;A;0.2745310515165329;False;False
2024;Verde;LC;13;geral;D;0.0679406233207952;False;B;0.5080541372299194;False;False;B;0.4315221707026164;False;False;C;0.0759754478931427;False;False
2024;Verde;LC;14;geral;A;0.1479564399031998;False;E;0.7079875469207764;False;False;A;0.402938852707545;False;True;A;-0.0588601728280385;False;True
2024;Verde;LC;15;geral;E;0.1544565107756446;False;E;0.4207111299037933;False;True;A;0.4173137942949931;False;False;A;0.2086837391058604;False;False
2024;Verde;LC;16;geral;A;0.2551883941164618;False;B;0.5721964836120605;False;False;B;0.4151199162006378;False;False;C;-0.0497242510318756;False;False
2024;Verde;LC;17;geral;C;0.2273384682654468;False;C;0.4234355092048645;False;True;A;0.3959116240342458;False;False;A;0.0666388173898061;False;False
2024;Verde;LC;18;geral;E;0.1132975151108126;False;E;0.4428317248821258;False;True;A;0.4457512398560841;False;False;C;0.2490936070680618;False;False
2024;Verde;LC;19;geral;A;0.4523737526459026;False;A;0.6668744087219238;False;True;D;0.6455313165982565;False;False;C;0.0513181388378143;False;False
2024;Verde;LC;20;geral;E;0.063546946859579;False;A;0.6290892362594604;False;False;A;0.5309522151947021;False;False;C;0.1527005583047867;False;False
2024;Verde;LC;21;geral;D;0.3779210314262691;False;E;0.3619385361671448;False;False;D;0.1844822963078816;False;True;D;0.1228999284406503;False;True
2024;Verde;LC;22;geral;A;0.2873458354451765;False;A;0.549294114112854;False;True;A;0.5468284885088602;False;True;C;0.0764791667461395;False;False
2024;Verde;LC;23;geral;B;0.2060051164669449;False;D;0.6377049684524536;False;False;A;0.4482620358467102;False;False;C;-0.0707415441672007;False;False
2024;Verde;LC;24;geral;B;0.3258184999495272;False;B;0.5599493980407715;False;True;D;0.3971536457538605;False;False;A;-0.0011878311634063;False;False
2024;Verde;LC;25;geral;D;0.208950201884253;False;C;0.5780580639839172;False;False;C;0.4295319418112437;False;False;E;-0.0003044605255126;False;False
2024;Verde;LC;26;geral;A;0.2830156912923429;False;A;0.5671588182449341;False;True;C;0.4061068346103032;False;False;C;-0.0747302720944086;False;False
2024;Verde;LC;27;geral;E;0.3751134720774636;False;D;0.503331184387207;False;False;E;0.4681281050046285;False;True;A;-0.0066443979740142;False;False
2024;Verde;LC;28;geral;D;0.2616787704779598;False;D;0.5784980058670044;False;True;D;0.3264402945836385;False;True;E;-0.0056764433781306;False;False
2024;Verde;LC;29;geral;D;0.3461667900652891;False;C;0.4292556345462799;False;False;D;0.4137126704057057;False;True;B;0.0511184185743331;False;False
2024;Verde;LC;30;geral;E;0.2081717965141759;False;A;0.6385179758071899;False;False;B;0.4889016846815745;False;False;C;-0.0156494975090026;False;False
2024;Verde;LC;31;geral;C;0.2733142761055994;False;C;0.6419894695281982;False;True;B;0.4683642983436584;False;False;E;0.0620523194471995;False;False
2024;Verde;LC;32;geral;B;0.2478848552263457;False;B;0.5734980702400208;False;True;C;0.3881914814313252;False;False;C;0.0757180054982503;False;False
2024;Verde;LC;33;geral;B;0.1777822689302075;False;D;0.4603733420372009;False;False;D;0.3768883049488067;False;False;B;-0.0368890563646952;False;True
2024;Verde;LC;34;geral;A;0.2099814533805429;False;E;0.6412750482559204;False;False;E;0.5606822570164999;False;False;C;0.0569596091906229;False;False
2024;Verde;LC;35;geral;C;0.1872896189578564;False;E;0.7456824779510498;False;False;C;0.6977300643920898;False;True;A;0.0939494172732035;False;False
2024;Verde;LC;36;geral;A;0.0580773242706686;False;D;0.5830973386764526;False;False;D;0.636591504017512;False;False;A;0.0687556068102518;False;True
2024;Verde;LC;37;geral;C;0.1163855502811163;False;E;0.5130641460418701;False;False;C;0.3086258769035339;False;True;C;0.0283640027046203;False;True
2024;Verde;LC;38;geral;A;0.0750892315980874;False;B;0.4825767278671264;False;False;C;0.2572059333324432;False;False;C;-0.0007103979587554;False;False
2024;Verde;LC;39;geral;A;0.2832940383967666;False;E;0.5668787956237793;False;False;E;0.4911542634169261;False;False;A;0.0849856634934743;False;True
2024;Verde;LC;40;geral;B;0.1297995816181928;False;D;0.522821843624115;False;False;D;0.2622618079185485;False;False;A;-0.0914413295686245;False;False
2024;Verde;LC;41;geral;D;0.05601967257293;False;D;0.4951773881912231;False;True;B;0.418548693259557;False;False;A;0.0117364525794983;False;False
2024;Verde;LC;42;geral;D;0.0973209772535804;False;D;0.4997100830078125;False;True;E;0.2628337740898132;False;False;A;0.0849131147066752;False;False
2024;Verde;LC;43;geral;D;0.0551228886416506;False;D;0.3535381555557251;False;True;A;0.4084246655305226;False;False;A;0.1805030604203542;False;False
2024;Verde;LC;44;geral;D;0.146816176718187;False;D;0.4542917609214782;False;True;E;0.3953828513622284;False;False;B;0.0773712297280629;False;False
2024;Verde;LC;45;geral;C;0.252344646110249;False;A;0.5664522647857666;False;False;C;0.4988674422105153;False;True;C;-0.0628649095694224;False;True
2024;Verde;MT;138;geral;A;0.3218592876481136;False;C;0.9252402782440186;False;False;A;0.7226116061210632;False;True;E;0.011315902074178;False;False
2024;Verde;MT;141;geral;D;0.2461841457410142;False;D;0.9852616786956788;False;True;E;0.9688438971837362;False;False;E;0.0246082146962484;False;False
2024;Verde;MT;144;geral;D;0.1541113965025861;False;C;0.949743390083313;False;False;E;0.8772341211636862;False;False;D;0.0452940265337625;False;True
2024;Verde;MT;149;geral;E;0.2534918903704746;False;A;0.8595899343490601;False;False;C;0.5948008199532827;False;False;C;0.1794043680032095;False;False
2024;Verde;MT;151;geral;D;0.1164833620295864;False;C;0.6978088021278381;False;False;D;0.4949953456719716;False;True;E;0.1256253818670909;False;False
2024;Verde;MT;152;geral;C;0.3346224159752496;False;D;0.9497711062431335;False;False;E;0.6399516463279724;False;False;E;0.1782733201980591;False;False
2024;Verde;MT;160;geral;B;0.2608787643698427;False;D;0.9438881278038024;False;False;B;0.9196036060651144;False;True;A;0.0043384035428365;False;False
2024;Verde;MT;167;geral;E;0.362367864693446;False;B;0.8032615780830383;False;False;B;0.7205253839492798;False;False;E;-0.0513721903165181;False;True
2024;Verde;MT;169;geral;B;0.3285618587596516;False;B;0.9481351971626282;False;True;D/E;0.8899988730748495;True;False;D/E;0.0176790555318197;True;False
2024;Verde;MT;177;geral;C;0.2436512415349887;False;B;0.5899678468704224;False;False;C;0.5346842507521311;False;True;C;0.0256710747877756;False;True
2025;Amarela;CH;46;geral;D;0.2309278350515464;False;E;0.4074997305870056;False;False;A;0.2869959374268849;False;False;D;0.1110907644033432;False;True
2025;Amarela;CH;47;geral;D;0.360005415651232;False;D;0.457376629114151;False;True;D;0.433855394522349;False;True;E;0.0405551791191101;False;False
2025;Amarela;CH;48;geral;E;0.1687876531510187;False;A;0.4129498302936554;False;False;C;0.3634364654620488;False;False;C;-0.0338199685017267;False;False
2025;Amarela;CH;49;geral;B;0.3063763608087091;False;D;0.6209292411804199;False;False;D;0.3600014050801595;False;False;A;0.013259619474411;False;False
2025;Amarela;CH;50;geral;A;0.3114604462474645;False;E;0.5628848671913147;False;False;A;0.538090984026591;False;True;A;0.033317486445109;False;True
2025;Amarela;CH;51;geral;A;0.2461131998780611;False;C;0.3194940388202667;False;False;C;0.5418824354807535;False;False;D;0.2643086512883505;False;False
2025;Amarela;CH;52;geral;E;0.1319912028421586;False;C;0.4241983294486999;False;False;E;0.4700226386388142;False;True;B;0.2676971058050792;False;False
2025;Amarela;CH;53;geral;B;0.1712469999661968;False;E;0.525672197341919;False;False;E;0.4293206632137298;False;False;A;0.1122691134611766;False;False
2025;Amarela;CH;54;geral;E;0.4108000270507878;False;E;0.4180798828601837;False;True;A;0.2603310247262318;False;False;A;0.0649285664161046;False;False
2025;Amarela;CH;55;geral;B;0.2246533648968549;False;B;0.2938815951347351;False;True;A;0.3437216232220332;False;False;A;0.2309412161509197;False;False
2025;Amarela;CH;56;geral;A;0.1551502436383324;False;A;0.7995065450668335;False;True;A;0.7945263783137003;False;True;C;0.0167953570683797;False;False
2025;Amarela;CH;57;geral;A;0.3164629811435729;False;E;0.5361900925636292;False;False;D;0.3762471079826355;False;False;A;-0.0393418918053309;False;True
2025;Amarela;CH;58;geral;A;0.2283768675678422;False;A;0.5185014009475708;False;True;A;0.4234063625335693;False;True;C;0.0131276150544484;False;False
2025;Amarela;CH;59;geral;A;0.1446436438811129;False;B;0.3815976977348327;False;False;B;0.4044947624206543;False;False;C;0.0249282121658325;False;False
2025;Amarela;CH;60;geral;B;0.2717966101694915;False;A;0.5100719928741455;False;False;B;0.5041034519672394;False;True;C;0.1638158758481343;False;False
2025;Amarela;CH;61;geral;D;0.1186188219363574;False;D;0.3657847642898559;False;True;A;0.5104914307594299;False;False;A;0.2001808285713196;False;False
2025;Amarela;CH;62;geral;E;0.1601561174274563;False;E;0.525527834892273;False;True;B;0.3361889819304147;False;False;A;0.0577674011389413;False;False
2025;Amarela;CH;63;geral;B;0.3539024886417576;False;B;0.3006196618080139;False;True;B;0.2443967908620834;False;True;C;0.0413449058930079;False;False
2025;Amarela;CH;64;geral;A;0.3429754872003802;False;C;0.4473584294319153;False;False;B;0.4924886226654053;False;False;A;0.1198603709538778;False;True
2025;Amarela;CH;65;geral;C;0.1791024555461473;False;C;0.5745706558227539;False;True;A;0.3742213447888692;False;False;B;0.0027983238299687;False;False
2025;Amarela;CH;66;geral;B;0.2999525552392571;False;E;0.3857396245002746;False;False;B;0.3938825825850169;False;True;B;0.092927763859431;False;True
2025;Amarela;CH;67;geral;E;0.1987990636767649;False;E;0.5426899194717407;False;True;D;0.5503316223621368;False;False;A;0.143995722134908;False;False
2025;Amarela;CH;68;geral;A;0.2319744963711592;False;E;0.6202356815338135;False;False;C;0.4613916575908661;False;False;A;0.0262954433759053;False;True
2025;Amarela;CH;69;geral;B;0.1355053056243007;False;D;0.5744730830192566;False;False;E;0.4747239847977956;False;False;E;0.0303798218568165;False;False
2025;Amarela;CH;70;geral;B;0.2437816010044453;False;C;0.403285413980484;False;False;B;0.454822580019633;False;True;B;0.1149701277414957;False;True
2025;Amarela;CH;71;geral;D;0.2605538210940681;False;B;0.5467733144760132;False;False;E;0.4366580645243327;False;False;C;0.1462156176567078;False;False
2025;Amarela;CH;72;geral;E;0.2945844213096409;False;E;0.4984611868858337;False;True;C;0.4800962706406911;False;False;D;0.1977325479189555;False;False
2025;Amarela;CH;73;geral;A;0.2004270896888346;False;C;0.566191554069519;False;False;A;0.4523441195487976;False;True;A;0.137079656124115;False;True
2025;Amarela;CH;74;geral;E;0.2794661957961221;False;C;0.4387113153934479;False;False;B;0.4423583547274272;False;False;D;0.09783336520195;False;False
2025;Amarela;CH;75;geral;E;0.2822358814140659;False;E;0.4480299055576324;False;True;B;0.318111131588618;False;False;A;-0.0358602950970332;False;False
2025;Amarela;CH;76;geral;D;0.1317448481561822;False;E;0.5180821418762207;False;False;B;0.3380048871040344;False;False;B;0.0665596723556519;False;False
2025;Amarela;CH;77;geral;A;0.367733396681033;False;C;0.5268522500991821;False;False;A;0.3162885804971059;False;True;A;-0.0446071724096934;False;True
2025;Amarela;CH;78;geral;B;0.3052531301034295;False;D;0.4407031834125519;False;False;D;0.601520299911499;False;False;B;0.1865061521530152;False;True
2025;Amarela;CH;79;geral;E;0.2121047447610637;False;B;0.6156449317932129;False;False;B;0.377540777126948;False;False;E;0.0171852906545003;False;True
2025;Amarela;CH;80;geral;C;0.2352101183190534;False;C;0.3830695450305938;False;True;D;0.5399316747983297;False;False;D;0.2481412490208944;False;False
2025;Amarela;CH;81;geral;D;0.1663321881696656;False;D;0.649975061416626;False;True;D;0.4420530597368876;False;True;B;0.0837648014227549;False;False
2025;Amarela;CH;82;geral;B;0.2694588331515812;False;B;0.6141731142997742;False;True;E;0.5137553115685781;False;False;E;0.1971616645654043;False;False
2025;Amarela;CH;83;geral;A;0.1374829931972789;False;B;0.3293313384056091;False;False;A;0.2653686255216598;False;True;A;0.0259152799844741;False;True
2025;Amarela;CH;84;geral;A;0.1885192877327976;False;E;0.540598452091217;False;False;E;0.4953888058662414;False;False;D;0.1938987175623576;False;False
2025;Amarela;CH;85;geral;E;0.2639512726282836;False;E;0.368986040353775;False;True;D;0.4573047657807668;False;False;C;0.1291870673497518;False;False
2025;Amarela;CH;86;geral;B;0.1522951377082625;False;D;0.3158251643180847;False;False;B;0.2522265277802943;False;True;C;0.0682900299628575;False;False
2025;Amarela;CH;87;geral;E;0.2277510983958312;False;C;0.5836751461029053;False;False;C;0.5061103900273641;False;False;A;0.1716834704081218;False;False
2025;Amarela;CH;88;geral;D;0.1544477693144722;False;B;0.5069513320922852;False;False;D;0.4329729278882344;False;True;D;0.1280844410260517;False;True
2025;Amarela;CH;89;geral;E;0.2842055055873535;False;C;0.7126561403274536;False;False;D;0.5420157114664713;False;False;A;-0.0547602176666259;False;False
2025;Amarela;CH;90;geral;C;0.2185758934637858;False;A;0.2598553001880646;False;False;A;0.4084822237491607;False;False;C;0.1769226789474487;False;True
2025;Amarela;CN;91;geral;B;0.1605236943219012;False;B;0.4360209107398987;False;True;B;0.524281899134318;False;True;A;0.1432413359483083;False;False
2025;Amarela;CN;92;geral;C;0.1331460873893412;False;C;0.31038898229599;False;True;C;0.4023411671320597;False;True;C;0.0919521848360697;False;True
2025;Amarela;CN;93;geral;C;0.2949688888888889;False;E;0.6115031242370605;False;False;B;0.5544697642326355;False;False;B;-0.0146499276161193;False;False
2025;Amarela;CN;94;geral;A;0.1191906980051914;False;B;0.6078128218650818;False;False;B;0.4959134260813395;False;False;C;-0.0292359391848246;False;False
2025;Amarela;CN;95;geral;A;0.2812989045383411;False;E;0.5053634643554688;False;False;E;0.4501501321792602;False;False;B;0.0161469082037608;False;False
2025;Amarela;CN;96;geral;E;0.1586042541082734;False;E;0.5397546291351318;False;True;A;0.4477809468905131;False;False;B;0.0733464062213898;False;False
2025;Amarela;CN;97;geral;B;0.2139324723378518;False;B;0.7148535251617432;False;True;C;0.792127271493276;False;False;D;0.193808913230896;False;False
2025;Amarela;CN;98;geral;C;0.2428835752917734;False;D;0.6470373868942261;False;False;D;0.5619364182154337;False;False;A;-0.0167554020881652;False;False
2025;Amarela;CN;99;geral;B;0.2535126098246363;False;D;0.7540881633758545;False;False;D;0.5958283543586731;False;False;C;-0.021643728017807;False;False
2025;Amarela;CN;100;geral;E;0.1473455735838315;False;B;0.5981217622756958;False;False;C;0.4770430823167165;False;False;D;0.0231830676396688;False;False
2025;Amarela;CN;105;geral;D;0.3051462737561392;False;D;0.828366756439209;False;True;A;0.6387189626693726;False;False;E;0.0554929574330648;False;False
2025;Amarela;CN;106;geral;A;0.2358212139529922;False;D;0.9548725485801696;False;False;A;0.6846194664637247;False;True;B;0.0790788531303405;False;False
2025;Amarela;CN;107;geral;D;0.2262942536915139;False;A;0.5868175029754639;False;False;B;0.52161905169487;False;False;D;0.0970790882905324;False;True
2025;Amarela;CN;108;geral;B;0.2177379172894868;False;B;0.9122467041015624;False;True;D;0.8445559740066528;False;False;E;-0.0417863726615905;False;False
2025;Amarela;CN;109;geral;D;0.1835130038780375;False;C;0.634061336517334;False;False;A;0.597033421198527;False;False;A;0.0947784582773844;False;False
2025;Amarela;CN;110;geral;C;0.2682822675349631;False;D;0.8364112377166748;False;False;B;0.777143637339274;False;False;A;0.0278089841206868;False;False
2025;Amarela;CN;111;geral;A;0.4407653732617277;False;C;0.4435529410839081;False;False;C;0.4099234342575073;False;False;D;0.0561441282431284;False;False
2025;Amarela;CN;112;geral;E;0.4047458109502295;False;E;0.3949548304080963;False;True;E;0.4199724594751994;False;True;C;0.0921491086483001;False;False
2025;Amarela;CN;114;geral;D;0.2486559618328764;False;D;0.7839272618293762;False;True;D;0.7787561416625977;False;True;A;0.0347915689150492;False;False
2025;Amarela;CN;116;geral;C;0.3194404897494305;False;D;0.4800000786781311;False;False;B;0.6082041064898173;False;False;B;0.1650270024935404;False;False
2025;Amarela;CN;117;geral;D;0.1749733001067995;False;A;0.9356600046157836;False;False;D;0.6370187799135844;False;True;E;0.0114858647187551;False;False
2025;Amarela;CN;118;geral;C;0.2585082498841809;False;E;0.829883337020874;False;False;C;0.8234943548838297;False;True;C;0.1029515663782755;False;True
2025;Amarela;CN;119;geral;E;0.3008654154350226;False;D;0.5014623999595642;False;False;D;0.4725702702999115;False;False;C;0.039833128452301;False;False
2025;Amarela;CN;120;geral;C;0.3913074431353006;False;C;0.7193601727485657;False;True;C;0.6415035327275594;False;True;E;-0.0289223988850911;False;False
2025;Amarela;CN;122;geral;A;0.3185585713777525;False;A;0.6491168141365051;False;True;D;0.4140655597050984;False;False;E;0.0265730222066242;False;False
2025;Amarela;CN;123;geral;C;0.2124016658954187;False;C;0.8282687664031982;False;True;C;0.5978637933731079;False;True;B;0.0018919010957081;False;False
2025;Amarela;CN;126;geral;A;0.2323527316760453;False;D;0.7853648662567139;False;False;D;0.741446872552236;False;False;C;0.1086053450902303;False;False
2025;Amarela;CN;128;geral;B;0.2995227580311988;False;E;0.9450836181640624;False;False;B;0.8215346137682596;False;True;A;0.0922634998957315;False;False
2025;Amarela;CN;131;geral;C;0.3048615559826322;False;C;0.4883059859275818;False;True;D;0.4555775324503581;False;False;E;0.0810455481211345;False;False
2025;Amarela;CN;132;geral;C;0.2572974512316673;False;C;0.5307824015617371;False;True;E;0.382785658041636;False;False;A;0.014558712641398;False;False
2025;Amarela;CN;133;geral;C;0.1811638099989309;False;C;0.9859570264816284;False;True;C;0.8051880200703939;False;True;A;-0.0047697027524312;False;False
2025;Amarela;CN;134;geral;B;0.3020458993061732;False;D;0.4649566113948822;False;False;E;0.4075361092885335;False;False;B;0.1568970133860906;False;True
2025;Amarela;LC;1;espanhol;A;0.3225401256106071;False;A;0.5838611125946045;False;True;E;0.420763482650121;False;False;C;0.1002869506676991;False;False
2025;Amarela;LC;1;inglês;C;0.0838197941268214;False;B;0.5695318579673767;False;False;C;0.5860014955202738;False;True;D;0.1155455509821574;False;False
2025;Amarela;LC;2;espanhol;E;0.1814251847719983;False;D;0.5454558730125427;False;False;D;0.3939405580361684;False;False;C;-0.0985721349716186;False;False
2025;Amarela;LC;2;inglês;D;0.1196806137924881;False;D;0.5223712921142578;False;True;A;0.4311105807622273;False;False;A;0.0629047950108845;False;False
2025;Amarela;LC;3;espanhol;D;0.3658468418110676;False;C;0.5112035870552063;False;False;C;0.4656096150477727;False;False;D;0.0546342233816783;False;True
2025;Amarela;LC;3;inglês;A;0.1121616197654194;False;C;0.5363332033157349;False;False;C;0.4188304046789805;False;False;A;-0.0939999421437581;False;True
2025;Amarela;LC;4;espanhol;B;0.1562849162011173;False;B;0.4966002702713012;False;True;D;0.3400352895259857;False;False;E;0.1539237002531687;False;False
2025;Amarela;LC;4;inglês;C;0.2178275216266833;False;B;0.4403038024902344;False;False;B;0.240076333284378;False;False;A;-0.0252048174540201;False;False
2025;Amarela;LC;5;espanhol;C;0.3745464694390176;False;E;0.5673558712005615;False;False;C;0.4591679175694783;False;True;C;-0.0421574513117472;False;True
2025;Amarela;LC;5;inglês;E;0.1575449395601944;False;A;0.6369057297706604;False;False;C;0.5274574756622314;False;False;C;-0.0709550976753234;False;False
2025;Amarela;LC;6;geral;A;0.1954737375443337;False;E;0.5462427735328674;False;False;E;0.5079183975855509;False;False;D;0.1232720712820689;False;False
2025;Amarela;LC;7;geral;A;0.2868871845119438;False;C;0.3945392966270447;False;False;C;0.5203070541222891;False;False;D;0.2156683305899303;False;False
2025;Amarela;LC;8;geral;D;0.1697864576294094;False;A;0.4501482248306274;False;False;D;0.4376818637053172;False;True;D;0.078192154566447;False;True
2025;Amarela;LC;9;geral;D;0.1377154444068942;False;A;0.3457977473735809;False;False;C;0.3987147510051727;False;False;C;0.1810243278741837;False;False
2025;Amarela;LC;10;geral;A;0.2533860235755057;False;B;0.4756216406822204;False;False;B;0.4528343876202901;False;False;C;0.0897997419039409;False;False
2025;Amarela;LC;11;geral;C;0.2341488105280917;False;D;0.7178472280502319;False;False;B;0.4482102890809377;False;False;E;-0.0196621219317117;False;False
2025;Amarela;LC;12;geral;D;0.1892942887092956;False;A;0.3780937790870666;False;False;B;0.3978751003742218;False;False;D;0.0932783285776774;False;True
2025;Amarela;LC;13;geral;B;0.2829717601808428;False;A;0.5182788372039795;False;False;B;0.4877865314483642;False;True;B;0.0911095738410949;False;True
2025;Amarela;LC;14;geral;C;0.0967622259696458;False;E;0.598691999912262;False;False;C;0.5292896231015524;False;True;B;0.1126072406768799;False;False
2025;Amarela;LC;15;geral;B;0.1246079654672377;False;B;0.3526808023452759;False;True;D;0.344664454460144;False;False;C;0.2152980963389079;False;False
2025;Amarela;LC;16;geral;D;0.1494012481025468;False;C;0.641995906829834;False;False;C;0.4605155090490977;False;False;A;-0.0136038263638813;False;False
2025;Amarela;LC;17;geral;D;0.2471917692696913;False;A;0.599769115447998;False;False;A;0.3993659516175588;False;False;D;-0.0648530920346577;False;True
2025;Amarela;LC;18;geral;D;0.1781186783546864;False;E;0.627264142036438;False;False;D;0.4148206611474355;False;True;C;0.0126527200142543;False;False
2025;Amarela;LC;19;geral;A;0.2651115618661258;False;B;0.4983962476253509;False;False;C;0.4424584905306498;False;False;C;0.0079597334067027;False;False
2025;Amarela;LC;20;geral;D;0.2196111580726965;False;C;0.4283157885074615;False;False;C;0.4058291018009186;False;False;D;0.0137258172035217;False;True
2025;Amarela;LC;21;geral;D;0.1649348896835571;False;B;0.5735918283462524;False;False;D;0.3654805918534596;False;True;E;0.0011533747116723;False;False
2025;Amarela;LC;22;geral;B;0.2316414686825054;False;A;0.4497404098510742;False;False;B;0.4985076785087585;False;True;D;0.1424088776111603;False;False
2025;Amarela;LC;23;geral;B;0.1365138233310856;False;E;0.5189547538757324;False;False;A;0.510826994975408;False;False;A;0.1758208771546682;False;False
2025;Amarela;LC;24;geral;A;0.2710425754962632;False;C;0.6303331255912781;False;False;D;0.4026520053545634;False;False;E;-0.0393303930759429;False;False
2025;Amarela;LC;25;geral;C;0.2948596869940637;False;A;0.5494537949562073;False;False;A;0.3976953128973643;False;False;B;-0.0150888959566752;False;False
2025;Amarela;LC;26;geral;C;0.3828085279463105;False;B;0.4073246717453003;False;False;B;0.3468622267246246;False;False;C;0.1437335958083471;False;True
2025;Amarela;LC;27;geral;D;0.1088701517706576;False;D;0.541059136390686;False;True;D;0.3640568653742472;False;True;C;-0.0669652024904887;False;False
2025;Amarela;LC;28;geral;A;0.2187341772151898;False;D;0.5840956568717957;False;False;D;0.4575778444608052;False;False;A;0.0003335624933242;False;True
2025;Amarela;LC;29;geral;A;0.2278728936615675;False;A;0.4254345297813415;False;True;A;0.3147532443205516;False;True;B;0.0159045606851577;False;False
2025;Amarela;LC;30;geral;E;0.1602308782825896;False;E;0.599066972732544;False;True;C;0.3996882637341817;False;False;C;0.0864793260892232;False;False
2025;Amarela;LC;31;geral;A;0.026267871594281;False;E;0.6094986796379089;False;False;E;0.442156712214152;False;False;D;0.0477342108885447;False;False
2025;Amarela;LC;32;geral;D;0.125944669365722;False;E;0.6111387014389038;False;False;B;0.6046785712242126;False;False;C;0.1116197705268859;False;False
2025;Amarela;LC;33;geral;A;0.1772275890022293;False;E;0.3723124265670776;False;False;E;0.3487508992354074;False;False;C;0.017676721016566;False;False
2025;Amarela;LC;34;geral;E;0.2820703905694252;False;E;0.394973874092102;False;True;D;0.3741905887921651;False;False;D;0.0864030023415883;False;False
2025;Amarela;LC;35;geral;C;0.1572127551881221;False;A;0.5228540301322937;False;False;E;0.3850453495979309;False;False;C;-0.0082610249519348;False;True
2025;Amarela;LC;36;geral;E;0.1902284092444925;False;E;0.4585954844951629;False;True;A;0.5105131963888804;False;False;A;0.0901622275511424;False;False
2025;Amarela;LC;37;geral;E;0.258463827916258;False;B;0.4408816695213318;False;False;B;0.4819903075695038;False;False;C;0.2133381565411886;False;False
2025;Amarela;LC;38;geral;C;0.1624590219338267;False;A;0.368878424167633;False;False;A;0.4592949350674947;False;False;E;0.115003893772761;False;False
2025;Amarela;LC;39;geral;A;0.1502599419350482;False;A;0.7623608112335205;False;True;D;0.4831686913967132;False;False;D;0.1117684543132782;False;False
2025;Amarela;LC;40;geral;B;0.2027364864864864;False;B;0.7391009330749512;False;True;A;0.5180989106496176;False;False;E;-0.0589941293001174;False;False
2025;Amarela;LC;41;geral;E;0.2362773351415494;False;B;0.4613702893257141;False;False;B;0.320413440465927;False;False;E;-0.0462281306584676;False;True
2025;Amarela;LC;42;geral;D;0.2103037683512617;False;B;0.6516528725624084;False;False;B;0.4974761207898457;False;False;E;-0.0241396923859913;False;False
2025;Amarela;LC;43;geral;A;0.2422171088251218;False;E;0.4629496932029724;False;False;E;0.3597392290830612;False;False;C;-0.0262304941813151;False;False
2025;Amarela;LC;44;geral;D;0.2019747742873567;False;C;0.4963282346725464;False;False;C;0.5645028154055277;False;False;E;0.1769499580065409;False;False
2025;Amarela;LC;45;geral;E;0.2201515254007982;False;C;0.5538941025733948;False;False;B;0.4277678628762563;False;False;D;0.0675939321517944;False;False
2025;Amarela;MT;140;geral;E;0.2036081557129132;False;B;0.5495723485946655;False;False;D;0.6848918994267782;False;False;D;0.1391213734944661;False;False
2025;Amarela;MT;142;geral;E;0.1191374279410718;False;E;0.7320811152458191;False;True;B;0.6847092310587565;False;False;B;0.1450828711191812;False;False
2025;Amarela;MT;148;geral;A;0.2601623122374884;False;A;0.4125669598579407;False;True;B;0.6601000229517618;False;False;B;0.2846325437227884;False;False
2025;Amarela;MT;156;geral;C;0.1793270774610197;False;D;0.8056564331054688;False;False;D;0.6884413560231527;False;False;E;0.1202961603800455;False;False
2025;Amarela;MT;169;geral;C;0.3128073551421851;False;C;0.8002610802650452;False;True;C;0.6686612168947855;False;True;B;0.0935972332954406;False;False
2025;Amarela;MT;173;geral;B;0.1576732408431113;False;C;0.7752036452293396;False;False;C;0.6055999795595804;False;False;A;-0.0070346097151438;False;False
2025;Amarela;MT;177;geral;E;0.2825078504139309;False;C;0.7196018695831299;False;False;C;0.602127214272817;False;False;E;-0.005683958530426;False;True
2025;Azul;CH;46;geral;B;0.3209851687806187;False;D;0.6209292411804199;False;False;D;0.3600014050801595;False;False;A;0.013259619474411;False;False
2025;Azul;CH;47;geral;A;0.3085616553204333;False;E;0.5628848671913147;False;False;A;0.538090984026591;False;True;A;0.033317486445109;False;True
2025;Azul;CH;48;geral;A;0.2426302328711805;False;C;0.3194940388202667;False;False;C;0.5418824354807535;False;False;D;0.2643086512883505;False;False
2025;Azul;CH;49;geral;D;0.229481242869606;False;E;0.4074997305870056;False;False;A;0.2869959374268849;False;False;D;0.1110907644033432;False;True
2025;Azul;CH;50;geral;D;0.3521543321906298;False;D;0.457376629114151;False;True;D;0.433855394522349;False;True;E;0.0405551791191101;False;False
2025;Azul;CH;51;geral;E;0.1738998992274101;False;A;0.4129498302936554;False;False;C;0.3634364654620488;False;False;C;-0.0338199685017267;False;False
2025;Azul;CH;52;geral;A;0.3271768696060982;False;E;0.5361900925636292;False;False;D;0.3762471079826355;False;False;A;-0.0393418918053309;False;True
2025;Azul;CH;53;geral;A;0.2332067609798716;False;A;0.5185014009475708;False;True;A;0.4234063625335693;False;True;C;0.0131276150544484;False;False
2025;Azul;CH;54;geral;A;0.1413975061338352;False;B;0.3815976977348327;False;False;B;0.4044947624206543;False;False;C;0.0249282121658325;False;False
2025;Azul;CH;55;geral;B;0.2702820978926816;False;A;0.5100719928741455;False;False;B;0.5041034519672394;False;True;C;0.1638158758481343;False;False
2025;Azul;CH;56;geral;D;0.1202686817800167;False;D;0.3657847642898559;False;True;A;0.5104914307594299;False;False;A;0.2001808285713196;False;False
2025;Azul;CH;57;geral;E;0.1377350240489724;False;C;0.4241983294486999;False;False;E;0.4700226386388142;False;True;B;0.2676971058050792;False;False
2025;Azul;CH;58;geral;B;0.1744143054014991;False;E;0.525672197341919;False;False;E;0.4293206632137298;False;False;A;0.1122691134611766;False;False
2025;Azul;CH;59;geral;E;0.395921521198683;False;E;0.4180798828601837;False;True;A;0.2603310247262318;False;False;A;0.0649285664161046;False;False
2025;Azul;CH;60;geral;B;0.2245967741935484;False;B;0.2938815951347351;False;True;A;0.3437216232220332;False;False;A;0.2309412161509197;False;False
2025;Azul;CH;61;geral;A;0.1610582579755941;False;A;0.7995065450668335;False;True;A;0.7945263783137003;False;True;C;0.0167953570683797;False;False
2025;Azul;CH;62;geral;E;0.2979624773048214;False;E;0.4984611868858337;False;True;C;0.4800962706406911;False;False;D;0.1977325479189555;False;False
2025;Azul;CH;63;geral;A;0.1951727847250235;False;C;0.566191554069519;False;False;A;0.4523441195487976;False;True;A;0.137079656124115;False;True
2025;Azul;CH;64;geral;E;0.2833058518693004;False;C;0.4387113153934479;False;False;B;0.4423583547274272;False;False;D;0.09783336520195;False;False
2025;Azul;CH;65;geral;E;0.1571096669921546;False;E;0.525527834892273;False;True;B;0.3361889819304147;False;False;A;0.0577674011389413;False;False
2025;Azul;CH;66;geral;B;0.3345335846008884;False;B;0.3006196618080139;False;True;B;0.2443967908620834;False;True;C;0.0413449058930079;False;False
2025;Azul;CH;67;geral;A;0.338118344790403;False;C;0.4473584294319153;False;False;B;0.4924886226654053;False;False;A;0.1198603709538778;False;True
2025;Azul;CH;68;geral;C;0.1838299589695298;False;C;0.5745706558227539;False;True;A;0.3742213447888692;False;False;B;0.0027983238299687;False;False
2025;Azul;CH;69;geral;B;0.3039730639730639;False;E;0.3857396245002746;False;False;B;0.3938825825850169;False;True;B;0.092927763859431;False;True
2025;Azul;CH;70;geral;E;0.2677290031331065;False;E;0.368986040353775;False;True;D;0.4573047657807668;False;False;C;0.1291870673497518;False;False
2025;Azul;CH;71;geral;B;0.148282705957547;False;D;0.3158251643180847;False;False;B;0.2522265277802943;False;True;C;0.0682900299628575;False;False
2025;Azul;CH;72;geral;E;0.2427508166908025;False;C;0.5836751461029053;False;False;C;0.5061103900273641;False;False;A;0.1716834704081218;False;False
2025;Azul;CH;73;geral;D;0.1520568235373325;False;B;0.5069513320922852;False;False;D;0.4329729278882344;False;True;D;0.1280844410260517;False;True
2025;Azul;CH;74;geral;E;0.2805881559422636;False;C;0.7126561403274536;False;False;D;0.5420157114664713;False;False;A;-0.0547602176666259;False;False
2025;Azul;CH;75;geral;C;0.2113908711458193;False;A;0.259855180978775;False;False;A;0.5362579226493835;False;False;E;0.3078484286864598;False;False
2025;Azul;CH;76;geral;E;0.2786255684689237;False;E;0.4480299055576324;False;True;B;0.318111131588618;False;False;A;-0.0358602950970332;False;False
2025;Azul;CH;77;geral;D;0.1372628179249091;False;E;0.5180821418762207;False;False;B;0.3380048871040344;False;False;B;0.0665596723556519;False;False
2025;Azul;CH;78;geral;A;0.3717162872154115;False;C;0.5268522500991821;False;False;A;0.3162885804971059;False;True;A;-0.0446071724096934;False;True
2025;Azul;CH;79;geral;B;0.2972462203023758;False;D;0.4407031834125519;False;False;D;0.601520299911499;False;False;B;0.1865061521530152;False;True
2025;Azul;CH;80;geral;E;0.206504887091338;False;B;0.6156449317932129;False;False;B;0.377540777126948;False;False;E;0.0171852906545003;False;True
2025;Azul;CH;81;geral;C;0.2316851052347544;False;C;0.3830695450305938;False;True;D;0.5399316747983297;False;False;D;0.2481412490208944;False;False
2025;Azul;CH;82;geral;D;0.1717805907172996;False;D;0.649975061416626;False;True;D;0.4420530597368876;False;True;B;0.0837648014227549;False;False
2025;Azul;CH;83;geral;B;0.2694805194805195;False;B;0.6141731142997742;False;True;E;0.5137553115685781;False;False;E;0.1971616645654043;False;False
2025;Azul;CH;84;geral;A;0.1392576079981085;False;B;0.3293313384056091;False;False;A;0.2653686255216598;False;True;A;0.0259152799844741;False;True
2025;Azul;CH;85;geral;A;0.180617484123767;False;E;0.540598452091217;False;False;E;0.4953888058662414;False;False;D;0.1938987175623576;False;False
2025;Azul;CH;86;geral;E;0.1938154782020953;False;E;0.5426899194717407;False;True;D;0.5503316223621368;False;False;A;0.143995722134908;False;False
2025;Azul;CH;87;geral;A;0.2220909428484623;False;E;0.6202356815338135;False;False;C;0.4613916575908661;False;False;A;0.0262954433759053;False;True
2025;Azul;CH;88;geral;B;0.1357437040037809;False;D;0.5744730830192566;False;False;E;0.4747239847977956;False;False;E;0.0303798218568165;False;False
2025;Azul;CH;89;geral;B;0.2328457042467651;False;C;0.403285413980484;False;False;B;0.454822580019633;False;True;B;0.1149701277414957;False;True
2025;Azul;CH;90;geral;D;0.2430799351876856;False;B;0.3361057341098785;False;False;B;0.2903334945440292;False;False;D;0.1442941141625245;False;True
2025;Azul;CN;91;geral;C;0.2793082502590488;False;C;0.5307824015617371;False;True;E;0.382785658041636;False;False;A;0.014558712641398;False;False
2025;Azul;CN;92;geral;C;0.1630500840095806;False;C;0.9859570264816284;False;True;C;0.8051880200703939;False;True;A;-0.0047697027524312;False;False
2025;Azul;CN;93;geral;B;0.3244682752457551;False;D;0.4649566113948822;False;False;E;0.4075361092885335;False;False;B;0.1568970133860906;False;True
2025;Azul;CN;95;geral;B;0.1548078296899557;False;B;0.4360209107398987;False;True;B;0.524281899134318;False;True;A;0.1432413359483083;False;False
2025;Azul;CN;96;geral;C;0.1219669084801486;False;C;0.31038898229599;False;True;C;0.4023411671320597;False;True;C;0.0919521848360697;False;True
2025;Azul;CN;97;geral;C;0.2895526654280406;False;E;0.6115031242370605;False;False;B;0.5544697642326355;False;False;B;-0.0146499276161193;False;False
2025;Azul;CN;98;geral;A;0.1194195231797548;False;B;0.6078128218650818;False;False;B;0.4959134260813395;False;False;C;-0.0292359391848246;False;False
2025;Azul;CN;99;geral;A;0.3073597713469096;False;E;0.5053634643554688;False;False;E;0.4501501321792602;False;False;B;0.0161469082037608;False;False
2025;Azul;CN;100;geral;E;0.160893655049151;False;E;0.5397546291351318;False;True;A;0.4477809468905131;False;False;B;0.0733464062213898;False;False
2025;Azul;CN;101;geral;B;0.2150799041864788;False;B;0.7148535251617432;False;True;C;0.792127271493276;False;False;D;0.193808913230896;False;False
2025;Azul;CN;102;geral;C;0.2430972818311874;False;D;0.6470373868942261;False;False;D;0.5619364182154337;False;False;A;-0.0167554020881652;False;False
2025;Azul;CN;103;geral;B;0.2559253565938583;False;D;0.7540881633758545;False;False;D;0.5958283543586731;False;False;C;-0.021643728017807;False;False
2025;Azul;CN;104;geral;E;0.1483891729538384;False;B;0.5981217622756958;False;False;C;0.4770430823167165;False;False;D;0.0231830676396688;False;False
2025;Azul;CN;105;geral;D;0.2230926065028436;False;A;0.5868175029754639;False;False;B;0.52161905169487;False;False;D;0.0970790882905324;False;True
2025;Azul;CN;106;geral;B;0.2139003037341433;False;B;0.9122467041015624;False;True;D;0.8445559740066528;False;False;E;-0.0417863726615905;False;False
2025;Azul;CN;109;geral;D;0.1957811941365749;False;C;0.634061336517334;False;False;A;0.597033421198527;False;False;A;0.0947784582773844;False;False
2025;Azul;CN;110;geral;C;0.2729484152536309;False;D;0.8364112377166748;False;False;B;0.777143637339274;False;False;A;0.0278089841206868;False;False
2025;Azul;CN;111;geral;A;0.4572031021049998;False;C;0.4435529410839081;False;False;C;0.4099234342575073;False;False;D;0.0561441282431284;False;False
2025;Azul;CN;112;geral;E;0.4045457794296333;False;E;0.3949548304080963;False;True;E;0.4199724594751994;False;True;C;0.0921491086483001;False;False
2025;Azul;CN;114;geral;D;0.301672384219554;False;D;0.828366756439209;False;True;A;0.6387189626693726;False;False;E;0.0554929574330648;False;False
2025;Azul;CN;115;geral;A;0.2174830175187701;False;D;0.9548725485801696;False;False;A;0.6846194664637247;False;True;B;0.0790788531303405;False;False
2025;Azul;CN;116;geral;A;0.3197198699396148;False;A;0.6491168141365051;False;True;D;0.4140655597050984;False;False;E;0.0265730222066242;False;False
2025;Azul;CN;117;geral;C;0.2127347522804507;False;C;0.8282687664031982;False;True;C;0.5978637933731079;False;True;B;0.0018919010957081;False;False
2025;Azul;CN;120;geral;C;0.2621717479310715;False;E;0.829883337020874;False;False;C;0.8234943548838297;False;True;C;0.1029515663782755;False;True
2025;Azul;CN;121;geral;E;0.2960937779207319;False;D;0.5014623999595642;False;False;D;0.4725702702999115;False;False;C;0.039833128452301;False;False
2025;Azul;CN;122;geral;C;0.3850969449810403;False;C;0.7193601727485657;False;True;C;0.6415035327275594;False;True;E;-0.0289223988850911;False;False
2025;Azul;CN;124;geral;A;0.2393009347133187;False;D;0.7853648662567139;False;False;D;0.741446872552236;False;False;C;0.1086053450902303;False;False
2025;Azul;CN;126;geral;B;0.3059295330850759;False;E;0.9450836181640624;False;False;B;0.8215346137682596;False;True;A;0.0922634998957315;False;False
2025;Azul;CN;129;geral;C;0.2977262977262977;False;C;0.4883059859275818;False;True;D;0.4555775324503581;False;False;E;0.0810455481211345;False;False
2025;Azul;CN;131;geral;D;0.2577168230322996;False;D;0.7839272618293762;False;True;D;0.7787561416625977;False;True;A;0.0347915689150492;False;False
2025;Azul;CN;133;geral;C;0.3006800286327845;False;D;0.4800000786781311;False;False;B;0.6082041064898173;False;False;B;0.1650270024935404;False;False
2025;Azul;CN;134;geral;A;0.1785279587599341;False;A;0.9356600046157836;False;True;D;0.6370187799135844;False;False;E;0.0114858647187551;False;False
2025;Azul;LC;1;espanhol;E;0.1905623608017817;False;D;0.5454558730125427;False;False;D;0.3939405580361684;False;False;C;-0.0985721349716186;False;False
2025;Azul;LC;1;inglês;E;0.1469081272084805;False;A;0.6369057297706604;False;False;C;0.5274574756622314;False;False;C;-0.0709550976753234;False;False
2025;Azul;LC;2;espanhol;D;0.3705923344947735;False;C;0.5112035870552063;False;False;C;0.4656096150477727;False;False;D;0.0546342233816783;False;True
2025;Azul;LC;2;inglês;A;0.1134494650278539;False;C;0.5363332033157349;False;False;C;0.4188304046789805;False;False;A;-0.0939999421437581;False;True
2025;Azul;LC;3;espanhol;A;0.2563816431859395;False;A;0.5838611125946045;False;True;E;0.420763482650121;False;False;C;0.1002869506676991;False;False
2025;Azul;LC;3;inglês;C;0.239368756078154;False;B;0.4403038024902344;False;False;B;0.240076333284378;False;False;A;-0.0252048174540201;False;False
2025;Azul;LC;4;espanhol;C;0.3807134894091415;False;E;0.5673558712005615;False;False;C;0.4591679175694783;False;True;C;-0.0421574513117472;False;True
2025;Azul;LC;4;inglês;A;0.1125751680226388;False;D;0.5223712921142578;False;False;A;0.4311105807622273;False;True;A;0.0629047950108845;False;True
2025;Azul;LC;5;espanhol;B;0.1629299540453976;False;B;0.4966002702713012;False;True;D;0.3400352895259857;False;False;E;0.1539237002531687;False;False
2025;Azul;LC;5;inglês;C;0.0806715263971725;False;B;0.5695318579673767;False;False;C;0.5860014955202738;False;True;D;0.1155455509821574;False;False
2025;Azul;LC;6;geral;D;0.2552649228705567;False;A;0.3457977473735809;False;False;C;0.3987147510051727;False;False;C;0.1810243278741837;False;False
2025;Azul;LC;7;geral;D;0.156057150523209;False;A;0.4501482248306274;False;False;D;0.4376818637053172;False;True;D;0.078192154566447;False;True
2025;Azul;LC;8;geral;A;0.2949543746645195;False;B;0.4756216406822204;False;False;B;0.4528343876202901;False;False;C;0.0897997419039409;False;False
2025;Azul;LC;9;geral;A;0.2159014632836622;False;E;0.5462427735328674;False;False;E;0.5079183975855509;False;False;D;0.1232720712820689;False;False
2025;Azul;LC;10;geral;A;0.2992854986414411;False;C;0.3945392966270447;False;False;C;0.5203070541222891;False;False;D;0.2156683305899303;False;False
2025;Azul;LC;11;geral;D;0.2338211600429645;False;C;0.4283157885074615;False;False;C;0.4058291018009186;False;False;D;0.0137258172035217;False;True
2025;Azul;LC;12;geral;D;0.1781289760932163;False;B;0.5735918283462524;False;False;D;0.3654805918534596;False;True;E;0.0011533747116723;False;False
2025;Azul;LC;13;geral;B;0.2442008581389112;False;A;0.4497404098510742;False;False;B;0.4985076785087585;False;True;D;0.1424088776111603;False;False
2025;Azul;LC;14;geral;B;0.1313824622493052;False;E;0.5189547538757324;False;False;A;0.510826994975408;False;False;A;0.1758208771546682;False;False
2025;Azul;LC;15;geral;C;0.2297582727059375;False;D;0.7178472280502319;False;False;B;0.4482102890809377;False;False;E;-0.0196621219317117;False;False
2025;Azul;LC;16;geral;D;0.2053526511721501;False;A;0.3780937790870666;False;False;B;0.3978751003742218;False;False;D;0.0932783285776774;False;True
2025;Azul;LC;17;geral;B;0.2900459007605454;False;A;0.5182788372039795;False;False;B;0.4877865314483642;False;True;B;0.0911095738410949;False;True
2025;Azul;LC;18;geral;C;0.1022616853744345;False;E;0.598691999912262;False;False;C;0.5292896231015524;False;True;B;0.1126072406768799;False;False
2025;Azul;LC;19;geral;B;0.1206174865217828;False;B;0.3526808023452759;False;True;D;0.344664454460144;False;False;C;0.2152980963389079;False;False
2025;Azul;LC;20;geral;D;0.1580182354518637;False;C;0.641995906829834;False;False;C;0.4605155090490977;False;False;A;-0.0136038263638813;False;False
2025;Azul;LC;21;geral;D;0.2478643931526582;False;A;0.599769115447998;False;False;A;0.3993659516175588;False;False;D;-0.0648530920346577;False;True
2025;Azul;LC;22;geral;C;0.1473010983123493;False;A;0.5228540301322937;False;False;E;0.3850453495979309;False;False;C;-0.0082610249519348;False;True
2025;Azul;LC;23;geral;E;0.1842246527544789;False;E;0.4585954844951629;False;True;A;0.5105131963888804;False;False;A;0.0901622275511424;False;False
2025;Azul;LC;24;geral;D;0.1818881821225309;False;E;0.627264142036438;False;False;D;0.4148206611474355;False;True;C;0.0126527200142543;False;False
2025;Azul;LC;25;geral;A;0.2550412388486787;False;B;0.4983962476253509;False;False;C;0.4424584905306498;False;False;C;0.0079597334067027;False;False
2025;Azul;LC;26;geral;A;0.0254058577405857;False;E;0.6094986796379089;False;False;E;0.442156712214152;False;False;D;0.0477342108885447;False;False
2025;Azul;LC;27;geral;D;0.1156808895438408;False;E;0.6111387014389038;False;False;B;0.6046785712242126;False;False;C;0.1116197705268859;False;False
2025;Azul;LC;28;geral;A;0.1688960407656978;False;E;0.3723124265670776;False;False;E;0.3487508992354074;False;False;C;0.017676721016566;False;False
2025;Azul;LC;29;geral;E;0.2736241610738255;False;E;0.394973874092102;False;True;D;0.3741905887921651;False;False;D;0.0864030023415883;False;False
2025;Azul;LC;30;geral;A;0.2600100688034905;False;C;0.6303331255912781;False;False;D;0.4026520053545634;False;False;E;-0.0393303930759429;False;False
2025;Azul;LC;31;geral;C;0.3019253306546124;False;A;0.5494537949562073;False;False;A;0.3976953128973643;False;False;B;-0.0150888959566752;False;False
2025;Azul;LC;32;geral;C;0.3906197316069863;False;B;0.4073246717453003;False;False;B;0.3468622267246246;False;False;C;0.1437335958083471;False;True
2025;Azul;LC;33;geral;D;0.1100653156925138;False;D;0.541059136390686;False;True;D;0.3640568653742472;False;True;C;-0.0669652024904887;False;False
2025;Azul;LC;34;geral;A;0.2202486678507993;False;D;0.5840956568717957;False;False;D;0.4575778444608052;False;False;A;0.0003335624933242;False;True
2025;Azul;LC;35;geral;A;0.2303926499681454;False;A;0.4254345297813415;False;True;A;0.3147532443205516;False;True;B;0.0159045606851577;False;False
2025;Azul;LC;36;geral;E;0.1620190374044778;False;E;0.599066972732544;False;True;C;0.3996882637341817;False;False;C;0.0864793260892232;False;False
2025;Azul;LC;37;geral;D;0.2013229023268307;False;B;0.6516528725624084;False;False;B;0.4974761207898457;False;False;E;-0.0241396923859913;False;False
2025;Azul;LC;38;geral;A;0.2402671499530138;False;E;0.4629496932029724;False;False;E;0.3597392290830612;False;False;C;-0.0262304941813151;False;False
2025;Azul;LC;39;geral;B;0.1990206600482962;False;B;0.7391009330749512;False;True;A;0.5180989106496176;False;False;E;-0.0589941293001174;False;False
2025;Azul;LC;40;geral;E;0.2294302196133994;False;B;0.4613702893257141;False;False;B;0.320413440465927;False;False;E;-0.0462281306584676;False;True
2025;Azul;LC;41;geral;D;0.1962159079472642;False;C;0.4963282346725464;False;False;C;0.5645028154055277;False;False;E;0.1769499580065409;False;False
2025;Azul;LC;42;geral;E;0.2080928734398067;False;C;0.5538941025733948;False;False;B;0.4277678628762563;False;False;D;0.0675939321517944;False;False
2025;Azul;LC;43;geral;E;0.2524862249697621;False;B;0.4408816695213318;False;False;B;0.4819903075695038;False;False;C;0.2133381565411886;False;False
2025;Azul;LC;44;geral;C;0.173663545756569;False;A;0.368878424167633;False;False;A;0.4592949350674947;False;False;E;0.115003893772761;False;False
2025;Azul;LC;45;geral;A;0.1497501928042115;False;A;0.7623608112335205;False;True;D;0.4831686913967132;False;False;D;0.1117684543132782;False;False
2025;Azul;MT;143;geral;E;0.1993565683646112;False;B;0.5495723485946655;False;False;D;0.6848918994267782;False;False;D;0.1391213734944661;False;False
2025;Azul;MT;145;geral;E;0.117499821211471;False;E;0.7320811152458191;False;True;B;0.6847092310587565;False;False;B;0.1450828711191812;False;False
2025;Azul;MT;154;geral;A;0.2619098712446352;False;A;0.4125669598579407;False;True;B;0.6601000229517618;False;False;B;0.2846325437227884;False;False
2025;Azul;MT;164;geral;D;0.1908092983211364;False;D;0.8056564331054688;False;True;D;0.6884413560231527;False;True;E;0.1202961603800455;False;False
2025;Azul;MT;168;geral;B;0.1512535816618911;False;C;0.7752036452293396;False;False;C;0.6055999795595804;False;False;A;-0.0070346097151438;False;False
2025;Azul;MT;173;geral;E;0.2915830226555778;False;C;0.7196018695831299;False;False;C;0.602127214272817;False;False;E;-0.005683958530426;False;True
2025;Azul;MT;178;geral;C;0.3085716333405002;False;C;0.8002610802650452;False;True;C;0.6686612168947855;False;True;B;0.0935972332954406;False;False
2025;Cinza;CH;46;geral;E;0.1305760509036756;False;C;0.4241983294486999;False;False;E;0.4700226386388142;False;True;B;0.2676971058050792;False;False
2025;Cinza;CH;47;geral;B;0.1706846346583598;False;E;0.525672197341919;False;False;E;0.4293206632137298;False;False;A;0.1122691134611766;False;False
2025;Cinza;CH;48;geral;E;0.4245101025484821;False;E;0.4180798828601837;False;True;A;0.2603310247262318;False;False;A;0.0649285664161046;False;False
2025;Cinza;CH;49;geral;B;0.2230079512772796;False;B;0.2938815951347351;False;True;A;0.3437216232220332;False;False;A;0.2309412161509197;False;False
2025;Cinza;CH;50;geral;A;0.1514002234939555;False;A;0.7995065450668335;False;True;A;0.7945263783137003;False;True;C;0.0167953570683797;False;False
2025;Cinza;CH;51;geral;B;0.302861012358219;False;D;0.6209292411804199;False;False;D;0.3600014050801595;False;False;A;0.013259619474411;False;False
2025;Cinza;CH;52;geral;A;0.3127707092582566;False;E;0.5628848671913147;False;False;A;0.538090984026591;False;True;A;0.033317486445109;False;True
2025;Cinza;CH;53;geral;A;0.2528681012830086;False;C;0.3194940388202667;False;False;C;0.5418824354807535;False;False;D;0.2643086512883505;False;False
2025;Cinza;CH;54;geral;A;0.3134232280796856;False;E;0.5361900925636292;False;False;D;0.3762471079826355;False;False;A;-0.0393418918053309;False;True
2025;Cinza;CH;55;geral;A;0.2258294079772272;False;A;0.5185014009475708;False;True;A;0.4234063625335693;False;True;C;0.0131276150544484;False;False
2025;Cinza;CH;56;geral;A;0.1402949652483471;False;B;0.3815976977348327;False;False;B;0.4044947624206543;False;False;C;0.0249282121658325;False;False
2025;Cinza;CH;57;geral;B;0.2629291317192434;False;A;0.5100719928741455;False;False;B;0.5041034519672394;False;True;C;0.1638158758481343;False;False
2025;Cinza;CH;58;geral;D;0.1182073968609105;False;D;0.3657847642898559;False;True;A;0.5104914307594299;False;False;A;0.2001808285713196;False;False
2025;Cinza;CH;59;geral;D;0.2628385478458357;False;E;0.4074997305870056;False;False;A;0.2869959374268849;False;False;D;0.1110907644033432;False;True
2025;Cinza;CH;60;geral;D;0.3581993350973607;False;D;0.457376629114151;False;True;D;0.433855394522349;False;True;E;0.0405551791191101;False;False
2025;Cinza;CH;61;geral;E;0.1698311520987319;False;A;0.4129498302936554;False;False;C;0.3634364654620488;False;False;C;-0.0338199685017267;False;False
2025;Cinza;CH;62;geral;E;0.2639232568387512;False;E;0.368986040353775;False;True;D;0.4573047657807668;False;False;C;0.1291870673497518;False;False
2025;Cinza;CH;63;geral;B;0.1396869494511451;False;D;0.3158251643180847;False;False;B;0.2522265277802943;False;True;C;0.0682900299628575;False;False
2025;Cinza;CH;64;geral;E;0.263964727827709;False;C;0.5836751461029053;False;False;C;0.5061103900273641;False;False;A;0.1716834704081218;False;False
2025;Cinza;CH;65;geral;D;0.1437571980218142;False;B;0.5069513320922852;False;False;D;0.4329729278882344;False;True;D;0.1280844410260517;False;True
2025;Cinza;CH;66;geral;E;0.2723165760869565;False;C;0.7126561403274536;False;False;D;0.5420157114664713;False;False;A;-0.0547602176666259;False;False
2025;Cinza;CH;67;geral;C;0.2014710368437108;False;A;0.259855180978775;False;False;A;0.5362579226493835;False;False;E;0.3078484286864598;False;False
2025;Cinza;CH;68;geral;E;0.2923677069199457;False;E;0.4480299055576324;False;True;B;0.318111131588618;False;False;A;-0.0358602950970332;False;False
2025;Cinza;CH;69;geral;D;0.1350682796245468;False;E;0.5180821418762207;False;False;B;0.3380048871040344;False;False;B;0.0665596723556519;False;False
2025;Cinza;CH;70;geral;A;0.3679731470807622;False;C;0.5268522500991821;False;False;A;0.3162885804971059;False;True;A;-0.0446071724096934;False;True
2025;Cinza;CH;71;geral;B;0.3039578732801087;False;D;0.4407031834125519;False;False;D;0.601520299911499;False;False;B;0.1865061521530152;False;True
2025;Cinza;CH;72;geral;E;0.2079597935343656;False;B;0.6156449317932129;False;False;B;0.377540777126948;False;False;E;0.0171852906545003;False;True
2025;Cinza;CH;73;geral;E;0.2979995245049757;False;E;0.4984611868858337;False;True;C;0.4800962706406911;False;False;D;0.1977325479189555;False;False
2025;Cinza;CH;74;geral;A;0.2004210097443384;False;C;0.566191554069519;False;False;A;0.4523441195487976;False;True;A;0.137079656124115;False;True
2025;Cinza;CH;75;geral;E;0.2934402282841322;False;C;0.4387113153934479;False;False;B;0.4423583547274272;False;False;D;0.09783336520195;False;False
2025;Cinza;CH;76;geral;E;0.1515336798124936;False;E;0.525527834892273;False;True;B;0.3361889819304147;False;False;A;0.0577674011389413;False;False
2025;Cinza;CH;77;geral;B;0.3371950805191275;False;B;0.3006196618080139;False;True;B;0.2443967908620834;False;True;C;0.0413449058930079;False;False
2025;Cinza;CH;78;geral;A;0.3252470187393526;False;C;0.4473584294319153;False;False;B;0.4924886226654053;False;False;A;0.1198603709538778;False;True
2025;Cinza;CH;79;geral;C;0.1767901402234067;False;C;0.5745706558227539;False;True;A;0.3742213447888692;False;False;B;0.0027983238299687;False;False
2025;Cinza;CH;80;geral;B;0.2994154431756389;False;E;0.3857396245002746;False;False;B;0.3938825825850169;False;True;B;0.092927763859431;False;True
2025;Cinza;CH;81;geral;E;0.1901085070920779;False;E;0.5426899194717407;False;True;D;0.5503316223621368;False;False;A;0.143995722134908;False;False
2025;Cinza;CH;82;geral;A;0.2268121855025159;False;E;0.6202356815338135;False;False;C;0.4613916575908661;False;False;A;0.0262954433759053;False;True
2025;Cinza;CH;83;geral;B;0.1401748358787714;False;D;0.5744730830192566;False;False;E;0.4747239847977956;False;False;E;0.0303798218568165;False;False
2025;Cinza;CH;84;geral;B;0.2450639978213507;False;C;0.403285413980484;False;False;B;0.454822580019633;False;True;B;0.1149701277414957;False;True
2025;Cinza;CH;85;geral;D;0.2446525885558583;False;B;0.5467733144760132;False;False;E;0.4366580645243327;False;False;C;0.1462156176567078;False;False
2025;Cinza;CH;86;geral;C;0.2273841127220747;False;C;0.3830695450305938;False;True;D;0.5399316747983297;False;False;D;0.2481412490208944;False;False
2025;Cinza;CH;87;geral;D;0.169621286876042;False;D;0.649975061416626;False;True;D;0.4420530597368876;False;True;B;0.0837648014227549;False;False
2025;Cinza;CH;88;geral;B;0.2629911064163288;False;B;0.6141731142997742;False;True;E;0.5137553115685781;False;False;E;0.1971616645654043;False;False
2025;Cinza;CH;89;geral;A;0.1412825310426943;False;B;0.3293313384056091;False;False;A;0.2653686255216598;False;True;A;0.0259152799844741;False;True
2025;Cinza;CH;90;geral;A;0.1934528873311328;False;C;0.5144915580749512;False;False;C;0.3260268767674764;False;False;E;0.1450244088967641;False;False
2025;Cinza;CN;91;geral;A;0.2564075181546347;False;E;0.5053634643554688;False;False;E;0.4501501321792602;False;False;B;0.0161469082037608;False;False
2025;Cinza;CN;92;geral;E;0.1581589064502349;False;E;0.5397546291351318;False;True;A;0.4477809468905131;False;False;B;0.0733464062213898;False;False
2025;Cinza;CN;93;geral;B;0.2174857549857549;False;B;0.7148535251617432;False;True;C;0.792127271493276;False;False;D;0.193808913230896;False;False
2025;Cinza;CN;94;geral;C;0.2530811426943079;False;D;0.6470373868942261;False;False;D;0.5619364182154337;False;False;A;-0.0167554020881652;False;False
2025;Cinza;CN;95;geral;B;0.2666310541310541;False;D;0.7540881633758545;False;False;D;0.5958283543586731;False;False;C;-0.021643728017807;False;False
2025;Cinza;CN;96;geral;E;0.1537174787343844;False;B;0.5981217622756958;False;False;C;0.4770430823167165;False;False;D;0.0231830676396688;False;False
2025;Cinza;CN;97;geral;B;0.1653021997579554;False;B;0.4360209107398987;False;True;B;0.524281899134318;False;True;A;0.1432413359483083;False;False
2025;Cinza;CN;98;geral;C;0.1224373576309795;False;C;0.31038898229599;False;True;C;0.4023411671320597;False;True;C;0.0919521848360697;False;True
2025;Cinza;CN;99;geral;C;0.2982562277580071;False;E;0.6115031242370605;False;False;B;0.5544697642326355;False;False;B;-0.0146499276161193;False;False
2025;Cinza;CN;100;geral;A;0.1280828499234848;False;B;0.6078128218650818;False;False;B;0.4959134260813395;False;False;C;-0.0292359391848246;False;False
2025;Cinza;CN;103;geral;D;0.1819380590897751;False;C;0.634061336517334;False;False;A;0.597033421198527;False;False;A;0.0947784582773844;False;False
2025;Cinza;CN;104;geral;C;0.2770831106836237;False;D;0.8364112377166748;False;False;B;0.777143637339274;False;False;A;0.0278089841206868;False;False
2025;Cinza;CN;105;geral;A;0.4612945744718749;False;C;0.4435529410839081;False;False;C;0.4099234342575073;False;False;D;0.0561441282431284;False;False
2025;Cinza;CN;106;geral;E;0.408260637350899;False;E;0.3949548304080963;False;True;E;0.4199724594751994;False;True;C;0.0921491086483001;False;False
2025;Cinza;CN;107;geral;D;0.2123704732400384;False;A;0.5868175029754639;False;False;B;0.52161905169487;False;False;D;0.0970790882905324;False;True
2025;Cinza;CN;108;geral;B;0.221818440929172;False;B;0.9122467041015624;False;True;D;0.8445559740066528;False;False;E;-0.0417863726615905;False;False
2025;Cinza;CN;110;geral;D;0.2994412612548489;False;D;0.828366756439209;False;True;A;0.6387189626693726;False;False;E;0.0554929574330648;False;False
2025;Cinza;CN;111;geral;A;0.2143671201652539;False;D;0.9548725485801696;False;False;A;0.6846194664637247;False;True;B;0.0790788531303405;False;False
2025;Cinza;CN;112;geral;C;0.2884615384615384;False;E;0.829883337020874;False;False;C;0.8234943548838297;False;True;C;0.1029515663782755;False;True
2025;Cinza;CN;113;geral;E;0.2903650934995547;False;D;0.5014623999595642;False;False;D;0.4725702702999115;False;False;C;0.039833128452301;False;False
2025;Cinza;CN;114;geral;C;0.3957190683097086;False;C;0.7193601727485657;False;True;C;0.6415035327275594;False;True;E;-0.0289223988850911;False;False
2025;Cinza;CN;117;geral;D;0.2467726980957135;False;D;0.7839272618293762;False;True;D;0.7787561416625977;False;True;A;0.0347915689150492;False;False
2025;Cinza;CN;119;geral;A;0.2390823462252033;False;D;0.7853648662567139;False;False;D;0.741446872552236;False;False;C;0.1086053450902303;False;False
2025;Cinza;CN;121;geral;B;0.3060241823304918;False;E;0.9450836181640624;False;False;B;0.8215346137682596;False;True;A;0.0922634998957315;False;False
2025;Cinza;CN;122;geral;A;0.3174456270245256;False;A;0.6491168141365051;False;True;D;0.4140655597050984;False;False;E;0.0265730222066242;False;False
2025;Cinza;CN;123;geral;C;0.222440102681118;False;C;0.8282687664031982;False;True;C;0.5978637933731079;False;True;B;0.0018919010957081;False;False
2025;Cinza;CN;127;geral;C;0.2997399451391115;False;D;0.4800000786781311;False;False;B;0.6082041064898173;False;False;B;0.1650270024935404;False;False
2025;Cinza;CN;128;geral;A;0.1841992730382724;False;A;0.9356600046157836;False;True;D;0.6370187799135844;False;False;E;0.0114858647187551;False;False
2025;Cinza;CN;129;geral;E;0.2571774595711334;False;C;0.5307824015617371;False;False;E;0.382785658041636;False;True;A;0.014558712641398;False;False
2025;Cinza;CN;130;geral;C;0.1810566091544274;False;C;0.9859570264816284;False;True;C;0.8051880200703939;False;True;A;-0.0047697027524312;False;False
2025;Cinza;CN;131;geral;B;0.2993623766608485;False;D;0.4649566113948822;False;False;E;0.4075361092885335;False;False;B;0.1568970133860906;False;True
2025;Cinza;CN;135;geral;C;0.2986462415390096;False;C;0.4883059859275818;False;True;D;0.4555775324503581;False;False;E;0.0810455481211345;False;False
2025;Cinza;LC;1;espanhol;C;0.3752605976372481;False;E;0.5673558712005615;False;False;C;0.4591679175694783;False;True;C;-0.0421574513117472;False;True
2025;Cinza;LC;1;inglês;D;0.1148700049223609;False;D;0.5223712921142578;False;True;A;0.4311105807622273;False;False;A;0.0629047950108845;False;False
2025;Cinza;LC;2;espanhol;B;0.1635429682076912;False;B;0.4966002702713012;False;True;D;0.3400352895259857;False;False;E;0.1539237002531687;False;False
2025;Cinza;LC;2;inglês;C;0.0833668588797997;False;B;0.5695318579673767;False;False;C;0.5860014955202738;False;True;D;0.1155455509821574;False;False
2025;Cinza;LC;3;espanhol;E;0.1932481244790219;False;D;0.5454558730125427;False;False;D;0.3939405580361684;False;False;C;-0.0985721349716186;False;False
2025;Cinza;LC;3;inglês;E;0.1558029327610872;False;A;0.6369057297706604;False;False;C;0.5274574756622314;False;False;C;-0.0709550976753234;False;False
2025;Cinza;LC;4;espanhol;D;0.3636616196693985;False;C;0.5112035870552063;False;False;C;0.4656096150477727;False;False;D;0.0546342233816783;False;True
2025;Cinza;LC;4;inglês;A;0.1129551758074617;False;C;0.5363332033157349;False;False;C;0.4188304046789805;False;False;A;-0.0939999421437581;False;True
2025;Cinza;LC;5;espanhol;A;0.2718689252985282;False;A;0.5838611125946045;False;True;E;0.420763482650121;False;False;C;0.1002869506676991;False;False
2025;Cinza;LC;5;inglês;C;0.2326402861614129;False;B;0.4403038024902344;False;False;B;0.240076333284378;False;False;A;-0.0252048174540201;False;False
2025;Cinza;LC;6;geral;D;0.1452884452715276;False;A;0.4501482248306274;False;False;D;0.4376818637053172;False;True;D;0.078192154566447;False;True
2025;Cinza;LC;7;geral;D;0.1911884136437466;False;A;0.3457977473735809;False;False;C;0.3987147510051727;False;False;C;0.1810243278741837;False;False
2025;Cinza;LC;8;geral;A;0.3345406539841581;False;C;0.3945392966270447;False;False;C;0.5203070541222891;False;False;D;0.2156683305899303;False;False
2025;Cinza;LC;9;geral;A;0.2929354445797807;False;B;0.4756216406822204;False;False;B;0.4528343876202901;False;False;C;0.0897997419039409;False;False
2025;Cinza;LC;10;geral;A;0.2182796062645874;False;E;0.5462427735328674;False;False;E;0.5079183975855509;False;False;D;0.1232720712820689;False;False
2025;Cinza;LC;11;geral;C;0.1020725038817255;False;E;0.598691999912262;False;False;C;0.5292896231015524;False;True;B;0.1126072406768799;False;False
2025;Cinza;LC;12;geral;B;0.1278190411883862;False;B;0.3526808023452759;False;True;D;0.344664454460144;False;False;C;0.2152980963389079;False;False
2025;Cinza;LC;13;geral;D;0.1439921563324092;False;C;0.641995906829834;False;False;C;0.4605155090490977;False;False;A;-0.0136038263638813;False;False
2025;Cinza;LC;14;geral;D;0.2452791946762152;False;A;0.599769115447998;False;False;A;0.3993659516175588;False;False;D;-0.0648530920346577;False;True
2025;Cinza;LC;15;geral;C;0.2384123871665708;False;D;0.7178472280502319;False;False;B;0.4482102890809377;False;False;E;-0.0196621219317117;False;False
2025;Cinza;LC;16;geral;D;0.2024948446638044;False;A;0.3780937790870666;False;False;B;0.3978751003742218;False;False;D;0.0932783285776774;False;True
2025;Cinza;LC;17;geral;B;0.284778055536788;False;A;0.5182788372039795;False;False;B;0.4877865314483642;False;True;B;0.0911095738410949;False;True
2025;Cinza;LC;18;geral;D;0.2242103836247797;False;C;0.4283157885074615;False;False;C;0.4058291018009186;False;False;D;0.0137258172035217;False;True
2025;Cinza;LC;19;geral;D;0.1650731443629852;False;B;0.5735918283462524;False;False;D;0.3654805918534596;False;True;E;0.0011533747116723;False;False
2025;Cinza;LC;20;geral;B;0.2384815603556096;False;A;0.4497404098510742;False;False;B;0.4985076785087585;False;True;D;0.1424088776111603;False;False
2025;Cinza;LC;21;geral;B;0.1319015297335629;False;E;0.5189547538757324;False;False;A;0.510826994975408;False;False;A;0.1758208771546682;False;False
2025;Cinza;LC;22;geral;D;0.182217121253038;False;E;0.627264142036438;False;False;D;0.4148206611474355;False;True;C;0.0126527200142543;False;False
2025;Cinza;LC;23;geral;A;0.2572940697516623;False;B;0.4983962476253509;False;False;C;0.4424584905306498;False;False;C;0.0079597334067027;False;False
2025;Cinza;LC;24;geral;C;0.1480768581366291;False;A;0.5228540301322937;False;False;E;0.3850453495979309;False;False;C;-0.0082610249519348;False;True
2025;Cinza;LC;25;geral;E;0.1857157370720308;False;E;0.4585954844951629;False;True;A;0.5105131963888804;False;False;A;0.0901622275511424;False;False
2025;Cinza;LC;26;geral;A;0.0267661254936375;False;E;0.6094986796379089;False;False;E;0.442156712214152;False;False;D;0.0477342108885447;False;False
2025;Cinza;LC;27;geral;D;0.1146871095201107;False;E;0.6111387014389038;False;False;B;0.6046785712242126;False;False;C;0.1116197705268859;False;False
2025;Cinza;LC;28;geral;A;0.1755423396634453;False;E;0.3723124265670776;False;False;E;0.3487508992354074;False;False;C;0.017676721016566;False;False
2025;Cinza;LC;29;geral;E;0.270242812150767;False;E;0.394973874092102;False;True;D;0.3741905887921651;False;False;D;0.0864030023415883;False;False
2025;Cinza;LC;30;geral;A;0.2276769111133651;False;D;0.5840956568717957;False;False;D;0.4575778444608052;False;False;A;0.0003335624933242;False;True
2025;Cinza;LC;31;geral;A;0.2339785818046687;False;A;0.4254345297813415;False;True;A;0.3147532443205516;False;True;B;0.0159045606851577;False;False
2025;Cinza;LC;32;geral;E;0.1665371752862885;False;E;0.599066972732544;False;True;C;0.3996882637341817;False;False;C;0.0864793260892232;False;False
2025;Cinza;LC;33;geral;A;0.2569030860855441;False;C;0.6303331255912781;False;False;D;0.4026520053545634;False;False;E;-0.0393303930759429;False;False
2025;Cinza;LC;34;geral;C;0.2854488954941566;False;A;0.5494537949562073;False;False;A;0.3976953128973643;False;False;B;-0.0150888959566752;False;False
2025;Cinza;LC;35;geral;C;0.3778109418987213;False;B;0.4073246717453003;False;False;B;0.3468622267246246;False;False;C;0.1437335958083471;False;True
2025;Cinza;LC;36;geral;D;0.1128149699385259;False;D;0.541059136390686;False;True;D;0.3640568653742472;False;True;C;-0.0669652024904887;False;False
2025;Cinza;LC;37;geral;B;0.1931895035844718;False;B;0.7391009330749512;False;True;A;0.5180989106496176;False;False;E;-0.0589941293001174;False;False
2025;Cinza;LC;38;geral;E;0.2323335373733251;False;B;0.4613702893257141;False;False;B;0.320413440465927;False;False;E;-0.0462281306584676;False;True
2025;Cinza;LC;39;geral;D;0.1976319350473613;False;C;0.4963282346725464;False;False;C;0.5645028154055277;False;False;E;0.1769499580065409;False;False
2025;Cinza;LC;40;geral;E;0.2161312140683124;False;C;0.5538941025733948;False;False;B;0.4277678628762563;False;False;D;0.0675939321517944;False;False
2025;Cinza;LC;41;geral;E;0.2612023708721422;False;B;0.4408816695213318;False;False;B;0.4819903075695038;False;False;C;0.2133381565411886;False;False
2025;Cinza;LC;42;geral;C;0.1713260678264401;False;A;0.368878424167633;False;False;A;0.4592949350674947;False;False;E;0.115003893772761;False;False
2025;Cinza;LC;43;geral;A;0.1569535528361841;False;A;0.7623608112335205;False;True;D;0.4831686913967132;False;False;D;0.1117684543132782;False;False
2025;Cinza;LC;44;geral;D;0.1927992677221412;False;B;0.6516528725624084;False;False;B;0.4974761207898457;False;False;E;-0.0241396923859913;False;False
2025;Cinza;LC;45;geral;A;0.2511266985191962;False;E;0.4629496932029724;False;False;E;0.3597392290830612;False;False;C;-0.0262304941813151;False;False
2025;Cinza;MT;136;geral;E;0.2003559985760057;False;B;0.5495723485946655;False;False;D;0.6848918994267782;False;False;D;0.1391213734944661;False;False
2025;Cinza;MT;138;geral;E;0.1121322219847545;False;E;0.7320811152458191;False;True;B;0.6847092310587565;False;False;B;0.1450828711191812;False;False
2025;Cinza;MT;154;geral;A;0.2646954043462771;False;A;0.4125669598579407;False;True;B;0.6601000229517618;False;False;B;0.2846325437227884;False;False
2025;Cinza;MT;166;geral;B;0.1912782813503675;False;D;0.8056564331054688;False;False;D;0.6884413560231527;False;False;E;0.1202961603800455;False;False
2025;Cinza;MT;171;geral;E;0.2988633114097798;False;C;0.7196018695831299;False;False;C;0.602127214272817;False;False;E;-0.005683958530426;False;True
2025;Cinza;MT;176;geral;C;0.3106442276771358;False;C;0.8002610802650452;False;True;C;0.6686612168947855;False;True;B;0.0935972332954406;False;False
2025;Cinza;MT;180;geral;B;0.154691010234283;False;C;0.7752036452293396;False;False;C;0.6055999795595804;False;False;A;-0.0070346097151438;False;False
2025;Verde;CH;46;geral;A;0.3617357931591705;False;E;0.5361900925636292;False;False;D;0.3762471079826355;False;False;A;-0.0393418918053309;False;True
2025;Verde;CH;47;geral;A;0.2446729602157788;False;A;0.5185014009475708;False;True;A;0.4234063625335693;False;True;C;0.0131276150544484;False;False
2025;Verde;CH;48;geral;A;0.1303820088337435;False;B;0.3815976977348327;False;False;B;0.4044947624206543;False;False;C;0.0249282121658325;False;False
2025;Verde;CH;49;geral;B;0.2685700786338632;False;A;0.5100719928741455;False;False;B;0.5041034519672394;False;True;C;0.1638158758481343;False;False
2025;Verde;CH;50;geral;D;0.1118636072643957;False;D;0.3657847642898559;False;True;A;0.5104914307594299;False;False;A;0.2001808285713196;False;False
2025;Verde;CH;51;geral;E;0.142245159549349;False;C;0.4241983294486999;False;False;E;0.4700226386388142;False;True;B;0.2676971058050792;False;False
2025;Verde;CH;52;geral;B;0.1704694819857773;False;E;0.525672197341919;False;False;E;0.4293206632137298;False;False;A;0.1122691134611766;False;False
2025;Verde;CH;53;geral;E;0.4149703424103532;False;E;0.4180798828601837;False;True;A;0.2603310247262318;False;False;A;0.0649285664161046;False;False
2025;Verde;CH;54;geral;B;0.2248634432530851;False;B;0.2938815951347351;False;True;A;0.3437216232220332;False;False;A;0.2309412161509197;False;False
2025;Verde;CH;55;geral;A;0.1522883758606723;False;A;0.7995065450668335;False;True;A;0.7945263783137003;False;True;C;0.0167953570683797;False;False
2025;Verde;CH;56;geral;D;0.2628436498566369;False;E;0.4074997305870056;False;False;A;0.2869959374268849;False;False;D;0.1110907644033432;False;True
2025;Verde;CH;57;geral;D;0.3673848439821694;False;D;0.457376629114151;False;True;D;0.433855394522349;False;True;E;0.0405551791191101;False;False
2025;Verde;CH;58;geral;E;0.16169968611833;False;A;0.4129498302936554;False;False;C;0.3634364654620488;False;False;C;-0.0338199685017267;False;False
2025;Verde;CH;59;geral;B;0.301379566229298;False;D;0.6209292411804199;False;False;D;0.3600014050801595;False;False;A;0.013259619474411;False;False
2025;Verde;CH;60;geral;A;0.3150209092135437;False;E;0.5628848671913147;False;False;A;0.538090984026591;False;True;A;0.033317486445109;False;True
2025;Verde;CH;61;geral;A;0.255187563366002;False;C;0.3194940388202667;False;False;C;0.5418824354807535;False;False;D;0.2643086512883505;False;False
2025;Verde;CH;62;geral;E;0.2964851267852922;False;E;0.4480299055576324;False;True;B;0.318111131588618;False;False;A;-0.0358602950970332;False;False
2025;Verde;CH;63;geral;D;0.1263030057686469;False;E;0.5180821418762207;False;False;B;0.3380048871040344;False;False;B;0.0665596723556519;False;False
2025;Verde;CH;64;geral;A;0.3670659692930656;False;C;0.5268522500991821;False;False;A;0.3162885804971059;False;True;A;-0.0446071724096934;False;True
2025;Verde;CH;65;geral;B;0.3085948065999459;False;D;0.4407031834125519;False;False;D;0.601520299911499;False;False;B;0.1865061521530152;False;True
2025;Verde;CH;66;geral;E;0.20763698977008;False;B;0.6156449317932129;False;False;B;0.377540777126948;False;False;E;0.0171852906545003;False;True
2025;Verde;CH;67;geral;E;0.2831361946603582;False;E;0.368986040353775;False;True;D;0.4573047657807668;False;False;C;0.1291870673497518;False;False
2025;Verde;CH;68;geral;B;0.1384464840059387;False;D;0.3158251643180847;False;False;B;0.2522265277802943;False;True;C;0.0682900299628575;False;False
2025;Verde;CH;69;geral;E;0.2565455652526893;False;C;0.5836751461029053;False;False;C;0.5061103900273641;False;False;A;0.1716834704081218;False;False
2025;Verde;CH;70;geral;D;0.1434261603375527;False;B;0.5069513320922852;False;False;D;0.4329729278882344;False;True;D;0.1280844410260517;False;True
2025;Verde;CH;71;geral;E;0.288097735963992;False;C;0.7126561403274536;False;False;D;0.5420157114664713;False;False;A;-0.0547602176666259;False;False
2025;Verde;CH;72;geral;C;0.2054123450116558;False;A;0.259855180978775;False;False;A;0.5362579226493835;False;False;E;0.3078484286864598;False;False
2025;Verde;CH;73;geral;E;0.1889347870251236;False;E;0.5426899194717407;False;True;D;0.5503316223621368;False;False;A;0.143995722134908;False;False
2025;Verde;CH;74;geral;A;0.2179838355145243;False;E;0.6202356815338135;False;False;C;0.4613916575908661;False;False;A;0.0262954433759053;False;True
2025;Verde;CH;75;geral;B;0.1336285579068352;False;D;0.5744730830192566;False;False;E;0.4747239847977956;False;False;E;0.0303798218568165;False;False
2025;Verde;CH;76;geral;B;0.2323577125861836;False;C;0.403285413980484;False;False;B;0.454822580019633;False;True;B;0.1149701277414957;False;True
2025;Verde;CH;77;geral;D;0.25189419564335;False;B;0.5467733144760132;False;False;E;0.4366580645243327;False;False;C;0.1462156176567078;False;False
2025;Verde;CH;78;geral;C;0.2264010552304934;False;C;0.3830695450305938;False;True;D;0.5399316747983297;False;False;D;0.2481412490208944;False;False
2025;Verde;CH;79;geral;D;0.1716508795669824;False;D;0.649975061416626;False;True;D;0.4420530597368876;False;True;B;0.0837648014227549;False;False
2025;Verde;CH;80;geral;B;0.2683050847457627;False;B;0.6141731142997742;False;True;E;0.5137553115685781;False;False;E;0.1971616645654043;False;False
2025;Verde;CH;81;geral;A;0.1369404121408994;False;B;0.3293313384056091;False;False;A;0.2653686255216598;False;True;A;0.0259152799844741;False;True
2025;Verde;CH;82;geral;A;0.186936784334982;False;E;0.540598452091217;False;False;E;0.4953888058662414;False;False;D;0.1938987175623576;False;False
2025;Verde;CH;83;geral;E;0.1655254237288135;False;E;0.525527834892273;False;True;B;0.3361889819304147;False;False;A;0.0577674011389413;False;False
2025;Verde;CH;84;geral;B;0.3391218983785247;False;B;0.3006196618080139;False;True;B;0.2443967908620834;False;True;C;0.0413449058930079;False;False
2025;Verde;CH;85;geral;A;0.3288879839831687;False;C;0.4473584294319153;False;False;B;0.4924886226654053;False;False;A;0.1198603709538778;False;True
2025;Verde;CH;86;geral;C;0.1825845549649592;False;C;0.5745706558227539;False;True;A;0.3742213447888692;False;False;B;0.0027983238299687;False;False
2025;Verde;CH;87;geral;B;0.2960463854604638;False;E;0.3857396245002746;False;False;B;0.3938825825850169;False;True;B;0.092927763859431;False;True
2025;Verde;CH;88;geral;E;0.2888204016662715;False;E;0.4984611868858337;False;True;C;0.4800962706406911;False;False;D;0.1977325479189555;False;False
2025;Verde;CH;89;geral;A;0.2135451958259926;False;C;0.566191554069519;False;False;A;0.4523441195487976;False;True;A;0.137079656124115;False;True
2025;Verde;CH;90;geral;E;0.2906764168190128;False;C;0.4387116134166717;False;False;C;0.3354491516947746;False;False;D;0.0304795652627944;False;False
2025;Verde;CN;91;geral;D;0.1918281561698489;False;C;0.634061336517334;False;False;A;0.597033421198527;False;False;A;0.0947784582773844;False;False
2025;Verde;CN;92;geral;C;0.2820119777555968;False;D;0.8364112377166748;False;False;B;0.777143637339274;False;False;A;0.0278089841206868;False;False
2025;Verde;CN;93;geral;A;0.4740983373090753;False;C;0.4435529410839081;False;False;C;0.4099234342575073;False;False;D;0.0561441282431284;False;False
2025;Verde;CN;94;geral;E;0.4132293225048087;False;E;0.3949548304080963;False;True;E;0.4199724594751994;False;True;C;0.0921491086483001;False;False
2025;Verde;CN;97;geral;C;0.2607008047859839;False;C;0.5307824015617371;False;True;E;0.382785658041636;False;False;A;0.014558712641398;False;False
2025;Verde;CN;98;geral;C;0.1568732193732193;False;C;0.9859570264816284;False;True;C;0.8051880200703939;False;True;A;-0.0047697027524312;False;False
2025;Verde;CN;99;geral;B;0.3204872488958541;False;D;0.4649566113948822;False;False;E;0.4075361092885335;False;False;B;0.1568970133860906;False;True
2025;Verde;CN;101;geral;B;0.1571525230582956;False;B;0.4360209107398987;False;True;B;0.524281899134318;False;True;A;0.1432413359483083;False;False
2025;Verde;CN;102;geral;C;0.1337105843832301;False;C;0.31038898229599;False;True;C;0.4023411671320597;False;True;C;0.0919521848360697;False;True
2025;Verde;CN;103;geral;C;0.2840609643187807;False;E;0.6115031242370605;False;False;B;0.5544697642326355;False;False;B;-0.0146499276161193;False;False
2025;Verde;CN;104;geral;A;0.1176303047564796;False;B;0.6078128218650818;False;False;B;0.4959134260813395;False;False;C;-0.0292359391848246;False;False
2025;Verde;CN;105;geral;D;0.2007777103920659;False;A;0.5868175029754639;False;False;B;0.52161905169487;False;False;D;0.0970790882905324;False;True
2025;Verde;CN;106;geral;B;0.205784917892637;False;B;0.9122467041015624;False;True;D;0.8445559740066528;False;False;E;-0.0417863726615905;False;False
2025;Verde;CN;107;geral;A;0.3102687310909414;False;E;0.5053634643554688;False;False;E;0.4501501321792602;False;False;B;0.0161469082037608;False;False
2025;Verde;CN;108;geral;E;0.1559051754823094;False;E;0.5397546291351318;False;True;A;0.4477809468905131;False;False;B;0.0733464062213898;False;False
2025;Verde;CN;109;geral;B;0.2103539129815566;False;B;0.7148535251617432;False;True;C;0.792127271493276;False;False;D;0.193808913230896;False;False
2025;Verde;CN;110;geral;C;0.2436418038042316;False;D;0.6470373868942261;False;False;D;0.5619364182154337;False;False;A;-0.0167554020881652;False;False
2025;Verde;CN;111;geral;B;0.2679964381121995;False;D;0.7540881633758545;False;False;D;0.5958283543586731;False;False;C;-0.021643728017807;False;False
2025;Verde;CN;112;geral;E;0.1431928225576758;False;B;0.5981217622756958;False;False;C;0.4770430823167165;False;False;D;0.0231830676396688;False;False
2025;Verde;CN;115;geral;D;0.3121307040649249;False;D;0.828366756439209;False;True;A;0.6387189626693726;False;False;E;0.0554929574330648;False;False
2025;Verde;CN;116;geral;A;0.2149093111926736;False;D;0.9548725485801696;False;False;A;0.6846194664637247;False;True;B;0.0790788531303405;False;False
2025;Verde;CN;117;geral;A;0.3170132459763566;False;A;0.6491168141365051;False;True;D;0.4140655597050984;False;False;E;0.0265730222066242;False;False
2025;Verde;CN;118;geral;C;0.2108021390374331;False;C;0.8282687664031982;False;True;C;0.5978637933731079;False;True;B;0.0018919010957081;False;False
2025;Verde;CN;123;geral;C;0.3031554954056557;False;C;0.4883059859275818;False;True;D;0.4555775324503581;False;False;E;0.0810455481211345;False;False
2025;Verde;CN;124;geral;C;0.3153149942987457;False;D;0.4800000786781311;False;False;B;0.6082041064898173;False;False;B;0.1650270024935404;False;False
2025;Verde;CN;125;geral;D;0.1835506162285388;False;A;0.9356600046157836;False;False;D;0.6370187799135844;False;True;E;0.0114858647187551;False;False
2025;Verde;CN;126;geral;A;0.2328317763673964;False;D;0.7853648662567139;False;False;D;0.741446872552236;False;False;C;0.1086053450902303;False;False
2025;Verde;CN;128;geral;B;0.2964111336825973;False;E;0.9450836181640624;False;False;B;0.8215346137682596;False;True;A;0.0922634998957315;False;False
2025;Verde;CN;129;geral;C;0.2686050660007135;False;E;0.829883337020874;False;False;C;0.8234943548838297;False;True;C;0.1029515663782755;False;True
2025;Verde;CN;130;geral;E;0.2922709617646011;False;D;0.5014623999595642;False;False;D;0.4725702702999115;False;False;C;0.039833128452301;False;False
2025;Verde;CN;131;geral;C;0.3685598232737119;False;C;0.7193601727485657;False;True;C;0.6415035327275594;False;True;E;-0.0289223988850911;False;False
2025;Verde;CN;134;geral;D;0.2523801034052416;False;D;0.7839272618293762;False;True;D;0.7787561416625977;False;True;A;0.0347915689150492;False;False
2025;Verde;LC;1;espanhol;E;0.1706432258964699;False;D;0.5454558730125427;False;False;D;0.3939405580361684;False;False;C;-0.0985721349716186;False;False
2025;Verde;LC;1;inglês;A;0.1141386349516286;False;C;0.5363332033157349;False;False;C;0.4188304046789805;False;False;A;-0.0939999421437581;False;True
2025;Verde;LC;2;espanhol;A;0.2577132486388385;False;A;0.5838611125946045;False;True;E;0.420763482650121;False;False;C;0.1002869506676991;False;False
2025;Verde;LC;2;inglês;C;0.2237396355252073;False;B;0.4403038024902344;False;False;B;0.240076333284378;False;False;A;-0.0252048174540201;False;False
2025;Verde;LC;3;espanhol;D;0.2998603351955307;False;C;0.5112035870552063;False;False;C;0.4656096150477727;False;False;D;0.0546342233816783;False;True
2025;Verde;LC;3;inglês;C;0.0851791024901238;False;B;0.5695318579673767;False;False;C;0.5860014955202738;False;True;D;0.1155455509821574;False;False
2025;Verde;LC;4;espanhol;C;0.370463428252373;False;E;0.5673558712005615;False;False;C;0.4591679175694783;False;True;C;-0.0421574513117472;False;True
2025;Verde;LC;4;inglês;E;0.1551395235348919;False;A;0.6369057297706604;False;False;C;0.5274574756622314;False;False;C;-0.0709550976753234;False;False
2025;Verde;LC;5;espanhol;B;0.171105842978664;False;B;0.4966002702713012;False;True;D;0.3400352895259857;False;False;E;0.1539237002531687;False;False
2025;Verde;LC;5;inglês;C;0.0989527866524671;False;D;0.5223712921142578;False;False;A;0.4311105807622273;False;False;A;0.0629047950108845;False;False
2025;Verde;LC;6;geral;A;0.3647474747474747;False;C;0.3945392966270447;False;False;C;0.5203070541222891;False;False;D;0.2156683305899303;False;False
2025;Verde;LC;7;geral;A;0.2920103700212114;False;B;0.4756216406822204;False;False;B;0.4528343876202901;False;False;C;0.0897997419039409;False;False
2025;Verde;LC;8;geral;D;0.1628861815978999;False;A;0.4501482248306274;False;False;D;0.4376818637053172;False;True;D;0.078192154566447;False;True
2025;Verde;LC;9;geral;A;0.2090150138019255;False;E;0.5462427735328674;False;False;E;0.5079183975855509;False;False;D;0.1232720712820689;False;False
2025;Verde;LC;10;geral;D;0.1444878442992794;False;A;0.3457977473735809;False;False;C;0.3987147510051727;False;False;C;0.1810243278741837;False;False
2025;Verde;LC;11;geral;D;0.1890465303926842;False;E;0.627264142036438;False;False;D;0.4148206611474355;False;True;C;0.0126527200142543;False;False
2025;Verde;LC;12;geral;A;0.2525507627033033;False;B;0.4983962476253509;False;False;C;0.4424584905306498;False;False;C;0.0079597334067027;False;False
2025;Verde;LC;13;geral;D;0.2228442316123157;False;C;0.4283157885074615;False;False;C;0.4058291018009186;False;False;D;0.0137258172035217;False;True
2025;Verde;LC;14;geral;D;0.1775858012034017;False;B;0.5735918283462524;False;False;D;0.3654805918534596;False;True;E;0.0011533747116723;False;False
2025;Verde;LC;15;geral;B;0.2260299310576761;False;A;0.4497404098510742;False;False;B;0.4985076785087585;False;True;D;0.1424088776111603;False;False
2025;Verde;LC;16;geral;B;0.1384408602150537;False;E;0.5189547538757324;False;False;A;0.510826994975408;False;False;A;0.1758208771546682;False;False
2025;Verde;LC;17;geral;C;0.106866635281458;False;E;0.598691999912262;False;False;C;0.5292896231015524;False;True;B;0.1126072406768799;False;False
2025;Verde;LC;18;geral;B;0.1285887178107981;False;B;0.3526808023452759;False;True;D;0.344664454460144;False;False;C;0.2152980963389079;False;False
2025;Verde;LC;19;geral;D;0.1581177895126299;False;C;0.641995906829834;False;False;C;0.4605155090490977;False;False;A;-0.0136038263638813;False;False
2025;Verde;LC;20;geral;D;0.2538246864597693;False;A;0.599769115447998;False;False;A;0.3993659516175588;False;False;D;-0.0648530920346577;False;True
2025;Verde;LC;21;geral;C;0.2385083560308013;False;D;0.7178472280502319;False;False;B;0.4482102890809377;False;False;E;-0.0196621219317117;False;False
2025;Verde;LC;22;geral;D;0.2162380503568062;False;A;0.3780937790870666;False;False;B;0.3978751003742218;False;False;D;0.0932783285776774;False;True
2025;Verde;LC;23;geral;B;0.2804172274562584;False;A;0.5182788372039795;False;False;B;0.4877865314483642;False;True;B;0.0911095738410949;False;True
2025;Verde;LC;24;geral;A;0.2394351991931417;False;D;0.5840956568717957;False;False;D;0.4575778444608052;False;False;A;0.0003335624933242;False;True
2025;Verde;LC;25;geral;A;0.2245632930564437;False;A;0.4254345297813415;False;True;A;0.3147532443205516;False;True;B;0.0159045606851577;False;False
2025;Verde;LC;26;geral;E;0.1611210173939373;False;E;0.599066972732544;False;True;C;0.3996882637341817;False;False;C;0.0864793260892232;False;False
2025;Verde;LC;27;geral;E;0.0270479134466769;False;E;0.6094986796379089;False;True;E;0.442156712214152;False;True;D;0.0477342108885447;False;False
2025;Verde;LC;28;geral;D;0.1260001344718617;False;E;0.6111387014389038;False;False;B;0.6046785712242126;False;False;C;0.1116197705268859;False;False
2025;Verde;LC;29;geral;A;0.1737141319339321;False;E;0.3723124265670776;False;False;E;0.3487508992354074;False;False;C;0.017676721016566;False;False
2025;Verde;LC;30;geral;E;0.2803662806356046;False;E;0.394973874092102;False;True;D;0.3741905887921651;False;False;D;0.0864030023415883;False;False
2025;Verde;LC;31;geral;A;0.2775142155378352;False;C;0.6303331255912781;False;False;D;0.4026520053545634;False;False;E;-0.0393303930759429;False;False
2025;Verde;LC;32;geral;C;0.2895533431992466;False;A;0.5494537949562073;False;False;A;0.3976953128973643;False;False;B;-0.0150888959566752;False;False
2025;Verde;LC;33;geral;C;0.3768385460693153;False;B;0.4073246717453003;False;False;B;0.3468622267246246;False;False;C;0.1437335958083471;False;True
2025;Verde;LC;34;geral;D;0.1110326507280002;False;D;0.541059136390686;False;True;D;0.3640568653742472;False;True;C;-0.0669652024904887;False;False
2025;Verde;LC;35;geral;C;0.1501951022604951;False;A;0.5228540301322937;False;False;E;0.3850453495979309;False;False;C;-0.0082610249519348;False;True
2025;Verde;LC;36;geral;E;0.1995351030858375;False;E;0.4585954844951629;False;True;A;0.5105131963888804;False;False;A;0.0901622275511424;False;False
2025;Verde;LC;37;geral;D;0.196102847142761;False;C;0.4963282346725464;False;False;C;0.5645028154055277;False;False;E;0.1769499580065409;False;False
2025;Verde;LC;38;geral;E;0.2145069000336587;False;C;0.5538941025733948;False;False;B;0.4277678628762563;False;False;D;0.0675939321517944;False;False
2025;Verde;LC;39;geral;D;0.2090437361008154;False;B;0.6516528725624084;False;False;B;0.4974761207898457;False;False;E;-0.0241396923859913;False;False
2025;Verde;LC;40;geral;A;0.2373092599454306;False;E;0.4629496932029724;False;False;E;0.3597392290830612;False;False;C;-0.0262304941813151;False;False
2025;Verde;LC;41;geral;E;0.2588271001247766;False;B;0.4408816695213318;False;False;B;0.4819903075695038;False;False;C;0.2133381565411886;False;False
2025;Verde;LC;42;geral;C;0.1635198921105866;False;A;0.368878424167633;False;False;A;0.4592949350674947;False;False;E;0.115003893772761;False;False
2025;Verde;LC;43;geral;A;0.151963095157923;False;A;0.7623608112335205;False;True;D;0.4831686913967132;False;False;D;0.1117684543132782;False;False
2025;Verde;LC;44;geral;B;0.2068663454735352;False;B;0.7391009330749512;False;True;A;0.5180989106496176;False;False;E;-0.0589941293001174;False;False
2025;Verde;LC;45;geral;E;0.2412698412698412;False;B;0.4613702893257141;False;False;B;0.320413440465927;False;False;E;-0.0462281306584676;False;True
2025;Verde;MT;143;geral;E;0.2032329274371573;False;B;0.5495723485946655;False;False;D;0.6848918994267782;False;False;D;0.1391213734944661;False;False
2025;Verde;MT;145;geral;E;0.1175758438968807;False;E;0.7320811152458191;False;True;B;0.6847092310587565;False;False;B;0.1450828711191812;False;False
2025;Verde;MT;152;geral;A;0.2584941947432153;False;A;0.4125669598579407;False;True;B;0.6601000229517618;False;False;B;0.2846325437227884;False;False
2025;Verde;MT;163;geral;D;0.1848175390987645;False;D;0.8056564331054688;False;True;D;0.6884413560231527;False;True;E;0.1202961603800455;False;False
2025;Verde;MT;167;geral;E;0.2858877303242394;False;C;0.7196018695831299;False;False;C;0.602127214272817;False;False;E;-0.005683958530426;False;True
2025;Verde;MT;172;geral;C;0.3090876629173362;False;C;0.8002610802650452;False;True;C;0.6686612168947855;False;True;B;0.0935972332954406;False;False
2025;Verde;MT;176;geral;B;0.1602127128020272;False;C;0.7752036452293396;False;False;C;0.6055999795595804;False;False;A;-0.0070346097151438;False;False
